batch,prompt_length,repeat,step,gpu_decode_ms,wall_decode_ms
1,128,0,1,11.598591804504395,11.621212004683912
1,128,0,2,11.560704231262207,11.58361998386681
1,128,0,3,11.492704391479492,11.515761027112603
1,128,0,4,11.545984268188477,11.569319991394877
1,128,0,5,11.572992324829102,11.601722100749612
1,128,0,6,11.594592094421387,11.616610921919346
1,128,0,7,11.606080055236816,11.629696935415268
1,128,0,8,11.601311683654785,11.6237320471555
1,128,0,9,11.597087860107422,11.61941303871572
1,128,0,10,11.606592178344727,11.628745938651264
1,128,0,11,11.59654426574707,11.618477990850806
1,128,0,12,11.658944129943848,11.680593946948647
1,128,0,13,11.678560256958008,11.700756032951176
1,128,0,14,11.609919548034668,11.631896952167153
1,128,0,15,11.64185619354248,11.6640959167853
1,128,0,16,11.67632007598877,11.699063004925847
1,128,0,17,11.702752113342285,11.73212204594165
1,128,0,18,11.606399536132812,11.627856991253793
1,128,0,19,11.700703620910645,11.724179959855974
1,128,0,20,11.629023551940918,11.653120978735387
1,128,0,21,11.642080307006836,11.664343066513538
1,128,0,22,11.689023971557617,11.711620958521962
1,128,0,23,11.66483211517334,11.68772391974926
1,128,0,24,11.708864212036133,11.731885024346411
1,128,0,25,11.64134407043457,11.663157027214766
1,128,0,26,11.691583633422852,11.714305961504579
1,128,0,27,11.672191619873047,11.695550987496972
1,128,0,28,11.703935623168945,11.72668905928731
1,128,0,29,11.683008193969727,11.705579003319144
1,128,0,30,11.674240112304688,11.697354959324002
1,128,0,31,11.686688423156738,11.709740036167204
1,128,0,32,11.687968254089355,11.710933991707861
1,128,0,33,11.731424331665039,11.75422000233084
1,128,0,34,11.71072006225586,11.733726947568357
1,128,0,35,11.62604808807373,11.649667052552104
1,128,0,36,11.663519859313965,11.686509009450674
1,128,0,37,11.586336135864258,11.609434033744037
1,128,0,38,11.685728073120117,11.709554004482925
1,128,0,39,11.560832023620605,11.583629064261913
1,128,0,40,11.69820785522461,11.72184303868562
1,128,0,41,11.673952102661133,11.697188019752502
1,128,0,42,11.762207984924316,11.785191018134356
1,128,0,43,11.771295547485352,11.793470941483974
1,128,0,44,11.64793586730957,11.670488980598748
1,128,0,45,11.69702434539795,11.719936039298773
1,128,0,46,11.714943885803223,11.737761087715626
1,128,0,47,11.654272079467773,11.676369933411479
1,128,0,48,11.628447532653809,11.651547974906862
1,128,0,49,11.72009563446045,11.742850067093968
1,128,0,50,11.59398365020752,11.616454110480845
1,128,0,51,11.732768058776855,11.755304993130267
1,128,0,52,11.654848098754883,11.677816044539213
1,128,0,53,11.654496192932129,11.683307006023824
1,128,0,54,11.591584205627441,11.614365968853235
1,128,0,55,11.60905647277832,11.631503002718091
1,128,0,56,11.655712127685547,11.6845709271729
1,128,0,57,11.729920387268066,11.752692982554436
1,128,0,58,11.651167869567871,11.672907043248415
1,128,0,59,11.618016242980957,11.640293058007956
1,128,0,60,11.621983528137207,11.64484501350671
1,128,0,61,11.634655952453613,11.656726943328977
1,128,0,62,11.606399536132812,11.628908105194569
1,128,0,63,11.543680191040039,11.565310996957123
1,128,1,1,11.64310359954834,11.665593949146569
1,128,1,2,11.666560173034668,11.689880047924817
1,128,1,3,11.618080139160156,11.645984021015465
1,128,1,4,11.555071830749512,11.578149977140129
1,128,1,5,11.638143539428711,11.661496944725513
1,128,1,6,11.605088233947754,11.626690975390375
1,128,1,7,11.601663589477539,11.623506085015833
1,128,1,8,11.635904312133789,11.658351053483784
1,128,1,9,11.561247825622559,11.58400799613446
1,128,1,10,11.614751815795898,11.637254967354238
1,128,1,11,11.598848342895508,11.62174204364419
1,128,1,12,11.656671524047852,11.678895098157227
1,128,1,13,11.65340805053711,11.676272959448397
1,128,1,14,11.680031776428223,11.703321011736989
1,128,1,15,11.6113920211792,11.634132009930909
1,128,1,16,11.549440383911133,11.572194984182715
1,128,1,17,11.655488014221191,11.677565984427929
1,128,1,18,11.612128257751465,11.634086025878787
1,128,1,19,11.652416229248047,11.674968991428614
1,128,1,20,11.607775688171387,11.630068998783827
1,128,1,21,11.618783950805664,11.640986078418791
1,128,1,22,11.687552452087402,11.709541082382202
1,128,1,23,11.70793628692627,11.730731930583715
1,128,1,24,11.684255599975586,11.706572026014328
1,128,1,25,11.62019157409668,11.641883989796042
1,128,1,26,11.680480003356934,11.702695046551526
1,128,1,27,11.698399543762207,11.721196002326906
1,128,1,28,11.727392196655273,11.749789002351463
1,128,1,29,11.742431640625,11.765096918679774
1,128,1,30,11.690272331237793,11.71300490386784
1,128,1,31,11.679488182067871,11.701782932505012
1,128,1,32,11.730815887451172,11.759124929085374
1,128,1,33,11.710111618041992,11.732149054296315
1,128,1,34,11.698495864868164,11.720542912371457
1,128,1,35,11.73145580291748,11.754481005482376
1,128,1,36,11.611712455749512,11.633603950031102
1,128,1,37,11.667263984680176,11.689772014506161
1,128,1,38,11.694047927856445,11.71585510019213
1,128,1,39,11.617792129516602,11.64009899366647
1,128,1,40,11.618047714233398,11.640693992376328
1,128,1,41,11.53872013092041,11.56109501607716
1,128,1,42,11.641759872436523,11.664448073133826
1,128,1,43,11.685824394226074,11.707806028425694
1,128,1,44,11.658528327941895,11.6809910396114
1,128,1,45,11.607040405273438,11.630510096438229
1,128,1,46,11.60483169555664,11.626727064140141
1,128,1,47,11.560640335083008,11.583923944272101
1,128,1,48,11.628031730651855,11.650662985630333
1,128,1,49,11.679519653320312,11.70216198079288
1,128,1,50,11.611231803894043,11.633379035629332
1,128,1,51,11.614784240722656,11.638015042990446
1,128,1,52,11.56220817565918,11.584443040192127
1,128,1,53,11.661664009094238,11.684505036100745
1,128,1,54,11.608384132385254,11.631694971583784
1,128,1,55,11.703007698059082,11.725703021511436
1,128,1,56,11.561823844909668,11.586479027755558
1,128,1,57,11.641887664794922,11.6651690332219
1,128,1,58,11.590335845947266,11.613180977292359
1,128,1,59,11.682111740112305,11.70580496545881
1,128,1,60,11.646719932556152,11.66933705098927
1,128,1,61,11.579999923706055,11.602721060626209
1,128,1,62,11.545215606689453,11.567901005037129
1,128,1,63,11.530655860900879,11.554275057278574
1,128,2,1,11.628959655761719,11.651784996502101
1,128,2,2,11.52790355682373,11.550714960321784
1,128,2,3,11.540767669677734,11.563415988348424
1,128,2,4,11.558272361755371,11.581004946492612
1,128,2,5,11.556544303894043,11.58138900063932
1,128,2,6,11.543807983398438,11.566587025299668
1,128,2,7,11.592512130737305,11.615445953793824
1,128,2,8,11.543231964111328,11.566534056328237
1,128,2,9,11.575584411621094,11.597839999012649
1,128,2,10,11.540543556213379,11.562636937014759
1,128,2,11,11.534015655517578,11.556729092262685
1,128,2,12,11.544768333435059,11.567305075004697
1,128,2,13,11.554047584533691,11.576561955735087
1,128,2,14,11.601183891296387,11.623802944086492
1,128,2,15,11.56272029876709,11.58514607232064
1,128,2,16,11.612863540649414,11.636139010079205
1,128,2,17,11.591423988342285,11.613943963311613
1,128,2,18,11.570048332214355,11.592875933274627
1,128,2,19,11.60531234741211,11.628239997662604
1,128,2,20,11.61359977722168,11.636307928711176
1,128,2,21,11.549887657165527,11.57229591626674
1,128,2,22,11.655455589294434,11.677477043122053
1,128,2,23,11.562591552734375,11.58474397379905
1,128,2,24,11.728832244873047,11.751274927519262
1,128,2,25,11.61308765411377,11.635722010396421
1,128,2,26,11.655712127685547,11.67740998789668
1,128,2,27,11.584768295288086,11.607027030549943
1,128,2,28,11.667679786682129,11.690148967318237
1,128,2,29,11.643327713012695,11.66471908800304
1,128,2,30,11.625311851501465,11.647209990769625
1,128,2,31,11.648863792419434,11.670681065879762
1,128,2,32,11.66652774810791,11.688232072629035
1,128,2,33,11.725215911865234,11.747717973776162
1,128,2,34,11.63974380493164,11.662314995191991
1,128,2,35,11.663264274597168,11.684283032082021
1,128,2,36,11.629088401794434,11.650752974674106
1,128,2,37,11.61961555480957,11.641904013231397
1,128,2,38,11.650943756103516,11.672695982269943
1,128,2,39,11.632096290588379,11.653778026811779
1,128,2,40,11.638527870178223,11.660420917905867
1,128,2,41,11.616576194763184,11.638515978120267
1,128,2,42,11.58892822265625,11.61162497010082
1,128,2,43,11.644991874694824,11.667586979456246
1,128,2,44,11.543168067932129,11.565166991204023
1,128,2,45,11.595423698425293,11.617884039878845
1,128,2,46,11.647616386413574,11.66935998480767
1,128,2,47,11.587231636047363,11.608745087869465
1,128,2,48,11.635552406311035,11.657148017548025
1,128,2,49,11.670623779296875,11.692988919094205
1,128,2,50,11.70809555053711,11.730232974514365
1,128,2,51,11.656512260437012,11.6782879922539
1,128,2,52,11.61961555480957,11.641904944553971
1,128,2,53,11.653471946716309,11.674963985569775
1,128,2,54,11.66211223602295,11.683327029459178
1,128,2,55,11.673983573913574,11.695766006596386
1,128,2,56,11.555935859680176,11.578145902603865
1,128,2,57,11.595071792602539,11.61829405464232
1,128,2,58,11.591584205627441,11.613569920882583
1,128,2,59,11.538656234741211,11.561532970517874
1,128,2,60,11.690208435058594,11.712083010934293
1,128,2,61,11.560319900512695,11.582958977669477
1,128,2,62,11.610336303710938,11.632383917458355
1,128,2,63,11.576255798339844,11.597640928812325
1,128,3,1,11.603584289550781,11.625476996414363
1,128,3,2,11.577664375305176,11.599766905419528
1,128,3,3,11.520832061767578,11.543911998160183
1,128,3,4,11.53872013092041,11.560446000657976
1,128,3,5,11.57430362701416,11.596970027312636
1,128,3,6,11.60217571258545,11.623856029473245
1,128,3,7,11.586527824401855,11.609118082560599
1,128,3,8,11.5895357131958,11.612525908276439
1,128,3,9,11.557855606079102,11.579732061363757
1,128,3,10,11.580639839172363,11.602243990637362
1,128,3,11,11.517888069152832,11.540238047018647
1,128,3,12,11.576736450195312,11.598573066294193
1,128,3,13,11.59068775177002,11.613358044996858
1,128,3,14,11.582048416137695,11.604954022914171
1,128,3,15,11.494400024414062,11.516739963553846
1,128,3,16,11.538751602172852,11.560978018678725
1,128,3,17,11.5382719039917,11.560003040358424
1,128,3,18,11.534079551696777,11.556094978004694
1,128,3,19,11.550271987915039,11.572621064260602
1,128,3,20,11.741791725158691,11.764219962060452
1,128,3,21,11.517855644226074,11.540381936356425
1,128,3,22,11.622783660888672,11.644474929198623
1,128,3,23,11.56873607635498,11.591715971007943
1,128,3,24,11.520735740661621,11.548514943569899
1,128,3,25,11.559391975402832,11.581250000745058
1,128,3,26,11.620767593383789,11.64237002376467
1,128,3,27,11.582079887390137,11.604812927544117
1,128,3,28,11.519712448120117,11.54746999964118
1,128,3,29,11.605376243591309,11.628160951659083
1,128,3,30,11.615903854370117,11.637548916041851
1,128,3,31,11.923744201660156,11.946858023293316
1,128,3,32,11.812704086303711,11.835746001452208
1,128,3,33,11.67632007598877,11.69903704430908
1,128,3,34,11.661855697631836,11.684337048791349
1,128,3,35,11.541312217712402,11.563853011466563
1,128,3,36,11.572223663330078,11.594520998187363
1,128,3,37,11.523360252380371,11.546041001565754
1,128,3,38,11.590751647949219,11.619218974374235
1,128,3,39,11.484959602355957,11.507168062962592
1,128,3,40,11.550751686096191,11.57291594427079
1,128,3,41,11.502559661865234,11.524662026204169
1,128,3,42,11.525471687316895,11.547344038262963
1,128,3,43,11.595744132995605,11.617832002229989
1,128,3,44,11.605600357055664,11.627703090198338
1,128,3,45,11.507648468017578,11.529215960763395
1,128,3,46,11.548831939697266,11.570635950192809
1,128,3,47,11.513152122497559,11.535046971403062
1,128,3,48,11.571840286254883,11.593956965953112
1,128,3,49,11.553376197814941,11.57541002612561
1,128,3,50,11.578847885131836,11.600653058849275
1,128,3,51,11.581119537353516,11.60340802744031
1,128,3,52,11.568191528320312,11.590678943321109
1,128,3,53,11.522848129272461,11.544244014658034
1,128,3,54,11.566431999206543,11.588374036364257
1,128,3,55,11.55958366394043,11.581480968743563
1,128,3,56,11.605631828308105,11.627873056568205
1,128,3,57,11.595392227172852,11.617047945037484
1,128,3,58,11.659647941589355,11.681518983095884
1,128,3,59,11.616864204406738,11.640071985311806
1,128,3,60,11.670816421508789,11.692350031808019
1,128,3,61,11.605440139770508,11.627497966401279
1,128,3,62,11.603167533874512,11.625368031673133
1,128,3,63,11.566911697387695,11.589737026952207
1,128,4,1,11.59830379486084,11.61994889844209
1,128,4,2,11.551712036132812,11.57339196652174
1,128,4,3,11.482527732849121,11.504523921757936
1,128,4,4,11.498559951782227,11.520543019287288
1,128,4,5,11.593152046203613,11.615470983088017
1,128,4,6,11.626912117004395,11.649021995253861
1,128,4,7,11.5698881149292,11.592399911023676
1,128,4,8,11.613247871398926,11.636688956059515
1,128,4,9,11.556415557861328,11.579451034776866
1,128,4,10,11.591232299804688,11.614521965384483
1,128,4,11,11.473247528076172,11.495230020955205
1,128,4,12,11.632960319519043,11.655558017082512
1,128,4,13,11.566271781921387,11.588950059376657
1,128,4,14,11.67574405670166,11.697530979290605
1,128,4,15,11.630687713623047,11.652428074739873
1,128,4,16,11.648159980773926,11.670720996335149
1,128,4,17,11.660063743591309,11.681384989060462
1,128,4,18,11.568479537963867,11.590798967517912
1,128,4,19,11.567904472351074,11.590451002120972
1,128,4,20,11.69696044921875,11.71986002009362
1,128,4,21,11.651968002319336,11.674831039272249
1,128,4,22,11.57040023803711,11.592834023758769
1,128,4,23,11.548735618591309,11.570280068553984
1,128,4,24,11.585439682006836,11.608493980020285
1,128,4,25,11.589632034301758,11.611951980739832
1,128,4,26,11.604703903198242,11.6264020325616
1,128,4,27,11.542655944824219,11.565659893676639
1,128,4,28,11.535903930664062,11.55871304217726
1,128,4,29,11.616031646728516,11.638256022706628
1,128,4,30,11.607744216918945,11.630731984041631
1,128,4,31,11.551872253417969,11.57432806212455
1,128,4,32,11.629823684692383,11.651793960481882
1,128,4,33,11.591391563415527,11.613867012783885
1,128,4,34,11.54089641571045,11.563488049432635
1,128,4,35,11.611200332641602,11.633386951871216
1,128,4,36,11.449024200439453,11.471897945739329
1,128,4,37,11.498656272888184,11.52100891340524
1,128,4,38,11.549504280090332,11.57192699611187
1,128,4,39,11.562463760375977,11.58505107741803
1,128,4,40,11.580127716064453,11.603107093833387
1,128,4,41,11.588095664978027,11.610070010647178
1,128,4,42,11.596256256103516,11.618528049439192
1,128,4,43,11.631584167480469,11.654397007077932
1,128,4,44,11.568767547607422,11.59037696197629
1,128,4,45,11.510047912597656,11.532102013006806
1,128,4,46,11.56447982788086,11.586723034270108
1,128,4,47,11.494912147521973,11.516963015310466
1,128,4,48,11.55452823638916,11.576986988075078
1,128,4,49,11.601375579833984,11.62340200971812
1,128,4,50,11.675007820129395,11.697228997945786
1,128,4,51,11.61689567565918,11.639544973149896
1,128,4,52,11.647775650024414,11.670049978420138
1,128,4,53,11.59017562866211,11.612952104769647
1,128,4,54,11.585951805114746,11.608849978074431
1,128,4,55,11.562111854553223,11.58487203065306
1,128,4,56,11.597151756286621,11.620119912549853
1,128,4,57,11.546175956726074,11.568828951567411
1,128,4,58,11.549216270446777,11.570720002055168
1,128,4,59,11.552224159240723,11.575144017115235
1,128,4,60,11.568160057067871,11.59055798780173
1,128,4,61,11.505536079406738,11.527716065756977
1,128,4,62,11.524895668029785,11.547576985321939
1,128,4,63,11.59603214263916,11.618282063864172
1,128,5,1,11.60159969329834,11.624407023191452
1,128,5,2,11.626848220825195,11.653690948151052
1,128,5,3,11.562848091125488,11.58480392768979
1,128,5,4,11.528063774108887,11.551043950021267
1,128,5,5,11.622591972351074,11.645582038909197
1,128,5,6,11.664992332458496,11.686766054481268
1,128,5,7,11.603424072265625,11.6268340498209
1,128,5,8,11.589056015014648,11.611269903369248
1,128,5,9,11.55782413482666,11.580122052691877
1,128,5,10,11.64748764038086,11.670493986457586
1,128,5,11,11.577152252197266,11.599355028010905
1,128,5,12,11.645759582519531,11.66866801213473
1,128,5,13,11.623647689819336,11.645446997135878
1,128,5,14,11.62112045288086,11.642517987638712
1,128,5,15,11.540639877319336,11.56285300385207
1,128,5,16,11.6693115234375,11.690992047078907
1,128,5,17,11.65839958190918,11.680895928293467
1,128,5,18,11.622400283813477,11.645070975646377
1,128,5,19,11.598719596862793,11.620996985584497
1,128,5,20,11.618271827697754,11.640100041404366
1,128,5,21,11.59449577331543,11.61624409724027
1,128,5,22,11.657247543334961,11.679959949105978
1,128,5,23,11.62831974029541,11.649672058410943
1,128,5,24,11.604191780090332,11.626577004790306
1,128,5,25,11.604767799377441,11.62760704755783
1,128,5,26,11.58784008026123,11.610854999162257
1,128,5,27,11.667712211608887,11.689807986840606
1,128,5,28,11.688447952270508,11.71090395655483
1,128,5,29,11.775360107421875,11.798114981502295
1,128,5,30,11.703840255737305,11.725889053195715
1,128,5,31,11.65766429901123,11.68020605109632
1,128,5,32,11.732383728027344,11.754707084037364
1,128,5,33,11.64355182647705,11.665782076306641
1,128,5,34,11.603775978088379,11.625882005319
1,128,5,35,11.677887916564941,11.700753006152809
1,128,5,36,11.678560256958008,11.700673960149288
1,128,5,37,11.643391609191895,11.66524994187057
1,128,5,38,11.754624366760254,11.777409934438765
1,128,5,39,11.648544311523438,11.67148700915277
1,128,5,40,11.643839836120605,11.666428064927459
1,128,5,41,11.535840034484863,11.55854994431138
1,128,5,42,11.62771224975586,11.651390930637717
1,128,5,43,11.720159530639648,11.743874056264758
1,128,5,44,11.582240104675293,11.604724102653563
1,128,5,45,11.540351867675781,11.56381901819259
1,128,5,46,11.61292839050293,11.635240050964057
1,128,5,47,11.603584289550781,11.626287014223635
1,128,5,48,11.632255554199219,11.655412963591516
1,128,5,49,11.673215866088867,11.697286972776055
1,128,5,50,11.587455749511719,11.609186069108546
1,128,5,51,11.66256046295166,11.684141005389392
1,128,5,52,11.57759952545166,11.599643039517105
1,128,5,53,11.525728225708008,11.548678972758353
1,128,5,54,11.571328163146973,11.594200972467661
1,128,5,55,11.585344314575195,11.606687097810209
1,128,5,56,11.630271911621094,11.652220971882343
1,128,5,57,11.588191986083984,11.610332992859185
1,128,5,58,11.590432167053223,11.612520087510347
1,128,5,59,11.615039825439453,11.636861017905176
1,128,5,60,11.520000457763672,11.548756971023977
1,128,5,61,11.553312301635742,11.574705014936626
1,128,5,62,11.583647727966309,11.606198968365788
1,128,5,63,11.640512466430664,11.662625940516591
1,128,6,1,11.66211223602295,11.683768010698259
1,128,6,2,11.607040405273438,11.629506945610046
1,128,6,3,11.528223991394043,11.550444061867893
1,128,6,4,11.550463676452637,11.572491028346121
1,128,6,5,11.636608123779297,11.659293086268008
1,128,6,6,11.629280090332031,11.651542037725449
1,128,6,7,11.619551658630371,11.641154997050762
1,128,6,8,11.615039825439453,11.637374991551042
1,128,6,9,11.638400077819824,11.65998203214258
1,128,6,10,11.58732795715332,11.609403067268431
1,128,6,11,11.543583869934082,11.56498200725764
1,128,6,12,11.625151634216309,11.646955041214824
1,128,6,13,11.52233600616455,11.544091044925153
1,128,6,14,11.493887901306152,11.51622598990798
1,128,6,15,11.572735786437988,11.594856041483581
1,128,6,16,11.604928016662598,11.62714697420597
1,128,6,17,11.650079727172852,11.672622989863157
1,128,6,18,11.529727935791016,11.552456999197602
1,128,6,19,11.594847679138184,11.617416981607676
1,128,6,20,11.540351867675781,11.562311090528965
1,128,6,21,11.543647766113281,11.565012973733246
1,128,6,22,11.652511596679688,11.674793087877333
1,128,6,23,11.560288429260254,11.582170031033456
1,128,6,24,11.585280418395996,11.607724009081721
1,128,6,25,11.46560001373291,11.487687937915325
1,128,6,26,11.635871887207031,11.658474919386208
1,128,6,27,11.61193561553955,11.63397403433919
1,128,6,28,11.6015043258667,11.623797006905079
1,128,6,29,11.624256134033203,11.645585997030139
1,128,6,30,11.636320114135742,11.658984934911132
1,128,6,31,11.591296195983887,11.6134729469195
1,128,6,32,11.64252758026123,11.664177058264613
1,128,6,33,11.599807739257812,11.621662066318095
1,128,6,34,11.599712371826172,11.62076904438436
1,128,6,35,11.614591598510742,11.636603041552007
1,128,6,36,11.569408416748047,11.591069982387125
1,128,6,37,11.517375946044922,11.539649916812778
1,128,6,38,11.569439888000488,11.592069058679044
1,128,6,39,11.563167572021484,11.585746076889336
1,128,6,40,11.505248069763184,11.527816997841
1,128,6,41,11.522848129272461,11.544878012500703
1,128,6,42,11.56332778930664,11.585053987801075
1,128,6,43,11.573247909545898,11.595935910008848
1,128,6,44,11.536255836486816,11.558037018403411
1,128,6,45,11.43177604675293,11.453490005806088
1,128,6,46,11.41808032989502,11.43999199848622
1,128,6,47,11.471296310424805,11.493099038489163
1,128,6,48,11.565919876098633,11.587807908654213
1,128,6,49,11.585536003112793,11.606934014707804
1,128,6,50,11.534720420837402,11.556877987459302
1,128,6,51,11.560576438903809,11.587435030378401
1,128,6,52,11.493120193481445,11.515562073327601
1,128,6,53,11.474687576293945,11.496513965539634
1,128,6,54,11.540703773498535,11.562743922695518
1,128,6,55,11.55129623413086,11.574084055610001
1,128,6,56,11.59670352935791,11.618125019595027
1,128,6,57,11.51244831085205,11.534007964655757
1,128,6,58,11.521247863769531,11.542881024070084
1,128,6,59,11.541760444641113,11.563976062461734
1,128,6,60,11.545248031616211,11.572994058951735
1,128,6,61,11.532480239868164,11.553770978935063
1,128,6,62,11.593631744384766,11.615909985266626
1,128,6,63,11.549663543701172,11.571148061193526
1,1024,0,1,11.573856353759766,11.596477939747274
1,1024,0,2,11.533920288085938,11.555989971384406
1,1024,0,3,11.465951919555664,11.488607036881149
1,1024,0,4,11.52780818939209,11.54973404482007
1,1024,0,5,11.524031639099121,11.54572400264442
1,1024,0,6,11.531840324401855,11.552955955266953
1,1024,0,7,11.579008102416992,11.600665980949998
1,1024,0,8,11.557503700256348,11.579236947000027
1,1024,0,9,11.541376113891602,11.563351028598845
1,1024,0,10,11.474335670471191,11.496439925394952
1,1024,0,11,11.564512252807617,11.586269014514983
1,1024,0,12,11.476384162902832,11.50420296471566
1,1024,0,13,11.529120445251465,11.551140109077096
1,1024,0,14,11.505311965942383,11.527644004672766
1,1024,0,15,11.455583572387695,11.478103930130601
1,1024,0,16,11.576000213623047,11.598501005209982
1,1024,0,17,11.498368263244629,11.521189007908106
1,1024,0,18,11.494976043701172,11.517004924826324
1,1024,0,19,11.487615585327148,11.51079696137458
1,1024,0,20,11.544639587402344,11.566587025299668
1,1024,0,21,11.553152084350586,11.575783020816743
1,1024,0,22,11.576224327087402,11.598413926549256
1,1024,0,23,11.422880172729492,11.445451062172651
1,1024,0,24,11.521663665771484,11.544717941433191
1,1024,0,25,11.530367851257324,11.552640004083514
1,1024,0,26,11.508319854736328,11.531005031429231
1,1024,0,27,11.494527816772461,11.516249971464276
1,1024,0,28,11.52511978149414,11.546569992788136
1,1024,0,29,11.561727523803711,11.584318010136485
1,1024,0,30,11.51478385925293,11.5374670131132
1,1024,0,31,11.520447731018066,11.543091968633235
1,1024,0,32,11.500096321105957,11.522517073899508
1,1024,0,33,11.526176452636719,11.549731018021703
1,1024,0,34,11.54355239868164,11.565611930564046
1,1024,0,35,11.484288215637207,11.50619494728744
1,1024,0,36,11.463871955871582,11.493002064526081
1,1024,0,37,11.477631568908691,11.504897964186966
1,1024,0,38,11.408543586730957,11.430994956754148
1,1024,0,39,11.485919952392578,11.50795305147767
1,1024,0,40,11.416735649108887,11.440063011832535
1,1024,0,41,11.48083209991455,11.509833042509854
1,1024,0,42,11.524031639099121,11.546495952643454
1,1024,0,43,11.444543838500977,11.466930038295686
1,1024,0,44,11.447936058044434,11.470171972177923
1,1024,0,45,11.461376190185547,11.483696987852454
1,1024,0,46,11.467167854309082,11.48909900803119
1,1024,0,47,11.496735572814941,11.519280029460788
1,1024,0,48,11.513952255249023,11.536138015799224
1,1024,0,49,11.37945556640625,11.40159904025495
1,1024,0,50,11.433759689331055,11.45567698404193
1,1024,0,51,11.463552474975586,11.485768016427755
1,1024,0,52,11.501503944396973,11.524264002218843
1,1024,0,53,11.459168434143066,11.481514084152877
1,1024,0,54,11.574751853942871,11.597228003665805
1,1024,0,55,11.473024368286133,11.495691956952214
1,1024,0,56,11.504672050476074,11.527204071171582
1,1024,0,57,11.461919784545898,11.483473936095834
1,1024,0,58,11.424448013305664,11.446838965639472
1,1024,0,59,11.427007675170898,11.449637007899582
1,1024,0,60,11.460224151611328,11.482837959192693
1,1024,0,61,11.416640281677246,11.440151953138411
1,1024,0,62,11.4967679977417,11.519823921844363
1,1024,0,63,11.484671592712402,11.507124989293516
1,1024,1,1,11.679391860961914,11.70188991818577
1,1024,1,2,11.534463882446289,11.555752018466592
1,1024,1,3,11.675647735595703,11.697606067173183
1,1024,1,4,11.573311805725098,11.595271993428469
1,1024,1,5,11.5348482131958,11.556638055481017
1,1024,1,6,11.502847671508789,11.525186011567712
1,1024,1,7,11.536800384521484,11.558834929019213
1,1024,1,8,11.500415802001953,11.522936983965337
1,1024,1,9,11.516672134399414,11.538958991877735
1,1024,1,10,11.5250244140625,11.547437985427678
1,1024,1,11,11.452927589416504,11.474126018583775
1,1024,1,12,11.488384246826172,11.509446077980101
1,1024,1,13,11.483872413635254,11.505358037538826
1,1024,1,14,11.514944076538086,11.537080979906023
1,1024,1,15,11.467231750488281,11.489772005006671
1,1024,1,16,11.494336128234863,11.51620491873473
1,1024,1,17,11.513312339782715,11.535352910868824
1,1024,1,18,11.520959854125977,11.542254011146724
1,1024,1,19,11.538656234741211,11.560910032130778
1,1024,1,20,11.485568046569824,11.506699025630951
1,1024,1,21,11.5282564163208,11.550107039511204
1,1024,1,22,11.512031555175781,11.533010052517056
1,1024,1,23,11.466527938842773,11.48873008787632
1,1024,1,24,11.542271614074707,11.571537936106324
1,1024,1,25,11.545056343078613,11.567298090085387
1,1024,1,26,11.5316162109375,11.553379008546472
1,1024,1,27,11.557855606079102,11.579598998650908
1,1024,1,28,11.574591636657715,11.596221942454576
1,1024,1,29,11.542783737182617,11.564269079826772
1,1024,1,30,11.56169605255127,11.583162937313318
1,1024,1,31,11.471648216247559,11.494099046103656
1,1024,1,32,11.501472473144531,11.52294606436044
1,1024,1,33,11.439871788024902,11.462536989711225
1,1024,1,34,11.557600021362305,11.579126003198326
1,1024,1,35,11.558015823364258,11.580219957977533
1,1024,1,36,11.438272476196289,11.460181092843413
1,1024,1,37,11.469023704528809,11.491067009046674
1,1024,1,38,11.498144149780273,11.520094005391002
1,1024,1,39,11.536576271057129,11.558417929336429
1,1024,1,40,11.502623558044434,11.524640023708344
1,1024,1,41,11.481856346130371,11.509852018207312
1,1024,1,42,11.586112022399902,11.608980013988912
1,1024,1,43,11.42089557647705,11.443073977716267
1,1024,1,44,11.475232124328613,11.497861938551068
1,1024,1,45,11.493247985839844,11.515551945194602
1,1024,1,46,11.505215644836426,11.526945047080517
1,1024,1,47,11.551520347595215,11.57265598885715
1,1024,1,48,11.492287635803223,11.514047044329345
1,1024,1,49,11.53007984161377,11.558606987819076
1,1024,1,50,11.47980785369873,11.5014259936288
1,1024,1,51,11.52620792388916,11.548445909284055
1,1024,1,52,11.49129581451416,11.512745986692607
1,1024,1,53,11.515423774719238,11.538200080394745
1,1024,1,54,11.468607902526855,11.489745927974582
1,1024,1,55,11.512639999389648,11.534175951965153
1,1024,1,56,11.478367805480957,11.499259038828313
1,1024,1,57,11.449119567871094,11.471797013655305
1,1024,1,58,11.581055641174316,11.60262303892523
1,1024,1,59,11.501503944396973,11.523101013153791
1,1024,1,60,11.409536361694336,11.432052007876337
1,1024,1,61,11.45952033996582,11.481377994641662
1,1024,1,62,11.565119743347168,11.587523971684277
1,1024,1,63,11.450624465942383,11.472727986983955
1,1024,2,1,11.645248413085938,11.667320970445871
1,1024,2,2,11.616543769836426,11.638305033557117
1,1024,2,3,11.487648010253906,11.50951103772968
1,1024,2,4,11.535903930664062,11.557525023818016
1,1024,2,5,11.540224075317383,11.561982100829482
1,1024,2,6,11.482912063598633,11.504875030368567
1,1024,2,7,11.538880348205566,11.560253100469708
1,1024,2,8,11.530976295471191,11.552831972949207
1,1024,2,9,11.574975967407227,11.596631025895476
1,1024,2,10,11.548192024230957,11.56978600192815
1,1024,2,11,11.485152244567871,11.506558046676219
1,1024,2,12,11.45088005065918,11.472395970486104
1,1024,2,13,11.527135848999023,11.549365008249879
1,1024,2,14,11.453984260559082,11.476765968836844
1,1024,2,15,11.51260757446289,11.534785968251526
1,1024,2,16,11.431903839111328,11.453701998107135
1,1024,2,17,11.48960018157959,11.511928983964026
1,1024,2,18,11.508480072021484,11.530782096087933
1,1024,2,19,11.566720008850098,11.588501976802945
1,1024,2,20,11.473088264465332,11.494784033857286
1,1024,2,21,11.484383583068848,11.50630903430283
1,1024,2,22,11.52409553527832,11.545737972483039
1,1024,2,23,11.489055633544922,11.51060196571052
1,1024,2,24,11.546624183654785,11.5685019409284
1,1024,2,25,11.553279876708984,11.574830044992268
1,1024,2,26,11.50592041015625,11.52763597201556
1,1024,2,27,11.535840034484863,11.557717924006283
1,1024,2,28,11.53996753692627,11.561814928427339
1,1024,2,29,11.551456451416016,11.573032010346651
1,1024,2,30,11.580320358276367,11.601806036196649
1,1024,2,31,11.489824295043945,11.512203956954181
1,1024,2,32,11.531007766723633,11.552144074812531
1,1024,2,33,11.539520263671875,11.560793966054916
1,1024,2,34,11.52291202545166,11.550560011528432
1,1024,2,35,11.539392471313477,11.561681982129812
1,1024,2,36,11.481504440307617,11.50425395462662
1,1024,2,37,11.495136260986328,11.517219012603164
1,1024,2,38,11.468640327453613,11.491064913570881
1,1024,2,39,11.427935600280762,11.450026999227703
1,1024,2,40,11.510432243347168,11.532450909726322
1,1024,2,41,11.488927841186523,11.51088101323694
1,1024,2,42,11.5447359085083,11.567870038561523
1,1024,2,43,11.4716157913208,11.493706027977169
1,1024,2,44,11.456095695495605,11.478111031465232
1,1024,2,45,11.488767623901367,11.510048992931843
1,1024,2,46,11.507231712341309,11.52980502229184
1,1024,2,47,11.505696296691895,11.528200935572386
1,1024,2,48,11.503904342651367,11.526235030032694
1,1024,2,49,11.488448143005371,11.51059300173074
1,1024,2,50,11.500864028930664,11.523187975399196
1,1024,2,51,11.49062442779541,11.513047036714852
1,1024,2,52,11.504287719726562,11.526739923283458
1,1024,2,53,11.4966402053833,11.518977000378072
1,1024,2,54,11.516256332397461,11.538336984813213
1,1024,2,55,11.420831680297852,11.442500981502235
1,1024,2,56,11.458175659179688,11.479533044621348
1,1024,2,57,11.672096252441406,11.694696033373475
1,1024,2,58,11.527711868286133,11.549146031029522
1,1024,2,59,11.543392181396484,11.565428925678134
1,1024,2,60,11.451423645019531,11.473078979179263
1,1024,2,61,11.544639587402344,11.566780973225832
1,1024,2,62,11.520256042480469,11.542062042281032
1,1024,2,63,11.477567672729492,11.498666950501502
1,1024,3,1,11.583359718322754,11.605759966187179
1,1024,3,2,11.492735862731934,11.514384998008609
1,1024,3,3,11.509696006774902,11.531417025253177
1,1024,3,4,11.542495727539062,11.564602027647197
1,1024,3,5,11.555359840393066,11.57748291734606
1,1024,3,6,11.542783737182617,11.564338929019868
1,1024,3,7,11.536031723022461,11.562306084670126
1,1024,3,8,11.554400444030762,11.576227028854191
1,1024,3,9,11.54304027557373,11.565543012693524
1,1024,3,10,11.450495719909668,11.47213310468942
1,1024,3,11,11.49283218383789,11.514693964272738
1,1024,3,12,11.476192474365234,11.498327949084342
1,1024,3,13,11.57369613647461,11.595253949053586
1,1024,3,14,11.550496101379395,11.572042014449835
1,1024,3,15,11.56595230102539,11.59395999275148
1,1024,3,16,11.532959938049316,11.554231983609498
1,1024,3,17,11.520447731018066,11.542162974365056
1,1024,3,18,11.542847633361816,11.564551969058812
1,1024,3,19,11.542143821716309,11.56478503253311
1,1024,3,20,11.468607902526855,11.48980890866369
1,1024,3,21,11.502400398254395,11.5241720341146
1,1024,3,22,11.48038387298584,11.506481096148491
1,1024,3,23,11.527647972106934,11.549146031029522
1,1024,3,24,11.571104049682617,11.594029027037323
1,1024,3,25,11.564064025878906,11.585910920985043
1,1024,3,26,11.563615798950195,11.585389962419868
1,1024,3,27,11.562335968017578,11.583900079131126
1,1024,3,28,11.51910400390625,11.541513027623296
1,1024,3,29,11.525055885314941,11.54679898172617
1,1024,3,30,11.510784149169922,11.532770935446024
1,1024,3,31,11.435615539550781,11.457956046797335
1,1024,3,32,11.5000638961792,11.52236305642873
1,1024,3,33,11.5098876953125,11.531930998899043
1,1024,3,34,11.573504447937012,11.594817042350769
1,1024,3,35,11.558496475219727,11.579668032936752
1,1024,3,36,11.5032958984375,11.52524899225682
1,1024,3,37,11.495552062988281,11.517363018356264
1,1024,3,38,11.505536079406738,11.527215014211833
1,1024,3,39,11.480256080627441,11.50174392387271
1,1024,3,40,11.503647804260254,11.52523304335773
1,1024,3,41,11.486175537109375,11.50757900904864
1,1024,3,42,11.533280372619629,11.555243050679564
1,1024,3,43,11.496864318847656,11.51770690921694
1,1024,3,44,11.444352149963379,11.466644937172532
1,1024,3,45,11.535327911376953,11.557194055058062
1,1024,3,46,11.477439880371094,11.499047977849841
1,1024,3,47,11.489983558654785,11.51202991604805
1,1024,3,48,11.544063568115234,11.565898079425097
1,1024,3,49,11.526399612426758,11.547929025255144
1,1024,3,50,11.564319610595703,11.586347012780607
1,1024,3,51,11.556672096252441,11.578910052776337
1,1024,3,52,11.469728469848633,11.49156002793461
1,1024,3,53,11.535584449768066,11.557900928892195
1,1024,3,54,11.567008018493652,11.589003959670663
1,1024,3,55,11.552127838134766,11.574557982385159
1,1024,3,56,11.572416305541992,11.594840907491744
1,1024,3,57,11.47811222076416,11.499786982312799
1,1024,3,58,11.513792037963867,11.53582101687789
1,1024,3,59,11.529184341430664,11.551014031283557
1,1024,3,60,11.481792449951172,11.503730900585651
1,1024,3,61,11.562239646911621,11.585959000512958
1,1024,3,62,11.495327949523926,11.51804393157363
1,1024,3,63,11.543392181396484,11.567390989512205
1,1024,4,1,11.64031982421875,11.663230950944126
1,1024,4,2,11.587776184082031,11.609407025389373
1,1024,4,3,11.52121639251709,11.5436059422791
1,1024,4,4,11.503552436828613,11.531070922501385
1,1024,4,5,11.624768257141113,11.646282975561917
1,1024,4,6,11.552063941955566,11.573158903047442
1,1024,4,7,11.529760360717773,11.551582952961326
1,1024,4,8,11.52239990234375,11.54474203940481
1,1024,4,9,11.515775680541992,11.53787097427994
1,1024,4,10,11.524415969848633,11.54708000831306
1,1024,4,11,11.522527694702148,11.545296991243958
1,1024,4,12,11.534175872802734,11.55642990488559
1,1024,4,13,11.460991859436035,11.483281967230141
1,1024,4,14,11.458271980285645,11.479948996566236
1,1024,4,15,11.487071990966797,11.50915096513927
1,1024,4,16,11.488800048828125,11.511186952702701
1,1024,4,17,11.509183883666992,11.531367083080113
1,1024,4,18,11.55408000946045,11.57527999021113
1,1024,4,19,11.548352241516113,11.571107083000243
1,1024,4,20,11.507231712341309,11.530171963386238
1,1024,4,21,11.520832061767578,11.543472995981574
1,1024,4,22,11.55737590789795,11.579776997677982
1,1024,4,23,11.438143730163574,11.460524052381516
1,1024,4,24,11.561056137084961,11.584381922148168
1,1024,4,25,11.53104019165039,11.553518939763308
1,1024,4,26,11.641632080078125,11.663966928608716
1,1024,4,27,11.573920249938965,11.597031960263848
1,1024,4,28,11.551136016845703,11.573142022825778
1,1024,4,29,11.533408164978027,11.555653996765614
1,1024,4,30,11.512384414672852,11.534680961631238
1,1024,4,31,11.483903884887695,11.506111943162978
1,1024,4,32,11.530847549438477,11.553426971659064
1,1024,4,33,11.53718376159668,11.559279053471982
1,1024,4,34,11.53769588470459,11.56038895715028
1,1024,4,35,11.572704315185547,11.5949910832569
1,1024,4,36,11.522784233093262,11.545369983650744
1,1024,4,37,11.538432121276855,11.56077696941793
1,1024,4,38,11.502431869506836,11.525386944413185
1,1024,4,39,11.501664161682129,11.524232919327915
1,1024,4,40,11.523200035095215,11.546219000592828
1,1024,4,41,11.563615798950195,11.58608600962907
1,1024,4,42,11.547231674194336,11.570230941288173
1,1024,4,43,11.483936309814453,11.505951057188213
1,1024,4,44,11.531423568725586,11.554023949429393
1,1024,4,45,11.522751808166504,11.544806999154389
1,1024,4,46,11.5382080078125,11.5606120089069
1,1024,4,47,11.584416389465332,11.606781044974923
1,1024,4,48,11.570176124572754,11.592453927733004
1,1024,4,49,11.5797758102417,11.601201957091689
1,1024,4,50,11.5730562210083,11.594742070883512
1,1024,4,51,11.51030445098877,11.532813892699778
1,1024,4,52,11.523136138916016,11.545492918230593
1,1024,4,53,11.54969596862793,11.572400922887027
1,1024,4,54,11.55292797088623,11.575123993679881
1,1024,4,55,11.515999794006348,11.53759506996721
1,1024,4,56,11.48095989227295,11.50374102871865
1,1024,4,57,11.554559707641602,11.576118995435536
1,1024,4,58,11.550848007202148,11.57390105072409
1,1024,4,59,11.446144104003906,11.468447046354413
1,1024,4,60,11.497920036315918,11.520277941599488
1,1024,4,61,11.50489616394043,11.52704400010407
1,1024,4,62,11.49561595916748,11.517432983964682
1,1024,4,63,11.431551933288574,11.45461096893996
1,1024,5,1,11.62838363647461,11.650483007542789
1,1024,5,2,11.550271987915039,11.572123039513826
1,1024,5,3,11.481280326843262,11.502273031510413
1,1024,5,4,11.535072326660156,11.556640965864062
1,1024,5,5,11.447263717651367,11.469141929410398
1,1024,5,6,11.561535835266113,11.582879000343382
1,1024,5,7,11.536640167236328,11.558142025023699
1,1024,5,8,11.520256042480469,11.542611988261342
1,1024,5,9,11.498847961425781,11.520024971105158
1,1024,5,10,11.521759986877441,11.54341793153435
1,1024,5,11,11.512096405029297,11.533805984072387
1,1024,5,12,11.492959976196289,11.514797923155129
1,1024,5,13,11.491456031799316,11.512798955664039
1,1024,5,14,11.5033597946167,11.525067035108805
1,1024,5,15,11.535903930664062,11.556905112229288
1,1024,5,16,11.41919994354248,11.440861038863659
1,1024,5,17,11.51859188079834,11.539698927663267
1,1024,5,18,11.509407997131348,11.531463009305298
1,1024,5,19,11.505215644836426,11.52681594248861
1,1024,5,20,11.53600025177002,11.557930964045227
1,1024,5,21,11.504511833190918,11.526248999871314
1,1024,5,22,11.50556755065918,11.526945978403091
1,1024,5,23,11.464351654052734,11.48587604984641
1,1024,5,24,11.524928092956543,11.546576046384871
1,1024,5,25,11.539648056030273,11.560886981897056
1,1024,5,26,11.544384002685547,11.565253953449428
1,1024,5,27,11.575551986694336,11.596823926083744
1,1024,5,28,11.552543640136719,11.573949013836682
1,1024,5,29,11.531968116760254,11.553428950719535
1,1024,5,30,11.56982421875,11.591017013415694
1,1024,5,31,11.494303703308105,11.515256017446518
1,1024,5,32,11.534912109375,11.5567670436576
1,1024,5,33,11.507743835449219,11.528686038218439
1,1024,5,34,11.577024459838867,11.597989941947162
1,1024,5,35,11.505087852478027,11.526070069521666
1,1024,5,36,11.549152374267578,11.570692993700504
1,1024,5,37,11.538399696350098,11.560417944565415
1,1024,5,38,11.495424270629883,11.516685015521944
1,1024,5,39,11.514240264892578,11.535700992681086
1,1024,5,40,11.471808433532715,11.493411031551659
1,1024,5,41,11.403103828430176,11.424481053836644
1,1024,5,42,11.51369571685791,11.535246972925961
1,1024,5,43,11.438400268554688,11.460241978056729
1,1024,5,44,11.504287719726562,11.526108020916581
1,1024,5,45,11.487263679504395,11.508735944516957
1,1024,5,46,11.513376235961914,11.53543998952955
1,1024,5,47,11.544960021972656,11.566634988412261
1,1024,5,48,11.47110366821289,11.492290068417788
1,1024,5,49,11.500639915466309,11.522092972882092
1,1024,5,50,11.494624137878418,11.515983962453902
1,1024,5,51,11.487232208251953,11.508236988447607
1,1024,5,52,11.484416007995605,11.505499947816133
1,1024,5,53,11.47539234161377,11.496493010781705
1,1024,5,54,11.523008346557617,11.544610955752432
1,1024,5,55,11.4486083984375,11.470031924545765
1,1024,5,56,11.478719711303711,11.499812011606991
1,1024,5,57,11.460672378540039,11.48193795233965
1,1024,5,58,11.494527816772461,11.515808990225196
1,1024,5,59,11.497088432312012,11.518553015775979
1,1024,5,60,11.391648292541504,11.413043946959078
1,1024,5,61,11.470656394958496,11.49244699627161
1,1024,5,62,11.478816032409668,11.5001070080325
1,1024,5,63,11.391327857971191,11.413470027036965
1,1024,6,1,11.555808067321777,11.579027981497347
1,1024,6,2,11.53667163848877,11.558653903193772
1,1024,6,3,11.565983772277832,11.587857035920024
1,1024,6,4,11.52460765838623,11.546736001037061
1,1024,6,5,11.534527778625488,11.556472978554666
1,1024,6,6,11.510527610778809,11.532609933055937
1,1024,6,7,11.480447769165039,11.502700974233449
1,1024,6,8,11.513152122497559,11.534699006006122
1,1024,6,9,11.495552062988281,11.517312959767878
1,1024,6,10,11.483488082885742,11.504712980240583
1,1024,6,11,11.486080169677734,11.507834075018764
1,1024,6,12,11.460543632507324,11.48191001266241
1,1024,6,13,11.51375961303711,11.535268044099212
1,1024,6,14,11.511679649353027,11.533041018992662
1,1024,6,15,11.509023666381836,11.531152063980699
1,1024,6,16,11.516736030578613,11.538931052200496
1,1024,6,17,11.447744369506836,11.469549033790827
1,1024,6,18,11.409631729125977,11.431148974224925
1,1024,6,19,11.42198371887207,11.4439349854365
1,1024,6,20,11.46339225769043,11.485539027489722
1,1024,6,21,11.419967651367188,11.447258060798049
1,1024,6,22,11.501567840576172,11.523746070452034
1,1024,6,23,11.371135711669922,11.392598040401936
1,1024,6,24,11.54259204864502,11.564537999220192
1,1024,6,25,11.531455993652344,11.552863055840135
1,1024,6,26,11.541152000427246,11.562841013073921
1,1024,6,27,11.57040023803711,11.59166800789535
1,1024,6,28,11.494048118591309,11.5157850086689
1,1024,6,29,11.481856346130371,11.503388988785446
1,1024,6,30,11.529791831970215,11.551048955880105
1,1024,6,31,11.446816444396973,11.469220975413918
1,1024,6,32,11.418463706970215,11.44008303526789
1,1024,6,33,11.536319732666016,11.558534926734865
1,1024,6,34,11.544447898864746,11.565649067051709
1,1024,6,35,11.534720420837402,11.556618963368237
1,1024,6,36,11.505663871765137,11.527307913638651
1,1024,6,37,11.501888275146484,11.52338704559952
1,1024,6,38,11.499360084533691,11.520652915351093
1,1024,6,39,11.482336044311523,11.503797955811024
1,1024,6,40,11.527071952819824,11.548719019629061
1,1024,6,41,11.508864402770996,11.53535710182041
1,1024,6,42,11.558464050292969,11.580369086004794
1,1024,6,43,11.500864028930664,11.521684005856514
1,1024,6,44,11.503071784973145,11.52519101742655
1,1024,6,45,11.505696296691895,11.527228052727878
1,1024,6,46,11.536224365234375,11.557740974240005
1,1024,6,47,11.57203197479248,11.593610048294067
1,1024,6,48,11.487872123718262,11.508780997246504
1,1024,6,49,11.47817611694336,11.500100023113191
1,1024,6,50,11.539520263671875,11.561039020307362
1,1024,6,51,11.451680183410645,11.473739054054022
1,1024,6,52,11.484959602355957,11.506960960105062
1,1024,6,53,11.450207710266113,11.472340091131628
1,1024,6,54,11.485024452209473,11.50601590052247
1,1024,6,55,11.37279987335205,11.394547997042537
1,1024,6,56,11.430399894714355,11.452889069914818
1,1024,6,57,11.736800193786621,11.760010034777224
1,1024,6,58,11.478655815124512,11.50013494770974
1,1024,6,59,11.495295524597168,11.517342063598335
1,1024,6,60,11.49731159210205,11.519560008309782
1,1024,6,61,11.480799674987793,11.502878973260522
1,1024,6,62,11.494336128234863,11.516385013237596
1,1024,6,63,11.447872161865234,11.469669989310205
1,4096,0,1,13.244064331054688,13.267237925902009
1,4096,0,2,12.724991798400879,12.74787203874439
1,4096,0,3,12.693056106567383,12.716120923869312
1,4096,0,4,12.589471817016602,12.611774960532784
1,4096,0,5,12.539423942565918,12.562083080410957
1,4096,0,6,12.526047706604004,12.5483920564875
1,4096,0,7,12.5480318069458,12.56990002002567
1,4096,0,8,12.544320106506348,12.56651896983385
1,4096,0,9,12.51638412475586,12.539025046862662
1,4096,0,10,12.537599563598633,12.560334987938404
1,4096,0,11,12.535296440124512,12.55698106251657
1,4096,0,12,12.552543640136719,12.574656051583588
1,4096,0,13,12.51916790008545,12.541844975203276
1,4096,0,14,12.542464256286621,12.564918957650661
1,4096,0,15,12.528672218322754,12.550386018119752
1,4096,0,16,12.534560203552246,12.556725996546447
1,4096,0,17,12.503904342651367,12.525951024144888
1,4096,0,18,12.535103797912598,12.557643931359053
1,4096,0,19,12.566240310668945,12.589199002832174
1,4096,0,20,12.514847755432129,12.537088943645358
1,4096,0,21,12.534912109375,12.557153007946908
1,4096,0,22,12.517760276794434,12.540619005449116
1,4096,0,23,12.568703651428223,12.59115501306951
1,4096,0,24,12.49897575378418,12.522178003564477
1,4096,0,25,12.532768249511719,12.555125053040683
1,4096,0,26,12.523200035095215,12.54823396448046
1,4096,0,27,12.547840118408203,12.570171966217458
1,4096,0,28,12.538623809814453,12.562099029310048
1,4096,0,29,12.5315523147583,12.553723994642496
1,4096,0,30,12.505151748657227,12.527521001175046
1,4096,0,31,12.526975631713867,12.54938798956573
1,4096,0,32,12.488608360290527,12.511676992289722
1,4096,0,33,12.478560447692871,12.503594974987209
1,4096,0,34,12.512703895568848,12.535048997960985
1,4096,0,35,12.517631530761719,12.540385010652244
1,4096,0,36,12.515616416931152,12.538761016912758
1,4096,0,37,12.478655815124512,12.501754914410412
1,4096,0,38,12.504960060119629,12.527831015177071
1,4096,0,39,12.507488250732422,12.529598898254335
1,4096,0,40,12.527839660644531,12.549181003123522
1,4096,0,41,12.485823631286621,12.507288018241525
1,4096,0,42,12.505791664123535,12.528588064014912
1,4096,0,43,12.526847839355469,12.549376930110157
1,4096,0,44,12.512960433959961,12.535718968138099
1,4096,0,45,12.46678352355957,12.489124084822834
1,4096,0,46,12.523712158203125,12.546033947728574
1,4096,0,47,12.516768455505371,12.538687093183398
1,4096,0,48,12.543807983398438,12.566327932290733
1,4096,0,49,12.516351699829102,12.538805021904409
1,4096,0,50,12.527199745178223,12.549091945402324
1,4096,0,51,12.539199829101562,12.561820913106203
1,4096,0,52,12.55299186706543,12.575448025017977
1,4096,0,53,12.528127670288086,12.551318970508873
1,4096,0,54,12.557600021362305,12.57960801012814
1,4096,0,55,12.539072036743164,12.562065036036074
1,4096,0,56,12.541343688964844,12.563786003738642
1,4096,0,57,12.456159591674805,12.478264048695564
1,4096,0,58,12.526240348815918,12.54865201190114
1,4096,0,59,12.512319564819336,12.535369955003262
1,4096,0,60,12.56931209564209,12.591842096298933
1,4096,0,61,12.502240180969238,12.52423704136163
1,4096,0,62,12.538496017456055,12.561260024085641
1,4096,0,63,12.555871963500977,12.578479014337063
1,4096,1,1,13.230815887451172,13.254779041744769
1,4096,1,2,12.798272132873535,12.820037081837654
1,4096,1,3,12.764960289001465,12.78806000482291
1,4096,1,4,12.6397123336792,12.662234017625451
1,4096,1,5,12.60531234741211,12.628012103959918
1,4096,1,6,12.61571216583252,12.63884804211557
1,4096,1,7,12.583135604858398,12.60560192167759
1,4096,1,8,12.612128257751465,12.634156038984656
1,4096,1,9,12.569855690002441,12.59278692305088
1,4096,1,10,12.584992408752441,12.607962009496987
1,4096,1,11,12.602784156799316,12.62555702123791
1,4096,1,12,12.599167823791504,12.621695059351623
1,4096,1,13,12.584896087646484,12.608058052137494
1,4096,1,14,12.611871719360352,12.635199003852904
1,4096,1,15,12.589983940124512,12.61320908088237
1,4096,1,16,12.602879524230957,12.625350034795702
1,4096,1,17,12.564800262451172,12.58689898531884
1,4096,1,18,12.545439720153809,12.568005942739546
1,4096,1,19,12.580415725708008,12.603068957105279
1,4096,1,20,12.589920043945312,12.61235901620239
1,4096,1,21,12.578432083129883,12.599859037436545
1,4096,1,22,12.578944206237793,12.601465918123722
1,4096,1,23,12.619839668273926,12.64261407777667
1,4096,1,24,12.572863578796387,12.595126056112349
1,4096,1,25,12.599264144897461,12.62217597104609
1,4096,1,26,12.761823654174805,12.783736106939614
1,4096,1,27,12.597920417785645,12.620315072126687
1,4096,1,28,12.589856147766113,12.61144399177283
1,4096,1,29,12.588671684265137,12.61080801486969
1,4096,1,30,12.570943832397461,12.5928990310058
1,4096,1,31,12.606656074523926,12.628587079234421
1,4096,1,32,12.534015655517578,12.556770001538098
1,4096,1,33,12.56287956237793,12.585185933858156
1,4096,1,34,12.58198356628418,12.603978044353426
1,4096,1,35,12.570528030395508,12.592908926308155
1,4096,1,36,12.57414436340332,12.596679967828095
1,4096,1,37,12.558143615722656,12.580051086843014
1,4096,1,38,12.562335968017578,12.584579992108047
1,4096,1,39,12.577088356018066,12.598695000633597
1,4096,1,40,12.565792083740234,12.587728910148144
1,4096,1,41,12.544896125793457,12.567197089083493
1,4096,1,42,12.570976257324219,12.593375984579325
1,4096,1,43,12.556639671325684,12.578408932313323
1,4096,1,44,12.570528030395508,12.593611958436668
1,4096,1,45,12.556991577148438,12.579757953062654
1,4096,1,46,12.588735580444336,12.615074985660613
1,4096,1,47,12.605216026306152,12.627432937733829
1,4096,1,48,12.621472358703613,12.643706984817982
1,4096,1,49,12.578080177307129,12.600712943822145
1,4096,1,50,12.613216400146484,12.635517050512135
1,4096,1,51,12.58572769165039,12.607438024133444
1,4096,1,52,12.597663879394531,12.620534049347043
1,4096,1,53,12.587264060974121,12.609701021574438
1,4096,1,54,12.696928024291992,12.71874108351767
1,4096,1,55,12.603391647338867,12.625974020920694
1,4096,1,56,12.60483169555664,12.627337011508644
1,4096,1,57,12.56499195098877,12.586737982928753
1,4096,1,58,12.579039573669434,12.601319001987576
1,4096,1,59,12.596799850463867,12.619417975656688
1,4096,1,60,12.611136436462402,12.63378607109189
1,4096,1,61,12.555647850036621,12.578257941640913
1,4096,1,62,12.602208137512207,12.62428006157279
1,4096,1,63,12.603551864624023,12.626709998585284
1,4096,2,1,13.241791725158691,13.2654570043087
1,4096,2,2,12.84665584564209,12.868962017819285
1,4096,2,3,12.697343826293945,12.72008300293237
1,4096,2,4,12.652640342712402,12.675083940848708
1,4096,2,5,12.629695892333984,12.651768047362566
1,4096,2,6,12.635807991027832,12.65797798987478
1,4096,2,7,12.552895545959473,12.574746971949935
1,4096,2,8,12.517696380615234,12.540215975604951
1,4096,2,9,12.520832061767578,12.543339049443603
1,4096,2,10,12.533856391906738,12.555953930132091
1,4096,2,11,12.547136306762695,12.569383019581437
1,4096,2,12,12.555359840393066,12.578357942402363
1,4096,2,13,12.551712036132812,12.574077001772821
1,4096,2,14,12.556672096252441,12.57884199731052
1,4096,2,15,12.523551940917969,12.546089943498373
1,4096,2,16,12.553791999816895,12.576297973282635
1,4096,2,17,12.511327743530273,12.533208937384188
1,4096,2,18,12.506912231445312,12.529302039183676
1,4096,2,19,12.557791709899902,12.579959933646023
1,4096,2,20,12.53279972076416,12.555629014968872
1,4096,2,21,12.539423942565918,12.561842100694776
1,4096,2,22,12.516703605651855,12.53891596570611
1,4096,2,23,12.550047874450684,12.575827073305845
1,4096,2,24,12.529760360717773,12.552620959468186
1,4096,2,25,12.567872047424316,12.590588070452213
1,4096,2,26,12.511039733886719,12.534100911580026
1,4096,2,27,12.57107162475586,12.59365410078317
1,4096,2,28,12.563872337341309,12.586372904479504
1,4096,2,29,12.539775848388672,12.562306015752256
1,4096,2,30,12.505727767944336,12.528216931968927
1,4096,2,31,12.540543556213379,12.563328025862575
1,4096,2,32,12.513824462890625,12.53629697021097
1,4096,2,33,12.512096405029297,12.534518027678132
1,4096,2,34,12.502559661865234,12.5247270334512
1,4096,2,35,12.562784194946289,12.58515298832208
1,4096,2,36,12.49078369140625,12.51393894199282
1,4096,2,37,12.482848167419434,12.505063903518021
1,4096,2,38,12.500255584716797,12.522682081907988
1,4096,2,39,12.55299186706543,12.57522392552346
1,4096,2,40,12.52239990234375,12.5450020423159
1,4096,2,41,12.525407791137695,12.548163067549467
1,4096,2,42,12.497504234313965,12.519367039203644
1,4096,2,43,12.535136222839355,12.557327980175614
1,4096,2,44,12.523743629455566,12.545492965728045
1,4096,2,45,12.513407707214355,12.535694986581802
1,4096,2,46,12.50921630859375,12.531621963717043
1,4096,2,47,12.570591926574707,12.593546067364514
1,4096,2,48,12.55344009399414,12.57611799519509
1,4096,2,49,12.52518367767334,12.547429068945348
1,4096,2,50,12.535200119018555,12.557541020214558
1,4096,2,51,12.562111854553223,12.584718060679734
1,4096,2,52,12.550623893737793,12.573032057844102
1,4096,2,53,12.564736366271973,12.586839031428099
1,4096,2,54,12.526144027709961,12.549084960483015
1,4096,2,55,12.495231628417969,12.517967959865928
1,4096,2,56,12.532608032226562,12.555264052934945
1,4096,2,57,12.507776260375977,12.530194944702089
1,4096,2,58,12.52892780303955,12.552100932225585
1,4096,2,59,12.515551567077637,12.538283946923912
1,4096,2,60,12.54742431640625,12.570386053994298
1,4096,2,61,12.514592170715332,12.537673930637538
1,4096,2,62,12.529855728149414,12.553015956655145
1,4096,2,63,12.53990364074707,12.56348192691803
1,4096,3,1,13.272095680236816,13.296260964125395
1,4096,3,2,12.990943908691406,13.012349023483694
1,4096,3,3,12.8154878616333,12.837536982260644
1,4096,3,4,12.766400337219238,12.788397027179599
1,4096,3,5,12.752639770507812,12.775045004673302
1,4096,3,6,12.608927726745605,12.631039950065315
1,4096,3,7,12.621983528137207,12.644844013266265
1,4096,3,8,12.58403205871582,12.606304022483528
1,4096,3,9,12.577024459838867,12.59894808754325
1,4096,3,10,12.57100772857666,12.593457009643316
1,4096,3,11,12.572511672973633,12.595053063705564
1,4096,3,12,12.606592178344727,12.62867299374193
1,4096,3,13,12.581184387207031,12.60355906561017
1,4096,3,14,12.587712287902832,12.609525001607835
1,4096,3,15,12.582559585571289,12.604348943568766
1,4096,3,16,12.591008186340332,12.612897902727127
1,4096,3,17,12.54470443725586,12.565998011268675
1,4096,3,18,12.551168441772461,12.573193991556764
1,4096,3,19,12.61030387878418,12.631750083528459
1,4096,3,20,12.560416221618652,12.582039926201105
1,4096,3,21,12.580991744995117,12.603073962964118
1,4096,3,22,12.549504280090332,12.57199002429843
1,4096,3,23,12.600959777832031,12.62320694513619
1,4096,3,24,12.595775604248047,12.617578962817788
1,4096,3,25,12.596768379211426,12.618220993317664
1,4096,3,26,12.556511878967285,12.578452005982399
1,4096,3,27,12.635871887207031,12.657615006901324
1,4096,3,28,12.59763240814209,12.619743938557804
1,4096,3,29,12.615936279296875,12.637440115213394
1,4096,3,30,12.53718376159668,12.559965020045638
1,4096,3,31,12.591072082519531,12.61300197802484
1,4096,3,32,12.63980770111084,12.661494081839919
1,4096,3,33,12.540831565856934,12.562876916490495
1,4096,3,34,12.553215980529785,12.57499901112169
1,4096,3,35,12.602815628051758,12.626125942915678
1,4096,3,36,12.58681583404541,12.608633958734572
1,4096,3,37,12.581536293029785,12.603530078195035
1,4096,3,38,12.562496185302734,12.585037969984114
1,4096,3,39,12.591775894165039,12.613591039553285
1,4096,3,40,12.577568054199219,12.599674984812737
1,4096,3,41,12.570879936218262,12.59347703307867
1,4096,3,42,12.566752433776855,12.589402962476015
1,4096,3,43,12.591903686523438,12.613842030987144
1,4096,3,44,12.55081558227539,12.572973035275936
1,4096,3,45,12.548352241516113,12.570559978485107
1,4096,3,46,12.568896293640137,12.59093009866774
1,4096,3,47,12.592703819274902,12.614656006917357
1,4096,3,48,12.573472023010254,12.595314998179674
1,4096,3,49,12.606176376342773,12.628510012291372
1,4096,3,50,12.600319862365723,12.622926966287196
1,4096,3,51,12.583840370178223,12.606154079549015
1,4096,3,52,12.609312057495117,12.631853925995529
1,4096,3,53,12.619232177734375,12.644284986890852
1,4096,3,54,12.615551948547363,12.638193904422224
1,4096,3,55,12.576543807983398,12.598603032529354
1,4096,3,56,12.599583625793457,12.62193894945085
1,4096,3,57,12.53286361694336,12.555413995869458
1,4096,3,58,12.577664375305176,12.599686975590885
1,4096,3,59,12.576031684875488,12.597951921634376
1,4096,3,60,12.569664001464844,12.592129991389811
1,4096,3,61,12.552960395812988,12.575104949064553
1,4096,3,62,12.583968162536621,12.605856987647712
1,4096,3,63,12.571423530578613,12.593270977959037
1,4096,4,1,13.28927993774414,13.313713949173689
1,4096,4,2,12.910880088806152,12.933854013681412
1,4096,4,3,12.9717435836792,12.994469027034938
1,4096,4,4,12.885120391845703,12.90736603550613
1,4096,4,5,12.577919960021973,12.599784997291863
1,4096,4,6,12.562975883483887,12.585952994413674
1,4096,4,7,12.527872085571289,12.549472972750664
1,4096,4,8,12.530816078186035,12.553111999295652
1,4096,4,9,12.532032012939453,12.554681045003235
1,4096,4,10,12.521856307983398,12.543648947030306
1,4096,4,11,12.537568092346191,12.55960704293102
1,4096,4,12,12.556896209716797,12.578692054376006
1,4096,4,13,12.552864074707031,12.575382948853076
1,4096,4,14,12.552512168884277,12.574760941788554
1,4096,4,15,12.523391723632812,12.54477899055928
1,4096,4,16,12.553055763244629,12.575955945067108
1,4096,4,17,12.512767791748047,12.534733978100121
1,4096,4,18,12.517120361328125,12.53886695485562
1,4096,4,19,12.530207633972168,12.55274098366499
1,4096,4,20,12.546655654907227,12.568664038553834
1,4096,4,21,12.525888442993164,12.548605096526444
1,4096,4,22,12.522944450378418,12.544399010948837
1,4096,4,23,12.571104049682617,12.594875996001065
1,4096,4,24,12.561856269836426,12.584810028783977
1,4096,4,25,12.559871673583984,12.581146089360118
1,4096,4,26,12.523584365844727,12.545863981358707
1,4096,4,27,12.561568260192871,12.582979979924858
1,4096,4,28,12.538751602172852,12.561016948893666
1,4096,4,29,12.555168151855469,12.576800072565675
1,4096,4,30,12.517696380615234,12.539966963231564
1,4096,4,31,12.526016235351562,12.547687045298517
1,4096,4,32,12.521951675415039,12.54389900714159
1,4096,4,33,12.483263969421387,12.505560065619648
1,4096,4,34,12.505184173583984,12.526586069725454
1,4096,4,35,12.490816116333008,12.512780958786607
1,4096,4,36,12.520544052124023,12.54252903163433
1,4096,4,37,12.495264053344727,12.517241993919015
1,4096,4,38,12.497920036315918,12.519572977907956
1,4096,4,39,12.525504112243652,12.547336984425783
1,4096,4,40,12.538047790527344,12.56035000551492
1,4096,4,41,12.5000638961792,12.523040059022605
1,4096,4,42,12.51353645324707,12.53608800470829
1,4096,4,43,12.51961612701416,12.541017029434443
1,4096,4,44,12.542431831359863,12.565886019729078
1,4096,4,45,12.495391845703125,12.516609975136817
1,4096,4,46,12.494175910949707,12.516070972196758
1,4096,4,47,12.51091194152832,12.53238704521209
1,4096,4,48,12.546175956726074,12.567610945552588
1,4096,4,49,12.677791595458984,12.6989739947021
1,4096,4,50,12.555328369140625,12.578406021930277
1,4096,4,51,12.517215728759766,12.539435061626136
1,4096,4,52,12.529215812683105,12.551340041682124
1,4096,4,53,12.527935981750488,12.549587991088629
1,4096,4,54,12.543999671936035,12.566036079078913
1,4096,4,55,12.508735656738281,12.530650943517685
1,4096,4,56,12.54047966003418,12.561648967675865
1,4096,4,57,12.524928092956543,12.54666899330914
1,4096,4,58,12.544511795043945,12.567179976031184
1,4096,4,59,12.533023834228516,12.554749962873757
1,4096,4,60,12.545984268188477,12.567833997309208
1,4096,4,61,12.52511978149414,12.54705199971795
1,4096,4,62,12.539520263671875,12.561024050228298
1,4096,4,63,12.533663749694824,12.555658933706582
1,4096,5,1,13.38156795501709,13.404959929175675
1,4096,5,2,12.84000015258789,12.86206895019859
1,4096,5,3,12.810879707336426,12.833613087423146
1,4096,5,4,12.748831748962402,12.770907953381538
1,4096,5,5,12.612447738647461,12.635278049856424
1,4096,5,6,12.602848052978516,12.625018949620426
1,4096,5,7,14.94320011138916,14.966905931942165
1,4096,5,8,15.355999946594238,15.385370934382081
1,4096,5,9,12.577568054199219,12.600061018019915
1,4096,5,10,12.592351913452148,12.614606064744294
1,4096,5,11,12.604351997375488,12.626165058463812
1,4096,5,12,12.609663963317871,12.631891993805766
1,4096,5,13,12.57811164855957,12.600483023561537
1,4096,5,14,12.591679573059082,12.613943894393742
1,4096,5,15,12.608832359313965,12.63554790057242
1,4096,5,16,12.615936279296875,12.639026041142642
1,4096,5,17,12.57084846496582,12.593150022439659
1,4096,5,18,12.545791625976562,12.568129925057292
1,4096,5,19,12.612288475036621,12.633709004148841
1,4096,5,20,12.576895713806152,12.599523994140327
1,4096,5,21,12.57811164855957,12.60070304851979
1,4096,5,22,12.573920249938965,12.596271000802517
1,4096,5,23,12.622559547424316,12.644449016079307
1,4096,5,24,12.613151550292969,12.635822058655322
1,4096,5,25,12.609375953674316,12.632622034288943
1,4096,5,26,12.591487884521484,12.61469500605017
1,4096,5,27,12.624671936035156,12.647486990317702
1,4096,5,28,12.591936111450195,12.614710023626685
1,4096,5,29,12.574272155761719,12.596291024237871
1,4096,5,30,12.58176040649414,12.60650297626853
1,4096,5,31,12.582688331604004,12.605126015841961
1,4096,5,32,12.588288307189941,12.611850048415363
1,4096,5,33,12.56924819946289,12.591701000928879
1,4096,5,34,12.592255592346191,12.614354025572538
1,4096,5,35,12.586976051330566,12.60991208255291
1,4096,5,36,12.575488090515137,12.597965076565742
1,4096,5,37,12.562463760375977,12.584947049617767
1,4096,5,38,12.529824256896973,12.552218046039343
1,4096,5,39,12.55942440032959,12.581673101522028
1,4096,5,40,12.582367897033691,12.604888062924147
1,4096,5,41,12.549152374267578,12.571146944537759
1,4096,5,42,12.552895545959473,12.57528702262789
1,4096,5,43,12.573439598083496,12.59566203225404
1,4096,5,44,12.59228801727295,12.614775099791586
1,4096,5,45,12.55174446105957,12.57465302478522
1,4096,5,46,12.58176040649414,12.604227056726813
1,4096,5,47,12.590239524841309,12.612296035513282
1,4096,5,48,12.609408378601074,12.632098980247974
1,4096,5,49,12.582847595214844,12.606362928636372
1,4096,5,50,12.609343528747559,12.63260398991406
1,4096,5,51,12.599712371826172,12.62258505448699
1,4096,5,52,12.599712371826172,12.62177701573819
1,4096,5,53,12.591263771057129,12.614130973815918
1,4096,5,54,12.595359802246094,12.61838898062706
1,4096,5,55,12.593664169311523,12.616039952263236
1,4096,5,56,12.58790397644043,12.611141079105437
1,4096,5,57,12.773695945739746,12.796615017578006
1,4096,5,58,12.58291244506836,12.605172931216657
1,4096,5,59,12.582976341247559,12.605251045897603
1,4096,5,60,12.601183891296387,12.622290989384055
1,4096,5,61,12.568863868713379,12.590448022820055
1,4096,5,62,12.600576400756836,12.6229909947142
1,4096,5,63,12.612319946289062,12.63423403725028
1,4096,6,1,13.29856014251709,13.322878978215158
1,4096,6,2,12.917247772216797,12.939364067278802
1,4096,6,3,12.889216423034668,12.911001918837428
1,4096,6,4,12.60313606262207,12.624775990843773
1,4096,6,5,12.539520263671875,12.561473064124584
1,4096,6,6,12.546943664550781,12.568473001010716
1,4096,6,7,12.543583869934082,12.565632001496851
1,4096,6,8,12.527999877929688,12.550289975479245
1,4096,6,9,12.492863655090332,12.51527899876237
1,4096,6,10,12.518464088439941,12.54065497778356
1,4096,6,11,12.522560119628906,12.545265024527907
1,4096,6,12,12.553183555603027,12.574814027175307
1,4096,6,13,12.52291202545166,12.544846045784652
1,4096,6,14,12.552063941955566,12.57375895511359
1,4096,6,15,12.499008178710938,12.521042954176664
1,4096,6,16,12.527359962463379,12.550605926662683
1,4096,6,17,12.497407913208008,12.519671930931509
1,4096,6,18,12.502240180969238,12.524230987764895
1,4096,6,19,12.547455787658691,12.569447048008442
1,4096,6,20,12.519264221191406,12.54168909508735
1,4096,6,21,12.529248237609863,12.551822001114488
1,4096,6,22,12.533568382263184,12.555039022117853
1,4096,6,23,12.599167823791504,12.621296918950975
1,4096,6,24,12.543647766113281,12.565128039568663
1,4096,6,25,12.563103675842285,12.585725053213537
1,4096,6,26,12.516768455505371,12.538847979158163
1,4096,6,27,12.5982084274292,12.620070949196815
1,4096,6,28,12.542976379394531,12.564623961225152
1,4096,6,29,12.544032096862793,12.566416058689356
1,4096,6,30,12.502016067504883,12.524264981038868
1,4096,6,31,12.542271614074707,12.56473793182522
1,4096,6,32,12.520416259765625,12.542211916297674
1,4096,6,33,12.529919624328613,12.552300002425909
1,4096,6,34,12.49824047088623,12.519841082394123
1,4096,6,35,12.534591674804688,12.556149973534048
1,4096,6,36,12.50812816619873,12.530053965747356
1,4096,6,37,12.499072074890137,12.520940974354744
1,4096,6,38,12.500160217285156,12.52203795593232
1,4096,6,39,12.551136016845703,12.573053943924606
1,4096,6,40,12.507583618164062,12.530067004263401
1,4096,6,41,12.529279708862305,12.551237014122307
1,4096,6,42,12.528736114501953,12.551084975712001
1,4096,6,43,12.54252815246582,12.564382050186396
1,4096,6,44,12.522720336914062,12.544861994683743
1,4096,6,45,12.493856430053711,12.515219044871628
1,4096,6,46,12.496735572814941,12.519318028353155
1,4096,6,47,12.571871757507324,12.593217077665031
1,4096,6,48,12.51580810546875,12.537535978481174
1,4096,6,49,12.550304412841797,12.572003994137049
1,4096,6,50,12.521663665771484,12.54366897046566
1,4096,6,51,12.55571174621582,12.578308000229299
1,4096,6,52,12.53878402709961,12.562150019221008
1,4096,6,53,12.584192276000977,12.6071369741112
1,4096,6,54,12.554240226745605,12.576251057907939
1,4096,6,55,12.516799926757812,12.538451002910733
1,4096,6,56,12.508671760559082,12.531035928986967
1,4096,6,57,12.511199951171875,12.533032102510333
1,4096,6,58,12.545215606689453,12.567184050567448
1,4096,6,59,12.52342414855957,12.545229983516037
1,4096,6,60,12.557696342468262,12.579401955008507
1,4096,6,61,12.522432327270508,12.545090983621776
1,4096,6,62,12.537952423095703,12.560207978822291
1,4096,6,63,12.544447898864746,12.566504999995232
8,128,0,1,11.807840347290039,11.829673079773784
8,128,0,2,11.782591819763184,11.803866946138442
8,128,0,3,11.820159912109375,11.841877014376223
8,128,0,4,11.758208274841309,11.780750006437302
8,128,0,5,11.740863800048828,11.762991081923246
8,128,0,6,11.83033561706543,11.85091701336205
8,128,0,7,11.723551750183105,11.744973016902804
8,128,0,8,11.81004810333252,11.831562966108322
8,128,0,9,11.742176055908203,11.765429051592946
8,128,0,10,11.666687965393066,11.688807979226112
8,128,0,11,11.75267219543457,11.774447979405522
8,128,0,12,11.740320205688477,11.762097012251616
8,128,0,13,11.719903945922852,11.742544011212885
8,128,0,14,11.743712425231934,11.76587794907391
8,128,0,15,11.778335571289062,11.799482046626508
8,128,0,16,11.69273567199707,11.714405030943453
8,128,0,17,11.708415985107422,11.729413992725313
8,128,0,18,11.762399673461914,11.79075997788459
8,128,0,19,11.775872230529785,11.797990067861974
8,128,0,20,11.76416015625,11.785396025516093
8,128,0,21,11.806591987609863,11.827638023532927
8,128,0,22,11.754143714904785,11.775715975090861
8,128,0,23,11.79593563079834,11.818575905635953
8,128,0,24,11.985471725463867,12.007447890937328
8,128,0,25,11.791839599609375,11.819698032923043
8,128,0,26,12.002976417541504,12.025401927530766
8,128,0,27,11.819040298461914,11.84152509085834
8,128,0,28,11.757247924804688,11.77946594543755
8,128,0,29,11.77990436553955,11.80156203918159
8,128,0,30,11.753120422363281,11.774990009143949
8,128,0,31,11.687135696411133,11.71003794297576
8,128,0,32,11.728544235229492,11.750380042940378
8,128,0,33,11.742239952087402,11.76428108010441
8,128,0,34,11.797632217407227,11.819374049082398
8,128,0,35,11.715904235839844,11.73814304638654
8,128,0,36,11.771072387695312,11.794379097409546
8,128,0,37,11.758272171020508,11.780921020545065
8,128,0,38,11.783583641052246,11.805117945186794
8,128,0,39,11.728351593017578,11.750251986086369
8,128,0,40,11.789088249206543,11.810277006588876
8,128,0,41,11.781760215759277,11.804601992480457
8,128,0,42,11.755295753479004,11.777893989346921
8,128,0,43,11.801407814025879,11.823120061308146
8,128,0,44,11.799712181091309,11.821493972092867
8,128,0,45,11.75772762298584,11.779298074543476
8,128,0,46,11.808544158935547,11.829935945570469
8,128,0,47,11.812288284301758,11.834237957373261
8,128,0,48,11.730175971984863,11.752513004466891
8,128,0,49,11.761247634887695,11.782269924879074
8,128,0,50,11.759008407592773,11.780694010667503
8,128,0,51,11.82483196258545,11.846638983115554
8,128,0,52,11.742431640625,11.76393497735262
8,128,0,53,11.802623748779297,11.824719957076013
8,128,0,54,11.774592399597168,11.79647701792419
8,128,0,55,11.82089614868164,11.842402978800237
8,128,0,56,11.831199645996094,11.852370109409094
8,128,0,57,11.731871604919434,11.753665981814265
8,128,0,58,11.76899242401123,11.79084600880742
8,128,0,59,11.76806354522705,11.790647055022418
8,128,0,60,11.791232109069824,11.813521035946906
8,128,0,61,11.776032447814941,11.798288091085851
8,128,0,62,11.801535606384277,11.823373031802475
8,128,0,63,11.781344413757324,11.803584988228977
8,128,1,1,11.724287986755371,11.74661098048091
8,128,1,2,11.85696029663086,11.87848299741745
8,128,1,3,11.747391700744629,11.769200908020139
8,128,1,4,11.76540756225586,11.788179981522262
8,128,1,5,11.734463691711426,11.756204068660736
8,128,1,6,11.744095802307129,11.766109033487737
8,128,1,7,11.71564769744873,11.73673092853278
8,128,1,8,11.741503715515137,11.762953945435584
8,128,1,9,11.72646427154541,11.748024029657245
8,128,1,10,11.697376251220703,11.719824047759175
8,128,1,11,11.699999809265137,11.727328062988818
8,128,1,12,11.70201587677002,11.723599978722632
8,128,1,13,11.787679672241211,11.80879003368318
8,128,1,14,11.77990436553955,11.802373919636011
8,128,1,15,11.725728034973145,11.748063028790057
8,128,1,16,11.706463813781738,11.727942037396133
8,128,1,17,11.728896141052246,11.751118930988014
8,128,1,18,11.753952026367188,11.775522027164698
8,128,1,19,11.822751998901367,11.844826047308743
8,128,1,20,11.739775657653809,11.76211703568697
8,128,1,21,11.792192459106445,11.814136989414692
8,128,1,22,11.787327766418457,11.8095469661057
8,128,1,23,11.756416320800781,11.778386076912284
8,128,1,24,11.71951961517334,11.742361006326973
8,128,1,25,11.794528007507324,11.816616985015571
8,128,1,26,11.713184356689453,11.73489703796804
8,128,1,27,11.796832084655762,11.81803795043379
8,128,1,28,11.722847938537598,11.744703981094062
8,128,1,29,11.775872230529785,11.797782965004444
8,128,1,30,11.728768348693848,11.750243953429163
8,128,1,31,11.75055980682373,11.772325960919261
8,128,1,32,11.698816299438477,11.720349080860615
8,128,1,33,11.723775863647461,11.744871037080884
8,128,1,34,11.835840225219727,11.857614037580788
8,128,1,35,11.766079902648926,11.7879199096933
8,128,1,36,11.836000442504883,11.857599020004272
8,128,1,37,11.777215957641602,11.798848980106413
8,128,1,38,11.75984001159668,11.782194953411818
8,128,1,39,11.633855819702148,11.655328911729157
8,128,1,40,11.754752159118652,11.776507017202675
8,128,1,41,11.77337646484375,11.79462403524667
8,128,1,42,11.781599998474121,11.803616071119905
8,128,1,43,11.775424003601074,11.796946986578405
8,128,1,44,11.826751708984375,11.848604073747993
8,128,1,45,11.762656211853027,11.783712077885866
8,128,1,46,11.801919937133789,11.82308595161885
8,128,1,47,11.74675178527832,11.767503106966615
8,128,1,48,11.742624282836914,11.763749062083662
8,128,1,49,11.760736465454102,11.781918001361191
8,128,1,50,11.728256225585938,11.749739060178399
8,128,1,51,13.436960220336914,13.462223927490413
8,128,1,52,12.179776191711426,12.203541002236307
8,128,1,53,11.813407897949219,11.83582900557667
8,128,1,54,11.8306884765625,11.852736002765596
8,128,1,55,11.837568283081055,11.859548976644874
8,128,1,56,11.786879539489746,11.808617040514946
8,128,1,57,11.773056030273438,11.795390979386866
8,128,1,58,11.806143760681152,11.828012997284532
8,128,1,59,11.801600456237793,11.824088986031711
8,128,1,60,11.879103660583496,11.901161051355302
8,128,1,61,11.83340835571289,11.855369084514678
8,128,1,62,11.763168334960938,11.785550974309444
8,128,1,63,11.801983833312988,11.824824963696301
8,128,2,1,11.921855926513672,11.943983961828053
8,128,2,2,11.797216415405273,11.818705941550434
8,128,2,3,11.815232276916504,11.836476973257959
8,128,2,4,11.87168025970459,11.89326192252338
8,128,2,5,11.814208030700684,11.837173020467162
8,128,2,6,11.900735855102539,11.921953060664237
8,128,2,7,11.832608222961426,11.854331009089947
8,128,2,8,11.842207908630371,11.864486965350807
8,128,2,9,11.848095893859863,11.870176065713167
8,128,2,10,11.764479637145996,11.785725015215576
8,128,2,11,11.857376098632812,11.878538993187249
8,128,2,12,11.826911926269531,11.848474969156086
8,128,2,13,11.768704414367676,11.79026102181524
8,128,2,14,11.752351760864258,11.774517013691366
8,128,2,15,11.799488067626953,11.821132036857307
8,128,2,16,11.724032402038574,11.745763942599297
8,128,2,17,11.70195198059082,11.723456089384854
8,128,2,18,11.69161605834961,11.7135209729895
8,128,2,19,11.819968223571777,11.841833940707147
8,128,2,20,11.773664474487305,11.80163596291095
8,128,2,21,11.831744194030762,11.85333903413266
8,128,2,22,12.351200103759766,12.372991070151329
8,128,2,23,11.78435230255127,11.80721097625792
8,128,2,24,11.809120178222656,11.831382056698203
8,128,2,25,11.750368118286133,11.772114085033536
8,128,2,26,11.691424369812012,11.712322011590004
8,128,2,27,11.745216369628906,11.767153977416456
8,128,2,28,11.71571159362793,11.7376409471035
8,128,2,29,11.759103775024414,11.780570028349757
8,128,2,30,11.714688301086426,11.736560030840337
8,128,2,31,11.716608047485352,11.738269007764757
8,128,2,32,11.681407928466797,11.702677002176642
8,128,2,33,11.668959617614746,11.6903530433774
8,128,2,34,11.685983657836914,11.707757017575204
8,128,2,35,11.713055610656738,11.735285981558263
8,128,2,36,11.730527877807617,11.752471094951034
8,128,2,37,11.645952224731445,11.66735403239727
8,128,2,38,11.70083236694336,11.72263000626117
8,128,2,39,11.594528198242188,11.616291012614965
8,128,2,40,11.722016334533691,11.744091985747218
8,128,2,41,11.73094367980957,11.752327089197934
8,128,2,42,11.697823524475098,11.719776084646583
8,128,2,43,11.675935745239258,11.69743889477104
8,128,2,44,11.660096168518066,11.688297963701189
8,128,2,45,11.703776359558105,11.725158081389964
8,128,2,46,11.68892765045166,11.710176011547446
8,128,2,47,11.66425609588623,11.686556972563267
8,128,2,48,11.730112075805664,11.750980047509074
8,128,2,49,11.693792343139648,11.714954976923764
8,128,2,50,11.671104431152344,11.692889966070652
8,128,2,51,11.764415740966797,11.78597507532686
8,128,2,52,13.07430362701416,13.09564698021859
8,128,2,53,11.866047859191895,11.887821019627154
8,128,2,54,11.90719985961914,11.929151020012796
8,128,2,55,11.775808334350586,11.797524057328701
8,128,2,56,11.677599906921387,11.69940596446395
8,128,2,57,11.755583763122559,11.776571976952255
8,128,2,58,11.668895721435547,11.690763058140874
8,128,2,59,11.774944305419922,11.801935033872724
8,128,2,60,11.725631713867188,11.747541022486985
8,128,2,61,11.692447662353516,11.714015970937908
8,128,2,62,11.732288360595703,11.754888924770057
8,128,2,63,11.7325439453125,11.754553997889161
8,128,3,1,11.871199607849121,11.892857030034065
8,128,3,2,11.830240249633789,11.851395014673471
8,128,3,3,11.799615859985352,11.821593041531742
8,128,3,4,11.841216087341309,11.867924942635
8,128,3,5,11.84284782409668,11.864450061693788
8,128,3,6,11.834272384643555,11.85580505989492
8,128,3,7,11.876288414001465,11.898260097950697
8,128,3,8,11.848223686218262,11.870010988786817
8,128,3,9,11.840224266052246,11.86174200847745
8,128,3,10,11.775551795959473,11.797291925176978
8,128,3,11,11.831168174743652,11.852765106596053
8,128,3,12,11.792032241821289,11.814118945039809
8,128,3,13,11.824864387512207,11.847169022075832
8,128,3,14,11.796928405761719,11.824077926576138
8,128,3,15,11.821760177612305,11.843572952784598
8,128,3,16,11.772543907165527,11.794124962761998
8,128,3,17,11.695648193359375,11.717521934770048
8,128,3,18,11.757023811340332,11.779102962464094
8,128,3,19,11.816320419311523,11.842750012874603
8,128,3,20,11.817055702209473,11.838370934128761
8,128,3,21,11.819392204284668,11.841019964776933
8,128,3,22,11.790911674499512,11.81261905003339
8,128,3,23,11.762271881103516,11.784164002165198
8,128,3,24,11.814240455627441,11.837119003757834
8,128,3,25,11.741344451904297,11.763621005229652
8,128,3,26,11.71072006225586,11.732669896446168
8,128,3,27,11.811103820800781,11.832969030365348
8,128,3,28,11.7892484664917,11.8113630451262
8,128,3,29,11.798815727233887,11.82201795745641
8,128,3,30,11.787712097167969,11.809967923909426
8,128,3,31,11.744256019592285,11.766668991185725
8,128,3,32,11.663904190063477,11.686188052408397
8,128,3,33,11.69257640838623,11.714576976373792
8,128,3,34,11.848511695861816,11.870977003127337
8,128,3,35,11.807295799255371,11.829433031380177
8,128,3,36,11.78816032409668,11.809820076450706
8,128,3,37,11.752575874328613,11.77475496660918
8,128,3,38,11.707488059997559,11.728990008123219
8,128,3,39,11.75500774383545,11.777297011576593
8,128,3,40,11.821439743041992,11.843350948765874
8,128,3,41,11.80617618560791,11.828482965938747
8,128,3,42,11.76524829864502,11.786858085542917
8,128,3,43,11.823295593261719,11.845650966279209
8,128,3,44,11.790528297424316,11.812436976470053
8,128,3,45,11.794495582580566,11.816260986961424
8,128,3,46,11.779199600219727,11.801438056863844
8,128,3,47,11.810848236083984,11.832594987936318
8,128,3,48,11.780447959899902,11.802266002632678
8,128,3,49,11.712096214294434,11.733665014617145
8,128,3,50,11.772319793701172,11.794716003350914
8,128,3,51,11.801055908203125,11.823058943264186
8,128,3,52,11.718624114990234,11.741262977011502
8,128,3,53,11.843487739562988,11.864983011037111
8,128,3,54,11.7958402633667,11.817157035693526
8,128,3,55,11.834400177001953,11.855841032229364
8,128,3,56,11.819840431213379,11.841984000056982
8,128,3,57,11.77353572845459,11.79539191070944
8,128,3,58,11.737504005432129,11.759442975744605
8,128,3,59,11.789312362670898,11.811592965386808
8,128,3,60,11.899231910705566,11.920781922526658
8,128,3,61,11.801568031311035,11.8237619753927
8,128,3,62,11.787424087524414,11.809210991486907
8,128,3,63,11.82915210723877,11.850883951410651
8,128,4,1,11.847583770751953,11.86963391955942
8,128,4,2,11.826144218444824,11.84818905312568
8,128,4,3,11.713727951049805,11.735511012375355
8,128,4,4,11.894975662231445,11.91704103257507
8,128,4,5,11.82630443572998,11.848939000628889
8,128,4,6,11.869759559631348,11.891189031302929
8,128,4,7,11.886783599853516,11.908930959179997
8,128,4,8,11.821056365966797,11.849176022224128
8,128,4,9,11.771967887878418,11.793776997365057
8,128,4,10,11.782943725585938,11.804745998233557
8,128,4,11,11.799296379089355,11.821315041743219
8,128,4,12,11.791647911071777,11.813602992333472
8,128,4,13,11.77683162689209,11.798596009612083
8,128,4,14,11.815360069274902,11.837394093163311
8,128,4,15,11.859711647033691,11.881341924890876
8,128,4,16,11.779295921325684,11.800696956925094
8,128,4,17,11.741920471191406,11.76326407585293
8,128,4,18,11.78486442565918,11.806074064224958
8,128,4,19,11.80412769317627,11.832148069515824
8,128,4,20,11.789567947387695,11.811923934146762
8,128,4,21,11.809344291687012,11.830842937342823
8,128,4,22,11.7990083694458,11.821261956356466
8,128,4,23,11.755295753479004,11.776878032833338
8,128,4,24,11.86620807647705,11.888609966263175
8,128,4,25,11.739871978759766,11.763348011299968
8,128,4,26,11.76636791229248,11.788140051066875
8,128,4,27,11.819328308105469,11.841533007100224
8,128,4,28,11.774527549743652,11.796790990047157
8,128,4,29,11.782591819763184,11.80428802035749
8,128,4,30,11.768735885620117,11.790066957473755
8,128,4,31,11.761792182922363,11.783634079620242
8,128,4,32,11.74124813079834,11.763173039071262
8,128,4,33,11.747072219848633,11.767958989366889
8,128,4,34,11.835871696472168,11.857839999720454
8,128,4,35,11.737600326538086,11.75865507684648
8,128,4,36,11.827327728271484,11.849383939988911
8,128,4,37,11.766624450683594,11.787991039454937
8,128,4,38,11.825183868408203,11.847428046166897
8,128,4,39,11.698431968688965,11.720051988959312
8,128,4,40,11.842911720275879,11.86431699898094
8,128,4,41,12.456255912780762,12.477620970457792
8,128,4,42,11.708576202392578,11.730849044397473
8,128,4,43,11.795455932617188,11.816576006822288
8,128,4,44,11.755807876586914,11.777963023632765
8,128,4,45,11.715359687805176,11.73786201979965
8,128,4,46,11.74169635772705,11.763540911488235
8,128,4,47,11.706879615783691,11.728073004633188
8,128,4,48,11.747967720031738,11.769269942305982
8,128,4,49,11.689599990844727,11.711035971529782
8,128,4,50,11.70576000213623,11.727167991921306
8,128,4,51,11.780320167541504,11.802020948380232
8,128,4,52,11.699040412902832,11.72278297599405
8,128,4,53,11.755104064941406,11.776624014601111
8,128,4,54,11.719840049743652,11.742190923541784
8,128,4,55,11.74892807006836,11.77083293441683
8,128,4,56,11.742112159729004,11.763726943172514
8,128,4,57,11.674079895019531,11.695742956362665
8,128,4,58,11.745311737060547,11.767201009206474
8,128,4,59,11.757984161376953,11.77995908074081
8,128,4,60,11.71497631072998,11.737619992345572
8,128,4,61,11.734560012817383,11.755676008760929
8,128,4,62,11.699295997619629,11.720631970092654
8,128,4,63,11.690239906311035,11.712010018527508
8,128,5,1,11.853216171264648,11.875943979248405
8,128,5,2,11.840255737304688,11.86187902931124
8,128,5,3,11.787199974060059,11.809746967628598
8,128,5,4,11.86137580871582,11.883953935466707
8,128,5,5,11.739295959472656,11.761359055526555
8,128,5,6,11.811776161193848,11.833908036351204
8,128,5,7,11.796640396118164,11.817903025075793
8,128,5,8,11.761152267456055,11.782490997575223
8,128,5,9,11.795519828796387,11.816887999884784
8,128,5,10,11.67404842376709,11.696061003021896
8,128,5,11,11.801216125488281,11.8227310013026
8,128,5,12,11.745984077453613,11.768812080845237
8,128,5,13,11.771583557128906,11.79342099931091
8,128,5,14,11.735520362854004,11.757769039832056
8,128,5,15,11.770496368408203,11.793232057243586
8,128,5,16,11.696191787719727,11.719209956936538
8,128,5,17,11.751392364501953,11.77241001278162
8,128,5,18,11.694720268249512,11.716570006683469
8,128,5,19,11.7706880569458,11.793170007877052
8,128,5,20,11.754207611083984,11.776106082834303
8,128,5,21,11.788607597351074,11.810677940957248
8,128,5,22,11.821184158325195,11.843041982501745
8,128,5,23,11.765088081359863,11.787354946136475
8,128,5,24,11.808768272399902,11.831288924440742
8,128,5,25,11.708864212036133,11.730936937965453
8,128,5,26,11.834943771362305,11.857021949253976
8,128,5,27,11.817919731140137,11.839824030175805
8,128,5,28,11.784799575805664,11.81195699609816
8,128,5,29,11.796416282653809,11.818262981250882
8,128,5,30,11.73459243774414,11.75697601865977
8,128,5,31,11.691231727600098,11.713404906913638
8,128,5,32,11.716927528381348,11.738811968825758
8,128,5,33,11.775679588317871,11.797223007306457
8,128,5,34,12.78825569152832,12.817758950404823
8,128,5,35,12.078751564025879,12.100426014512777
8,128,5,36,11.726880073547363,11.748005985282362
8,128,5,37,11.797887802124023,11.819498031400144
8,128,5,38,11.794624328613281,11.816181940957904
8,128,5,39,11.756511688232422,11.778839980252087
8,128,5,40,11.809280395507812,11.8312849663198
8,128,5,41,11.805536270141602,11.826933012343943
8,128,5,42,11.826592445373535,11.84791699051857
8,128,5,43,11.790528297424316,11.812821961939335
8,128,5,44,11.768671989440918,11.79098803550005
8,128,5,45,11.764639854431152,11.786937015131116
8,128,5,46,11.821951866149902,11.844285996630788
8,128,5,47,11.808480262756348,11.830256902612746
8,128,5,48,11.827839851379395,11.849759961478412
8,128,5,49,11.817631721496582,11.83919096365571
8,128,5,50,11.846559524536133,11.868708999827504
8,128,5,51,11.779775619506836,11.80215401109308
8,128,5,52,11.755200386047363,11.777217965573072
8,128,5,53,11.807328224182129,11.829289025627077
8,128,5,54,11.761695861816406,11.78383408114314
8,128,5,55,11.831104278564453,11.853552074171603
8,128,5,56,11.801312446594238,11.822943110018969
8,128,5,57,11.754688262939453,11.77615998312831
8,128,5,58,11.750944137573242,11.773215024732053
8,128,5,59,11.75391960144043,11.775908060371876
8,128,5,60,11.826080322265625,11.8478590156883
8,128,5,61,11.763711929321289,11.78474398329854
8,128,5,62,11.820799827575684,11.84195396490395
8,128,5,63,11.737600326538086,11.760022956877947
8,128,6,1,11.902751922607422,11.925213038921356
8,128,6,2,11.759167671203613,11.780845001339912
8,128,6,3,11.830528259277344,11.852367082610726
8,128,6,4,11.871007919311523,11.8934620404616
8,128,6,5,11.83523178100586,11.857687961310148
8,128,6,6,11.9170560836792,11.93942897953093
8,128,6,7,11.89145565032959,11.91843394190073
8,128,6,8,11.851584434509277,11.873061070218682
8,128,6,9,11.799488067626953,11.820961022749543
8,128,6,10,11.784031867980957,11.805703048594296
8,128,6,11,11.858912467956543,11.880405014380813
8,128,6,12,11.811967849731445,11.833674972876906
8,128,6,13,11.835103988647461,11.856891913339496
8,128,6,14,11.8438081741333,11.866420041769743
8,128,6,15,11.858528137207031,11.880449950695038
8,128,6,16,11.760128021240234,11.782015906646848
8,128,6,17,11.809951782226562,11.831609066575766
8,128,6,18,11.892607688903809,11.914555099792778
8,128,6,19,11.821375846862793,11.842824053019285
8,128,6,20,11.804863929748535,11.826578993350267
8,128,6,21,11.817695617675781,11.839167913421988
8,128,6,22,11.848352432250977,11.87021005898714
8,128,6,23,11.783072471618652,11.805223999544978
8,128,6,24,11.853631973266602,11.875683907419443
8,128,6,25,11.775615692138672,11.796850943937898
8,128,6,26,11.814080238342285,11.83608896099031
8,128,6,27,11.841535568237305,11.862650979310274
8,128,6,28,11.887807846069336,11.909854947589338
8,128,6,29,11.85865592956543,11.8800129275769
8,128,6,30,11.87673568725586,11.898472905158997
8,128,6,31,11.837151527404785,11.858891928568482
8,128,6,32,11.756735801696777,11.779269902035594
8,128,6,33,12.061408042907715,12.082911096513271
8,128,6,34,11.749695777893066,11.77100301720202
8,128,6,35,11.759296417236328,11.781048029661179
8,128,6,36,11.764351844787598,11.785748996771872
8,128,6,37,11.734944343566895,11.756449937820435
8,128,6,38,11.767231941223145,11.789062060415745
8,128,6,39,11.716608047485352,11.737924069166183
8,128,6,40,11.755135536193848,11.7769610369578
8,128,6,41,11.787232398986816,11.80796092376113
8,128,6,42,11.740256309509277,11.761529021896422
8,128,6,43,11.763744354248047,11.785521055571735
8,128,6,44,11.77791976928711,11.799791012890637
8,128,6,45,11.790143966674805,11.810989934019744
8,128,6,46,11.763551712036133,11.784584959968925
8,128,6,47,11.736288070678711,11.757691972889006
8,128,6,48,11.692607879638672,11.714780936017632
8,128,6,49,11.747360229492188,11.769154923968017
8,128,6,50,11.732928276062012,11.754298931919038
8,128,6,51,11.745696067810059,11.76694908645004
8,128,6,52,11.750944137573242,11.772821075282991
8,128,6,53,11.800864219665527,11.822410975582898
8,128,6,54,11.782303810119629,11.80361199658364
8,128,6,55,11.732895851135254,11.754568084143102
8,128,6,56,11.745375633239746,11.766966083087027
8,128,6,57,11.727775573730469,11.749785975553095
8,128,6,58,11.768704414367676,11.790844961069524
8,128,6,59,11.775808334350586,11.797189014032483
8,128,6,60,11.785728454589844,11.807012022472918
8,128,6,61,11.745375633239746,11.766605079174042
8,128,6,62,11.799039840698242,11.820945073850453
8,128,6,63,11.750656127929688,11.774964979849756
8,1024,0,1,17.312639236450195,17.334708012640476
8,1024,0,2,16.253599166870117,16.27632405143231
8,1024,0,3,16.006847381591797,16.028922982513905
8,1024,0,4,16.14735984802246,16.170016024261713
8,1024,0,5,15.920096397399902,15.942147001624107
8,1024,0,6,15.955583572387695,15.977703034877777
8,1024,0,7,15.832256317138672,15.854550991207361
8,1024,0,8,16.02390480041504,16.045622061938047
8,1024,0,9,15.847071647644043,15.869020018726587
8,1024,0,10,15.86832046508789,15.8907639561221
8,1024,0,11,15.87286376953125,15.895918011665344
8,1024,0,12,15.994175910949707,16.01677993312478
8,1024,0,13,15.871232032775879,15.893490985035896
8,1024,0,14,15.842687606811523,15.865926048718393
8,1024,0,15,15.871711730957031,15.894733020104468
8,1024,0,16,16.017696380615234,16.040177084505558
8,1024,0,17,15.88815975189209,15.910867950879037
8,1024,0,18,15.911871910095215,15.934308990836143
8,1024,0,19,15.904864311218262,15.927000902593136
8,1024,0,20,16.088895797729492,16.11146703362465
8,1024,0,21,15.940704345703125,15.962576027959585
8,1024,0,22,15.972352027893066,15.995790949091315
8,1024,0,23,15.94927978515625,15.972230932675302
8,1024,0,24,16.086048126220703,16.10847597476095
8,1024,0,25,15.964768409729004,15.987328952178359
8,1024,0,26,15.93769645690918,15.960804070346057
8,1024,0,27,15.933216094970703,15.955543029122055
8,1024,0,28,16.090656280517578,16.112759010866284
8,1024,0,29,15.957119941711426,15.979963936842978
8,1024,0,30,15.97708797454834,16.00044104270637
8,1024,0,31,15.955039978027344,15.977344010025263
8,1024,0,32,16.1079044342041,16.130601055920124
8,1024,0,33,15.963680267333984,15.985320904292166
8,1024,0,34,15.983776092529297,16.00573700852692
8,1024,0,35,15.956543922424316,15.978678013198078
8,1024,0,36,16.147167205810547,16.16921997629106
8,1024,0,37,15.984607696533203,16.006691032089293
8,1024,0,38,15.994367599487305,16.01631403900683
8,1024,0,39,15.97372817993164,15.996860922314227
8,1024,0,40,16.13420867919922,16.159149003215134
8,1024,0,41,15.99407958984375,16.016518929973245
8,1024,0,42,15.965888023376465,15.988136059604585
8,1024,0,43,15.97158432006836,15.993996988981962
8,1024,0,44,16.151103973388672,16.17396203801036
8,1024,0,45,16.00668716430664,16.029273974709213
8,1024,0,46,16.01465606689453,16.037287074141204
8,1024,0,47,16.02822494506836,16.050848993472755
8,1024,0,48,16.161439895629883,16.18334709201008
8,1024,0,49,16.02297592163086,16.045312047936022
8,1024,0,50,16.039648056030273,16.061667003668845
8,1024,0,51,16.014944076538086,16.036820015870035
8,1024,0,52,16.186399459838867,16.20909001212567
8,1024,0,53,16.030431747436523,16.05255901813507
8,1024,0,54,16.057247161865234,16.08005992602557
8,1024,0,55,16.03049659729004,16.053605009801686
8,1024,0,56,16.19094467163086,16.213290044106543
8,1024,0,57,16.038400650024414,16.06075093150139
8,1024,0,58,16.080223083496094,16.102574998512864
8,1024,0,59,16.067232131958008,16.08973799739033
8,1024,0,60,16.247711181640625,16.269952058792114
8,1024,0,61,16.082592010498047,16.104693990200758
8,1024,0,62,16.10348892211914,16.12554700113833
8,1024,0,63,16.09401512145996,16.117008053697646
8,1024,1,1,17.57619285583496,17.600461025722325
8,1024,1,2,16.364320755004883,16.38616097625345
8,1024,1,3,15.997056007385254,16.01954794023186
8,1024,1,4,16.104768753051758,16.12651301547885
8,1024,1,5,15.911328315734863,15.934170107357204
8,1024,1,6,15.893247604370117,15.915721887722611
8,1024,1,7,15.89731216430664,15.919069992378354
8,1024,1,8,16.059680938720703,16.081740031950176
8,1024,1,9,15.860416412353516,15.882273088209331
8,1024,1,10,15.855648040771484,15.877615893259645
8,1024,1,11,15.875295639038086,15.897021978162229
8,1024,1,12,16.01363182067871,16.040129004977643
8,1024,1,13,15.91055965423584,15.934075927361846
8,1024,1,14,15.90441608428955,15.927296946756542
8,1024,1,15,15.887935638427734,15.909351059235632
8,1024,1,16,16.055200576782227,16.077890060842037
8,1024,1,17,15.900383949279785,15.92298795003444
8,1024,1,18,15.92630386352539,15.948629006743431
8,1024,1,19,15.886752128601074,15.909054083749652
8,1024,1,20,16.085599899291992,16.107563045807183
8,1024,1,21,15.937536239624023,15.960143995471299
8,1024,1,22,15.953920364379883,15.97632304765284
8,1024,1,23,15.933759689331055,15.956295072101057
8,1024,1,24,16.108320236206055,16.13210199866444
8,1024,1,25,15.94480037689209,15.968421939760447
8,1024,1,26,15.947680473327637,15.971687040291727
8,1024,1,27,15.96076774597168,15.985163045115769
8,1024,1,28,16.118879318237305,16.144338995218277
8,1024,1,29,15.965344429016113,15.988100902177393
8,1024,1,30,15.996352195739746,16.020091949030757
8,1024,1,31,15.97276782989502,15.995008987374604
8,1024,1,32,16.131296157836914,16.153986915014684
8,1024,1,33,15.964672088623047,15.988053986802697
8,1024,1,34,15.956864356994629,15.979380928911269
8,1024,1,35,15.954239845275879,15.977178933098912
8,1024,1,36,16.1246395111084,16.147673944942653
8,1024,1,37,15.977952003479004,16.00017200689763
8,1024,1,38,15.98249626159668,16.0050269914791
8,1024,1,39,15.952223777770996,15.97541302908212
8,1024,1,40,16.147647857666016,16.170189017429948
8,1024,1,41,15.959199905395508,15.981698990799487
8,1024,1,42,16.010400772094727,16.033246996812522
8,1024,1,43,16.011295318603516,16.033802996389568
8,1024,1,44,16.15113639831543,16.17415400687605
8,1024,1,45,16.043359756469727,16.06626797001809
8,1024,1,46,16.02943992614746,16.052537015639246
8,1024,1,47,16.02579116821289,16.048142919316888
8,1024,1,48,16.170272827148438,16.192535986192524
8,1024,1,49,15.992927551269531,16.0157959908247
8,1024,1,50,16.043136596679688,16.066181007772684
8,1024,1,51,16.00783920288086,16.030334983952343
8,1024,1,52,16.19660758972168,16.218955046497285
8,1024,1,53,16.038240432739258,16.061109956353903
8,1024,1,54,16.053312301635742,16.075468971394002
8,1024,1,55,16.01263999938965,16.035300912335515
8,1024,1,56,16.193727493286133,16.215741983614862
8,1024,1,57,16.0578556060791,16.08053594827652
8,1024,1,58,16.08550453186035,16.107712988741696
8,1024,1,59,16.069631576538086,16.09252905473113
8,1024,1,60,16.248735427856445,16.271340078674257
8,1024,1,61,16.08950424194336,16.111297998577356
8,1024,1,62,16.10883140563965,16.13097998779267
8,1024,1,63,16.09846305847168,16.121100052259862
8,1024,2,1,17.40719985961914,17.42985495366156
8,1024,2,2,16.421119689941406,16.443076077848673
8,1024,2,3,16.373504638671875,16.39632391743362
8,1024,2,4,16.387840270996094,16.410603071562946
8,1024,2,5,15.910143852233887,15.932473936118186
8,1024,2,6,15.88310432434082,15.904993051663041
8,1024,2,7,15.833151817321777,15.854876022785902
8,1024,2,8,16.056320190429688,16.07863896060735
8,1024,2,9,15.882464408874512,15.904876054264605
8,1024,2,10,15.895135879516602,15.917425975203514
8,1024,2,11,15.880767822265625,15.903422026894987
8,1024,2,12,16.041088104248047,16.063279937952757
8,1024,2,13,15.90124797821045,15.923204948194325
8,1024,2,14,15.893343925476074,15.915557974949479
8,1024,2,15,15.895392417907715,15.918115968815982
8,1024,2,16,16.063488006591797,16.085723997093737
8,1024,2,17,15.911264419555664,15.933079062961042
8,1024,2,18,15.967167854309082,15.989765990525484
8,1024,2,19,15.925727844238281,15.947513980790973
8,1024,2,20,16.101119995117188,16.123297973535955
8,1024,2,21,15.954719543457031,15.977301984094083
8,1024,2,22,15.954655647277832,15.976372989825904
8,1024,2,23,15.943872451782227,15.966842998750508
8,1024,2,24,16.103776931762695,16.129943076521158
8,1024,2,25,15.93712043762207,15.959349926561117
8,1024,2,26,15.929056167602539,15.951330889947712
8,1024,2,27,15.937503814697266,15.963117009960115
8,1024,2,28,16.100000381469727,16.12143497914076
8,1024,2,29,15.977120399475098,15.999260009266436
8,1024,2,30,16.01158332824707,16.03310799691826
8,1024,2,31,15.95411205291748,15.976732014678419
8,1024,2,32,16.104768753051758,16.127503011375666
8,1024,2,33,15.930368423461914,15.95323602668941
8,1024,2,34,15.949728012084961,15.97208995372057
8,1024,2,35,15.954367637634277,15.976451919414103
8,1024,2,36,16.12112045288086,16.143006971105933
8,1024,2,37,15.969152450561523,15.991345047950745
8,1024,2,38,15.991104125976562,16.013436019420624
8,1024,2,39,15.982368469238281,16.005147015675902
8,1024,2,40,16.157567977905273,16.17951795924455
8,1024,2,41,16.004127502441406,16.025981050916016
8,1024,2,42,16.014463424682617,16.03563001845032
8,1024,2,43,16.007200241088867,16.029254999011755
8,1024,2,44,16.155744552612305,16.177098033949733
8,1024,2,45,16.014463424682617,16.03710709605366
8,1024,2,46,16.031391143798828,16.053667990490794
8,1024,2,47,16.020992279052734,16.04333706200123
8,1024,2,48,16.176767349243164,16.198436031118035
8,1024,2,49,16.009952545166016,16.031746054068208
8,1024,2,50,16.042783737182617,16.064667026512325
8,1024,2,51,16.010656356811523,16.033045016229153
8,1024,2,52,16.176063537597656,16.198326949961483
8,1024,2,53,16.040992736816406,16.063390066847205
8,1024,2,54,16.04275131225586,16.065370989963412
8,1024,2,55,16.037599563598633,16.060139052569866
8,1024,2,56,16.225088119506836,16.246664919890463
8,1024,2,57,16.038944244384766,16.060842899605632
8,1024,2,58,16.096256256103516,16.118512954562902
8,1024,2,59,16.068832397460938,16.090643010102212
8,1024,2,60,16.230623245239258,16.25347207300365
8,1024,2,61,16.082496643066406,16.10534207429737
8,1024,2,62,16.075775146484375,16.09802700113505
8,1024,2,63,16.08745574951172,16.109514981508255
8,1024,3,1,17.325664520263672,17.349699046462774
8,1024,3,2,16.296735763549805,16.31906209513545
8,1024,3,3,16.095008850097656,16.117085935547948
8,1024,3,4,16.169696807861328,16.192531096749008
8,1024,3,5,15.996895790100098,16.019217087887228
8,1024,3,6,15.898528099060059,15.921646961942315
8,1024,3,7,15.857088088989258,15.879758982919157
8,1024,3,8,16.00614356994629,16.028854995965958
8,1024,3,9,15.872575759887695,15.89537295512855
8,1024,3,10,15.851263999938965,15.873778029344976
8,1024,3,11,15.884160041809082,15.906638000160456
8,1024,3,12,15.986335754394531,16.009236918762326
8,1024,3,13,15.870880126953125,15.893328934907913
8,1024,3,14,15.872672080993652,15.895396005362272
8,1024,3,15,15.8602876663208,15.883416985161602
8,1024,3,16,16.051424026489258,16.07412996236235
8,1024,3,17,15.904159545898438,15.926726977340877
8,1024,3,18,15.95907211303711,15.981810982339084
8,1024,3,19,15.920063972473145,15.942675992846489
8,1024,3,20,16.090335845947266,16.112884040921926
8,1024,3,21,15.947872161865234,15.96988900564611
8,1024,3,22,15.957887649536133,15.980637050233781
8,1024,3,23,15.943360328674316,15.96539793536067
8,1024,3,24,16.113855361938477,16.137119033373892
8,1024,3,25,15.940192222595215,15.96290001180023
8,1024,3,26,15.920672416687012,15.943396021611989
8,1024,3,27,15.950719833374023,15.973145025782287
8,1024,3,28,16.072416305541992,16.094499034807086
8,1024,3,29,15.957632064819336,15.980432974174619
8,1024,3,30,15.980607986450195,16.003206023015082
8,1024,3,31,15.955391883850098,15.978017007000744
8,1024,3,32,16.10095977783203,16.12312498036772
8,1024,3,33,15.97424030303955,15.996642992831767
8,1024,3,34,15.984448432922363,16.007210011593997
8,1024,3,35,15.978143692016602,15.999756986275315
8,1024,3,36,16.146175384521484,16.168343019671738
8,1024,3,37,15.991616249084473,16.01373206358403
8,1024,3,38,16.018239974975586,16.04021107777953
8,1024,3,39,15.992959976196289,16.014770953916013
8,1024,3,40,16.153568267822266,16.17635798174888
8,1024,3,41,16.009471893310547,16.03211904875934
8,1024,3,42,16.006271362304688,16.02916803676635
8,1024,3,43,15.99135971069336,16.012839041650295
8,1024,3,44,16.140832901000977,16.163781052455306
8,1024,3,45,15.994400024414062,16.016584006138146
8,1024,3,46,15.994239807128906,16.01679204031825
8,1024,3,47,15.989952087402344,16.01281901821494
8,1024,3,48,16.165311813354492,16.188221983611584
8,1024,3,49,16.024320602416992,16.046821954660118
8,1024,3,50,16.048128128051758,16.070996993221343
8,1024,3,51,16.001632690429688,16.024649026803672
8,1024,3,52,16.169408798217773,16.19206601753831
8,1024,3,53,16.0231990814209,16.045200987719
8,1024,3,54,16.051328659057617,16.073932056315243
8,1024,3,55,16.033695220947266,16.05582796037197
8,1024,3,56,16.21308708190918,16.235727001912892
8,1024,3,57,16.05516815185547,16.07834198512137
8,1024,3,58,16.089183807373047,16.111172968521714
8,1024,3,59,16.09644889831543,16.119176987558603
8,1024,3,60,16.243072509765625,16.265703015960753
8,1024,3,61,16.074495315551758,16.09696599189192
8,1024,3,62,16.088703155517578,16.111032920889556
8,1024,3,63,16.092031478881836,16.114820959046483
8,1024,4,1,17.31545639038086,17.337252967990935
8,1024,4,2,16.352447509765625,16.374806058593094
8,1024,4,3,16.109407424926758,16.131940064951777
8,1024,4,4,16.0980167388916,16.12081506755203
8,1024,4,5,15.924384117126465,15.947010950185359
8,1024,4,6,15.979840278625488,16.002097981981933
8,1024,4,7,15.940320014953613,15.962925972416997
8,1024,4,8,16.013504028320312,16.034984961152077
8,1024,4,9,15.866463661193848,15.888848924078047
8,1024,4,10,15.8438720703125,15.867072972469032
8,1024,4,11,15.85478401184082,15.877127065323293
8,1024,4,12,15.98646354675293,16.008634003810585
8,1024,4,13,15.848159790039062,15.870511997491121
8,1024,4,14,15.846400260925293,15.869411989115179
8,1024,4,15,15.869183540344238,15.892344992607832
8,1024,4,16,16.044544219970703,16.066411044448614
8,1024,4,17,15.905792236328125,15.927621978335083
8,1024,4,18,15.928544044494629,15.951402019709349
8,1024,4,19,15.905119895935059,15.92693303246051
8,1024,4,20,16.07583999633789,16.097692074254155
8,1024,4,21,15.934176445007324,15.956517891027033
8,1024,4,22,15.952128410339355,15.974625013768673
8,1024,4,23,15.93017578125,15.952426008880138
8,1024,4,24,16.062400817871094,16.085140989162028
8,1024,4,25,15.916704177856445,15.938683063723147
8,1024,4,26,15.93718433380127,15.960193937644362
8,1024,4,27,15.89958381652832,15.921939979307353
8,1024,4,28,16.072895050048828,16.095425933599472
8,1024,4,29,15.938207626342773,15.96074691042304
8,1024,4,30,15.965087890625,15.987855033017695
8,1024,4,31,15.948831558227539,15.971420099958777
8,1024,4,32,16.103391647338867,16.125706024467945
8,1024,4,33,15.96780776977539,15.989940031431615
8,1024,4,34,15.97116756439209,15.992562053725123
8,1024,4,35,15.967519760131836,15.990148996934295
8,1024,4,36,16.156415939331055,16.17910899221897
8,1024,4,37,16.002527236938477,16.02528104558587
8,1024,4,38,15.987680435180664,16.009656945243478
8,1024,4,39,15.986559867858887,16.00880199111998
8,1024,4,40,16.116352081298828,16.138758044689894
8,1024,4,41,15.98624038696289,16.00907603278756
8,1024,4,42,15.958847999572754,15.981564996764064
8,1024,4,43,15.97929573059082,16.00232208147645
8,1024,4,44,16.138463973999023,16.161072999238968
8,1024,4,45,15.998016357421875,16.020008944906294
8,1024,4,46,16.004064559936523,16.0271970089525
8,1024,4,47,16.03113555908203,16.05389208998531
8,1024,4,48,16.173919677734375,16.196637065149844
8,1024,4,49,16.019136428833008,16.04183204472065
8,1024,4,50,16.043424606323242,16.06573909521103
8,1024,4,51,16.007551193237305,16.029799007810652
8,1024,4,52,16.18467140197754,16.206859960220754
8,1024,4,53,16.017183303833008,16.03977894410491
8,1024,4,54,16.034719467163086,16.056958003900945
8,1024,4,55,16.02288055419922,16.045126016251743
8,1024,4,56,16.206527709960938,16.229199012741446
8,1024,4,57,16.06595230102539,16.087993048131466
8,1024,4,58,16.100736618041992,16.122992034070194
8,1024,4,59,16.05686378479004,16.079556080512702
8,1024,4,60,16.222047805786133,16.244427068158984
8,1024,4,61,16.081504821777344,16.104000969789922
8,1024,4,62,16.078847885131836,16.101508983410895
8,1024,4,63,16.08687973022461,16.109258052892983
8,1024,5,1,17.24083137512207,17.262981040403247
8,1024,5,2,16.265247344970703,16.286992002278566
8,1024,5,3,16.004383087158203,16.027097939513624
8,1024,5,4,16.147296905517578,16.170328948646784
8,1024,5,5,15.893600463867188,15.916444943286479
8,1024,5,6,15.919520378112793,15.941767022013664
8,1024,5,7,15.880736351013184,15.902851941064
8,1024,5,8,16.0435848236084,16.065982053987682
8,1024,5,9,15.849599838256836,15.87174111045897
8,1024,5,10,15.871904373168945,15.893807052634656
8,1024,5,11,15.870335578918457,15.89186699129641
8,1024,5,12,16.007936477661133,16.029802965931594
8,1024,5,13,15.893600463867188,15.916618052870035
8,1024,5,14,15.869088172912598,15.892151976004243
8,1024,5,15,15.869728088378906,15.891761984676123
8,1024,5,16,16.034175872802734,16.05705206748098
8,1024,5,17,15.888128280639648,15.910545946098864
8,1024,5,18,15.950336456298828,15.97273803781718
8,1024,5,19,15.926400184631348,15.948940999805927
8,1024,5,20,16.080991744995117,16.1036120261997
8,1024,5,21,15.928799629211426,15.95154101960361
8,1024,5,22,15.960127830505371,15.98577608820051
8,1024,5,23,15.90169620513916,15.923068975098431
8,1024,5,24,16.08355140686035,16.10565697774291
8,1024,5,25,15.923871994018555,15.945989987812936
8,1024,5,26,15.945280075073242,15.967926941812038
8,1024,5,27,15.924960136413574,15.947477077133954
8,1024,5,28,16.086816787719727,16.108340001665056
8,1024,5,29,15.961919784545898,15.983606921508908
8,1024,5,30,15.96713638305664,15.989547013305128
8,1024,5,31,15.942239761352539,15.963640064001083
8,1024,5,32,16.091552734375,16.113830963149667
8,1024,5,33,15.946432113647461,15.96810994669795
8,1024,5,34,15.961312294006348,15.982650918886065
8,1024,5,35,15.951552391052246,15.97387797664851
8,1024,5,36,16.111711502075195,16.133030992932618
8,1024,5,37,15.97868824005127,16.001067007891834
8,1024,5,38,15.996831893920898,16.01880695670843
8,1024,5,39,15.98412799835205,16.005965997464955
8,1024,5,40,16.159391403198242,16.181252896785736
8,1024,5,41,16.00377655029297,16.025076969526708
8,1024,5,42,16.01728057861328,16.039866022765636
8,1024,5,43,16.027999877929688,16.04998903349042
8,1024,5,44,16.158367156982422,16.180297010578215
8,1024,5,45,16.03286361694336,16.055098036304116
8,1024,5,46,16.00931167602539,16.031646984629333
8,1024,5,47,15.980128288269043,16.00225002039224
8,1024,5,48,16.16092872619629,16.183444065973163
8,1024,5,49,16.013471603393555,16.035770997405052
8,1024,5,50,16.027488708496094,16.049333033151925
8,1024,5,51,16.015520095825195,16.0365590127185
8,1024,5,52,16.1711368560791,16.19250199291855
8,1024,5,53,16.024511337280273,16.049855039454997
8,1024,5,54,16.02249526977539,16.044253949075937
8,1024,5,55,16.024063110351562,16.04600402060896
8,1024,5,56,16.17580795288086,16.19750796817243
8,1024,5,57,16.086559295654297,16.108975978568196
8,1024,5,58,16.08367919921875,16.105314949527383
8,1024,5,59,16.093183517456055,16.115058911964297
8,1024,5,60,16.24857521057129,16.26989699434489
8,1024,5,61,16.094144821166992,16.11584995407611
8,1024,5,62,16.09609603881836,16.118086990900338
8,1024,5,63,16.084447860717773,16.106080962345004
8,1024,6,1,17.307104110717773,17.330021015368402
8,1024,6,2,16.252351760864258,16.275189933367074
8,1024,6,3,15.985504150390625,16.008103033527732
8,1024,6,4,16.132640838623047,16.154473996721208
8,1024,6,5,15.936063766479492,15.958403004333377
8,1024,6,6,15.890303611755371,15.912335948087275
8,1024,6,7,15.858304023742676,15.880304970778525
8,1024,6,8,16.03436851501465,16.055742977187037
8,1024,6,9,15.878687858581543,15.900523983873427
8,1024,6,10,15.886207580566406,15.908450004644692
8,1024,6,11,15.886143684387207,15.909170033410192
8,1024,6,12,16.020671844482422,16.042422968894243
8,1024,6,13,15.877440452575684,15.898930025286973
8,1024,6,14,15.866944313049316,15.888117952272296
8,1024,6,15,15.881952285766602,15.903251012787223
8,1024,6,16,16.05580711364746,16.077911015599966
8,1024,6,17,15.889632225036621,15.911784023046494
8,1024,6,18,15.920576095581055,15.942832105793059
8,1024,6,19,15.897088050842285,15.919197001494467
8,1024,6,20,16.06924819946289,16.09102194197476
8,1024,6,21,15.929280281066895,15.950932982377708
8,1024,6,22,15.953856468200684,15.975940972566605
8,1024,6,23,15.905376434326172,15.927494037896395
8,1024,6,24,16.077407836914062,16.099167056381702
8,1024,6,25,15.95359992980957,15.976364025846124
8,1024,6,26,15.961471557617188,15.98381600342691
8,1024,6,27,15.934880256652832,15.956711024045944
8,1024,6,28,16.108192443847656,16.13018091302365
8,1024,6,29,15.94707202911377,15.968956053256989
8,1024,6,30,15.951680183410645,15.97355492413044
8,1024,6,31,15.938143730163574,15.960228978656232
8,1024,6,32,16.085983276367188,16.108285053633153
8,1024,6,33,15.948384284973145,15.970607986673713
8,1024,6,34,15.963168144226074,15.985443023964763
8,1024,6,35,15.953568458557129,15.975227928720415
8,1024,6,36,16.12396812438965,16.146702924743295
8,1024,6,37,15.993791580200195,16.015811008401215
8,1024,6,38,16.00111961364746,16.02368801832199
8,1024,6,39,15.988608360290527,16.010505030862987
8,1024,6,40,16.140735626220703,16.162919928319752
8,1024,6,41,15.988160133361816,16.0100560169667
8,1024,6,42,16.01103973388672,16.033146996051073
8,1024,6,43,15.980768203735352,16.002274001948535
8,1024,6,44,16.153087615966797,16.174732008948922
8,1024,6,45,16.026016235351562,16.047840006649494
8,1024,6,46,16.01091194152832,16.03297400288284
8,1024,6,47,16.02400016784668,16.045755008235574
8,1024,6,48,16.15795135498047,16.17975509725511
8,1024,6,49,15.984671592712402,16.006752965040505
8,1024,6,50,16.02457618713379,16.04764792136848
8,1024,6,51,16.00489616394043,16.026783036068082
8,1024,6,52,16.17251205444336,16.19455695617944
8,1024,6,53,16.009695053100586,16.032384941354394
8,1024,6,54,16.054208755493164,16.07645896729082
8,1024,6,55,16.02662467956543,16.048530000261962
8,1024,6,56,16.182880401611328,16.205143998377025
8,1024,6,57,16.08016014099121,16.101610963232815
8,1024,6,58,16.08220863342285,16.104048932902515
8,1024,6,59,16.101055145263672,16.12321101129055
8,1024,6,60,16.24928092956543,16.27140899654478
8,1024,6,61,16.102880477905273,16.125519992783666
8,1024,6,62,16.11801528930664,16.140250023454428
8,1024,6,63,16.106975555419922,16.128530027344823
8,4096,0,1,38.724769592285156,38.75040903221816
8,4096,0,2,32.927425384521484,32.950783031992614
8,4096,0,3,32.9486083984375,32.971067004837096
8,4096,0,4,32.090240478515625,32.113510998897254
8,4096,0,5,31.722463607788086,31.74515801947564
8,4096,0,6,31.729280471801758,31.75172198098153
8,4096,0,7,32.026336669921875,32.0482209790498
8,4096,0,8,31.888256072998047,31.91026602871716
8,4096,0,9,31.721920013427734,31.744868960231543
8,4096,0,10,31.76233673095703,31.785433064214885
8,4096,0,11,32.049407958984375,32.07233198918402
8,4096,0,12,31.921024322509766,31.942700035870075
8,4096,0,13,31.742271423339844,31.76477609667927
8,4096,0,14,31.773855209350586,31.795575050637126
8,4096,0,15,32.03644943237305,32.05886099021882
8,4096,0,16,31.887935638427734,31.910891993902624
8,4096,0,17,32.05673599243164,32.079613069072366
8,4096,0,18,32.24687957763672,32.26968296803534
8,4096,0,19,32.513057708740234,32.535417936742306
8,4096,0,20,32.3342399597168,32.35716500785202
8,4096,0,21,32.20134353637695,32.2245410643518
8,4096,0,22,32.23817443847656,32.25983399897814
8,4096,0,23,32.49087905883789,32.51393395476043
8,4096,0,24,32.35958480834961,32.38181699998677
8,4096,0,25,32.20444869995117,32.22566796466708
8,4096,0,26,32.213375091552734,32.235551974736154
8,4096,0,27,32.463966369628906,32.48645004350692
8,4096,0,28,32.3287353515625,32.351735047996044
8,4096,0,29,32.20150375366211,32.224336988292634
8,4096,0,30,32.246463775634766,32.26864000316709
8,4096,0,31,32.532737731933594,32.554558012634516
8,4096,0,32,32.39558410644531,32.41891204379499
8,4096,0,33,32.26047897338867,32.28422498796135
8,4096,0,34,32.27577590942383,32.30254608206451
8,4096,0,35,32.52822494506836,32.55256998818368
8,4096,0,36,32.37519836425781,32.397810951806605
8,4096,0,37,32.2276496887207,32.25057094823569
8,4096,0,38,32.27043151855469,32.293374999426305
8,4096,0,39,32.56422424316406,32.58634195663035
8,4096,0,40,32.420448303222656,32.44316892232746
8,4096,0,41,32.263999938964844,32.287380076013505
8,4096,0,42,32.30364990234375,32.326717977412045
8,4096,0,43,32.594398498535156,32.61719492729753
8,4096,0,44,32.460960388183594,32.48292999342084
8,4096,0,45,32.24873733520508,32.27148100268096
8,4096,0,46,32.29884719848633,32.32191607821733
8,4096,0,47,32.54608154296875,32.56887290626764
8,4096,0,48,32.47260665893555,32.494505983777344
8,4096,0,49,32.30214309692383,32.324393978342414
8,4096,0,50,32.36006546020508,32.382519100792706
8,4096,0,51,32.6247673034668,32.64724393375218
8,4096,0,52,32.47846221923828,32.50179695896804
8,4096,0,53,32.341888427734375,32.36476005986333
8,4096,0,54,32.33523178100586,32.35811903141439
8,4096,0,55,32.626529693603516,32.64887095429003
8,4096,0,56,32.4574089050293,32.47989004012197
8,4096,0,57,32.34492874145508,32.36731898505241
8,4096,0,58,32.37206268310547,32.39475504960865
8,4096,0,59,32.66035079956055,32.68343792296946
8,4096,0,60,32.517311096191406,32.53921098075807
8,4096,0,61,32.37580871582031,32.39870094694197
8,4096,0,62,32.38681411743164,32.40931802429259
8,4096,0,63,32.67148971557617,32.6954530319199
8,4096,1,1,39.11235046386719,39.1356690088287
8,4096,1,2,32.87481689453125,32.897151075303555
8,4096,1,3,32.75151824951172,32.776980893686414
8,4096,1,4,32.63203048706055,32.654331997036934
8,4096,1,5,32.30249786376953,32.324985950253904
8,4096,1,6,32.301822662353516,32.324408064596355
8,4096,1,7,32.54908752441406,32.5717719970271
8,4096,1,8,32.40095901489258,32.423550030216575
8,4096,1,9,32.27107238769531,32.29406801983714
8,4096,1,10,32.31884765625,32.34134602826089
8,4096,1,11,32.57843017578125,32.601446961052716
8,4096,1,12,32.45772933959961,32.480378984473646
8,4096,1,13,32.285953521728516,32.30823203921318
8,4096,1,14,32.240543365478516,32.262858003377914
8,4096,1,15,32.50649642944336,32.52930392045528
8,4096,1,16,32.33283233642578,32.35548210795969
8,4096,1,17,32.15184020996094,32.176329055801034
8,4096,1,18,32.18204879760742,32.20415394753218
8,4096,1,19,32.437503814697266,32.45975903701037
8,4096,1,20,32.31024169921875,32.331486931070685
8,4096,1,21,32.1473274230957,32.16965007595718
8,4096,1,22,32.224639892578125,32.246912945993245
8,4096,1,23,32.47203063964844,32.49416092876345
8,4096,1,24,32.35059356689453,32.37303299829364
8,4096,1,25,32.196449279785156,32.218500040471554
8,4096,1,26,32.227169036865234,32.249405048787594
8,4096,1,27,32.51337432861328,32.534930971451104
8,4096,1,28,32.37424087524414,32.397227943874896
8,4096,1,29,32.18697738647461,32.21061697695404
8,4096,1,30,32.1921272277832,32.21667499747127
8,4096,1,31,32.51766586303711,32.542194006964564
8,4096,1,32,32.39094543457031,32.41562098264694
8,4096,1,33,32.24281692504883,32.264987006783485
8,4096,1,34,32.27500915527344,32.29767002630979
8,4096,1,35,32.5379524230957,32.55987097509205
8,4096,1,36,32.41276931762695,32.43535803630948
8,4096,1,37,32.22502517700195,32.24806906655431
8,4096,1,38,32.25324630737305,32.275154953822494
8,4096,1,39,32.52870559692383,32.550735981203616
8,4096,1,40,32.4299201965332,32.4522900627926
8,4096,1,41,32.27529525756836,32.29753696359694
8,4096,1,42,32.31296157836914,32.33589604496956
8,4096,1,43,32.57478332519531,32.59766299743205
8,4096,1,44,32.45878219604492,32.48127596452832
8,4096,1,45,32.312191009521484,32.33426995575428
8,4096,1,46,32.329345703125,32.35199907794595
8,4096,1,47,32.557247161865234,32.57981105707586
8,4096,1,48,32.41526412963867,32.43754699360579
8,4096,1,49,32.25779342651367,32.28053799830377
8,4096,1,50,32.33235168457031,32.35506603959948
8,4096,1,51,32.61619186401367,32.638414995744824
8,4096,1,52,32.46803283691406,32.49123599380255
8,4096,1,53,32.332576751708984,32.35465392936021
8,4096,1,54,32.36383819580078,32.39010495599359
8,4096,1,55,32.633216857910156,32.65560104046017
8,4096,1,56,32.46799850463867,32.49003901146352
8,4096,1,57,32.326656341552734,32.35013107769191
8,4096,1,58,32.37424087524414,32.401320058852434
8,4096,1,59,32.63587188720703,32.65796205960214
8,4096,1,60,32.54729461669922,32.569927047006786
8,4096,1,61,32.38751983642578,32.4099879944697
8,4096,1,62,32.4147834777832,32.438079942949116
8,4096,1,63,32.69251251220703,32.71606296766549
8,4096,2,1,40.38924789428711,40.41394905652851
8,4096,2,2,36.378177642822266,36.40091302804649
8,4096,2,3,32.466209411621094,32.48866996727884
8,4096,2,4,32.17452621459961,32.19746903050691
8,4096,2,5,32.01241683959961,32.03529003076255
8,4096,2,6,32.23766326904297,32.260149018839
8,4096,2,7,32.489376068115234,32.5121209025383
8,4096,2,8,32.39174270629883,32.414929009974
8,4096,2,9,32.26531219482422,32.287942012771964
8,4096,2,10,32.30838394165039,32.33157598879188
8,4096,2,11,32.58348846435547,32.60525094810873
8,4096,2,12,32.39823913574219,32.42002904880792
8,4096,2,13,32.1583366394043,32.180246082134545
8,4096,2,14,32.18617630004883,32.20838005654514
8,4096,2,15,32.471553802490234,32.49401703942567
8,4096,2,16,32.31062316894531,32.33324096072465
8,4096,2,17,32.1473274230957,32.170380000025034
8,4096,2,18,32.200382232666016,32.222643960267305
8,4096,2,19,32.469566345214844,32.49320900067687
8,4096,2,20,32.300960540771484,32.32358500827104
8,4096,2,21,32.16841506958008,32.19094011001289
8,4096,2,22,32.202720642089844,32.22528891637921
8,4096,2,23,32.4251823425293,32.44742890819907
8,4096,2,24,32.34822463989258,32.37103100400418
8,4096,2,25,32.22323226928711,32.245786977000535
8,4096,2,26,32.2369270324707,32.25960093550384
8,4096,2,27,32.51987075805664,32.54254604689777
8,4096,2,28,32.37129592895508,32.39433700218797
8,4096,2,29,32.216094970703125,32.239023013971746
8,4096,2,30,32.22169494628906,32.2445840574801
8,4096,2,31,32.50153732299805,32.525228103622794
8,4096,2,32,32.35606384277344,32.3784330394119
8,4096,2,33,32.23478317260742,32.257386948913336
8,4096,2,34,32.27248001098633,32.29573601856828
8,4096,2,35,32.549278259277344,32.57184009999037
8,4096,2,36,32.414241790771484,32.437111949548125
8,4096,2,37,32.24480056762695,32.267916947603226
8,4096,2,38,32.30329513549805,32.32527803629637
8,4096,2,39,32.53855895996094,32.56141010206193
8,4096,2,40,32.40518569946289,32.42738696280867
8,4096,2,41,32.2421760559082,32.264798996038735
8,4096,2,42,32.277984619140625,32.300891005434096
8,4096,2,43,32.80316925048828,32.82516496255994
8,4096,2,44,32.48390579223633,32.50597603619099
8,4096,2,45,32.31711959838867,32.33952808659524
8,4096,2,46,32.32294464111328,32.34567400068045
8,4096,2,47,32.60383987426758,32.62663399800658
8,4096,2,48,32.47024154663086,32.493057078681886
8,4096,2,49,32.260990142822266,32.283423002809286
8,4096,2,50,32.30732727050781,32.3300960008055
8,4096,2,51,32.57823944091797,32.601573038846254
8,4096,2,52,32.47663879394531,32.49960800167173
8,4096,2,53,32.325599670410156,32.34797401819378
8,4096,2,54,32.35868835449219,32.381993951275945
8,4096,2,55,32.646976470947266,32.66987600363791
8,4096,2,56,32.516929626464844,32.539942068979144
8,4096,2,57,32.370208740234375,32.39286202006042
8,4096,2,58,32.377601623535156,32.40028896834701
8,4096,2,59,32.622623443603516,32.645467086695135
8,4096,2,60,32.509761810302734,32.53232198767364
8,4096,2,61,32.35782241821289,32.38072001840919
8,4096,2,62,32.41980743408203,32.444093958474696
8,4096,2,63,32.669151306152344,32.691678032279015
8,4096,3,1,38.34019088745117,38.36538200266659
8,4096,3,2,33.05622482299805,33.07893895544112
8,4096,3,3,33.05036926269531,33.07324601337314
8,4096,3,4,32.18310546875,32.20786596648395
8,4096,3,5,31.821792602539062,31.84514306485653
8,4096,3,6,31.849536895751953,31.87153092585504
8,4096,3,7,32.16099166870117,32.182808965444565
8,4096,3,8,32.4027214050293,32.426196965388954
8,4096,3,9,32.2749137878418,32.29822707362473
8,4096,3,10,32.299137115478516,32.322432030923665
8,4096,3,11,32.60374450683594,32.62615797575563
8,4096,3,12,32.49055862426758,32.51650300808251
8,4096,3,13,32.19196701049805,32.21489302814007
8,4096,3,14,32.176544189453125,32.19958592671901
8,4096,3,15,32.438079833984375,32.461045077070594
8,4096,3,16,32.323936462402344,32.34636096749455
8,4096,3,17,32.15177536010742,32.17534499708563
8,4096,3,18,32.204193115234375,32.22768800333142
8,4096,3,19,32.471839904785156,32.4944929452613
8,4096,3,20,32.33148956298828,32.35381992999464
8,4096,3,21,32.158016204833984,32.18091698363423
8,4096,3,22,32.17843246459961,32.20149001572281
8,4096,3,23,32.481727600097656,32.50515996478498
8,4096,3,24,32.35116958618164,32.37438795622438
8,4096,3,25,32.202911376953125,32.226362032815814
8,4096,3,26,32.20278549194336,32.226111041381955
8,4096,3,27,32.51808166503906,32.540128915570676
8,4096,3,28,32.372352600097656,32.39515295717865
8,4096,3,29,32.197792053222656,32.22119796555489
8,4096,3,30,32.222686767578125,32.245832961052656
8,4096,3,31,32.48556900024414,32.508836942724884
8,4096,3,32,32.38963317871094,32.41191408596933
8,4096,3,33,32.24457550048828,32.26701996754855
8,4096,3,34,32.27315139770508,32.295674085617065
8,4096,3,35,32.532894134521484,32.55518001969904
8,4096,3,36,32.38905715942383,32.41049300413579
8,4096,3,37,32.27222442626953,32.29535894934088
8,4096,3,38,32.26406478881836,32.28955005761236
8,4096,3,39,32.51046371459961,32.53302292432636
8,4096,3,40,32.38518524169922,32.408030005171895
8,4096,3,41,32.22403335571289,32.246681046672165
8,4096,3,42,32.30806350708008,32.3302389588207
8,4096,3,43,32.590782165527344,32.613310031592846
8,4096,3,44,32.4384651184082,32.460985938087106
8,4096,3,45,32.308929443359375,32.33154700137675
8,4096,3,46,32.310302734375,32.33295795507729
8,4096,3,47,32.59596633911133,32.61820797342807
8,4096,3,48,32.43494415283203,32.45724900625646
8,4096,3,49,32.25779342651367,32.28083299472928
8,4096,3,50,32.3073616027832,32.32973499689251
8,4096,3,51,32.607425689697266,32.629712019115686
8,4096,3,52,32.47468948364258,32.4971490772441
8,4096,3,53,32.32966232299805,32.35252702143043
8,4096,3,54,32.36787033081055,32.39045396912843
8,4096,3,55,32.639007568359375,32.66219701617956
8,4096,3,56,32.500640869140625,32.52256102859974
8,4096,3,57,32.357505798339844,32.38051803782582
8,4096,3,58,32.369537353515625,32.391929998993874
8,4096,3,59,32.633792877197266,32.65654691495001
8,4096,3,60,32.51331329345703,32.536179991438985
8,4096,3,61,32.4136962890625,32.43725700303912
8,4096,3,62,32.42166519165039,32.444481970742345
8,4096,3,63,32.69990539550781,32.72266802377999
8,4096,4,1,38.0654411315918,38.09013601858169
8,4096,4,2,33.02988815307617,33.052452956326306
8,4096,4,3,32.81564712524414,32.84102596808225
8,4096,4,4,32.61862564086914,32.64100302476436
8,4096,4,5,32.31478500366211,32.33741002622992
8,4096,4,6,32.335838317871094,32.3589009931311
8,4096,4,7,32.53504180908203,32.557955943048
8,4096,4,8,32.4213752746582,32.44371910113841
8,4096,4,9,32.2756462097168,32.29830402415246
8,4096,4,10,32.31468963623047,32.337225042283535
8,4096,4,11,32.57414245605469,32.59709198027849
8,4096,4,12,32.436832427978516,32.45971794240177
8,4096,4,13,32.282657623291016,32.32639608904719
8,4096,4,14,32.573665618896484,32.647365937009454
8,4096,4,15,32.489952087402344,32.51246898435056
8,4096,4,16,32.373374938964844,32.39658195525408
8,4096,4,17,32.22751998901367,32.25066198501736
8,4096,4,18,32.24720001220703,32.26977004669607
8,4096,4,19,32.49808120727539,32.52132306806743
8,4096,4,20,32.339263916015625,32.36170893069357
8,4096,4,21,32.196414947509766,32.21958200447261
8,4096,4,22,32.2393913269043,32.2629091097042
8,4096,4,23,32.46332931518555,32.48659893870354
8,4096,4,24,32.37152099609375,32.397549017332494
8,4096,4,25,32.164737701416016,32.188275014050305
8,4096,4,26,32.19478225708008,32.221522997133434
8,4096,4,27,32.50032043457031,32.52282796893269
8,4096,4,28,32.361534118652344,32.38505101762712
8,4096,4,29,32.23440170288086,32.25876297801733
8,4096,4,30,32.26572799682617,32.287971931509674
8,4096,4,31,32.52140808105469,32.54431497771293
8,4096,4,32,32.39686584472656,32.42415201384574
8,4096,4,33,32.23740768432617,32.26106206420809
8,4096,4,34,32.26582336425781,32.289120950736105
8,4096,4,35,32.488033294677734,32.51090808771551
8,4096,4,36,32.363582611083984,32.38604892976582
8,4096,4,37,32.22982406616211,32.252429984509945
8,4096,4,38,32.30403137207031,32.32623799704015
8,4096,4,39,32.56662368774414,32.58907701820135
8,4096,4,40,32.41398239135742,32.43689797818661
8,4096,4,41,32.295745849609375,32.31917496304959
8,4096,4,42,32.292030334472656,32.31451194733381
8,4096,4,43,32.56684875488281,32.58913499303162
8,4096,4,44,32.40729522705078,32.43022598326206
8,4096,4,45,32.24467086791992,32.267819973640144
8,4096,4,46,32.30259323120117,32.32552600093186
8,4096,4,47,32.61190414428711,32.634673989377916
8,4096,4,48,32.480064392089844,32.502915943041444
8,4096,4,49,32.32169723510742,32.34464197885245
8,4096,4,50,32.36326217651367,32.38638397306204
8,4096,4,51,32.60860824584961,32.63102693017572
8,4096,4,52,32.4925422668457,32.518062042072415
8,4096,4,53,32.30441665649414,32.327158958651125
8,4096,4,54,32.34233474731445,32.3654399253428
8,4096,4,55,32.6176643371582,32.64022001530975
8,4096,4,56,32.508384704589844,32.53166901413351
8,4096,4,57,32.35529708862305,32.3782479390502
8,4096,4,58,32.39753723144531,32.42105897516012
8,4096,4,59,32.68403244018555,32.706681988202035
8,4096,4,60,32.543678283691406,32.56831504404545
8,4096,4,61,32.44406509399414,32.47438499238342
8,4096,4,62,32.40777587890625,32.4313179589808
8,4096,4,63,32.640289306640625,32.66484604682773
8,4096,5,1,38.79072189331055,38.81573094986379
8,4096,5,2,32.71420669555664,32.7373209875077
8,4096,5,3,32.8884162902832,32.91092801373452
8,4096,5,4,32.71196746826172,32.73481200449169
8,4096,5,5,32.291263580322266,32.313785050064325
8,4096,5,6,32.25494384765625,32.27738803252578
8,4096,5,7,32.549598693847656,32.57203090470284
8,4096,5,8,32.425567626953125,32.44857396930456
8,4096,5,9,32.278785705566406,32.301235012710094
8,4096,5,10,32.312191009521484,32.33431000262499
8,4096,5,11,32.56288146972656,32.584416097961366
8,4096,5,12,32.50175857543945,32.52407209947705
8,4096,5,13,32.19996643066406,32.22220600582659
8,4096,5,14,32.23353576660156,32.255860045552254
8,4096,5,15,32.4521598815918,32.47456799726933
8,4096,5,16,32.3105583190918,32.333434908650815
8,4096,5,17,32.1484489440918,32.17073995620012
8,4096,5,18,32.16463851928711,32.18608698807657
8,4096,5,19,32.41804885864258,32.44351199828088
8,4096,5,20,32.32182312011719,32.34408993739635
8,4096,5,21,32.17465591430664,32.19692106358707
8,4096,5,22,32.2210578918457,32.24290406797081
8,4096,5,23,32.46928024291992,32.49149792827666
8,4096,5,24,32.377471923828125,32.399251009337604
8,4096,5,25,32.213951110839844,32.23627293482423
8,4096,5,26,32.24153518676758,32.26369898766279
8,4096,5,27,32.45935821533203,32.48202009126544
8,4096,5,28,32.364158630371094,32.38720796070993
8,4096,5,29,32.165985107421875,32.1883870055899
8,4096,5,30,32.22991943359375,32.25209400989115
8,4096,5,31,32.53414535522461,32.55608398467302
8,4096,5,32,32.39718246459961,32.41977305151522
8,4096,5,33,32.239070892333984,32.26175205782056
8,4096,5,34,32.29840087890625,32.32068498618901
8,4096,5,35,32.542720794677734,32.617656979709864
8,4096,5,36,32.7088623046875,32.79052907600999
8,4096,5,37,32.241600036621094,32.2642819955945
8,4096,5,38,32.24812698364258,32.27075992617756
8,4096,5,39,32.534942626953125,32.557629980146885
8,4096,5,40,32.4222412109375,32.444430980831385
8,4096,5,41,32.29225540161133,32.31448703445494
8,4096,5,42,32.3015022277832,32.32429793570191
8,4096,5,43,32.56950378417969,32.591641996987164
8,4096,5,44,32.4571533203125,32.47867396567017
8,4096,5,45,32.31244659423828,32.33416797593236
8,4096,5,46,32.297664642333984,32.31917892117053
8,4096,5,47,32.562496185302734,32.584819942712784
8,4096,5,48,32.443359375,32.46842010412365
8,4096,5,49,32.302337646484375,32.32398605905473
8,4096,5,50,32.33020782470703,32.35192399006337
8,4096,5,51,32.64019012451172,32.66299108508974
8,4096,5,52,32.46656036376953,32.488550059497356
8,4096,5,53,32.33766555786133,32.35983301419765
8,4096,5,54,32.354366302490234,32.3759310413152
8,4096,5,55,32.59523010253906,32.616534968838096
8,4096,5,56,32.46918487548828,32.491418067365885
8,4096,5,57,32.3191032409668,32.34101692214608
8,4096,5,58,32.40009689331055,32.421826967038214
8,4096,5,59,32.660926818847656,32.68282290082425
8,4096,5,60,32.532928466796875,32.55486499983817
8,4096,5,61,32.384639739990234,32.40660601295531
8,4096,5,62,32.409950256347656,32.43273706175387
8,4096,5,63,32.673118591308594,32.69541496410966
8,4096,6,1,38.06403350830078,38.08861703146249
8,4096,6,2,32.576961517333984,32.59937500115484
8,4096,6,3,32.79283142089844,32.81473903916776
8,4096,6,4,31.884191513061523,31.906382995657623
8,4096,6,5,31.702495574951172,31.72517498023808
8,4096,6,6,31.736064910888672,31.757373944856226
8,4096,6,7,31.986431121826172,32.00836596079171
8,4096,6,8,31.869951248168945,31.89205809030682
8,4096,6,9,31.69977569580078,31.723342020995915
8,4096,6,10,31.742080688476562,31.764569925144315
8,4096,6,11,32.0423698425293,32.06471190787852
8,4096,6,12,31.934080123901367,31.955853919498622
8,4096,6,13,31.752704620361328,31.775507959537208
8,4096,6,14,31.76799964904785,31.79035009816289
8,4096,6,15,32.019168853759766,32.04189904499799
8,4096,6,16,31.90985679626465,31.93149995058775
8,4096,6,17,32.108001708984375,32.13017794769257
8,4096,6,18,32.18716812133789,32.20899309962988
8,4096,6,19,32.465824127197266,32.48779696878046
8,4096,6,20,32.362369537353516,32.385257072746754
8,4096,6,21,32.223167419433594,32.24641701672226
8,4096,6,22,32.27996826171875,32.3030729778111
8,4096,6,23,32.51388931274414,32.536995015107095
8,4096,6,24,32.353633880615234,32.376482035033405
8,4096,6,25,32.20991897583008,32.23225497640669
8,4096,6,26,32.2457275390625,32.27295307442546
8,4096,6,27,32.50048065185547,32.52380702178925
8,4096,6,28,32.391422271728516,32.41423307918012
8,4096,6,29,32.20880126953125,32.23165706731379
8,4096,6,30,32.214080810546875,32.23678597714752
8,4096,6,31,32.505889892578125,32.529038027860224
8,4096,6,32,32.37120056152344,32.394066103734076
8,4096,6,33,32.252384185791016,32.27506100665778
8,4096,6,34,32.274208068847656,32.29641495272517
8,4096,6,35,32.531681060791016,32.554485951550305
8,4096,6,36,32.42473602294922,32.44691900908947
8,4096,6,37,32.25279998779297,32.275359029881656
8,4096,6,38,32.27667236328125,32.29946305509657
8,4096,6,39,32.540863037109375,32.56358206272125
8,4096,6,40,32.40460968017578,32.427328056655824
8,4096,6,41,32.24070358276367,32.26304997224361
8,4096,6,42,32.317054748535156,32.33932808507234
8,4096,6,43,32.592960357666016,32.61520096566528
8,4096,6,44,32.43769454956055,32.46030898299068
8,4096,6,45,32.28700637817383,32.30906999669969
8,4096,6,46,32.33651351928711,32.35866199247539
8,4096,6,47,32.59657669067383,32.61868399567902
8,4096,6,48,32.417728424072266,32.443373929709196
8,4096,6,49,32.27151870727539,32.29384298902005
8,4096,6,50,32.30886459350586,32.33172802720219
8,4096,6,51,32.617984771728516,32.64057310298085
8,4096,6,52,32.4884147644043,32.51118992920965
8,4096,6,53,32.3238410949707,32.3466929839924
8,4096,6,54,32.36934280395508,32.39181207027286
8,4096,6,55,32.63062286376953,32.65303198713809
8,4096,6,56,32.52268981933594,32.54558995831758
8,4096,6,57,32.33385467529297,32.35649096313864
8,4096,6,58,32.35660934448242,32.38023607991636
8,4096,6,59,32.608638763427734,32.6313340337947
8,4096,6,60,32.53200149536133,32.55579702090472
8,4096,6,61,32.37459182739258,32.3973239865154
8,4096,6,62,32.428958892822266,32.45157899800688
8,4096,6,63,32.682369232177734,32.70868398249149
16,128,0,1,12.431039810180664,12.45378004387021
16,128,0,2,12.363679885864258,12.385822948999703
16,128,0,3,12.323583602905273,12.345811002887785
16,128,0,4,12.334176063537598,12.356639956124127
16,128,0,5,12.308511734008789,12.330683064647019
16,128,0,6,12.327679634094238,12.349675060249865
16,128,0,7,12.307328224182129,12.329412973485887
16,128,0,8,12.313599586486816,12.335887062363327
16,128,0,9,12.306783676147461,12.328517972491682
16,128,0,10,12.285663604736328,12.307344935834408
16,128,0,11,12.289216041564941,12.310290010645986
16,128,0,12,12.311103820800781,12.333068065345287
16,128,0,13,12.271552085876465,12.293657986447215
16,128,0,14,12.343680381774902,12.3655159259215
16,128,0,15,12.313440322875977,12.335103005170822
16,128,0,16,12.35536003112793,12.37788691651076
16,128,0,17,12.336992263793945,12.359027983620763
16,128,0,18,12.346176147460938,12.373794917948544
16,128,0,19,12.369440078735352,12.39118305966258
16,128,0,20,12.384320259094238,12.405956978909671
16,128,0,21,12.365344047546387,12.387832975946367
16,128,0,22,12.389727592468262,12.412340962328017
16,128,0,23,12.373791694641113,12.396316044032574
16,128,0,24,12.37337589263916,12.395558995194733
16,128,0,25,12.369312286376953,12.391124037094414
16,128,0,26,12.390751838684082,12.412932002916932
16,128,0,27,12.395744323730469,12.41774798836559
16,128,0,28,12.414239883422852,12.435752083547413
16,128,0,29,12.396832466125488,12.418422964401543
16,128,0,30,12.400032043457031,12.421921943314373
16,128,0,31,12.404959678649902,12.426740024238825
16,128,0,32,12.405088424682617,12.427199981175363
16,128,0,33,12.417344093322754,12.439745012670755
16,128,0,34,12.459136009216309,12.481263023801148
16,128,0,35,12.452351570129395,12.474206043407321
16,128,0,36,12.494239807128906,12.516172952018678
16,128,0,37,12.476384162902832,12.497848947532475
16,128,0,38,12.474335670471191,12.496429961174726
16,128,0,39,12.43455982208252,12.456297990866005
16,128,0,40,12.510687828063965,12.532534077763557
16,128,0,41,12.494272232055664,12.516707996837795
16,128,0,42,12.500255584716797,12.5221450580284
16,128,0,43,12.493951797485352,12.515326030552387
16,128,0,44,12.530112266540527,12.55165203474462
16,128,0,45,12.50540828704834,12.526819948107004
16,128,0,46,12.535039901733398,12.556810979731381
16,128,0,47,12.5316162109375,12.553461012430489
16,128,0,48,12.589152336120605,12.610864010639489
16,128,0,49,12.56713581085205,12.589654070325196
16,128,0,50,12.610591888427734,12.633441016077995
16,128,0,51,13.281120300292969,13.305819011293352
16,128,0,52,12.64470386505127,12.667278992012143
16,128,0,53,12.607583999633789,12.629611999727786
16,128,0,54,12.621088027954102,12.643710942938924
16,128,0,55,12.615424156188965,12.63712695799768
16,128,0,56,12.641599655151367,12.663988978601992
16,128,0,57,12.6014404296875,12.623872025869787
16,128,0,58,12.662015914916992,12.684383080340922
16,128,0,59,12.644576072692871,12.666772003285587
16,128,0,60,12.720640182495117,12.742262915708125
16,128,0,61,12.671584129333496,12.693097931332886
16,128,0,62,12.681920051574707,12.703886954113841
16,128,0,63,12.661855697631836,12.68456899560988
16,128,1,1,12.393216133117676,12.41503399796784
16,128,1,2,12.421119689941406,12.443140032701194
16,128,1,3,12.367263793945312,12.389453942887485
16,128,1,4,12.38377571105957,12.406077003106475
16,128,1,5,12.367391586303711,12.389580020681024
16,128,1,6,12.368000030517578,12.389318086206913
16,128,1,7,12.294976234436035,12.316517066210508
16,128,1,8,12.300607681274414,12.323403032496572
16,128,1,9,12.287936210632324,12.310069054365158
16,128,1,10,12.280799865722656,12.303131981752813
16,128,1,11,12.30735969543457,12.328857905231416
16,128,1,12,12.293312072753906,12.31473800726235
16,128,1,13,12.293472290039062,12.315634987317026
16,128,1,14,12.333984375,12.355935061350465
16,128,1,15,12.304256439208984,12.325702933594584
16,128,1,16,12.333919525146484,12.356083025224507
16,128,1,17,12.354720115661621,12.376456055790186
16,128,1,18,12.347904205322266,12.369672069326043
16,128,1,19,12.371071815490723,12.392921024002135
16,128,1,20,12.375967979431152,12.398187071084976
16,128,1,21,12.357952117919922,12.379826977849007
16,128,1,22,12.389216423034668,12.411411036737263
16,128,1,23,12.379167556762695,12.400875915773213
16,128,1,24,12.399359703063965,12.42144696880132
16,128,1,25,12.387231826782227,12.409321963787079
16,128,1,26,12.415200233459473,12.437872937880456
16,128,1,27,12.39129638671875,12.4127910239622
16,128,1,28,12.418496131896973,12.440524995326996
16,128,1,29,12.419424057006836,12.44058704469353
16,128,1,30,12.39680004119873,12.418808997608721
16,128,1,31,12.41759967803955,12.439430924132466
16,128,1,32,12.42255973815918,12.445047963410616
16,128,1,33,12.411168098449707,12.433235999196768
16,128,1,34,12.461248397827148,12.483714031986892
16,128,1,35,12.444735527038574,12.466593063436449
16,128,1,36,12.45849609375,12.480792007409036
16,128,1,37,12.470656394958496,12.492944952100515
16,128,1,38,12.482624053955078,12.504632002674043
16,128,1,39,12.474335670471191,12.495900969952345
16,128,1,40,12.508319854736328,12.530409032478929
16,128,1,41,12.508416175842285,12.530606938526034
16,128,1,42,12.487903594970703,12.509467080235481
16,128,1,43,12.51142406463623,12.532916036434472
16,128,1,44,12.547743797302246,12.5694889575243
16,128,1,45,12.517024040222168,12.53920397721231
16,128,1,46,12.515423774719238,12.537420960143209
16,128,1,47,12.547391891479492,12.569571961648762
16,128,1,48,12.588447570800781,12.611086014658213
16,128,1,49,12.551551818847656,12.57383800111711
16,128,1,50,12.57750415802002,12.599157984368503
16,128,1,51,12.575776100158691,12.597938068211079
16,128,1,52,12.632575988769531,12.655508005991578
16,128,1,53,12.605600357055664,12.627888936549425
16,128,1,54,12.6080322265625,12.630630983039737
16,128,1,55,12.632543563842773,12.655225931666791
16,128,1,56,12.675552368164062,12.697826023213565
16,128,1,57,12.629664421081543,12.6523079816252
16,128,1,58,12.642560005187988,12.664579087868333
16,128,1,59,12.649727821350098,12.6721509732306
16,128,1,60,12.715200424194336,12.737647979520261
16,128,1,61,12.654303550720215,12.676535989157856
16,128,1,62,12.6911039352417,12.712916010059416
16,128,1,63,12.698847770690918,12.720571015961468
16,128,2,1,12.702912330627441,12.724825995974243
16,128,2,2,12.31488037109375,12.336751911789179
16,128,2,3,12.352095603942871,12.374023091979325
16,128,2,4,12.3274564743042,12.348435004241765
16,128,2,5,12.30246353149414,12.324416893534362
16,128,2,6,12.264191627502441,12.28600600734353
16,128,2,7,12.2457275390625,12.267821002751589
16,128,2,8,12.263104438781738,12.285144999623299
16,128,2,9,12.257568359375,12.280315975658596
16,128,2,10,12.27017593383789,12.291489983908832
16,128,2,11,12.276000022888184,12.298154993914068
16,128,2,12,12.316512107849121,12.33862095978111
16,128,2,13,12.28831958770752,12.309910962358117
16,128,2,14,12.32256031036377,12.34523591119796
16,128,2,15,12.293760299682617,12.316407985053957
16,128,2,16,12.344863891601562,12.367133982479572
16,128,2,17,12.365119934082031,12.388515984639525
16,128,2,18,12.342144012451172,12.364912894554436
16,128,2,19,12.355487823486328,12.37864198628813
16,128,2,20,12.386303901672363,12.408531038090587
16,128,2,21,12.377056121826172,12.399368919432163
16,128,2,22,12.38259220123291,12.404431006871164
16,128,2,23,12.373984336853027,12.396552949212492
16,128,2,24,12.406656265258789,12.428654008544981
16,128,2,25,12.390303611755371,12.412070063874125
16,128,2,26,12.39139175415039,12.413624092005193
16,128,2,27,12.403360366821289,12.425582041032612
16,128,2,28,12.427295684814453,12.449291069060564
16,128,2,29,12.41327953338623,12.435471988283098
16,128,2,30,12.38326358795166,12.409413000568748
16,128,2,31,12.399776458740234,12.421799008734524
16,128,2,32,12.430368423461914,12.45276106055826
16,128,2,33,12.418304443359375,12.440133024938405
16,128,2,34,12.480671882629395,12.502819998189807
16,128,2,35,12.454303741455078,12.475674040615559
16,128,2,36,12.48425579071045,12.506508035585284
16,128,2,37,12.457856178283691,12.479575001634657
16,128,2,38,12.464799880981445,12.486991006880999
16,128,2,39,12.465344429016113,12.487691012211144
16,128,2,40,12.523872375488281,12.545931967906654
16,128,2,41,12.503647804260254,12.525598052889109
16,128,2,42,12.503935813903809,12.527305982075632
16,128,2,43,12.460672378540039,12.482771999202669
16,128,2,44,12.531647682189941,12.554374057799578
16,128,2,45,12.505632400512695,12.528527993708849
16,128,2,46,12.529088020324707,12.551118968985975
16,128,2,47,12.523551940917969,12.54569599404931
16,128,2,48,12.579456329345703,12.601245078258216
16,128,2,49,12.519007682800293,12.540850904770195
16,128,2,50,12.581055641174316,12.602816917933524
16,128,2,51,12.587360382080078,12.609451077878475
16,128,2,52,12.633824348449707,12.656350969336927
16,128,2,53,12.57091236114502,12.59262696839869
16,128,2,54,12.606559753417969,12.628366006538272
16,128,2,55,12.609343528747559,12.632269994355738
16,128,2,56,12.659808158874512,12.681664084084332
16,128,2,57,12.604415893554688,12.626654002815485
16,128,2,58,12.621888160705566,12.644315022043884
16,128,2,59,12.637344360351562,12.659203028306365
16,128,2,60,12.719391822814941,12.740868027321994
16,128,2,61,12.666879653930664,12.688477989286184
16,128,2,62,12.684831619262695,12.706234003417194
16,128,2,63,12.680831909179688,12.70280103199184
16,128,3,1,12.560895919799805,12.58295204024762
16,128,3,2,12.447104454040527,12.469347915612161
16,128,3,3,12.308256149291992,12.329874909482896
16,128,3,4,12.317631721496582,12.339790002442896
16,128,3,5,12.275360107421875,12.297934968955815
16,128,3,6,12.282879829406738,12.305308948270977
16,128,3,7,12.22316837310791,12.245568097569048
16,128,3,8,12.28105640411377,12.303277966566384
16,128,3,9,12.25766372680664,12.280295952223241
16,128,3,10,12.28662395477295,12.311646016314626
16,128,3,11,12.290016174316406,12.312815990298986
16,128,3,12,12.303936004638672,12.326502008363605
16,128,3,13,12.298975944519043,12.321115005761385
16,128,3,14,12.288288116455078,12.310771038755774
16,128,3,15,12.343008041381836,12.364986003376544
16,128,3,16,12.345824241638184,12.367971008643508
16,128,3,17,12.351391792297363,12.37362192478031
16,128,3,18,12.334624290466309,12.356257066130638
16,128,3,19,12.35974407196045,12.380850035697222
16,128,3,20,12.344767570495605,12.365965056233108
16,128,3,21,12.390848159790039,12.4122379347682
16,128,3,22,12.377887725830078,12.399714905768633
16,128,3,23,12.35859203338623,12.379619060084224
16,128,3,24,12.392064094543457,12.413727934472263
16,128,3,25,12.395487785339355,12.417046003974974
16,128,3,26,12.413824081420898,12.435603071935475
16,128,3,27,12.407135963439941,12.429271009750664
16,128,3,28,12.43404769897461,12.45548902079463
16,128,3,29,12.397472381591797,12.4188968911767
16,128,3,30,12.404959678649902,12.427343986928463
16,128,3,31,12.407456398010254,12.428676011040807
16,128,3,32,12.400351524353027,12.422354076988995
16,128,3,33,12.371647834777832,12.393246055580676
16,128,3,34,12.450655937194824,12.47316098306328
16,128,3,35,12.440447807312012,12.462937971577048
16,128,3,36,12.492351531982422,12.514417991042137
16,128,3,37,12.472736358642578,12.494373950175941
16,128,3,38,12.473088264465332,12.49527302570641
16,128,3,39,12.442815780639648,12.464848929084837
16,128,3,40,12.534048080444336,12.556770001538098
16,128,3,41,12.517024040222168,12.538218055851758
16,128,3,42,12.515040397644043,12.537301052361727
16,128,3,43,12.514047622680664,12.535638990812004
16,128,3,44,12.55401611328125,12.575446045957506
16,128,3,45,12.517600059509277,12.540734023787081
16,128,3,46,12.501728057861328,12.527307029813528
16,128,3,47,12.546048164367676,12.568574980832636
16,128,3,48,12.558208465576172,12.580515001900494
16,128,3,49,12.540384292602539,12.562436051666737
16,128,3,50,12.5797119140625,12.601525988429785
16,128,3,51,12.578368186950684,12.600373942404985
16,128,3,52,12.6146240234375,12.636824045330286
16,128,3,53,12.570240020751953,12.592572951689363
16,128,3,54,12.629088401794434,12.651114026084542
16,128,3,55,12.62377643585205,12.645483948290348
16,128,3,56,12.658720016479492,12.681255000643432
16,128,3,57,12.647616386413574,12.670255964621902
16,128,3,58,12.65340805053711,12.675824924372137
16,128,3,59,12.630016326904297,12.65111903194338
16,128,3,60,12.71183967590332,12.733430950902402
16,128,3,61,12.648799896240234,12.670072028413415
16,128,3,62,12.672351837158203,12.69400306046009
16,128,3,63,12.686783790588379,12.708439957350492
16,128,4,1,12.84716796875,12.870156904682517
16,128,4,2,12.546719551086426,12.56943098269403
16,128,4,3,12.463583946228027,12.485950952395797
16,128,4,4,12.366175651550293,12.387946946546435
16,128,4,5,12.341440200805664,12.364028953015804
16,128,4,6,12.302016258239746,12.324230978265405
16,128,4,7,12.280927658081055,12.302801944315434
16,128,4,8,12.290719985961914,12.312637991271913
16,128,4,9,12.312000274658203,12.334319995716214
16,128,4,10,12.267999649047852,12.290291022509336
16,128,4,11,12.316191673278809,12.337460997514427
16,128,4,12,12.31100845336914,12.332434998825192
16,128,4,13,12.315199851989746,12.336369953118265
16,128,4,14,12.3503999710083,12.372159981168807
16,128,4,15,12.356255531311035,12.378414976410568
16,128,4,16,12.364704132080078,12.387049966491759
16,128,4,17,12.349568367004395,12.372403987683356
16,128,4,18,12.31379222869873,12.335831066593528
16,128,4,19,12.380319595336914,12.402717024087906
16,128,4,20,12.378911972045898,12.400308041833341
16,128,4,21,12.361856460571289,12.384015950374305
16,128,4,22,12.406335830688477,12.42834108415991
16,128,4,23,12.36796760559082,12.389722047373652
16,128,4,24,12.40777587890625,12.430739938281476
16,128,4,25,12.397151947021484,12.420268962159753
16,128,4,26,12.414815902709961,12.43744301609695
16,128,4,27,12.417216300964355,12.439533020369709
16,128,4,28,12.452863693237305,12.47433596290648
16,128,4,29,12.438847541809082,12.460987898521125
16,128,4,30,12.420191764831543,12.443340034224093
16,128,4,31,12.39686393737793,12.418074999004602
16,128,4,32,12.43228816986084,12.45403301436454
16,128,4,33,12.401856422424316,12.42394803557545
16,128,4,34,12.462112426757812,12.48303207103163
16,128,4,35,12.453951835632324,12.475555995479226
16,128,4,36,12.477631568908691,12.49988004565239
16,128,4,37,12.447392463684082,12.469222070649266
16,128,4,38,12.478015899658203,12.499628937803209
16,128,4,39,12.467616081237793,12.489318032748997
16,128,4,40,12.52780818939209,12.549347011372447
16,128,4,41,12.510144233703613,12.532631983049214
16,128,4,42,12.502240180969238,12.524647987447679
16,128,4,43,12.516287803649902,12.538591981865466
16,128,4,44,12.537759780883789,12.558936956338584
16,128,4,45,12.51471996307373,12.536676949821413
16,128,4,46,12.527872085571289,12.550240033306181
16,128,4,47,12.560768127441406,12.582250055857003
16,128,4,48,12.58579158782959,12.607495067641139
16,128,4,49,12.547648429870605,12.569388025440276
16,128,4,50,12.563936233520508,12.586102937348187
16,128,4,51,12.571231842041016,12.59403396397829
16,128,4,52,12.636480331420898,12.659434927627444
16,128,4,53,12.591008186340332,12.613467988558114
16,128,4,54,12.623456001281738,12.646154966205359
16,128,4,55,12.593024253845215,12.61580502614379
16,128,4,56,12.659296035766602,12.682132073678076
16,128,4,57,12.604191780090332,12.626967043615878
16,128,4,58,12.661343574523926,12.683506007306278
16,128,4,59,12.633888244628906,12.656192993745208
16,128,4,60,12.723008155822754,12.744938023388386
16,128,4,61,12.667008399963379,12.690098956227303
16,128,4,62,12.665535926818848,12.687406968325377
16,128,4,63,12.643168449401855,12.665743939578533
16,128,5,1,12.598943710327148,12.620954075828195
16,128,5,2,12.385824203491211,12.407172005623579
16,128,5,3,12.295392036437988,12.316631036810577
16,128,5,4,12.300191879272461,12.321618967689574
16,128,5,5,12.260736465454102,12.283386080525815
16,128,5,6,12.255871772766113,12.278989073820412
16,128,5,7,12.231840133666992,12.254467932507396
16,128,5,8,12.285120010375977,12.30774202849716
16,128,5,9,12.276351928710938,12.298744055442512
16,128,5,10,12.272831916809082,12.29483203496784
16,128,5,11,12.28384017944336,12.3057080199942
16,128,5,12,12.293984413146973,12.315824977122247
16,128,5,13,12.282591819763184,12.304602074436843
16,128,5,14,12.31663990020752,12.33849790878594
16,128,5,15,12.325728416442871,12.34755094628781
16,128,5,16,12.301568031311035,12.323810020461679
16,128,5,17,12.335488319396973,12.357373023405671
16,128,5,18,12.322015762329102,12.344268965534866
16,128,5,19,12.378080368041992,12.400708976201713
16,128,5,20,12.376543998718262,12.398428050801158
16,128,5,21,12.38691234588623,12.408577022142708
16,128,5,22,12.369791984558105,12.391152908094227
16,128,5,23,12.353728294372559,12.37593509722501
16,128,5,24,12.420415878295898,12.442230014130473
16,128,5,25,12.395551681518555,12.417542980983853
16,128,5,26,12.395968437194824,12.418419937603176
16,128,5,27,12.414400100708008,12.43602903559804
16,128,5,28,12.412575721740723,12.434281059540808
16,128,5,29,12.415616035461426,12.437058961950243
16,128,5,30,12.406815528869629,12.42843794170767
16,128,5,31,12.418527603149414,12.440340942703187
16,128,5,32,12.421919822692871,12.444320949725807
16,128,5,33,12.396127700805664,12.417890946380794
16,128,5,34,12.426431655883789,12.447961024008691
16,128,5,35,12.440863609313965,12.462467071600258
16,128,5,36,12.492735862731934,12.514297966845334
16,128,5,37,12.465439796447754,12.487318948842585
16,128,5,38,12.494815826416016,12.516429997049272
16,128,5,39,12.459967613220215,12.481249053962529
16,128,5,40,12.489184379577637,12.510902946814895
16,128,5,41,12.496064186096191,12.51778902951628
16,128,5,42,12.493824005126953,12.516507995314896
16,128,5,43,12.509344100952148,12.530939071439207
16,128,5,44,12.539199829101562,12.56128097884357
16,128,5,45,12.533408164978027,12.55532307550311
16,128,5,46,12.52246379852295,12.544697965495288
16,128,5,47,12.532896041870117,12.55480491090566
16,128,5,48,12.554847717285156,12.576433015055954
16,128,5,49,12.540224075317383,12.561758048832417
16,128,5,50,12.556639671325684,12.578377965837717
16,128,5,51,12.578271865844727,12.600354966707528
16,128,5,52,12.6112642288208,12.633103993721306
16,128,5,53,12.60752010345459,12.629629927687347
16,128,5,54,12.631199836730957,12.653898098506033
16,128,5,55,12.6014404296875,12.623818940483034
16,128,5,56,12.67471981048584,12.696850928477943
16,128,5,57,12.647520065307617,12.669889023527503
16,128,5,58,12.642848014831543,12.664898065850139
16,128,5,59,12.642208099365234,12.663210043683648
16,128,5,60,12.716416358947754,12.738710967823863
16,128,5,61,12.669792175292969,12.691985932178795
16,128,5,62,12.698847770690918,12.721028993837535
16,128,5,63,12.686367988586426,12.708581984043121
16,128,6,1,12.863295555114746,12.885331059806049
16,128,6,2,12.654080390930176,12.675787089392543
16,128,6,3,12.610495567321777,12.633181060664356
16,128,6,4,12.395584106445312,12.417371035553515
16,128,6,5,12.311488151550293,12.338309898041189
16,128,6,6,12.32534408569336,12.347511015832424
16,128,6,7,12.275103569030762,12.29737896937877
16,128,6,8,12.307616233825684,12.330104014836252
16,128,6,9,12.289024353027344,12.311207945458591
16,128,6,10,12.282079696655273,12.303145951591432
16,128,6,11,12.308832168579102,12.33055000193417
16,128,6,12,12.295136451721191,12.316763983108103
16,128,6,13,12.288928031921387,12.310578022152185
16,128,6,14,12.326016426086426,12.348597985692322
16,128,6,15,12.321151733398438,12.344138114713132
16,128,6,16,12.357184410095215,12.379862018860877
16,128,6,17,12.341695785522461,12.36385595984757
16,128,6,18,12.775520324707031,12.797778006643057
16,128,6,19,12.342944145202637,12.364592053927481
16,128,6,20,12.366720199584961,12.388751958496869
16,128,6,21,12.351776123046875,12.373920064419508
16,128,6,22,12.350624084472656,12.372836004942656
16,128,6,23,12.39468765258789,12.416677083820105
16,128,6,24,12.409440040588379,12.431555078364909
16,128,6,25,12.39078426361084,12.412138981744647
16,128,6,26,12.389535903930664,12.41159695200622
16,128,6,27,12.38259220123291,12.405268964357674
16,128,6,28,12.431072235107422,12.45281903538853
16,128,6,29,12.42182445526123,12.44462700560689
16,128,6,30,12.401663780212402,12.424157001078129
16,128,6,31,12.392640113830566,12.41468102671206
16,128,6,32,12.390496253967285,12.412684969604015
16,128,6,33,12.41539192199707,12.437538942322135
16,128,6,34,12.465888023376465,12.491527013480663
16,128,6,35,12.43887996673584,12.461198028177023
16,128,6,36,12.480799674987793,12.507549952715635
16,128,6,37,12.456031799316406,12.480049044825137
16,128,6,38,12.483296394348145,12.506355065852404
16,128,6,39,12.481247901916504,12.503792997449636
16,128,6,40,12.515775680541992,12.538224924355745
16,128,6,41,12.494367599487305,12.517012073658407
16,128,6,42,12.506784439086914,12.52914301585406
16,128,6,43,12.448927879333496,12.471744907088578
16,128,6,44,12.530816078186035,12.558239046484232
16,128,6,45,12.487199783325195,12.509583029896021
16,128,6,46,12.510111808776855,12.532977969385684
16,128,6,47,12.535103797912598,12.55752902943641
16,128,6,48,12.57414436340332,12.59669498540461
16,128,6,49,12.498623847961426,12.521997094154358
16,128,6,50,12.573760032653809,12.59624701924622
16,128,6,51,12.5665922164917,12.588780955411494
16,128,6,52,12.63481616973877,12.65686796978116
16,128,6,53,12.575072288513184,12.597110937349498
16,128,6,54,12.618464469909668,12.640835018828511
16,128,6,55,12.595264434814453,12.617686996236444
16,128,6,56,12.64243221282959,12.664539972320199
16,128,6,57,12.60972785949707,12.632120051421225
16,128,6,58,12.655488014221191,12.677619932219386
16,128,6,59,12.611583709716797,12.634354061447084
16,128,6,60,12.706687927246094,12.729270965792239
16,128,6,61,12.647071838378906,12.669284013099968
16,128,6,62,12.65552043914795,12.67794903833419
16,128,6,63,12.664352416992188,12.686566915363073
16,1024,0,1,24.808223724365234,24.83387605752796
16,1024,0,2,22.421791076660156,22.443232941441238
16,1024,0,3,22.062175750732422,22.086375975050032
16,1024,0,4,22.187135696411133,22.21063699107617
16,1024,0,5,21.78041648864746,21.802524919621646
16,1024,0,6,21.797279357910156,21.818941924721003
16,1024,0,7,21.800703048706055,21.82424906641245
16,1024,0,8,22.106176376342773,22.128219017758965
16,1024,0,9,21.80512046813965,21.827913937158883
16,1024,0,10,21.852895736694336,21.875474019907415
16,1024,0,11,21.80227279663086,21.825234987773
16,1024,0,12,22.180095672607422,22.203727043233812
16,1024,0,13,21.860383987426758,21.882206085138023
16,1024,0,14,21.884960174560547,21.906392998062074
16,1024,0,15,21.854143142700195,21.876076003536582
16,1024,0,16,22.207744598388672,22.23004202824086
16,1024,0,17,21.87708854675293,21.899115992709994
16,1024,0,18,21.859935760498047,21.88254299107939
16,1024,0,19,21.78607940673828,21.807937999255955
16,1024,0,20,22.155712127685547,22.177178063429892
16,1024,0,21,21.82975959777832,21.852975012734532
16,1024,0,22,21.859424591064453,21.88181597739458
16,1024,0,23,21.834720611572266,21.855934988707304
16,1024,0,24,22.20796775817871,22.229581954889
16,1024,0,25,21.876672744750977,21.89895196352154
16,1024,0,26,21.920927047729492,21.942570921964943
16,1024,0,27,21.8832950592041,21.905130008235574
16,1024,0,28,22.231647491455078,22.254110081121325
16,1024,0,29,21.92233657836914,21.944429026916623
16,1024,0,30,21.964319229125977,21.98767603840679
16,1024,0,31,21.943391799926758,21.964801009744406
16,1024,0,32,22.285375595092773,22.307217004708946
16,1024,0,33,21.94256019592285,21.968298009596765
16,1024,0,34,21.98806381225586,22.010558051988482
16,1024,0,35,21.958656311035156,21.98065596166998
16,1024,0,36,22.320159912109375,22.34204695560038
16,1024,0,37,21.989503860473633,22.011995082721114
16,1024,0,38,22.03379249572754,22.05566398333758
16,1024,0,39,21.999807357788086,22.02344499528408
16,1024,0,40,22.345727920532227,22.368395933881402
16,1024,0,41,22.004928588867188,22.02750090509653
16,1024,0,42,22.064416885375977,22.0878190593794
16,1024,0,43,22.011104583740234,22.032945998944342
16,1024,0,44,22.391616821289062,22.414178936742246
16,1024,0,45,22.073631286621094,22.096179076470435
16,1024,0,46,22.103200912475586,22.125474060885608
16,1024,0,47,22.07423973083496,22.096539963968098
16,1024,0,48,22.4418888092041,22.46558596380055
16,1024,0,49,22.097055435180664,22.11903699208051
16,1024,0,50,22.154144287109375,22.17638597358018
16,1024,0,51,22.071744918823242,22.094100946560502
16,1024,0,52,22.48543930053711,22.507527959533036
16,1024,0,53,22.137439727783203,22.15998398605734
16,1024,0,54,22.174047470092773,22.19591906759888
16,1024,0,55,22.1231689453125,22.145092952996492
16,1024,0,56,22.49292755126953,22.51530799549073
16,1024,0,57,22.164159774780273,22.187758004292846
16,1024,0,58,22.211488723754883,22.234142990782857
16,1024,0,59,22.133472442626953,22.156085935421288
16,1024,0,60,22.53379249572754,22.55581400822848
16,1024,0,61,22.189504623413086,22.211953066289425
16,1024,0,62,22.27782440185547,22.299300995655358
16,1024,0,63,22.21321678161621,22.235138923861086
16,1024,1,1,24.97088050842285,24.997661937959492
16,1024,1,2,22.803295135498047,22.82580209430307
16,1024,1,3,22.399839401245117,22.4222521064803
16,1024,1,4,22.161279678344727,22.183016990311444
16,1024,1,5,21.798688888549805,21.82239608373493
16,1024,1,6,21.81545639038086,21.837209933437407
16,1024,1,7,21.77244758605957,21.794799016788602
16,1024,1,8,22.10335922241211,22.125717950984836
16,1024,1,9,21.81180763244629,21.83383097872138
16,1024,1,10,21.84499168395996,21.870590979233384
16,1024,1,11,21.79465675354004,21.816025022417307
16,1024,1,12,22.168607711791992,22.191207041032612
16,1024,1,13,21.8720645904541,21.894344012252986
16,1024,1,14,21.879039764404297,21.901587024331093
16,1024,1,15,21.856319427490234,21.878082072362304
16,1024,1,16,22.19161605834961,22.213248070329428
16,1024,1,17,21.860319137573242,21.882634959183633
16,1024,1,18,21.84022331237793,21.862583933398128
16,1024,1,19,21.833887100219727,21.85730601195246
16,1024,1,20,22.18662452697754,22.208648966625333
16,1024,1,21,21.836511611938477,21.86293702106923
16,1024,1,22,21.873760223388672,21.89593797083944
16,1024,1,23,21.85958480834961,21.88126603141427
16,1024,1,24,22.186656951904297,22.20880100503564
16,1024,1,25,21.894752502441406,21.916539990343153
16,1024,1,26,21.912288665771484,21.93477505352348
16,1024,1,27,21.867904663085938,21.889632917009294
16,1024,1,28,22.255712509155273,22.27881597355008
16,1024,1,29,21.93449592590332,21.956239943392575
16,1024,1,30,21.94223976135254,21.967048989608884
16,1024,1,31,21.93440055847168,21.956730051897466
16,1024,1,32,22.28144073486328,22.303286008536816
16,1024,1,33,21.961023330688477,21.982611040584743
16,1024,1,34,21.97817611694336,22.000174038112164
16,1024,1,35,21.948991775512695,21.971206995658576
16,1024,1,36,22.31929588317871,22.341176052577794
16,1024,1,37,21.992704391479492,22.015879047103226
16,1024,1,38,22.025503158569336,22.047545993700624
16,1024,1,39,21.979616165161133,22.001021075993776
16,1024,1,40,22.33782386779785,22.3598430166021
16,1024,1,41,22.00048065185547,22.022826015017927
16,1024,1,42,22.05014419555664,22.072998923249543
16,1024,1,43,22.01113510131836,22.0331649761647
16,1024,1,44,22.394912719726562,22.417298052459955
16,1024,1,45,22.051584243774414,22.073779022321105
16,1024,1,46,22.119264602661133,22.143615991808474
16,1024,1,47,22.058687210083008,22.086685057729483
16,1024,1,48,22.51532745361328,22.550589055754244
16,1024,1,49,22.114208221435547,22.136615007184446
16,1024,1,50,22.168447494506836,22.19028805848211
16,1024,1,51,22.084447860717773,22.106274031102657
16,1024,1,52,22.480928421020508,22.502826061099768
16,1024,1,53,22.137855529785156,22.159985965117812
16,1024,1,54,22.17363166809082,22.19539205543697
16,1024,1,55,22.147872924804688,22.171973017975688
16,1024,1,56,22.48863983154297,22.510822978802025
16,1024,1,57,22.168415069580078,22.190709016285837
16,1024,1,58,22.205791473388672,22.22800604067743
16,1024,1,59,22.126144409179688,22.148092044517398
16,1024,1,60,22.5416316986084,22.563767968676984
16,1024,1,61,22.188608169555664,22.210352937690914
16,1024,1,62,22.283296585083008,22.305627935566008
16,1024,1,63,22.19708824157715,22.219157894141972
16,1024,2,1,25.041439056396484,25.06606501992792
16,1024,2,2,22.519168853759766,22.54230307880789
16,1024,2,3,22.094079971313477,22.117394022643566
16,1024,2,4,22.37696075439453,22.39931293297559
16,1024,2,5,22.021631240844727,22.043452016077936
16,1024,2,6,21.803936004638672,21.825770963914692
16,1024,2,7,21.788864135742188,21.81123197078705
16,1024,2,8,22.10198402404785,22.124149021692574
16,1024,2,9,21.805376052856445,21.827514050528407
16,1024,2,10,21.84422492980957,21.86695404816419
16,1024,2,11,21.808671951293945,21.83161594439298
16,1024,2,12,22.16592025756836,22.189926938153803
16,1024,2,13,21.862943649291992,21.88510203268379
16,1024,2,14,21.895584106445312,21.91809902433306
16,1024,2,15,21.84783935546875,21.870011929422617
16,1024,2,16,22.18454360961914,22.206661058589816
16,1024,2,17,21.86992073059082,21.89284097403288
16,1024,2,18,21.86412811279297,21.886855945922434
16,1024,2,19,21.799392700195312,21.822162088938057
16,1024,2,20,22.17510414123535,22.197817103005946
16,1024,2,21,21.860864639282227,21.883144974708557
16,1024,2,22,21.888736724853516,21.910305018536747
16,1024,2,23,21.84739112854004,21.87021996360272
16,1024,2,24,22.214656829833984,22.237730911001563
16,1024,2,25,21.89472007751465,21.918118000030518
16,1024,2,26,21.93142318725586,21.955036907456815
16,1024,2,27,21.870655059814453,21.89328009262681
16,1024,2,28,22.240768432617188,22.26393495220691
16,1024,2,29,21.9322566986084,21.955334930680692
16,1024,2,30,21.95257568359375,21.974958013743162
16,1024,2,31,21.923583984375,21.945687010884285
16,1024,2,32,22.284128189086914,22.306328057311475
16,1024,2,33,21.95827293395996,21.980662015266716
16,1024,2,34,21.98860740661621,22.010801010765135
16,1024,2,35,21.990816116333008,22.014627000316978
16,1024,2,36,22.324607849121094,22.34712801873684
16,1024,2,37,21.981151580810547,22.003729944117367
16,1024,2,38,22.024383544921875,22.04675506800413
16,1024,2,39,21.953632354736328,21.97605196852237
16,1024,2,40,22.343679428100586,22.36618602182716
16,1024,2,41,22.020191192626953,22.042671917006373
16,1024,2,42,22.079008102416992,22.100676083937287
16,1024,2,43,22.014720916748047,22.037443006411195
16,1024,2,44,22.407520294189453,22.430787910707295
16,1024,2,45,22.051904678344727,22.075037006288767
16,1024,2,46,22.12678337097168,22.148450021632016
16,1024,2,47,22.07792091369629,22.100449888966978
16,1024,2,48,22.42892837524414,22.451146971434355
16,1024,2,49,22.09337615966797,22.11554697714746
16,1024,2,50,22.131999969482422,22.154610021971166
16,1024,2,51,22.081727981567383,22.104318952187896
16,1024,2,52,22.486175537109375,22.508775000460446
16,1024,2,53,22.15180778503418,22.175053018145263
16,1024,2,54,22.18060874938965,22.20283995848149
16,1024,2,55,22.142879486083984,22.16570801101625
16,1024,2,56,22.512287139892578,22.535476949997246
16,1024,2,57,22.14828872680664,22.17071200720966
16,1024,2,58,22.222335815429688,22.244627005420625
16,1024,2,59,22.14406394958496,22.166848997585475
16,1024,2,60,22.52707290649414,22.549187997356057
16,1024,2,61,22.18889617919922,22.210788098163903
16,1024,2,62,22.261184692382812,22.28465408552438
16,1024,2,63,22.18275260925293,22.20419200602919
16,1024,3,1,24.99625587463379,25.025158072821796
16,1024,3,2,22.61520004272461,22.639129078015685
16,1024,3,3,22.443775177001953,22.46551204007119
16,1024,3,4,22.1727352142334,22.194966906681657
16,1024,3,5,21.802400588989258,21.82668901514262
16,1024,3,6,21.806400299072266,21.827892982400954
16,1024,3,7,21.786815643310547,21.809348021633923
16,1024,3,8,22.12931251525879,22.151916986331344
16,1024,3,9,21.856735229492188,21.881522960029542
16,1024,3,10,21.900096893310547,21.924345986917615
16,1024,3,11,21.831647872924805,21.85367897618562
16,1024,3,12,22.178495407104492,22.201390005648136
16,1024,3,13,21.85055923461914,21.87318296637386
16,1024,3,14,21.86639976501465,21.889227908104658
16,1024,3,15,21.863712310791016,21.886114962399006
16,1024,3,16,22.2007999420166,22.22319901920855
16,1024,3,17,21.871679306030273,21.893170080147684
16,1024,3,18,21.850719451904297,21.87292301096022
16,1024,3,19,21.805631637573242,21.828776923939586
16,1024,3,20,22.154272079467773,22.175696911290288
16,1024,3,21,21.83839988708496,21.860079024918377
16,1024,3,22,21.88960075378418,21.911286050453782
16,1024,3,23,21.868896484375,21.890269010327756
16,1024,3,24,22.202112197875977,22.224131040275097
16,1024,3,25,21.898975372314453,21.92113210912794
16,1024,3,26,21.921567916870117,21.94449701346457
16,1024,3,27,21.86342430114746,21.885456051677465
16,1024,3,28,22.250656127929688,22.275119903497398
16,1024,3,29,21.93062400817871,21.95245900657028
16,1024,3,30,21.964832305908203,21.987198037095368
16,1024,3,31,21.924352645874023,21.946729975752532
16,1024,3,32,22.273088455200195,22.29869901202619
16,1024,3,33,21.95484733581543,21.978916018269956
16,1024,3,34,22.002592086791992,22.025207057595253
16,1024,3,35,21.951135635375977,21.972613059915602
16,1024,3,36,22.328096389770508,22.35002291854471
16,1024,3,37,21.982751846313477,22.005092003382742
16,1024,3,38,22.032127380371094,22.05406699795276
16,1024,3,39,21.973791122436523,21.99591090902686
16,1024,3,40,22.352895736694336,22.374930907972157
16,1024,3,41,22.026016235351562,22.048405022360384
16,1024,3,42,22.096288681030273,22.11905107833445
16,1024,3,43,22.01785659790039,22.04035595059395
16,1024,3,44,22.404991149902344,22.42730010766536
16,1024,3,45,22.064416885375977,22.086673066951334
16,1024,3,46,22.113632202148438,22.136221989057958
16,1024,3,47,22.057695388793945,22.07944798283279
16,1024,3,48,22.437952041625977,22.460549022071064
16,1024,3,49,22.111967086791992,22.134798928163946
16,1024,3,50,22.15135955810547,22.173614939674735
16,1024,3,51,22.094528198242188,22.118424996733665
16,1024,3,52,22.463424682617188,22.485365974716842
16,1024,3,53,22.13580894470215,22.158125997520983
16,1024,3,54,22.16886329650879,22.190517047420144
16,1024,3,55,22.12259292602539,22.144714021123946
16,1024,3,56,22.498016357421875,22.51986798364669
16,1024,3,57,22.160703659057617,22.182915010489523
16,1024,3,58,22.20479965209961,22.22738799173385
16,1024,3,59,22.15273666381836,22.174548008479178
16,1024,3,60,22.547136306762695,22.570405970327556
16,1024,3,61,22.171072006225586,22.19304407481104
16,1024,3,62,22.268352508544922,22.289638058282435
16,1024,3,63,22.19980812072754,22.220565006136894
16,1024,4,1,25.249088287353516,25.27358802035451
16,1024,4,2,22.655359268188477,22.678454988636076
16,1024,4,3,22.08451271057129,22.106637014076114
16,1024,4,4,22.296384811401367,22.31902803760022
16,1024,4,5,21.91324806213379,21.935631055384874
16,1024,4,6,21.857440948486328,21.87894599046558
16,1024,4,7,21.790943145751953,21.81351592298597
16,1024,4,8,22.15407943725586,22.178212995640934
16,1024,4,9,21.784095764160156,21.80606801994145
16,1024,4,10,21.848512649536133,21.87301905360073
16,1024,4,11,21.79484748840332,21.817320957779884
16,1024,4,12,22.154783248901367,22.177465027198195
16,1024,4,13,21.848575592041016,21.87061100266874
16,1024,4,14,21.87424087524414,21.896718069911003
16,1024,4,15,21.861087799072266,21.883476059883833
16,1024,4,16,22.210655212402344,22.232442046515644
16,1024,4,17,21.891231536865234,21.91432099789381
16,1024,4,18,21.91801643371582,21.93981094751507
16,1024,4,19,21.812255859375,21.83468302246183
16,1024,4,20,22.135456085205078,22.157894913107157
16,1024,4,21,21.815231323242188,21.838471991941333
16,1024,4,22,21.8558406829834,21.878114086575806
16,1024,4,23,21.820064544677734,21.842161077074707
16,1024,4,24,22.215328216552734,22.237474098801613
16,1024,4,25,21.883615493774414,21.90639392938465
16,1024,4,26,21.936992645263672,21.96079900022596
16,1024,4,27,21.868255615234375,21.89055096823722
16,1024,4,28,22.236703872680664,22.259527002461255
16,1024,4,29,21.920032501220703,21.94247394800186
16,1024,4,30,21.93631935119629,21.95878408383578
16,1024,4,31,21.925983428955078,21.951206028461456
16,1024,4,32,22.283903121948242,22.305913968011737
16,1024,4,33,21.95145606994629,21.973519935272634
16,1024,4,34,21.990816116333008,22.013177978806198
16,1024,4,35,21.953344345092773,21.97732706554234
16,1024,4,36,22.34182357788086,22.363650961779058
16,1024,4,37,21.993183135986328,22.01563399285078
16,1024,4,38,22.01785659790039,22.0414629438892
16,1024,4,39,21.96588706970215,21.988415042869747
16,1024,4,40,22.31670379638672,22.339961025863886
16,1024,4,41,22.03343963623047,22.056009038351476
16,1024,4,42,22.074560165405273,22.09702506661415
16,1024,4,43,22.002527236938477,22.025021957233548
16,1024,4,44,22.42630386352539,22.448163013905287
16,1024,4,45,22.050111770629883,22.0726189436391
16,1024,4,46,22.104703903198242,22.12694298941642
16,1024,4,47,22.052095413208008,22.074036998674273
16,1024,4,48,22.434240341186523,22.456653066910803
16,1024,4,49,22.102079391479492,22.125779069028795
16,1024,4,50,22.166112899780273,22.188939969055355
16,1024,4,51,22.0863037109375,22.10830000694841
16,1024,4,52,22.46566390991211,22.488381946459413
16,1024,4,53,22.150495529174805,22.17226300854236
16,1024,4,54,22.18217658996582,22.204392938874662
16,1024,4,55,22.12486457824707,22.146874107420444
16,1024,4,56,22.492511749267578,22.514422074891627
16,1024,4,57,22.15318489074707,22.175599937327206
16,1024,4,58,22.228479385375977,22.252587019465864
16,1024,4,59,22.15331268310547,22.175013087689877
16,1024,4,60,22.523616790771484,22.545624990016222
16,1024,4,61,22.197919845581055,22.219898994080722
16,1024,4,62,22.271072387695312,22.293185931630433
16,1024,4,63,22.19308853149414,22.215437958948314
16,1024,5,1,25.014432907104492,25.03910195082426
16,1024,5,2,22.31603240966797,22.339103976264596
16,1024,5,3,22.089696884155273,22.112709004431963
16,1024,5,4,22.263551712036133,22.285750950686634
16,1024,5,5,21.795679092407227,21.817761939018965
16,1024,5,6,21.803775787353516,21.825936972163618
16,1024,5,7,21.77814483642578,21.800698013976216
16,1024,5,8,22.10655975341797,22.12910505477339
16,1024,5,9,21.814912796020508,21.836782922036946
16,1024,5,10,21.853984832763672,21.876171929761767
16,1024,5,11,21.80950355529785,21.831922000274062
16,1024,5,12,22.139488220214844,22.16251299250871
16,1024,5,13,21.855968475341797,21.87832596246153
16,1024,5,14,21.881248474121094,21.904141060076654
16,1024,5,15,21.858591079711914,21.88275509979576
16,1024,5,16,22.210111618041992,22.232485003769398
16,1024,5,17,21.879840850830078,21.90275304019451
16,1024,5,18,21.83500862121582,21.85802790336311
16,1024,5,19,21.808544158935547,21.831533988006413
16,1024,5,20,22.17078399658203,22.193833952769637
16,1024,5,21,21.862016677856445,21.884436951950192
16,1024,5,22,21.888704299926758,21.91153704188764
16,1024,5,23,21.85353660583496,21.875574020668864
16,1024,5,24,22.21049690246582,22.23425207193941
16,1024,5,25,21.884191513061523,21.906842943280935
16,1024,5,26,21.91974449157715,21.9426789553836
16,1024,5,27,21.87513542175293,21.89740806352347
16,1024,5,28,22.237472534179688,22.260201978497207
16,1024,5,29,21.9182071685791,21.94081002380699
16,1024,5,30,21.936416625976562,21.959170000627637
16,1024,5,31,21.949567794799805,21.97336801327765
16,1024,5,32,22.271968841552734,22.29481702670455
16,1024,5,33,21.99225616455078,22.0169109525159
16,1024,5,34,21.985376358032227,22.008902044035494
16,1024,5,35,21.97279930114746,21.995731978677213
16,1024,5,36,22.330272674560547,22.353220032528043
16,1024,5,37,21.98521614074707,22.007445921190083
16,1024,5,38,22.024703979492188,22.047730977647007
16,1024,5,39,21.98371124267578,22.006348939612508
16,1024,5,40,22.34569549560547,22.36784005071968
16,1024,5,41,22.00534439086914,22.028365056030452
16,1024,5,42,22.099008560180664,22.122105001471937
16,1024,5,43,22.01568031311035,22.037708084098995
16,1024,5,44,22.40336036682129,22.42570195812732
16,1024,5,45,22.06172752380371,22.084217984229326
16,1024,5,46,22.112159729003906,22.134755039587617
16,1024,5,47,22.063583374023438,22.085395990870893
16,1024,5,48,22.451295852661133,22.473587072454393
16,1024,5,49,22.099872589111328,22.122389054857194
16,1024,5,50,22.146207809448242,22.16961805243045
16,1024,5,51,22.094303131103516,22.118426044471562
16,1024,5,52,22.48534393310547,22.507610032334924
16,1024,5,53,22.135168075561523,22.157585015520453
16,1024,5,54,22.17545509338379,22.19883305951953
16,1024,5,55,22.13363265991211,22.156842052936554
16,1024,5,56,22.503807067871094,22.52650901209563
16,1024,5,57,22.15532875061035,22.177926963195205
16,1024,5,58,22.227872848510742,22.250297013670206
16,1024,5,59,22.153343200683594,22.17550901696086
16,1024,5,60,22.53923225402832,22.563294041901827
16,1024,5,61,22.19353675842285,22.21612399443984
16,1024,5,62,22.279071807861328,22.301692981272936
16,1024,5,63,22.180543899536133,22.20345998648554
16,1024,6,1,25.465024948120117,25.498425005935133
16,1024,6,2,22.696256637573242,22.71892409771681
16,1024,6,3,22.205791473388672,22.22825796343386
16,1024,6,4,22.27734375,22.299704025499523
16,1024,6,5,21.916736602783203,21.93884691223502
16,1024,6,6,21.80838394165039,21.830789046362042
16,1024,6,7,21.78348731994629,21.80589607451111
16,1024,6,8,22.143936157226562,22.168313967995346
16,1024,6,9,21.826688766479492,21.849491051398218
16,1024,6,10,21.853343963623047,21.87603199854493
16,1024,6,11,21.82908821105957,21.850822027772665
16,1024,6,12,22.166976928710938,22.189188981428742
16,1024,6,13,21.867584228515625,21.89003210514784
16,1024,6,14,21.873695373535156,21.895944024436176
16,1024,6,15,21.848928451538086,21.870911004953086
16,1024,6,16,22.193376541137695,22.21557905431837
16,1024,6,17,21.88764762878418,21.911531104706228
16,1024,6,18,21.880863189697266,21.903674001805484
16,1024,6,19,21.804000854492188,21.826140000484884
16,1024,6,20,22.125951766967773,22.147489013150334
16,1024,6,21,21.841279983520508,21.86287206131965
16,1024,6,22,21.854175567626953,21.875911043025553
16,1024,6,23,21.81996726989746,21.841898909769952
16,1024,6,24,22.20140838623047,22.223429987207055
16,1024,6,25,21.892192840576172,21.914231008850038
16,1024,6,26,21.92310333251953,21.944986074231565
16,1024,6,27,21.888351440429688,21.909739007242024
16,1024,6,28,22.23129653930664,22.2528709564358
16,1024,6,29,21.944543838500977,21.967529086396098
16,1024,6,30,21.94915199279785,21.971223992295563
16,1024,6,31,21.952320098876953,21.975342999212444
16,1024,6,32,22.286495208740234,22.308758925646544
16,1024,6,33,21.955839157104492,21.977678989060223
16,1024,6,34,21.989408493041992,22.011678898707032
16,1024,6,35,21.958463668823242,21.980618010275066
16,1024,6,36,22.3240966796875,22.345954086631536
16,1024,6,37,21.982656478881836,22.005427978001535
16,1024,6,38,22.028671264648438,22.051663952879608
16,1024,6,39,21.994464874267578,22.016769042238593
16,1024,6,40,22.3687686920166,22.391806938685477
16,1024,6,41,22.01945686340332,22.041309042833745
16,1024,6,42,22.070560455322266,22.092382074333727
16,1024,6,43,21.999584197998047,22.02140900772065
16,1024,6,44,22.39241600036621,22.41444995161146
16,1024,6,45,22.069984436035156,22.091953083872795
16,1024,6,46,22.128864288330078,22.150806966237724
16,1024,6,47,22.063135147094727,22.08568702917546
16,1024,6,48,22.434207916259766,22.45669101830572
16,1024,6,49,22.13225555419922,22.156782913953066
16,1024,6,50,22.16111946105957,22.18341501429677
16,1024,6,51,22.07391929626465,22.096769069321454
16,1024,6,52,22.45804786682129,22.480355924926698
16,1024,6,53,22.132320404052734,22.154591977596283
16,1024,6,54,22.174976348876953,22.19684305600822
16,1024,6,55,22.1278076171875,22.15132594574243
16,1024,6,56,22.490175247192383,22.512911935336888
16,1024,6,57,22.15078353881836,22.17385300900787
16,1024,6,58,22.243392944335938,22.267212043516338
16,1024,6,59,22.11369514465332,22.135748993605375
16,1024,6,60,22.523359298706055,22.545240935869515
16,1024,6,61,22.19808006286621,22.220319020561874
16,1024,6,62,22.25676727294922,22.2791739506647
16,1024,6,63,22.20150375366211,22.223636973649263
16,4096,0,1,67.01971435546875,67.05045991111547
16,4096,0,2,54.05964660644531,54.08507806714624
16,4096,0,3,54.22227096557617,54.24504401162267
16,4096,0,4,53.991294860839844,54.01446204632521
16,4096,0,5,54.009056091308594,54.0316510014236
16,4096,0,6,54.53414535522461,54.556261049583554
16,4096,0,7,55.091041564941406,55.11659907642752
16,4096,0,8,54.468257904052734,54.4920900138095
16,4096,0,9,54.110816955566406,54.13574900012463
16,4096,0,10,54.18735885620117,54.21235994435847
16,4096,0,11,54.78464126586914,54.80907403398305
16,4096,0,12,54.50457763671875,54.5269139111042
16,4096,0,13,54.15315246582031,54.17698691599071
16,4096,0,14,54.19782257080078,54.222292033955455
16,4096,0,15,54.784671783447266,54.80809905566275
16,4096,0,16,54.488929748535156,54.51279494445771
16,4096,0,17,54.204673767089844,54.227754939347506
16,4096,0,18,54.30489730834961,54.3296670075506
16,4096,0,19,54.833343505859375,54.85643504653126
16,4096,0,20,54.532833099365234,54.55834500025958
16,4096,0,21,54.216064453125,54.23909204546362
16,4096,0,22,54.313438415527344,54.338066023774445
16,4096,0,23,54.84812927246094,54.8729250440374
16,4096,0,24,54.548160552978516,54.57610299345106
16,4096,0,25,54.24812698364258,54.27176097873598
16,4096,0,26,54.38137435913086,54.40575606189668
16,4096,0,27,54.866302490234375,54.88979700021446
16,4096,0,28,54.59628677368164,54.620324983261526
16,4096,0,29,54.346527099609375,54.37101307325065
16,4096,0,30,54.407806396484375,54.430996999144554
16,4096,0,31,54.9040641784668,54.92889601737261
16,4096,0,32,54.61417770385742,54.64084888808429
16,4096,0,33,54.376094818115234,54.402781068347394
16,4096,0,34,54.426143646240234,54.44879096467048
16,4096,0,35,54.92201614379883,54.94773597456515
16,4096,0,36,54.66892623901367,54.691224941052496
16,4096,0,37,54.399681091308594,54.42255607340485
16,4096,0,38,54.44492721557617,54.46784303057939
16,4096,0,39,54.942047119140625,54.9646969884634
16,4096,0,40,54.68627166748047,54.712153039872646
16,4096,0,41,54.4189453125,54.44229010026902
16,4096,0,42,54.487327575683594,54.511294001713395
16,4096,0,43,54.98191833496094,55.00606901478022
16,4096,0,44,54.78838348388672,54.81456499546766
16,4096,0,45,54.46332931518555,54.486935026943684
16,4096,0,46,54.50467300415039,54.53103699255735
16,4096,0,47,55.04316711425781,55.06579705979675
16,4096,0,48,54.78656005859375,54.81001897715032
16,4096,0,49,54.512351989746094,54.53570606186986
16,4096,0,50,54.51744079589844,54.54136792104691
16,4096,0,51,55.09040069580078,55.114986025728285
16,4096,0,52,54.824607849121094,54.85150997992605
16,4096,0,53,54.531105041503906,54.55555103253573
16,4096,0,54,54.5557746887207,54.5796969672665
16,4096,0,55,55.134368896484375,55.15889800153673
16,4096,0,56,54.83206558227539,54.855128983035684
16,4096,0,57,54.538848876953125,54.56351803150028
16,4096,0,58,54.631168365478516,54.653125000186265
16,4096,0,59,55.19606399536133,55.21852301899344
16,4096,0,60,54.90572738647461,54.93103398475796
16,4096,0,61,54.59040069580078,54.61325997021049
16,4096,0,62,54.67087936401367,54.702889057807624
16,4096,0,63,55.35222244262695,55.37576600909233
16,4096,1,1,65.87792205810547,65.90813596267253
16,4096,1,2,55.38451385498047,55.40823098272085
16,4096,1,3,54.979679107666016,55.0037850625813
16,4096,1,4,54.712318420410156,54.735247045755386
16,4096,1,5,54.428863525390625,54.453067015856504
16,4096,1,6,54.44316864013672,54.4663870241493
16,4096,1,7,54.998592376708984,55.022013024427
16,4096,1,8,54.424991607666016,54.4469750020653
16,4096,1,9,54.119041442871094,54.141795029863715
16,4096,1,10,54.19366455078125,54.21603098511696
16,4096,1,11,54.79414367675781,54.81703800614923
16,4096,1,12,54.50627136230469,54.530414985492826
16,4096,1,13,54.15715026855469,54.181090905331075
16,4096,1,14,54.260032653808594,54.28434698842466
16,4096,1,15,54.80524826049805,54.82795101124793
16,4096,1,16,54.49052810668945,54.51478995382786
16,4096,1,17,54.20329666137695,54.22576598357409
16,4096,1,18,54.31526565551758,54.338629939593375
16,4096,1,19,54.81808090209961,54.840606986545026
16,4096,1,20,54.56016159057617,54.58319606259465
16,4096,1,21,54.237632751464844,54.259397089481354
16,4096,1,22,54.31711959838867,54.34032005723566
16,4096,1,23,54.85065460205078,54.87531900871545
16,4096,1,24,54.532222747802734,54.554914007894695
16,4096,1,25,54.285888671875,54.31084905285388
16,4096,1,26,54.366207122802734,54.38919295556843
16,4096,1,27,54.85910415649414,54.88287401385605
16,4096,1,28,54.60559844970703,54.627757985144854
16,4096,1,29,54.3507194519043,54.37468795571476
16,4096,1,30,54.361663818359375,54.38418104313314
16,4096,1,31,54.92377471923828,54.94853900745511
16,4096,1,32,54.636417388916016,54.65949897188693
16,4096,1,33,54.36918258666992,54.39155094791204
16,4096,1,34,54.421409606933594,54.445164976641536
16,4096,1,35,54.89718246459961,54.919788031838834
16,4096,1,36,54.70969772338867,54.73333201371133
16,4096,1,37,54.404640197753906,54.4270999962464
16,4096,1,38,54.39139175415039,54.41511399112642
16,4096,1,39,54.95328140258789,54.97635097708553
16,4096,1,40,54.719200134277344,54.74332196172327
16,4096,1,41,54.43280029296875,54.45556901395321
16,4096,1,42,54.46156692504883,54.48420997709036
16,4096,1,43,55.02143859863281,55.04398501943797
16,4096,1,44,54.777278900146484,54.800158948637545
16,4096,1,45,54.483070373535156,54.50785206630826
16,4096,1,46,54.49692916870117,54.519733996130526
16,4096,1,47,55.115169525146484,55.14012195635587
16,4096,1,48,54.80227279663086,54.8257710179314
16,4096,1,49,54.4951057434082,54.51982805971056
16,4096,1,50,54.55516815185547,54.57794398535043
16,4096,1,51,55.114112854003906,55.138873984105885
16,4096,1,52,54.86252975463867,54.88655704539269
16,4096,1,53,54.48057556152344,54.50314993504435
16,4096,1,54,54.58784103393555,54.61132398340851
16,4096,1,55,55.14252853393555,55.166034027934074
16,4096,1,56,54.86201477050781,54.886935045942664
16,4096,1,57,54.55286407470703,54.5761629473418
16,4096,1,58,54.598304748535156,54.62226702366024
16,4096,1,59,55.13788986206055,55.16067403368652
16,4096,1,60,54.93929672241211,54.963042959570885
16,4096,1,61,54.610721588134766,54.63210691232234
16,4096,1,62,54.625823974609375,54.65004302095622
16,4096,1,63,55.2262077331543,55.248300079256296
16,4096,2,1,65.9797134399414,66.00943696685135
16,4096,2,2,56.2476806640625,56.27020902466029
16,4096,2,3,55.00716781616211,55.02927990164608
16,4096,2,4,54.73932647705078,54.76346495561302
16,4096,2,5,54.448734283447266,54.471134091727436
16,4096,2,6,54.49923324584961,54.524443927221
16,4096,2,7,55.01046371459961,55.03301101271063
16,4096,2,8,54.47715377807617,54.50254096649587
16,4096,2,9,54.131103515625,54.153852979652584
16,4096,2,10,54.185665130615234,54.20909507665783
16,4096,2,11,54.74582290649414,54.76878897752613
16,4096,2,12,54.4983024597168,54.52385300304741
16,4096,2,13,54.181278228759766,54.204304004088044
16,4096,2,14,54.19007873535156,54.21236390247941
16,4096,2,15,54.814815521240234,54.8389219911769
16,4096,2,16,54.520606994628906,54.54303603619337
16,4096,2,17,54.20198440551758,54.22522802837193
16,4096,2,18,54.267486572265625,54.289511987008154
16,4096,2,19,54.84636688232422,54.87060802988708
16,4096,2,20,54.56217575073242,54.58466894924641
16,4096,2,21,54.23516845703125,54.258678923361
16,4096,2,22,54.27417755126953,54.295865003950894
16,4096,2,23,54.83932876586914,54.86189294606447
16,4096,2,24,54.53084945678711,54.552702931687236
16,4096,2,25,54.23759841918945,54.2593760183081
16,4096,2,26,54.351295471191406,54.37466502189636
16,4096,2,27,54.900672912597656,54.92258304730058
16,4096,2,28,54.61897659301758,54.64313901029527
16,4096,2,29,54.280609130859375,54.30453096050769
16,4096,2,30,54.40883255004883,54.433326004073024
16,4096,2,31,54.912288665771484,54.93478802964091
16,4096,2,32,54.61209487915039,54.63774595409632
16,4096,2,33,54.33603286743164,54.35790098272264
16,4096,2,34,54.41312026977539,54.43577200639993
16,4096,2,35,54.90652847290039,54.929041070863605
16,4096,2,36,54.64585494995117,54.66773803345859
16,4096,2,37,54.384830474853516,54.40889403689653
16,4096,2,38,54.44675064086914,54.470233037136495
16,4096,2,39,54.954559326171875,54.981168010272086
16,4096,2,40,54.660865783691406,54.68708497937769
16,4096,2,41,54.46995162963867,54.49455894995481
16,4096,2,42,54.472129821777344,54.49653300456703
16,4096,2,43,55.0016975402832,55.025617009960115
16,4096,2,44,54.77840042114258,54.801542893983424
16,4096,2,45,54.458560943603516,54.480610066093504
16,4096,2,46,54.490623474121094,54.51284407172352
16,4096,2,47,55.01747131347656,55.039674043655396
16,4096,2,48,54.80796813964844,54.83127397019416
16,4096,2,49,54.53472137451172,54.557743947952986
16,4096,2,50,54.53478240966797,54.5577360317111
16,4096,2,51,55.043392181396484,55.065633030608296
16,4096,2,52,54.853057861328125,54.876846028491855
16,4096,2,53,54.51612854003906,54.538700031116605
16,4096,2,54,54.55625534057617,54.58139698021114
16,4096,2,55,55.12384033203125,55.14553689863533
16,4096,2,56,54.862144470214844,54.888359969481826
16,4096,2,57,54.515872955322266,54.537978023290634
16,4096,2,58,54.614688873291016,54.63800590950996
16,4096,2,59,55.187904357910156,55.21176301408559
16,4096,2,60,54.93439865112305,54.95705199427903
16,4096,2,61,54.61043167114258,54.63436897844076
16,4096,2,62,54.64006423950195,54.66357001569122
16,4096,2,63,55.246849060058594,55.27011107187718
16,4096,3,1,65.93881225585938,65.96873502712697
16,4096,3,2,54.06816101074219,54.0926109533757
16,4096,3,3,54.212833404541016,54.23456197604537
16,4096,3,4,54.009727478027344,54.03438396751881
16,4096,3,5,54.05392074584961,54.07634598668665
16,4096,3,6,54.46102523803711,54.483584011904895
16,4096,3,7,55.04560089111328,55.067564942874014
16,4096,3,8,54.433921813964844,54.456775076687336
16,4096,3,9,54.125823974609375,54.14932803250849
16,4096,3,10,54.17219161987305,54.19450206682086
16,4096,3,11,54.769248962402344,54.792451090179384
16,4096,3,12,54.46915054321289,54.49322797358036
16,4096,3,13,54.15331268310547,54.17722195852548
16,4096,3,14,54.194942474365234,54.21754298731685
16,4096,3,15,54.79734420776367,54.82241103891283
16,4096,3,16,54.51276779174805,54.535708972252905
16,4096,3,17,54.21974563598633,54.24359906464815
16,4096,3,18,54.30934524536133,54.331338964402676
16,4096,3,19,54.82428741455078,54.84691204037517
16,4096,3,20,54.555519104003906,54.58425101824105
16,4096,3,21,54.21903991699219,54.24167402088642
16,4096,3,22,54.307743072509766,54.334055981598794
16,4096,3,23,54.840641021728516,54.86412299796939
16,4096,3,24,54.52431869506836,54.54849905800074
16,4096,3,25,54.25526428222656,54.27808000240475
16,4096,3,26,54.392574310302734,54.41691691521555
16,4096,3,27,54.866878509521484,54.89046196453273
16,4096,3,28,54.609439849853516,54.63243101257831
16,4096,3,29,54.315425872802734,54.341383976861835
16,4096,3,30,54.406494140625,54.43183099851012
16,4096,3,31,54.91193771362305,54.9353719688952
16,4096,3,32,54.597408294677734,54.62015001103282
16,4096,3,33,54.36531066894531,54.388870019465685
16,4096,3,34,54.40947341918945,54.43263903725892
16,4096,3,35,54.90764617919922,54.93191897403449
16,4096,3,36,54.65647888183594,54.67896908521652
16,4096,3,37,54.409664154052734,54.4350539566949
16,4096,3,38,54.41436767578125,54.43799996282905
16,4096,3,39,54.9738883972168,54.99958002474159
16,4096,3,40,54.69385528564453,54.717460996471345
16,4096,3,41,54.41875076293945,54.442394990473986
16,4096,3,42,54.45993423461914,54.48383907787502
16,4096,3,43,54.97955322265625,55.001902976073325
16,4096,3,44,54.790462493896484,54.814590024761856
16,4096,3,45,54.4633903503418,54.4860950903967
16,4096,3,46,54.47983932495117,54.50430593919009
16,4096,3,47,55.05606460571289,55.07890693843365
16,4096,3,48,54.80524826049805,54.82900096103549
16,4096,3,49,54.495361328125,54.518960998393595
16,4096,3,50,54.517791748046875,54.5428660698235
16,4096,3,51,55.08678436279297,55.1093959948048
16,4096,3,52,54.84092712402344,54.863577941432595
16,4096,3,53,54.51830291748047,54.54350099898875
16,4096,3,54,54.550209045410156,54.57342998124659
16,4096,3,55,55.18207931518555,55.20558904390782
16,4096,3,56,54.8306884765625,54.85379893798381
16,4096,3,57,54.54374313354492,54.56775601487607
16,4096,3,58,54.62214279174805,54.64494903571904
16,4096,3,59,55.20345687866211,55.22939399816096
16,4096,3,60,54.893409729003906,54.91763900499791
16,4096,3,61,54.57961654663086,54.60257001686841
16,4096,3,62,54.69228744506836,54.71492710057646
16,4096,3,63,55.23158264160156,55.2546150283888
16,4096,4,1,65.12505340576172,65.15509902965277
16,4096,4,2,54.50806427001953,54.53422199934721
16,4096,4,3,54.81545639038086,54.837692994624376
16,4096,4,4,54.71123123168945,54.73508790601045
16,4096,4,5,54.428958892822266,54.453314980491996
16,4096,4,6,54.451297760009766,54.47417206596583
16,4096,4,7,55.01996612548828,55.04278605803847
16,4096,4,8,54.40409469604492,54.42674597725272
16,4096,4,9,54.13532638549805,54.15889201685786
16,4096,4,10,54.19968032836914,54.225328960455954
16,4096,4,11,54.753761291503906,54.778094054199755
16,4096,4,12,54.471073150634766,54.49429200962186
16,4096,4,13,54.15052795410156,54.1744630318135
16,4096,4,14,54.22576141357422,54.24841505009681
16,4096,4,15,54.7957763671875,54.81739598326385
16,4096,4,16,54.474239349365234,54.49933302588761
16,4096,4,17,54.1808967590332,54.20336301904172
16,4096,4,18,54.3152961730957,54.33925101533532
16,4096,4,19,54.80281448364258,54.827247047796845
16,4096,4,20,54.56367874145508,54.58957492373884
16,4096,4,21,54.23020935058594,54.25204895436764
16,4096,4,22,54.32115173339844,54.3452650308609
16,4096,4,23,54.807838439941406,54.830008069984615
16,4096,4,24,54.53180694580078,54.55621995497495
16,4096,4,25,54.27958297729492,54.30304491892457
16,4096,4,26,54.37913513183594,54.40177896525711
16,4096,4,27,54.83180618286133,54.85557101201266
16,4096,4,28,54.61891174316406,54.6404569176957
16,4096,4,29,54.343265533447266,54.367070901207626
16,4096,4,30,54.35347366333008,54.37688599340618
16,4096,4,31,54.90748977661133,54.93139394093305
16,4096,4,32,54.62937545776367,54.65229297988117
16,4096,4,33,54.37801742553711,54.402185953222215
16,4096,4,34,54.397727966308594,54.420092958025634
16,4096,4,35,54.91641616821289,54.94098400231451
16,4096,4,36,54.689727783203125,54.71133696846664
16,4096,4,37,54.40099334716797,54.42369310185313
16,4096,4,38,54.37919998168945,54.40197896678001
16,4096,4,39,54.969120025634766,54.99132990371436
16,4096,4,40,54.761470794677734,54.78760099504143
16,4096,4,41,54.449440002441406,54.4719030149281
16,4096,4,42,54.53023910522461,54.55445288680494
16,4096,4,43,55.074623107910156,55.09718891698867
16,4096,4,44,54.8441276550293,54.8673439770937
16,4096,4,45,54.51593780517578,54.53851795755327
16,4096,4,46,54.56911849975586,54.592980071902275
16,4096,4,47,55.10335922241211,55.125313927419484
16,4096,4,48,54.82998275756836,54.85198297537863
16,4096,4,49,54.594974517822266,54.61903102695942
16,4096,4,50,54.60268783569336,54.62534201797098
16,4096,4,51,55.1657600402832,55.193595006130636
16,4096,4,52,54.899166107177734,54.92169491481036
16,4096,4,53,54.6082878112793,54.63177396450192
16,4096,4,54,54.64723205566406,54.66963606886566
16,4096,4,55,55.19948959350586,55.223066941834986
16,4096,4,56,54.91193771362305,54.934472078457475
16,4096,4,57,54.63382339477539,54.6568549470976
16,4096,4,58,54.697025299072266,54.71981398295611
16,4096,4,59,55.24204635620117,55.26485096197575
16,4096,4,60,54.9984016418457,55.02292199525982
16,4096,4,61,54.65795135498047,54.68159809242934
16,4096,4,62,54.75494384765625,54.77990908548236
16,4096,4,63,55.262271881103516,55.28532399330288
16,4096,5,1,64.83193969726562,64.87315590493381
16,4096,5,2,54.68486404418945,54.708032053895295
16,4096,5,3,55.06089782714844,55.08536100387573
16,4096,5,4,54.77446365356445,54.798352997750044
16,4096,5,5,54.479679107666016,54.50522596947849
16,4096,5,6,54.529598236083984,54.55133900977671
16,4096,5,7,55.00998306274414,55.03213801421225
16,4096,5,8,54.54633712768555,54.56966196652502
16,4096,5,9,54.28412628173828,54.30876696482301
16,4096,5,10,54.28985595703125,54.31514198426157
16,4096,5,11,54.816993713378906,54.83901395928115
16,4096,5,12,54.56758499145508,54.59163000341505
16,4096,5,13,54.20915222167969,54.23303600400686
16,4096,5,14,54.291744232177734,54.316192981787026
16,4096,5,15,54.87801742553711,54.90116402506828
16,4096,5,16,54.57369613647461,54.599076975136995
16,4096,5,17,54.27052688598633,54.2923950124532
16,4096,5,18,54.355167388916016,54.376975051127374
16,4096,5,19,54.85859298706055,54.880389012396336
16,4096,5,20,54.643455505371094,54.66637492645532
16,4096,5,21,54.33919906616211,54.36368507798761
16,4096,5,22,54.3752326965332,54.404116002842784
16,4096,5,23,54.92473602294922,54.948250064626336
16,4096,5,24,54.62617492675781,54.648471996188164
16,4096,5,25,54.32815933227539,54.353061015717685
16,4096,5,26,54.39107131958008,54.413379984907806
16,4096,5,27,54.92729568481445,54.951907019130886
16,4096,5,28,54.68483352661133,54.707897012121975
16,4096,5,29,54.37724685668945,54.40234090201557
16,4096,5,30,54.447105407714844,54.469448048621416
16,4096,5,31,55.000640869140625,55.023181019350886
16,4096,5,32,54.70515060424805,54.72979904152453
16,4096,5,33,54.44377517700195,54.466641042381525
16,4096,5,34,54.484703063964844,54.508759058080614
16,4096,5,35,55.00291061401367,55.02581992186606
16,4096,5,36,54.76134490966797,54.78444101754576
16,4096,5,37,54.44745635986328,54.469737922772765
16,4096,5,38,54.49955368041992,54.52257709112018
16,4096,5,39,55.02707290649414,55.05003593862057
16,4096,5,40,54.7374382019043,54.76180498953909
16,4096,5,41,54.44230270385742,54.46456803474575
16,4096,5,42,54.55628967285156,54.578976007178426
16,4096,5,43,55.08784103393555,55.11491990182549
16,4096,5,44,54.80409622192383,54.82638208195567
16,4096,5,45,54.538814544677734,54.562004981562495
16,4096,5,46,54.56032180786133,54.582176031544805
16,4096,5,47,55.110816955566406,55.134589900262654
16,4096,5,48,54.84703826904297,54.87040092702955
16,4096,5,49,54.583614349365234,54.60644606500864
16,4096,5,50,54.60889434814453,54.63116604369134
16,4096,5,51,55.134849548339844,55.15632510650903
16,4096,5,52,54.91097640991211,54.93468791246414
16,4096,5,53,54.565185546875,54.5880189165473
16,4096,5,54,54.66896057128906,54.693624028004706
16,4096,5,55,55.19420623779297,55.21690007299185
16,4096,5,56,54.91766357421875,54.94179797824472
16,4096,5,57,54.61958312988281,54.642206989228725
16,4096,5,58,54.67817687988281,54.7034089686349
16,4096,5,59,55.236351013183594,55.258100968785584
16,4096,5,60,54.97568130493164,54.99992496334016
16,4096,5,61,54.65030288696289,54.67197997495532
16,4096,5,62,54.73177719116211,54.7539220424369
16,4096,5,63,55.31100845336914,55.33534905407578
16,4096,6,1,70.57542419433594,70.60596393421292
16,4096,6,2,54.29804611206055,54.32148999534547
16,4096,6,3,54.545310974121094,54.56968699581921
16,4096,6,4,54.656768798828125,54.681695997714996
16,4096,6,5,54.39235305786133,54.414696991443634
16,4096,6,6,54.45065689086914,54.474461008794606
16,4096,6,7,54.9769287109375,54.99930400401354
16,4096,6,8,54.52870559692383,54.55412296578288
16,4096,6,9,54.200225830078125,54.22231205739081
16,4096,6,10,54.24505615234375,54.27274503745139
16,4096,6,11,54.80255889892578,54.8243320081383
16,4096,6,12,54.55651092529297,54.57961303181946
16,4096,6,13,54.253536224365234,54.27576100919396
16,4096,6,14,54.29635238647461,54.31854701600969
16,4096,6,15,54.83808135986328,54.86120202112943
16,4096,6,16,54.556640625,54.57967391703278
16,4096,6,17,54.30604934692383,54.33116597123444
16,4096,6,18,54.340511322021484,54.36353094410151
16,4096,6,19,54.854496002197266,54.878968046978116
16,4096,6,20,54.633056640625,54.65816904325038
16,4096,6,21,54.31283187866211,54.33603608980775
16,4096,6,22,54.33443069458008,54.3568980647251
16,4096,6,23,54.8950080871582,54.91699604317546
16,4096,6,24,54.61756896972656,54.63946703821421
16,4096,6,25,54.32195281982422,54.34605304617435
16,4096,6,26,54.40620803833008,54.430571966804564
16,4096,6,27,54.930335998535156,54.9531209981069
16,4096,6,28,54.703041076660156,54.72802300937474
16,4096,6,29,54.39401626586914,54.41757803782821
16,4096,6,30,54.437408447265625,54.46019000373781
16,4096,6,31,54.959808349609375,54.98242296744138
16,4096,6,32,54.703617095947266,54.726441972889006
16,4096,6,33,54.407711029052734,54.42948697600514
16,4096,6,34,54.46112060546875,54.48397493455559
16,4096,6,35,55.0002555847168,55.02368195448071
16,4096,6,36,54.758399963378906,54.781498038209975
16,4096,6,37,54.43008041381836,54.45361405145377
16,4096,6,38,54.50099182128906,54.52604696620256
16,4096,6,39,55.05219268798828,55.076509015634656
16,4096,6,40,54.75324630737305,54.776477976702154
16,4096,6,41,54.48406219482422,54.509056033566594
16,4096,6,42,54.53535842895508,54.55795500893146
16,4096,6,43,55.0750732421875,55.09948392864317
16,4096,6,44,54.82195281982422,54.84336998779327
16,4096,6,45,54.51708984375,54.53910899814218
16,4096,6,46,54.55344009399414,54.57639892119914
16,4096,6,47,55.139808654785156,55.161115946248174
16,4096,6,48,54.85615921020508,54.87980099860579
16,4096,6,49,54.57331085205078,54.59546507336199
16,4096,6,50,54.629695892333984,54.65570802334696
16,4096,6,51,55.1407356262207,55.16344390343875
16,4096,6,52,54.890464782714844,54.914338048547506
16,4096,6,53,54.563968658447266,54.585580015555024
16,4096,6,54,54.64940643310547,54.67245099134743
16,4096,6,55,55.19184112548828,55.2150170551613
16,4096,6,56,54.91414260864258,54.9359240103513
16,4096,6,57,54.63654327392578,54.661842063069344
16,4096,6,58,54.692222595214844,54.71454409416765
16,4096,6,59,55.22518539428711,55.24880706798285
16,4096,6,60,54.965694427490234,54.98843907844275
16,4096,6,61,54.674400329589844,54.69879903830588
16,4096,6,62,54.698814392089844,54.720725980587304
16,4096,6,63,55.287872314453125,55.31235202215612
