family,dtype,cache,m,n,k,reps,bytes,flops,footprint_bytes,sample,loops,ms,error,valid
copy,fp32,warm,0,1024,0,0,8192,0,8192,0,200,0.00341856013983488,0,1
copy,fp32,warm,0,1024,0,0,8192,0,8192,1,200,0.00345616019330919,0,1
copy,fp32,warm,0,1024,0,0,8192,0,8192,2,200,0.00334527995437384,0,1
copy,fp32,warm,0,1024,0,0,8192,0,8192,3,200,0.0033681602217257,0,1
copy,fp32,warm,0,1024,0,0,8192,0,8192,4,200,0.00342128006741405,0,1
copy,fp32,warm,0,1024,0,0,8192,0,8192,5,200,0.00340656004846096,0,1
copy,fp32,warm,0,1024,0,0,8192,0,8192,6,200,0.00353503995575011,0,1
add,fp32,warm,0,1024,0,0,12288,1024,12288,0,200,0.00357711990363896,0,1
add,fp32,warm,0,1024,0,0,12288,1024,12288,1,200,0.00363648007623851,0,1
add,fp32,warm,0,1024,0,0,12288,1024,12288,2,200,0.00338208000175655,0,1
add,fp32,warm,0,1024,0,0,12288,1024,12288,3,200,0.00316416006535292,0,1
add,fp32,warm,0,1024,0,0,12288,1024,12288,4,200,0.00309215998277068,0,1
add,fp32,warm,0,1024,0,0,12288,1024,12288,5,200,0.00305743981152773,0,1
add,fp32,warm,0,1024,0,0,12288,1024,12288,6,200,0.00307680014520884,0,1
triad,fp32,warm,0,1024,0,0,12288,2048,12288,0,200,0.00311263999901712,0,1
triad,fp32,warm,0,1024,0,0,12288,2048,12288,1,200,0.00305967987515032,0,1
triad,fp32,warm,0,1024,0,0,12288,2048,12288,2,200,0.00305904005654156,0,1
triad,fp32,warm,0,1024,0,0,12288,2048,12288,3,200,0.00302432011812925,0,1
triad,fp32,warm,0,1024,0,0,12288,2048,12288,4,200,0.00305072008632123,0,1
triad,fp32,warm,0,1024,0,0,12288,2048,12288,5,200,0.0031041600741446,0,1
triad,fp32,warm,0,1024,0,0,12288,2048,12288,6,200,0.00302720000036061,0,1
copy,fp32,warm,0,16384,0,0,131072,0,131072,0,200,0.0030361597891897,0,1
copy,fp32,warm,0,16384,0,0,131072,0,131072,1,200,0.00309360004030168,0,1
copy,fp32,warm,0,16384,0,0,131072,0,131072,2,200,0.00285488017834723,0,1
copy,fp32,warm,0,16384,0,0,131072,0,131072,3,200,0.00286255986429751,0,1
copy,fp32,warm,0,16384,0,0,131072,0,131072,4,200,0.00283648003824055,0,1
copy,fp32,warm,0,16384,0,0,131072,0,131072,5,200,0.00285151996649802,0,1
copy,fp32,warm,0,16384,0,0,131072,0,131072,6,200,0.0028561600483954,0,1
add,fp32,warm,0,16384,0,0,196608,16384,196608,0,200,0.00285712000913918,0,1
add,fp32,warm,0,16384,0,0,196608,16384,196608,1,200,0.002903199987486,0,1
add,fp32,warm,0,16384,0,0,196608,16384,196608,2,200,0.00270336004905403,0,1
add,fp32,warm,0,16384,0,0,196608,16384,196608,3,200,0.00274991989135742,0,1
add,fp32,warm,0,16384,0,0,196608,16384,196608,4,200,0.00272464007139206,0,1
add,fp32,warm,0,16384,0,0,196608,16384,196608,5,200,0.00274543999694288,0,1
add,fp32,warm,0,16384,0,0,196608,16384,196608,6,200,0.00275184004567564,0,1
triad,fp32,warm,0,16384,0,0,196608,32768,196608,0,200,0.00273360009305179,0,1
triad,fp32,warm,0,16384,0,0,196608,32768,196608,1,200,0.00277536013163626,0,1
triad,fp32,warm,0,16384,0,0,196608,32768,196608,2,200,0.00273296004161239,0,1
triad,fp32,warm,0,16384,0,0,196608,32768,196608,3,200,0.00276719988323748,0,1
triad,fp32,warm,0,16384,0,0,196608,32768,196608,4,200,0.00274448003619909,0,1
triad,fp32,warm,0,16384,0,0,196608,32768,196608,5,200,0.00275072013027966,0,1
triad,fp32,warm,0,16384,0,0,196608,32768,196608,6,200,0.00273824017494917,0,1
copy,fp32,warm,0,262144,0,0,2097152,0,2097152,0,200,0.00364960008300841,0,1
copy,fp32,warm,0,262144,0,0,2097152,0,2097152,1,200,0.00379200000315905,0,1
copy,fp32,warm,0,262144,0,0,2097152,0,2097152,2,200,0.00399855989962816,0,1
copy,fp32,warm,0,262144,0,0,2097152,0,2097152,3,200,0.0041025597602129,0,1
copy,fp32,warm,0,262144,0,0,2097152,0,2097152,4,200,0.0040307198651135,0,1
copy,fp32,warm,0,262144,0,0,2097152,0,2097152,5,200,0.00407616002485156,0,1
copy,fp32,warm,0,262144,0,0,2097152,0,2097152,6,200,0.00411152001470327,0,1
add,fp32,warm,0,262144,0,0,3145728,262144,3145728,0,200,0.00411215983331203,0,1
add,fp32,warm,0,262144,0,0,3145728,262144,3145728,1,200,0.00411120010539889,0,1
add,fp32,warm,0,262144,0,0,3145728,262144,3145728,2,200,0.00411103991791606,0,1
add,fp32,warm,0,262144,0,0,3145728,262144,3145728,3,200,0.00410575978457928,0,1
add,fp32,warm,0,262144,0,0,3145728,262144,3145728,4,200,0.00411263993009925,0,1
add,fp32,warm,0,262144,0,0,3145728,262144,3145728,5,200,0.0041075199842453,0,1
add,fp32,warm,0,262144,0,0,3145728,262144,3145728,6,200,0.00410720007494092,0,1
triad,fp32,warm,0,262144,0,0,3145728,524288,3145728,0,200,0.00410575978457928,0,1
triad,fp32,warm,0,262144,0,0,3145728,524288,3145728,1,200,0.00411120010539889,0,1
triad,fp32,warm,0,262144,0,0,3145728,524288,3145728,2,200,0.00408528000116348,0,1
triad,fp32,warm,0,262144,0,0,3145728,524288,3145728,3,200,0.00410128012299538,0,1
triad,fp32,warm,0,262144,0,0,3145728,524288,3145728,4,200,0.00411183992400765,0,1
triad,fp32,warm,0,262144,0,0,3145728,524288,3145728,5,200,0.00411215983331203,0,1
triad,fp32,warm,0,262144,0,0,3145728,524288,3145728,6,200,0.00408528000116348,0,1
copy,fp32,warm,0,1048576,0,0,8388608,0,8388608,0,200,0.00411808025091887,0,1
copy,fp32,warm,0,1048576,0,0,8388608,0,8388608,1,200,0.0041198399849236,0,1
copy,fp32,warm,0,1048576,0,0,8388608,0,8388608,2,200,0.00411823997274041,0,1
copy,fp32,warm,0,1048576,0,0,8388608,0,8388608,3,200,0.00411727977916598,0,1
copy,fp32,warm,0,1048576,0,0,8388608,0,8388608,4,200,0.00411808025091887,0,1
copy,fp32,warm,0,1048576,0,0,8388608,0,8388608,5,200,0.00411888025701046,0,1
copy,fp32,warm,0,1048576,0,0,8388608,0,8388608,6,200,0.00412015989422798,0,1
add,fp32,warm,0,1048576,0,0,12582912,1048576,12582912,0,200,0.004393280018121,0,1
add,fp32,warm,0,1048576,0,0,12582912,1048576,12582912,1,200,0.00438944017514586,0,1
add,fp32,warm,0,1048576,0,0,12582912,1048576,12582912,2,200,0.00442528026178479,0,1
add,fp32,warm,0,1048576,0,0,12582912,1048576,12582912,3,200,0.00438656006008387,0,1
add,fp32,warm,0,1048576,0,0,12582912,1048576,12582912,4,200,0.00439488003030419,0,1
add,fp32,warm,0,1048576,0,0,12582912,1048576,12582912,5,200,0.00439391983672976,0,1
add,fp32,warm,0,1048576,0,0,12582912,1048576,12582912,6,200,0.00442959973588586,0,1
triad,fp32,warm,0,1048576,0,0,12582912,2097152,12582912,0,200,0.00440943986177444,0,1
triad,fp32,warm,0,1048576,0,0,12582912,2097152,12582912,1,200,0.00441536027938128,0,1
triad,fp32,warm,0,1048576,0,0,12582912,2097152,12582912,2,200,0.00438432022929192,0,1
triad,fp32,warm,0,1048576,0,0,12582912,2097152,12582912,3,200,0.00442592008039355,0,1
triad,fp32,warm,0,1048576,0,0,12582912,2097152,12582912,4,200,0.00437487987801433,0,1
triad,fp32,warm,0,1048576,0,0,12582912,2097152,12582912,5,200,0.00442655989900231,0,1
triad,fp32,warm,0,1048576,0,0,12582912,2097152,12582912,6,200,0.00439391983672976,0,1
copy,fp32,warm,0,4194304,0,0,33554432,0,33554432,0,200,0.0122947208583355,0,1
copy,fp32,warm,0,4194304,0,0,33554432,0,33554432,1,200,0.0122963199391961,0,1
copy,fp32,warm,0,4194304,0,0,33554432,0,33554432,2,200,0.0122929597273469,0,1
copy,fp32,warm,0,4194304,0,0,33554432,0,33554432,3,200,0.0122923199087381,0,1
copy,fp32,warm,0,4194304,0,0,33554432,0,33554432,4,200,0.012296799570322,0,1
copy,fp32,warm,0,4194304,0,0,33554432,0,33554432,5,200,0.0122979199513793,0,1
copy,fp32,warm,0,4194304,0,0,33554432,0,33554432,6,200,0.012300000526011,0,1
add,fp32,warm,0,4194304,0,0,50331648,4194304,50331648,0,200,0.012292480096221,0,1
add,fp32,warm,0,4194304,0,0,50331648,4194304,50331648,1,200,0.0122958393767476,0,1
add,fp32,warm,0,4194304,0,0,50331648,4194304,50331648,2,200,0.0122929597273469,0,1
add,fp32,warm,0,4194304,0,0,50331648,4194304,50331648,3,200,0.0122945597395301,0,1
add,fp32,warm,0,4194304,0,0,50331648,4194304,50331648,4,200,0.0122940801084042,0,1
add,fp32,warm,0,4194304,0,0,50331648,4194304,50331648,5,200,0.0122937597334385,0,1
add,fp32,warm,0,4194304,0,0,50331648,4194304,50331648,6,200,0.0122937597334385,0,1
triad,fp32,warm,0,4194304,0,0,50331648,8388608,50331648,0,200,0.0122932801023126,0,1
triad,fp32,warm,0,4194304,0,0,50331648,8388608,50331648,1,200,0.0122943995520473,0,1
triad,fp32,warm,0,4194304,0,0,50331648,8388608,50331648,2,200,0.0123044801875949,0,1
triad,fp32,warm,0,4194304,0,0,50331648,8388608,50331648,3,200,0.0122934402897954,0,1
triad,fp32,warm,0,4194304,0,0,50331648,8388608,50331648,4,200,0.0123035199940205,0,1
triad,fp32,warm,0,4194304,0,0,50331648,8388608,50331648,5,200,0.0122934402897954,0,1
triad,fp32,warm,0,4194304,0,0,50331648,8388608,50331648,6,200,0.0122940801084042,0,1
copy,fp32,warm,0,16777216,0,0,134217728,0,134217728,0,200,0.0486280024051666,0,1
copy,fp32,warm,0,16777216,0,0,134217728,0,134217728,1,200,0.0486790426075459,0,1
copy,fp32,warm,0,16777216,0,0,134217728,0,134217728,2,200,0.0485998392105103,0,1
copy,fp32,warm,0,16777216,0,0,134217728,0,134217728,3,200,0.0486598387360573,0,1
copy,fp32,warm,0,16777216,0,0,134217728,0,134217728,4,200,0.0487510412931442,0,1
copy,fp32,warm,0,16777216,0,0,134217728,0,134217728,5,200,0.0485883206129074,0,1
copy,fp32,warm,0,16777216,0,0,134217728,0,134217728,6,200,0.048639040440321,0,1
add,fp32,warm,0,16777216,0,0,201326592,16777216,201326592,0,200,0.0532822422683239,0,1
add,fp32,warm,0,16777216,0,0,201326592,16777216,201326592,1,200,0.0532806403934956,0,1
add,fp32,warm,0,16777216,0,0,201326592,16777216,201326592,2,200,0.0532870404422283,0,1
add,fp32,warm,0,16777216,0,0,201326592,16777216,201326592,3,200,0.0533025600016117,0,1
add,fp32,warm,0,16777216,0,0,201326592,16777216,201326592,4,200,0.0532727986574173,0,1
add,fp32,warm,0,16777216,0,0,201326592,16777216,201326592,5,200,0.0532815977931023,0,1
add,fp32,warm,0,16777216,0,0,201326592,16777216,201326592,6,200,0.0532742403447628,0,1
triad,fp32,warm,0,16777216,0,0,201326592,33554432,201326592,0,200,0.0532838404178619,0,1
triad,fp32,warm,0,16777216,0,0,201326592,33554432,201326592,1,200,0.053291842341423,0,1
triad,fp32,warm,0,16777216,0,0,201326592,33554432,201326592,2,200,0.0532825626432896,0,1
triad,fp32,warm,0,16777216,0,0,201326592,33554432,201326592,3,200,0.0532916784286499,0,1
triad,fp32,warm,0,16777216,0,0,201326592,33554432,201326592,4,200,0.0532726384699345,0,1
triad,fp32,warm,0,16777216,0,0,201326592,33554432,201326592,5,200,0.0533044822514057,0,1
triad,fp32,warm,0,16777216,0,0,201326592,33554432,201326592,6,200,0.0532927997410297,0,1
copy,fp32,warm,0,67108864,0,0,536870912,0,536870912,0,132,0.147663027048111,0,1
copy,fp32,warm,0,67108864,0,0,536870912,0,536870912,1,132,0.147624254226685,0,1
copy,fp32,warm,0,67108864,0,0,536870912,0,536870912,2,132,0.147633939981461,0,1
copy,fp32,warm,0,67108864,0,0,536870912,0,536870912,3,132,0.147676840424538,0,1
copy,fp32,warm,0,67108864,0,0,536870912,0,536870912,4,132,0.147672727704048,0,1
copy,fp32,warm,0,67108864,0,0,536870912,0,536870912,5,132,0.147661820054054,0,1
copy,fp32,warm,0,67108864,0,0,536870912,0,536870912,6,132,0.147665709257126,0,1
add,fp32,warm,0,67108864,0,0,805306368,67108864,805306368,0,111,0.174369722604752,0,1
add,fp32,warm,0,67108864,0,0,805306368,67108864,805306368,1,111,0.17441987991333,0,1
add,fp32,warm,0,67108864,0,0,805306368,67108864,805306368,2,111,0.174377515912056,0,1
add,fp32,warm,0,67108864,0,0,805306368,67108864,805306368,3,111,0.174364537000656,0,1
add,fp32,warm,0,67108864,0,0,805306368,67108864,805306368,4,111,0.174250096082687,0,1
add,fp32,warm,0,67108864,0,0,805306368,67108864,805306368,5,111,0.174404606223106,0,1
add,fp32,warm,0,67108864,0,0,805306368,67108864,805306368,6,111,0.174243748188019,0,1
triad,fp32,warm,0,67108864,0,0,805306368,134217728,805306368,0,111,0.176137506961823,0,1
triad,fp32,warm,0,67108864,0,0,805306368,134217728,805306368,1,111,0.176106080412865,0,1
triad,fp32,warm,0,67108864,0,0,805306368,134217728,805306368,2,111,0.176119640469551,0,1
triad,fp32,warm,0,67108864,0,0,805306368,134217728,805306368,3,111,0.176106080412865,0,1
triad,fp32,warm,0,67108864,0,0,805306368,134217728,805306368,4,111,0.176146149635315,0,1
triad,fp32,warm,0,67108864,0,0,805306368,134217728,805306368,5,111,0.176116466522217,0,1
triad,fp32,warm,0,67108864,0,0,805306368,134217728,805306368,6,111,0.176115900278091,0,1
fma,fp32,streaming,0,67108864,0,1,536870912,134217728,536870912,0,200,0.0840379223227501,0,1
fma,fp32,streaming,0,67108864,0,1,536870912,134217728,536870912,1,200,0.0840609669685364,0,1
fma,fp32,streaming,0,67108864,0,1,536870912,134217728,536870912,2,200,0.0840579196810722,0,1
fma,fp32,streaming,0,67108864,0,1,536870912,134217728,536870912,3,200,0.0840897560119629,0,1
fma,fp32,streaming,0,67108864,0,1,536870912,134217728,536870912,4,200,0.0840566456317902,0,1
fma,fp32,streaming,0,67108864,0,1,536870912,134217728,536870912,5,200,0.0840080007910728,0,1
fma,fp32,streaming,0,67108864,0,1,536870912,134217728,536870912,6,200,0.083997443318367,0,1
fma,fp64,streaming,0,33554432,0,1,536870912,67108864,536870912,0,177,0.10668383538723,0,1
fma,fp64,streaming,0,33554432,0,1,536870912,67108864,536870912,1,177,0.106779478490353,0,1
fma,fp64,streaming,0,33554432,0,1,536870912,67108864,536870912,2,177,0.106732301414013,0,1
fma,fp64,streaming,0,33554432,0,1,536870912,67108864,536870912,3,177,0.106649130582809,0,1
fma,fp64,streaming,0,33554432,0,1,536870912,67108864,536870912,4,177,0.106765016913414,0,1
fma,fp64,streaming,0,33554432,0,1,536870912,67108864,536870912,5,177,0.106778934597969,0,1
fma,fp64,streaming,0,33554432,0,1,536870912,67108864,536870912,6,177,0.106719635426998,0,1
fma,fp32,streaming,0,67108864,0,2,536870912,268435456,536870912,0,200,0.0840507224202156,0,1
fma,fp32,streaming,0,67108864,0,2,536870912,268435456,536870912,1,200,0.084052637219429,0,1
fma,fp32,streaming,0,67108864,0,2,536870912,268435456,536870912,2,200,0.0840484797954559,0,1
fma,fp32,streaming,0,67108864,0,2,536870912,268435456,536870912,3,200,0.0840964764356613,0,1
fma,fp32,streaming,0,67108864,0,2,536870912,268435456,536870912,4,200,0.0840579196810722,0,1
fma,fp32,streaming,0,67108864,0,2,536870912,268435456,536870912,5,200,0.0840800032019615,0,1
fma,fp32,streaming,0,67108864,0,2,536870912,268435456,536870912,6,200,0.0840673670172691,0,1
fma,fp64,streaming,0,33554432,0,2,536870912,134217728,536870912,0,101,0.194045469164848,0,1
fma,fp64,streaming,0,33554432,0,2,536870912,134217728,536870912,1,101,0.194127202033997,0,1
fma,fp64,streaming,0,33554432,0,2,536870912,134217728,536870912,2,101,0.193899095058441,0,1
fma,fp64,streaming,0,33554432,0,2,536870912,134217728,536870912,3,101,0.194041982293129,0,1
fma,fp64,streaming,0,33554432,0,2,536870912,134217728,536870912,4,101,0.19405560195446,0,1
fma,fp64,streaming,0,33554432,0,2,536870912,134217728,536870912,5,101,0.194101214408875,0,1
fma,fp64,streaming,0,33554432,0,2,536870912,134217728,536870912,6,101,0.194048628211021,0,1
fma,fp32,streaming,0,67108864,0,4,536870912,536870912,536870912,0,200,0.0841716751456261,0,1
fma,fp32,streaming,0,67108864,0,4,536870912,536870912,536870912,1,200,0.0841847956180573,0,1
fma,fp32,streaming,0,67108864,0,4,536870912,536870912,536870912,2,200,0.0841617584228516,0,1
fma,fp32,streaming,0,67108864,0,4,536870912,536870912,536870912,3,200,0.0842232033610344,0,1
fma,fp32,streaming,0,67108864,0,4,536870912,536870912,536870912,4,200,0.0841827169060707,0,1
fma,fp32,streaming,0,67108864,0,4,536870912,536870912,536870912,5,200,0.0842240080237389,0,1
fma,fp32,streaming,0,67108864,0,4,536870912,536870912,536870912,6,200,0.0842315182089806,0,1
fma,fp64,streaming,0,33554432,0,4,536870912,268435456,536870912,0,85,0.231459021568298,0,1
fma,fp64,streaming,0,33554432,0,4,536870912,268435456,536870912,1,85,0.23139426112175,0,1
fma,fp64,streaming,0,33554432,0,4,536870912,268435456,536870912,2,85,0.231387868523598,0,1
fma,fp64,streaming,0,33554432,0,4,536870912,268435456,536870912,3,85,0.23148687183857,0,1
fma,fp64,streaming,0,33554432,0,4,536870912,268435456,536870912,4,85,0.231413453817368,0,1
fma,fp64,streaming,0,33554432,0,4,536870912,268435456,536870912,5,85,0.231502309441566,0,1
fma,fp64,streaming,0,33554432,0,4,536870912,268435456,536870912,6,85,0.231430396437645,0,1
fma,fp32,streaming,0,67108864,0,8,536870912,1073741824,536870912,0,200,0.0855652838945389,0,1
fma,fp32,streaming,0,67108864,0,8,536870912,1073741824,536870912,1,200,0.0855036824941635,0,1
fma,fp32,streaming,0,67108864,0,8,536870912,1073741824,536870912,2,200,0.0855459198355675,0,1
fma,fp32,streaming,0,67108864,0,8,536870912,1073741824,536870912,3,200,0.0855542346835136,0,1
fma,fp32,streaming,0,67108864,0,8,536870912,1073741824,536870912,4,200,0.0855345651507378,0,1
fma,fp32,streaming,0,67108864,0,8,536870912,1073741824,536870912,5,200,0.0854710415005684,0,1
fma,fp32,streaming,0,67108864,0,8,536870912,1073741824,536870912,6,200,0.0854942426085472,0,1
fma,fp64,streaming,0,33554432,0,8,536870912,536870912,536870912,0,43,0.457732439041138,0,1
fma,fp64,streaming,0,33554432,0,8,536870912,536870912,536870912,1,43,0.457586586475372,0,1
fma,fp64,streaming,0,33554432,0,8,536870912,536870912,536870912,2,43,0.4575375020504,0,1
fma,fp64,streaming,0,33554432,0,8,536870912,536870912,536870912,3,43,0.457666218280792,0,1
fma,fp64,streaming,0,33554432,0,8,536870912,536870912,536870912,4,43,0.457614898681641,0,1
fma,fp64,streaming,0,33554432,0,8,536870912,536870912,536870912,5,43,0.457713097333908,0,1
fma,fp64,streaming,0,33554432,0,8,536870912,536870912,536870912,6,43,0.457637965679169,0,1
fma,fp32,streaming,0,67108864,0,16,536870912,2147483648,536870912,0,200,0.0881278440356255,0,1
fma,fp32,streaming,0,67108864,0,16,536870912,2147483648,536870912,1,200,0.0880849659442902,0,1
fma,fp32,streaming,0,67108864,0,16,536870912,2147483648,536870912,2,200,0.0880979150533676,0,1
fma,fp32,streaming,0,67108864,0,16,536870912,2147483648,536870912,3,200,0.0880747213959694,0,1
fma,fp32,streaming,0,67108864,0,16,536870912,2147483648,536870912,4,200,0.088083527982235,0,1
fma,fp32,streaming,0,67108864,0,16,536870912,2147483648,536870912,5,200,0.0880915150046349,0,1
fma,fp32,streaming,0,67108864,0,16,536870912,2147483648,536870912,6,200,0.0881040021777153,0,1
fma,fp64,streaming,0,33554432,0,16,536870912,1073741824,536870912,0,21,0.909145891666412,0,1
fma,fp64,streaming,0,33554432,0,16,536870912,1073741824,536870912,1,21,0.909138262271881,0,1
fma,fp64,streaming,0,33554432,0,16,536870912,1073741824,536870912,2,21,0.909074306488037,0,1
fma,fp64,streaming,0,33554432,0,16,536870912,1073741824,536870912,3,21,0.909258723258972,0,1
fma,fp64,streaming,0,33554432,0,16,536870912,1073741824,536870912,4,21,0.909107863903046,0,1
fma,fp64,streaming,0,33554432,0,16,536870912,1073741824,536870912,5,21,0.909063637256622,0,1
fma,fp64,streaming,0,33554432,0,16,536870912,1073741824,536870912,6,21,0.90901792049408,0,1
fma,fp32,streaming,0,67108864,0,32,536870912,4294967296,536870912,0,177,0.10774165391922,0,1
fma,fp32,streaming,0,67108864,0,32,536870912,4294967296,536870912,1,177,0.1077711135149,0,1
fma,fp32,streaming,0,67108864,0,32,536870912,4294967296,536870912,2,177,0.107803486287594,0,1
fma,fp32,streaming,0,67108864,0,32,536870912,4294967296,536870912,3,177,0.10775051265955,0,1
fma,fp32,streaming,0,67108864,0,32,536870912,4294967296,536870912,4,177,0.107667706906796,0,1
fma,fp32,streaming,0,67108864,0,32,536870912,4294967296,536870912,5,177,0.107707113027573,0,1
fma,fp32,streaming,0,67108864,0,32,536870912,4294967296,536870912,6,177,0.107795521616936,0,1
fma,fp64,streaming,0,33554432,0,32,536870912,2147483648,536870912,0,11,1.8116101026535,0,1
fma,fp64,streaming,0,33554432,0,32,536870912,2147483648,536870912,1,11,1.81186628341675,0,1
fma,fp64,streaming,0,33554432,0,32,536870912,2147483648,536870912,2,11,1.81180799007416,0,1
fma,fp64,streaming,0,33554432,0,32,536870912,2147483648,536870912,3,11,1.81149089336395,0,1
fma,fp64,streaming,0,33554432,0,32,536870912,2147483648,536870912,4,11,1.81197965145111,0,1
fma,fp64,streaming,0,33554432,0,32,536870912,2147483648,536870912,5,11,1.81167411804199,0,1
fma,fp64,streaming,0,33554432,0,32,536870912,2147483648,536870912,6,11,1.8116363286972,0,1
fma,fp32,streaming,0,67108864,0,64,536870912,8589934592,536870912,0,121,0.162023663520813,0,1
fma,fp32,streaming,0,67108864,0,64,536870912,8589934592,536870912,1,121,0.161988228559494,0,1
fma,fp32,streaming,0,67108864,0,64,536870912,8589934592,536870912,2,121,0.161986127495766,0,1
fma,fp32,streaming,0,67108864,0,64,536870912,8589934592,536870912,3,121,0.162109360098839,0,1
fma,fp32,streaming,0,67108864,0,64,536870912,8589934592,536870912,4,121,0.162039011716843,0,1
fma,fp32,streaming,0,67108864,0,64,536870912,8589934592,536870912,5,121,0.162053287029266,0,1
fma,fp32,streaming,0,67108864,0,64,536870912,8589934592,536870912,6,121,0.16198742389679,0,1
fma,fp64,streaming,0,33554432,0,64,536870912,4294967296,536870912,0,5,3.61759376525879,0,1
fma,fp64,streaming,0,33554432,0,64,536870912,4294967296,536870912,1,5,3.6175742149353,0,1
fma,fp64,streaming,0,33554432,0,64,536870912,4294967296,536870912,2,5,3.61762547492981,0,1
fma,fp64,streaming,0,33554432,0,64,536870912,4294967296,536870912,3,5,3.61775350570679,0,1
fma,fp64,streaming,0,33554432,0,64,536870912,4294967296,536870912,4,5,3.61759996414185,0,1
fma,fp64,streaming,0,33554432,0,64,536870912,4294967296,536870912,5,5,3.617919921875,0,1
fma,fp64,streaming,0,33554432,0,64,536870912,4294967296,536870912,6,5,3.61780476570129,0,1
fma,fp32,streaming,0,67108864,0,128,536870912,17179869184,536870912,0,70,0.279125034809113,0,1
fma,fp32,streaming,0,67108864,0,128,536870912,17179869184,536870912,1,70,0.279264450073242,0,1
fma,fp32,streaming,0,67108864,0,128,536870912,17179869184,536870912,2,70,0.279231995344162,0,1
fma,fp32,streaming,0,67108864,0,128,536870912,17179869184,536870912,3,70,0.279247105121613,0,1
fma,fp32,streaming,0,67108864,0,128,536870912,17179869184,536870912,4,70,0.27904137969017,0,1
fma,fp32,streaming,0,67108864,0,128,536870912,17179869184,536870912,5,70,0.279154747724533,0,1
fma,fp32,streaming,0,67108864,0,128,536870912,17179869184,536870912,6,70,0.279009819030762,0,1
fma,fp64,streaming,0,33554432,0,128,536870912,8589934592,536870912,0,2,7.23019218444824,0,1
fma,fp64,streaming,0,33554432,0,128,536870912,8589934592,536870912,1,2,7.23028802871704,0,1
fma,fp64,streaming,0,33554432,0,128,536870912,8589934592,536870912,2,2,7.23006391525269,0,1
fma,fp64,streaming,0,33554432,0,128,536870912,8589934592,536870912,3,2,7.23014402389526,0,1
fma,fp64,streaming,0,33554432,0,128,536870912,8589934592,536870912,4,2,7.2304801940918,0,1
fma,fp64,streaming,0,33554432,0,128,536870912,8589934592,536870912,5,2,7.23043203353882,0,1
fma,fp64,streaming,0,33554432,0,128,536870912,8589934592,536870912,6,2,7.23004817962646,0,1
fma,fp32,streaming,0,67108864,0,256,536870912,34359738368,536870912,0,38,0.515074551105499,0,1
fma,fp32,streaming,0,67108864,0,256,536870912,34359738368,536870912,1,38,0.515034139156342,0,1
fma,fp32,streaming,0,67108864,0,256,536870912,34359738368,536870912,2,38,0.514986097812653,0,1
fma,fp32,streaming,0,67108864,0,256,536870912,34359738368,536870912,3,38,0.514987766742706,0,1
fma,fp32,streaming,0,67108864,0,256,536870912,34359738368,536870912,4,38,0.514888405799866,0,1
fma,fp32,streaming,0,67108864,0,256,536870912,34359738368,536870912,5,38,0.514590322971344,0,1
fma,fp32,streaming,0,67108864,0,256,536870912,34359738368,536870912,6,38,0.514715790748596,0,1
fma,fp64,streaming,0,33554432,0,256,536870912,17179869184,536870912,0,1,14.4551362991333,0,1
fma,fp64,streaming,0,33554432,0,256,536870912,17179869184,536870912,1,1,14.4550399780273,0,1
fma,fp64,streaming,0,33554432,0,256,536870912,17179869184,536870912,2,1,14.4544315338135,0,1
fma,fp64,streaming,0,33554432,0,256,536870912,17179869184,536870912,3,1,14.4542083740234,0,1
fma,fp64,streaming,0,33554432,0,256,536870912,17179869184,536870912,4,1,14.4546556472778,0,1
fma,fp64,streaming,0,33554432,0,256,536870912,17179869184,536870912,5,1,14.4546241760254,0,1
fma,fp64,streaming,0,33554432,0,256,536870912,17179869184,536870912,6,1,14.4547843933105,0,1
fma,fp32,streaming,0,67108864,0,512,536870912,68719476736,536870912,0,20,0.987380802631378,0,1
fma,fp32,streaming,0,67108864,0,512,536870912,68719476736,536870912,1,20,0.987092792987823,0,1
fma,fp32,streaming,0,67108864,0,512,536870912,68719476736,536870912,2,20,0.987148761749268,0,1
fma,fp32,streaming,0,67108864,0,512,536870912,68719476736,536870912,3,20,0.986854374408722,0,1
fma,fp32,streaming,0,67108864,0,512,536870912,68719476736,536870912,4,20,0.986884772777557,0,1
fma,fp32,streaming,0,67108864,0,512,536870912,68719476736,536870912,5,20,0.987236797809601,0,1
fma,fp32,streaming,0,67108864,0,512,536870912,68719476736,536870912,6,20,0.987011253833771,0,1
fma,fp64,streaming,0,33554432,0,512,536870912,34359738368,536870912,0,1,28.9003200531006,0,1
fma,fp64,streaming,0,33554432,0,512,536870912,34359738368,536870912,1,1,28.900032043457,0,1
fma,fp64,streaming,0,33554432,0,512,536870912,34359738368,536870912,2,1,28.89967918396,0,1
fma,fp64,streaming,0,33554432,0,512,536870912,34359738368,536870912,3,1,28.9002552032471,0,1
fma,fp64,streaming,0,33554432,0,512,536870912,34359738368,536870912,4,1,28.8989124298096,0,1
fma,fp64,streaming,0,33554432,0,512,536870912,34359738368,536870912,5,1,28.9013767242432,0,1
fma,fp64,streaming,0,33554432,0,512,536870912,34359738368,536870912,6,1,28.9001598358154,0,1
fma,fp32,streaming,0,67108864,0,1024,536870912,137438953472,536870912,0,10,1.96453762054443,0,1
fma,fp32,streaming,0,67108864,0,1024,536870912,137438953472,536870912,1,10,1.96124804019928,0,1
fma,fp32,streaming,0,67108864,0,1024,536870912,137438953472,536870912,2,10,1.96189439296722,0,1
fma,fp32,streaming,0,67108864,0,1024,536870912,137438953472,536870912,3,10,1.96103358268738,0,1
fma,fp32,streaming,0,67108864,0,1024,536870912,137438953472,536870912,4,10,1.95877110958099,0,1
fma,fp32,streaming,0,67108864,0,1024,536870912,137438953472,536870912,5,10,1.9619232416153,0,1
fma,fp32,streaming,0,67108864,0,1024,536870912,137438953472,536870912,6,10,1.96127676963806,0,1
fma,fp64,streaming,0,33554432,0,1024,536870912,68719476736,536870912,0,1,57.7912330627441,0,1
fma,fp64,streaming,0,33554432,0,1024,536870912,68719476736,536870912,1,1,57.7912635803223,0,1
fma,fp64,streaming,0,33554432,0,1024,536870912,68719476736,536870912,2,1,57.7906875610352,0,1
fma,fp64,streaming,0,33554432,0,1024,536870912,68719476736,536870912,3,1,57.7919044494629,0,1
fma,fp64,streaming,0,33554432,0,1024,536870912,68719476736,536870912,4,1,57.7912330627441,0,1
fma,fp64,streaming,0,33554432,0,1024,536870912,68719476736,536870912,5,1,57.7912940979004,0,1
fma,fp64,streaming,0,33554432,0,1024,536870912,68719476736,536870912,6,1,57.7911987304688,0,1
fma,fp32,streaming,0,67108864,0,2048,536870912,274877906944,536870912,0,5,3.87086057662964,0,1
fma,fp32,streaming,0,67108864,0,2048,536870912,274877906944,536870912,1,5,3.88424944877625,0,1
fma,fp32,streaming,0,67108864,0,2048,536870912,274877906944,536870912,2,5,3.87203216552734,0,1
fma,fp32,streaming,0,67108864,0,2048,536870912,274877906944,536870912,3,5,3.88442873954773,0,1
fma,fp32,streaming,0,67108864,0,2048,536870912,274877906944,536870912,4,5,3.88327670097351,0,1
fma,fp32,streaming,0,67108864,0,2048,536870912,274877906944,536870912,5,5,3.8840320110321,0,1
fma,fp32,streaming,0,67108864,0,2048,536870912,274877906944,536870912,6,5,3.87127685546875,0,1
fma,fp64,streaming,0,33554432,0,2048,536870912,137438953472,536870912,0,1,115.573471069336,0,1
fma,fp64,streaming,0,33554432,0,2048,536870912,137438953472,536870912,1,1,115.573219299316,0,1
fma,fp64,streaming,0,33554432,0,2048,536870912,137438953472,536870912,2,1,115.572738647461,0,1
fma,fp64,streaming,0,33554432,0,2048,536870912,137438953472,536870912,3,1,115.572830200195,0,1
fma,fp64,streaming,0,33554432,0,2048,536870912,137438953472,536870912,4,1,115.581214904785,0,1
fma,fp64,streaming,0,33554432,0,2048,536870912,137438953472,536870912,5,1,115.577346801758,0,1
fma,fp64,streaming,0,33554432,0,2048,536870912,137438953472,536870912,6,1,115.575004577637,0,1
gemm,fp32,warm,256,256,256,0,786432,33554432,786432,0,200,0.0287816002964973,0,1
gemm,fp32,warm,256,256,256,0,786432,33554432,786432,1,200,0.0287441611289978,0,1
gemm,fp32,warm,256,256,256,0,786432,33554432,786432,2,200,0.0289732795208693,0,1
gemm,fp32,warm,256,256,256,0,786432,33554432,786432,3,200,0.0286480002105236,0,1
gemm,fp32,warm,256,256,256,0,786432,33554432,786432,4,200,0.0286523196846247,0,1
gemm,fp32,warm,256,256,256,0,786432,33554432,786432,5,200,0.0287140794098377,0,1
gemm,fp32,warm,256,256,256,0,786432,33554432,786432,6,200,0.028661921620369,0,1
gemm,fp32,cold,256,256,256,0,786432,33554432,786432,0,1,0.0395839996635914,0,1
gemm,fp32,cold,256,256,256,0,786432,33554432,786432,1,1,0.0397120006382465,0,1
gemm,fp32,cold,256,256,256,0,786432,33554432,786432,2,1,0.0398400016129017,0,1
gemm,fp32,cold,256,256,256,0,786432,33554432,786432,3,1,0.0388480015099049,0,1
gemm,fp32,cold,256,256,256,0,786432,33554432,786432,4,1,0.0405439995229244,0,1
gemm,fp32,cold,256,256,256,0,786432,33554432,786432,5,1,0.0395839996635914,0,1
gemm,fp32,cold,256,256,256,0,786432,33554432,786432,6,1,0.0487999990582466,0,1
gemm,fp32,warm,512,512,512,0,3145728,268435456,3145728,0,200,0.0279097612947226,0,1
gemm,fp32,warm,512,512,512,0,3145728,268435456,3145728,1,200,0.0242049600929022,0,1
gemm,fp32,warm,512,512,512,0,3145728,268435456,3145728,2,200,0.0242390390485525,0,1
gemm,fp32,warm,512,512,512,0,3145728,268435456,3145728,3,200,0.0241902396082878,0,1
gemm,fp32,warm,512,512,512,0,3145728,268435456,3145728,4,200,0.0240649599581957,0,1
gemm,fp32,warm,512,512,512,0,3145728,268435456,3145728,5,200,0.0208190400153399,0,1
gemm,fp32,warm,512,512,512,0,3145728,268435456,3145728,6,200,0.0208683200180531,0,1
gemm,fp32,cold,512,512,512,0,3145728,268435456,3145728,0,1,0.0375359989702702,0,1
gemm,fp32,cold,512,512,512,0,3145728,268435456,3145728,1,1,0.0393600016832352,0,1
gemm,fp32,cold,512,512,512,0,3145728,268435456,3145728,2,1,0.0370239987969398,0,1
gemm,fp32,cold,512,512,512,0,3145728,268435456,3145728,3,1,0.0366719998419285,0,1
gemm,fp32,cold,512,512,512,0,3145728,268435456,3145728,4,1,0.0368640013039112,0,1
gemm,fp32,cold,512,512,512,0,3145728,268435456,3145728,5,1,0.0364480018615723,0,1
gemm,fp32,cold,512,512,512,0,3145728,268435456,3145728,6,1,0.0364799983799458,0,1
gemm,fp32,warm,1024,1024,1024,0,12582912,2147483648,12582912,0,200,0.0431929603219032,0,1
gemm,fp32,warm,1024,1024,1024,0,12582912,2147483648,12582912,1,200,0.0431873612105846,0,1
gemm,fp32,warm,1024,1024,1024,0,12582912,2147483648,12582912,2,200,0.0431796796619892,0,1
gemm,fp32,warm,1024,1024,1024,0,12582912,2147483648,12582912,3,200,0.0431814379990101,0,1
gemm,fp32,warm,1024,1024,1024,0,12582912,2147483648,12582912,4,200,0.0431795231997967,0,1
gemm,fp32,warm,1024,1024,1024,0,12582912,2147483648,12582912,5,200,0.0431512035429478,0,1
gemm,fp32,warm,1024,1024,1024,0,12582912,2147483648,12582912,6,200,0.0431360006332397,0,1
gemm,fp32,cold,1024,1024,1024,0,12582912,2147483648,12582912,0,1,0.064800001680851,0,1
gemm,fp32,cold,1024,1024,1024,0,12582912,2147483648,12582912,1,1,0.0665600001811981,0,1
gemm,fp32,cold,1024,1024,1024,0,12582912,2147483648,12582912,2,1,0.0624639987945557,0,1
gemm,fp32,cold,1024,1024,1024,0,12582912,2147483648,12582912,3,1,0.062559999525547,0,1
gemm,fp32,cold,1024,1024,1024,0,12582912,2147483648,12582912,4,1,0.0633919984102249,0,1
gemm,fp32,cold,1024,1024,1024,0,12582912,2147483648,12582912,5,1,0.0628480017185211,0,1
gemm,fp32,cold,1024,1024,1024,0,12582912,2147483648,12582912,6,1,0.0624639987945557,0,1
gemm,fp32,warm,2048,2048,2048,0,50331648,17179869184,50331648,0,63,0.29551237821579,0,1
gemm,fp32,warm,2048,2048,2048,0,50331648,17179869184,50331648,1,63,0.295491576194763,0,1
gemm,fp32,warm,2048,2048,2048,0,50331648,17179869184,50331648,2,63,0.295486479997635,0,1
gemm,fp32,warm,2048,2048,2048,0,50331648,17179869184,50331648,3,63,0.295528143644333,0,1
gemm,fp32,warm,2048,2048,2048,0,50331648,17179869184,50331648,4,63,0.29527822136879,0,1
gemm,fp32,warm,2048,2048,2048,0,50331648,17179869184,50331648,5,63,0.295547932386398,0,1
gemm,fp32,warm,2048,2048,2048,0,50331648,17179869184,50331648,6,63,0.295201003551483,0,1
gemm,fp32,cold,2048,2048,2048,0,50331648,17179869184,50331648,0,1,0.302464008331299,0,1
gemm,fp32,cold,2048,2048,2048,0,50331648,17179869184,50331648,1,1,0.30265599489212,0,1
gemm,fp32,cold,2048,2048,2048,0,50331648,17179869184,50331648,2,1,0.302623987197876,0,1
gemm,fp32,cold,2048,2048,2048,0,50331648,17179869184,50331648,3,1,0.302688002586365,0,1
gemm,fp32,cold,2048,2048,2048,0,50331648,17179869184,50331648,4,1,0.302527993917465,0,1
gemm,fp32,cold,2048,2048,2048,0,50331648,17179869184,50331648,5,1,0.301248013973236,0,1
gemm,fp32,cold,2048,2048,2048,0,50331648,17179869184,50331648,6,1,0.302783995866776,0,1
gemm,fp32,warm,4096,4096,4096,0,201326592,137438953472,201326592,0,9,2.09308457374573,0,1
gemm,fp32,warm,4096,4096,4096,0,201326592,137438953472,201326592,1,9,2.09214925765991,0,1
gemm,fp32,warm,4096,4096,4096,0,201326592,137438953472,201326592,2,9,2.09396624565125,0,1
gemm,fp32,warm,4096,4096,4096,0,201326592,137438953472,201326592,3,9,2.09288883209229,0,1
gemm,fp32,warm,4096,4096,4096,0,201326592,137438953472,201326592,4,9,2.09213161468506,0,1
gemm,fp32,warm,4096,4096,4096,0,201326592,137438953472,201326592,5,9,2.09188961982727,0,1
gemm,fp32,warm,4096,4096,4096,0,201326592,137438953472,201326592,6,9,2.0924551486969,0,1
gemm,fp32,warm,8192,8192,8192,0,805306368,1099511627776,805306368,0,1,16.0479679107666,0,1
gemm,fp32,warm,8192,8192,8192,0,805306368,1099511627776,805306368,1,1,16.0493125915527,0,1
gemm,fp32,warm,8192,8192,8192,0,805306368,1099511627776,805306368,2,1,16.0486392974854,0,1
gemm,fp32,warm,8192,8192,8192,0,805306368,1099511627776,805306368,3,1,16.0471992492676,0,1
gemm,fp32,warm,8192,8192,8192,0,805306368,1099511627776,805306368,4,1,16.0524158477783,0,1
gemm,fp32,warm,8192,8192,8192,0,805306368,1099511627776,805306368,5,1,16.0468482971191,0,1
gemm,fp32,warm,8192,8192,8192,0,805306368,1099511627776,805306368,6,1,16.0491847991943,0,1
gemm,fp32,warm,1,8192,8192,0,268500992,134217728,268500992,0,200,0.0573137626051903,0,1
gemm,fp32,warm,1,8192,8192,0,268500992,134217728,268500992,1,200,0.0572804771363735,0,1
gemm,fp32,warm,1,8192,8192,0,268500992,134217728,268500992,2,200,0.0572321601212025,0,1
gemm,fp32,warm,1,8192,8192,0,268500992,134217728,268500992,3,200,0.0572654381394386,0,1
gemm,fp32,warm,1,8192,8192,0,268500992,134217728,268500992,4,200,0.0572516806423664,0,1
gemm,fp32,warm,1,8192,8192,0,268500992,134217728,268500992,5,200,0.0573048032820225,0,1
gemm,fp32,warm,1,8192,8192,0,268500992,134217728,268500992,6,200,0.0571851208806038,0,1
gemm,fp32,warm,2,8192,8192,0,268566528,268435456,268566528,0,94,0.201045095920563,0,1
gemm,fp32,warm,2,8192,8192,0,268566528,268435456,268566528,1,94,0.200977027416229,0,1
gemm,fp32,warm,2,8192,8192,0,268566528,268435456,268566528,2,94,0.201136693358421,0,1
gemm,fp32,warm,2,8192,8192,0,268566528,268435456,268566528,3,94,0.20090825855732,0,1
gemm,fp32,warm,2,8192,8192,0,268566528,268435456,268566528,4,94,0.20106928050518,0,1
gemm,fp32,warm,2,8192,8192,0,268566528,268435456,268566528,5,94,0.201061800122261,0,1
gemm,fp32,warm,2,8192,8192,0,268566528,268435456,268566528,6,94,0.200915068387985,0,1
gemm,fp32,warm,4,8192,8192,0,268697600,536870912,268697600,0,97,0.201237767934799,0,1
gemm,fp32,warm,4,8192,8192,0,268697600,536870912,268697600,1,97,0.201049730181694,0,1
gemm,fp32,warm,4,8192,8192,0,268697600,536870912,268697600,2,97,0.201212048530579,0,1
gemm,fp32,warm,4,8192,8192,0,268697600,536870912,268697600,3,97,0.201053693890572,0,1
gemm,fp32,warm,4,8192,8192,0,268697600,536870912,268697600,4,97,0.201198190450668,0,1
gemm,fp32,warm,4,8192,8192,0,268697600,536870912,268697600,5,97,0.201139137148857,0,1
gemm,fp32,warm,4,8192,8192,0,268697600,536870912,268697600,6,97,0.201087340712547,0,1
gemm,fp32,warm,8,8192,8192,0,268959744,1073741824,268959744,0,95,0.201076552271843,0,1
gemm,fp32,warm,8,8192,8192,0,268959744,1073741824,268959744,1,95,0.201270893216133,0,1
gemm,fp32,warm,8,8192,8192,0,268959744,1073741824,268959744,2,95,0.201314687728882,0,1
gemm,fp32,warm,8,8192,8192,0,268959744,1073741824,268959744,3,95,0.201051950454712,0,1
gemm,fp32,warm,8,8192,8192,0,268959744,1073741824,268959744,4,95,0.200989305973053,0,1
gemm,fp32,warm,8,8192,8192,0,268959744,1073741824,268959744,5,95,0.201166480779648,0,1
gemm,fp32,warm,8,8192,8192,0,268959744,1073741824,268959744,6,95,0.201099455356598,0,1
gemm,fp32,warm,16,8192,8192,0,269484032,2147483648,269484032,0,96,0.201631665229797,0,1
gemm,fp32,warm,16,8192,8192,0,269484032,2147483648,269484032,1,96,0.201766669750214,0,1
gemm,fp32,warm,16,8192,8192,0,269484032,2147483648,269484032,2,96,0.201635658740997,0,1
gemm,fp32,warm,16,8192,8192,0,269484032,2147483648,269484032,3,96,0.201999664306641,0,1
gemm,fp32,warm,16,8192,8192,0,269484032,2147483648,269484032,4,96,0.201913669705391,0,1
gemm,fp32,warm,16,8192,8192,0,269484032,2147483648,269484032,5,96,0.201744988560677,0,1
gemm,fp32,warm,16,8192,8192,0,269484032,2147483648,269484032,6,96,0.201734662055969,0,1
gemm,fp32,warm,32,8192,8192,0,270532608,4294967296,270532608,0,96,0.201972007751465,0,1
gemm,fp32,warm,32,8192,8192,0,270532608,4294967296,270532608,1,96,0.201963663101196,0,1
gemm,fp32,warm,32,8192,8192,0,270532608,4294967296,270532608,2,96,0.201903000473976,0,1
gemm,fp32,warm,32,8192,8192,0,270532608,4294967296,270532608,3,96,0.202055335044861,0,1
gemm,fp32,warm,32,8192,8192,0,270532608,4294967296,270532608,4,96,0.201710999011993,0,1
gemm,fp32,warm,32,8192,8192,0,270532608,4294967296,270532608,5,96,0.201908335089684,0,1
gemm,fp32,warm,32,8192,8192,0,270532608,4294967296,270532608,6,96,0.201931998133659,0,1
gemm,fp32,warm,64,8192,8192,0,272629760,8589934592,272629760,0,89,0.216366738080978,0,1
gemm,fp32,warm,64,8192,8192,0,272629760,8589934592,272629760,1,89,0.21621572971344,0,1
gemm,fp32,warm,64,8192,8192,0,272629760,8589934592,272629760,2,89,0.216455906629562,0,1
gemm,fp32,warm,64,8192,8192,0,272629760,8589934592,272629760,3,89,0.216454833745956,0,1
gemm,fp32,warm,64,8192,8192,0,272629760,8589934592,272629760,4,89,0.216387584805489,0,1
gemm,fp32,warm,64,8192,8192,0,272629760,8589934592,272629760,5,89,0.216568097472191,0,1
gemm,fp32,warm,64,8192,8192,0,272629760,8589934592,272629760,6,89,0.21640557050705,0,1
gemm,fp32,warm,128,8192,8192,0,276824064,17179869184,276824064,0,63,0.310326337814331,0,1
gemm,fp32,warm,128,8192,8192,0,276824064,17179869184,276824064,1,63,0.310381710529327,0,1
gemm,fp32,warm,128,8192,8192,0,276824064,17179869184,276824064,2,63,0.310536652803421,0,1
gemm,fp32,warm,128,8192,8192,0,276824064,17179869184,276824064,3,63,0.310302972793579,0,1
gemm,fp32,warm,128,8192,8192,0,276824064,17179869184,276824064,4,63,0.310500055551529,0,1
gemm,fp32,warm,128,8192,8192,0,276824064,17179869184,276824064,5,63,0.310419797897339,0,1
gemm,fp32,warm,128,8192,8192,0,276824064,17179869184,276824064,6,63,0.310422360897064,0,1
gemm,fp32,warm,256,8192,8192,0,285212672,34359738368,285212672,0,33,0.59729939699173,0,1
gemm,fp32,warm,256,8192,8192,0,285212672,34359738368,285212672,1,33,0.597244143486023,0,1
gemm,fp32,warm,256,8192,8192,0,285212672,34359738368,285212672,2,33,0.597298443317413,0,1
gemm,fp32,warm,256,8192,8192,0,285212672,34359738368,285212672,3,33,0.597492396831512,0,1
gemm,fp32,warm,256,8192,8192,0,285212672,34359738368,285212672,4,33,0.597245097160339,0,1
gemm,fp32,warm,256,8192,8192,0,285212672,34359738368,285212672,5,33,0.597441911697388,0,1
gemm,fp32,warm,256,8192,8192,0,285212672,34359738368,285212672,6,33,0.597171366214752,0,1
gemm,fp32,warm,512,8192,8192,0,301989888,68719476736,301989888,0,17,1.15345311164856,0,1
gemm,fp32,warm,512,8192,8192,0,301989888,68719476736,301989888,1,17,1.15365087985992,0,1
gemm,fp32,warm,512,8192,8192,0,301989888,68719476736,301989888,2,17,1.15467298030853,0,1
gemm,fp32,warm,512,8192,8192,0,301989888,68719476736,301989888,3,17,1.1550852060318,0,1
gemm,fp32,warm,512,8192,8192,0,301989888,68719476736,301989888,4,17,1.15529978275299,0,1
gemm,fp32,warm,512,8192,8192,0,301989888,68719476736,301989888,5,17,1.1540310382843,0,1
gemm,fp32,warm,512,8192,8192,0,301989888,68719476736,301989888,6,17,1.1528000831604,0,1
gemm,fp32,warm,1024,8192,8192,0,335544320,137438953472,335544320,0,8,2.36941194534302,0,1
gemm,fp32,warm,1024,8192,8192,0,335544320,137438953472,335544320,1,8,2.36921191215515,0,1
gemm,fp32,warm,1024,8192,8192,0,335544320,137438953472,335544320,2,8,2.36905193328857,0,1
gemm,fp32,warm,1024,8192,8192,0,335544320,137438953472,335544320,3,8,2.36942791938782,0,1
gemm,fp32,warm,1024,8192,8192,0,335544320,137438953472,335544320,4,8,2.36895990371704,0,1
gemm,fp32,warm,1024,8192,8192,0,335544320,137438953472,335544320,5,8,2.36884808540344,0,1
gemm,fp32,warm,1024,8192,8192,0,335544320,137438953472,335544320,6,8,2.36944389343262,0,1
gemm,fp32,warm,2048,8192,8192,0,402653184,274877906944,402653184,0,4,4.15660810470581,0,1
gemm,fp32,warm,2048,8192,8192,0,402653184,274877906944,402653184,1,4,4.15679216384888,0,1
gemm,fp32,warm,2048,8192,8192,0,402653184,274877906944,402653184,2,4,4.15635204315186,0,1
gemm,fp32,warm,2048,8192,8192,0,402653184,274877906944,402653184,3,4,4.15768003463745,0,1
gemm,fp32,warm,2048,8192,8192,0,402653184,274877906944,402653184,4,4,4.15734386444092,0,1
gemm,fp32,warm,2048,8192,8192,0,402653184,274877906944,402653184,5,4,4.1573600769043,0,1
gemm,fp32,warm,2048,8192,8192,0,402653184,274877906944,402653184,6,4,4.15709590911865,0,1
gemm,fp64,warm,256,256,256,0,1572864,33554432,1572864,0,200,0.0798759981989861,0,1
gemm,fp64,warm,256,256,256,0,1572864,33554432,1572864,1,200,0.0798742398619652,0,1
gemm,fp64,warm,256,256,256,0,1572864,33554432,1572864,2,200,0.0798676759004593,0,1
gemm,fp64,warm,256,256,256,0,1572864,33554432,1572864,3,200,0.0798580795526505,0,1
gemm,fp64,warm,256,256,256,0,1572864,33554432,1572864,4,200,0.0798652768135071,0,1
gemm,fp64,warm,256,256,256,0,1572864,33554432,1572864,5,200,0.0798606425523758,0,1
gemm,fp64,warm,256,256,256,0,1572864,33554432,1572864,6,200,0.079860158264637,0,1
gemm,fp64,cold,256,256,256,0,1572864,33554432,1572864,0,1,0.0847039967775345,0,1
gemm,fp64,cold,256,256,256,0,1572864,33554432,1572864,1,1,0.0839999988675117,0,1
gemm,fp64,cold,256,256,256,0,1572864,33554432,1572864,2,1,0.083807997405529,0,1
gemm,fp64,cold,256,256,256,0,1572864,33554432,1572864,3,1,0.0832320004701614,0,1
gemm,fp64,cold,256,256,256,0,1572864,33554432,1572864,4,1,0.0848639979958534,0,1
gemm,fp64,cold,256,256,256,0,1572864,33554432,1572864,5,1,0.0850239992141724,0,1
gemm,fp64,cold,256,256,256,0,1572864,33554432,1572864,6,1,0.0829439982771873,0,1
gemm,fp64,warm,512,512,512,0,6291456,268435456,6291456,0,65,0.299134999513626,0,1
gemm,fp64,warm,512,512,512,0,6291456,268435456,6291456,1,65,0.299134999513626,0,1
gemm,fp64,warm,512,512,512,0,6291456,268435456,6291456,2,65,0.299172401428223,0,1
gemm,fp64,warm,512,512,512,0,6291456,268435456,6291456,3,65,0.299200505018234,0,1
gemm,fp64,warm,512,512,512,0,6291456,268435456,6291456,4,65,0.299183279275894,0,1
gemm,fp64,warm,512,512,512,0,6291456,268435456,6291456,5,65,0.299125164747238,0,1
gemm,fp64,warm,512,512,512,0,6291456,268435456,6291456,6,65,0.299259573221207,0,1
gemm,fp64,cold,512,512,512,0,6291456,268435456,6291456,0,1,0.304800003767014,0,1
gemm,fp64,cold,512,512,512,0,6291456,268435456,6291456,1,1,0.303584009408951,0,1
gemm,fp64,cold,512,512,512,0,6291456,268435456,6291456,2,1,0.302464008331299,0,1
gemm,fp64,cold,512,512,512,0,6291456,268435456,6291456,3,1,0.30265599489212,0,1
gemm,fp64,cold,512,512,512,0,6291456,268435456,6291456,4,1,0.304159998893738,0,1
gemm,fp64,cold,512,512,512,0,6291456,268435456,6291456,5,1,0.303424000740051,0,1
gemm,fp64,cold,512,512,512,0,6291456,268435456,6291456,6,1,0.304255992174149,0,1
gemm,fp64,warm,1024,1024,1024,0,25165824,2147483648,25165824,0,9,2.07201075553894,0,1
gemm,fp64,warm,1024,1024,1024,0,25165824,2147483648,25165824,1,9,2.07207465171814,0,1
gemm,fp64,warm,1024,1024,1024,0,25165824,2147483648,25165824,2,9,2.07224535942078,0,1
gemm,fp64,warm,1024,1024,1024,0,25165824,2147483648,25165824,3,9,2.07220959663391,0,1
gemm,fp64,warm,1024,1024,1024,0,25165824,2147483648,25165824,4,9,2.07204985618591,0,1
gemm,fp64,warm,1024,1024,1024,0,25165824,2147483648,25165824,5,9,2.07194304466248,0,1
gemm,fp64,warm,1024,1024,1024,0,25165824,2147483648,25165824,6,9,2.07216358184814,0,1
gemm,fp64,cold,1024,1024,1024,0,25165824,2147483648,25165824,0,1,2.07631993293762,0,1
gemm,fp64,cold,1024,1024,1024,0,25165824,2147483648,25165824,1,1,2.07740807533264,0,1
gemm,fp64,cold,1024,1024,1024,0,25165824,2147483648,25165824,2,1,2.07744002342224,0,1
gemm,fp64,cold,1024,1024,1024,0,25165824,2147483648,25165824,3,1,2.07599997520447,0,1
gemm,fp64,cold,1024,1024,1024,0,25165824,2147483648,25165824,4,1,2.0751678943634,0,1
gemm,fp64,cold,1024,1024,1024,0,25165824,2147483648,25165824,5,1,2.07724809646606,0,1
gemm,fp64,cold,1024,1024,1024,0,25165824,2147483648,25165824,6,1,2.07577610015869,0,1
gemm,fp64,warm,2048,2048,2048,0,100663296,17179869184,100663296,0,1,16.5240325927734,0,1
gemm,fp64,warm,2048,2048,2048,0,100663296,17179869184,100663296,1,1,16.5257606506348,0,1
gemm,fp64,warm,2048,2048,2048,0,100663296,17179869184,100663296,2,1,16.525951385498,0,1
gemm,fp64,warm,2048,2048,2048,0,100663296,17179869184,100663296,3,1,16.5250568389893,0,1
gemm,fp64,warm,2048,2048,2048,0,100663296,17179869184,100663296,4,1,16.5248966217041,0,1
gemm,fp64,warm,2048,2048,2048,0,100663296,17179869184,100663296,5,1,16.514720916748,0,1
gemm,fp64,warm,2048,2048,2048,0,100663296,17179869184,100663296,6,1,16.5253124237061,0,1
gemm,fp64,cold,2048,2048,2048,0,100663296,17179869184,100663296,0,1,16.5255680084229,0,1
gemm,fp64,cold,2048,2048,2048,0,100663296,17179869184,100663296,1,1,16.5246086120605,0,1
gemm,fp64,cold,2048,2048,2048,0,100663296,17179869184,100663296,2,1,16.5248641967773,0,1
gemm,fp64,cold,2048,2048,2048,0,100663296,17179869184,100663296,3,1,16.5247688293457,0,1
gemm,fp64,cold,2048,2048,2048,0,100663296,17179869184,100663296,4,1,16.5250568389893,0,1
gemm,fp64,cold,2048,2048,2048,0,100663296,17179869184,100663296,5,1,16.5243511199951,0,1
gemm,fp64,cold,2048,2048,2048,0,100663296,17179869184,100663296,6,1,16.5251197814941,0,1
gemm,fp64,warm,4096,4096,4096,0,402653184,137438953472,402653184,0,1,131.195175170898,0,1
gemm,fp64,warm,4096,4096,4096,0,402653184,137438953472,402653184,1,1,131.197540283203,0,1
gemm,fp64,warm,4096,4096,4096,0,402653184,137438953472,402653184,2,1,131.193222045898,0,1
gemm,fp64,warm,4096,4096,4096,0,402653184,137438953472,402653184,3,1,131.19270324707,0,1
gemm,fp64,warm,4096,4096,4096,0,402653184,137438953472,402653184,4,1,131.195327758789,0,1
gemm,fp64,warm,4096,4096,4096,0,402653184,137438953472,402653184,5,1,131.196960449219,0,1
gemm,fp64,warm,4096,4096,4096,0,402653184,137438953472,402653184,6,1,131.193405151367,0,1
gemm,fp64,warm,8192,8192,8192,0,1610612736,1099511627776,1610612736,0,1,1044.27746582031,0,1
gemm,fp64,warm,8192,8192,8192,0,1610612736,1099511627776,1610612736,1,1,1044.27661132812,0,1
gemm,fp64,warm,8192,8192,8192,0,1610612736,1099511627776,1610612736,2,1,1044.27294921875,0,1
gemm,fp64,warm,8192,8192,8192,0,1610612736,1099511627776,1610612736,3,1,1044.30517578125,0,1
gemm,fp64,warm,8192,8192,8192,0,1610612736,1099511627776,1610612736,4,1,1044.267578125,0,1
gemm,fp64,warm,8192,8192,8192,0,1610612736,1099511627776,1610612736,5,1,1044.27624511719,0,1
gemm,fp64,warm,8192,8192,8192,0,1610612736,1099511627776,1610612736,6,1,1044.27734375,0,1
gemm,fp64,warm,1,8192,8192,0,537001984,134217728,537001984,0,139,0.138397470116615,0,1
gemm,fp64,warm,1,8192,8192,0,537001984,134217728,537001984,1,139,0.138442128896713,0,1
gemm,fp64,warm,1,8192,8192,0,537001984,134217728,537001984,2,139,0.138405978679657,0,1
gemm,fp64,warm,1,8192,8192,0,537001984,134217728,537001984,3,139,0.138323798775673,0,1
gemm,fp64,warm,1,8192,8192,0,537001984,134217728,537001984,4,139,0.138369157910347,0,1
gemm,fp64,warm,1,8192,8192,0,537001984,134217728,537001984,5,139,0.138427630066872,0,1
gemm,fp64,warm,1,8192,8192,0,537001984,134217728,537001984,6,139,0.138412669301033,0,1
gemm,fp64,warm,2,8192,8192,0,537133056,268435456,537133056,0,4,4.73804807662964,0,1
gemm,fp64,warm,2,8192,8192,0,537133056,268435456,537133056,1,4,4.73771190643311,0,1
gemm,fp64,warm,2,8192,8192,0,537133056,268435456,537133056,2,4,4.73798418045044,0,1
gemm,fp64,warm,2,8192,8192,0,537133056,268435456,537133056,3,4,4.73797607421875,0,1
gemm,fp64,warm,2,8192,8192,0,537133056,268435456,537133056,4,4,4.73863983154297,0,1
gemm,fp64,warm,2,8192,8192,0,537133056,268435456,537133056,5,4,4.73784780502319,0,1
gemm,fp64,warm,2,8192,8192,0,537133056,268435456,537133056,6,4,4.73791980743408,0,1
gemm,fp64,warm,4,8192,8192,0,537395200,536870912,537395200,0,4,4.73785591125488,0,1
gemm,fp64,warm,4,8192,8192,0,537395200,536870912,537395200,1,4,4.73803186416626,0,1
gemm,fp64,warm,4,8192,8192,0,537395200,536870912,537395200,2,4,4.73787212371826,0,1
gemm,fp64,warm,4,8192,8192,0,537395200,536870912,537395200,3,4,4.73763179779053,0,1
gemm,fp64,warm,4,8192,8192,0,537395200,536870912,537395200,4,4,4.73816776275635,0,1
gemm,fp64,warm,4,8192,8192,0,537395200,536870912,537395200,5,4,4.73789596557617,0,1
gemm,fp64,warm,4,8192,8192,0,537395200,536870912,537395200,6,4,4.73794412612915,0,1
gemm,fp64,warm,8,8192,8192,0,537919488,1073741824,537919488,0,4,4.73781585693359,0,1
gemm,fp64,warm,8,8192,8192,0,537919488,1073741824,537919488,1,4,4.73805618286133,0,1
gemm,fp64,warm,8,8192,8192,0,537919488,1073741824,537919488,2,4,4.73823976516724,0,1
gemm,fp64,warm,8,8192,8192,0,537919488,1073741824,537919488,3,4,4.73799180984497,0,1
gemm,fp64,warm,8,8192,8192,0,537919488,1073741824,537919488,4,4,4.73778390884399,0,1
gemm,fp64,warm,8,8192,8192,0,537919488,1073741824,537919488,5,4,4.73800802230835,0,1
gemm,fp64,warm,8,8192,8192,0,537919488,1073741824,537919488,6,4,4.73776006698608,0,1
gemm,fp64,warm,16,8192,8192,0,538968064,2147483648,538968064,0,4,4.73755979537964,0,1
gemm,fp64,warm,16,8192,8192,0,538968064,2147483648,538968064,1,4,4.73729610443115,0,1
gemm,fp64,warm,16,8192,8192,0,538968064,2147483648,538968064,2,4,4.73804807662964,0,1
gemm,fp64,warm,16,8192,8192,0,538968064,2147483648,538968064,3,4,4.73748016357422,0,1
gemm,fp64,warm,16,8192,8192,0,538968064,2147483648,538968064,4,4,4.73769617080688,0,1
gemm,fp64,warm,16,8192,8192,0,538968064,2147483648,538968064,5,4,4.73725605010986,0,1
gemm,fp64,warm,16,8192,8192,0,538968064,2147483648,538968064,6,4,4.73789596557617,0,1
gemm,fp64,warm,32,8192,8192,0,541065216,4294967296,541065216,0,4,4.73176002502441,0,1
gemm,fp64,warm,32,8192,8192,0,541065216,4294967296,541065216,1,4,4.73323202133179,0,1
gemm,fp64,warm,32,8192,8192,0,541065216,4294967296,541065216,2,4,4.73536777496338,0,1
gemm,fp64,warm,32,8192,8192,0,541065216,4294967296,541065216,3,4,4.73271989822388,0,1
gemm,fp64,warm,32,8192,8192,0,541065216,4294967296,541065216,4,4,4.73517608642578,0,1
gemm,fp64,warm,32,8192,8192,0,541065216,4294967296,541065216,5,4,4.73213577270508,0,1
gemm,fp64,warm,32,8192,8192,0,541065216,4294967296,541065216,6,4,4.73347187042236,0,1
gemm,fp64,warm,64,8192,8192,0,545259520,8589934592,545259520,0,2,8.27326393127441,0,1
gemm,fp64,warm,64,8192,8192,0,545259520,8589934592,545259520,1,2,8.27390384674072,0,1
gemm,fp64,warm,64,8192,8192,0,545259520,8589934592,545259520,2,2,8.27326393127441,0,1
gemm,fp64,warm,64,8192,8192,0,545259520,8589934592,545259520,3,2,8.27305603027344,0,1
gemm,fp64,warm,64,8192,8192,0,545259520,8589934592,545259520,4,2,8.2740478515625,0,1
gemm,fp64,warm,64,8192,8192,0,545259520,8589934592,545259520,5,2,8.27324771881104,0,1
gemm,fp64,warm,64,8192,8192,0,545259520,8589934592,545259520,6,2,8.27435207366943,0,1
gemm,fp64,warm,128,8192,8192,0,553648128,17179869184,553648128,0,1,16.5334396362305,0,1
gemm,fp64,warm,128,8192,8192,0,553648128,17179869184,553648128,1,1,16.5343360900879,0,1
gemm,fp64,warm,128,8192,8192,0,553648128,17179869184,553648128,2,1,16.5321273803711,0,1
gemm,fp64,warm,128,8192,8192,0,553648128,17179869184,553648128,3,1,16.534912109375,0,1
gemm,fp64,warm,128,8192,8192,0,553648128,17179869184,553648128,4,1,16.532320022583,0,1
gemm,fp64,warm,128,8192,8192,0,553648128,17179869184,553648128,5,1,16.5338554382324,0,1
gemm,fp64,warm,128,8192,8192,0,553648128,17179869184,553648128,6,1,16.532543182373,0,1
gemm,fp64,warm,256,8192,8192,0,570425344,34359738368,570425344,0,1,33.0314254760742,0,1
gemm,fp64,warm,256,8192,8192,0,570425344,34359738368,570425344,1,1,33.0321922302246,0,1
gemm,fp64,warm,256,8192,8192,0,570425344,34359738368,570425344,2,1,33.0283203125,0,1
gemm,fp64,warm,256,8192,8192,0,570425344,34359738368,570425344,3,1,33.0181427001953,0,1
gemm,fp64,warm,256,8192,8192,0,570425344,34359738368,570425344,4,1,33.0277442932129,0,1
gemm,fp64,warm,256,8192,8192,0,570425344,34359738368,570425344,5,1,33.0327987670898,0,1
gemm,fp64,warm,256,8192,8192,0,570425344,34359738368,570425344,6,1,33.0259208679199,0,1
gemm,fp64,warm,512,8192,8192,0,603979776,68719476736,603979776,0,1,65.975456237793,0,1
gemm,fp64,warm,512,8192,8192,0,603979776,68719476736,603979776,1,1,65.9721908569336,0,1
gemm,fp64,warm,512,8192,8192,0,603979776,68719476736,603979776,2,1,65.9747161865234,0,1
gemm,fp64,warm,512,8192,8192,0,603979776,68719476736,603979776,3,1,65.9744033813477,0,1
gemm,fp64,warm,512,8192,8192,0,603979776,68719476736,603979776,4,1,65.9777297973633,0,1
gemm,fp64,warm,512,8192,8192,0,603979776,68719476736,603979776,5,1,65.9737930297852,0,1
gemm,fp64,warm,512,8192,8192,0,603979776,68719476736,603979776,6,1,65.9752349853516,0,1
gemm,fp64,warm,1024,8192,8192,0,671088640,137438953472,671088640,0,1,131.924697875977,0,1
gemm,fp64,warm,1024,8192,8192,0,671088640,137438953472,671088640,1,1,131.915771484375,0,1
gemm,fp64,warm,1024,8192,8192,0,671088640,137438953472,671088640,2,1,131.923110961914,0,1
gemm,fp64,warm,1024,8192,8192,0,671088640,137438953472,671088640,3,1,131.92399597168,0,1
gemm,fp64,warm,1024,8192,8192,0,671088640,137438953472,671088640,4,1,131.917892456055,0,1
gemm,fp64,warm,1024,8192,8192,0,671088640,137438953472,671088640,5,1,131.957305908203,0,1
gemm,fp64,warm,1024,8192,8192,0,671088640,137438953472,671088640,6,1,131.917572021484,0,1
gemm,fp64,warm,2048,8192,8192,0,805306368,274877906944,805306368,0,1,262.259124755859,0,1
gemm,fp64,warm,2048,8192,8192,0,805306368,274877906944,805306368,1,1,262.257751464844,0,1
gemm,fp64,warm,2048,8192,8192,0,805306368,274877906944,805306368,2,1,262.257019042969,0,1
gemm,fp64,warm,2048,8192,8192,0,805306368,274877906944,805306368,3,1,262.258453369141,0,1
gemm,fp64,warm,2048,8192,8192,0,805306368,274877906944,805306368,4,1,262.260864257812,0,1
gemm,fp64,warm,2048,8192,8192,0,805306368,274877906944,805306368,5,1,262.257568359375,0,1
gemm,fp64,warm,2048,8192,8192,0,805306368,274877906944,805306368,6,1,262.258117675781,0,1
gemm,fp16,warm,256,256,256,0,393216,33554432,393216,0,200,0.031921599060297,0.000198426521477393,1
gemm,fp16,warm,256,256,256,0,393216,33554432,393216,1,200,0.0315553583204746,0.000198426521477393,1
gemm,fp16,warm,256,256,256,0,393216,33554432,393216,2,200,0.0277657601982355,0.000198426521477393,1
gemm,fp16,warm,256,256,256,0,393216,33554432,393216,3,200,0.0233804807066917,0.000198426521477393,1
gemm,fp16,warm,256,256,256,0,393216,33554432,393216,4,200,0.0233593601733446,0.000198426521477393,1
gemm,fp16,warm,256,256,256,0,393216,33554432,393216,5,200,0.0234265588223934,0.000198426521477393,1
gemm,fp16,warm,256,256,256,0,393216,33554432,393216,6,200,0.0233334396034479,0.000198426521477393,1
gemm,fp16,cold,256,256,256,0,393216,33554432,393216,0,1,0.0249600000679493,0.000198426521477393,1
gemm,fp16,cold,256,256,256,0,393216,33554432,393216,1,1,0.0265919994562864,0.000198426521477393,1
gemm,fp16,cold,256,256,256,0,393216,33554432,393216,2,1,0.0242880005389452,0.000198426521477393,1
gemm,fp16,cold,256,256,256,0,393216,33554432,393216,3,1,0.032480001449585,0.000198426521477393,1
gemm,fp16,cold,256,256,256,0,393216,33554432,393216,4,1,0.0242560002952814,0.000198426521477393,1
gemm,fp16,cold,256,256,256,0,393216,33554432,393216,5,1,0.0243839994072914,0.000198426521477393,1
gemm,fp16,cold,256,256,256,0,393216,33554432,393216,6,1,0.0258879996836185,0.000198426521477393,1
gemm,fp16,warm,512,512,512,0,1572864,268435456,1572864,0,200,0.0286323186010122,0.00020091145971206,1
gemm,fp16,warm,512,512,512,0,1572864,268435456,1572864,1,200,0.0282596796751022,0.00020091145971206,1
gemm,fp16,warm,512,512,512,0,1572864,268435456,1572864,2,200,0.0283539202064276,0.00020091145971206,1
gemm,fp16,warm,512,512,512,0,1572864,268435456,1572864,3,200,0.0284841600805521,0.00020091145971206,1
gemm,fp16,warm,512,512,512,0,1572864,268435456,1572864,4,200,0.0263678412884474,0.00020091145971206,1
gemm,fp16,warm,512,512,512,0,1572864,268435456,1572864,5,200,0.0237046405673027,0.00020091145971206,1
gemm,fp16,warm,512,512,512,0,1572864,268435456,1572864,6,200,0.0236463993787766,0.00020091145971206,1
gemm,fp16,cold,512,512,512,0,1572864,268435456,1572864,0,1,0.0297279991209507,0.00020091145971206,1
gemm,fp16,cold,512,512,512,0,1572864,268435456,1572864,1,1,0.0303680002689362,0.00020091145971206,1
gemm,fp16,cold,512,512,512,0,1572864,268435456,1572864,2,1,0.0312639996409416,0.00020091145971206,1
gemm,fp16,cold,512,512,512,0,1572864,268435456,1572864,3,1,0.0294400006532669,0.00020091145971206,1
gemm,fp16,cold,512,512,512,0,1572864,268435456,1572864,4,1,0.0295039992779493,0.00020091145971206,1
gemm,fp16,cold,512,512,512,0,1572864,268435456,1572864,5,1,0.0300159994512796,0.00020091145971206,1
gemm,fp16,cold,512,512,512,0,1572864,268435456,1572864,6,1,0.0290239993482828,0.00020091145971206,1
gemm,fp16,warm,1024,1024,1024,0,6291456,2147483648,6291456,0,200,0.0205891206860542,0.000189940520434515,1
gemm,fp16,warm,1024,1024,1024,0,6291456,2147483648,6291456,1,200,0.0204023998230696,0.000189940520434515,1
gemm,fp16,warm,1024,1024,1024,0,6291456,2147483648,6291456,2,200,0.018623199313879,0.000189940520434515,1
gemm,fp16,warm,1024,1024,1024,0,6291456,2147483648,6291456,3,200,0.0180086400359869,0.000189940520434515,1
gemm,fp16,warm,1024,1024,1024,0,6291456,2147483648,6291456,4,200,0.0179814398288727,0.000189940520434515,1
gemm,fp16,warm,1024,1024,1024,0,6291456,2147483648,6291456,5,200,0.0180062409490347,0.000189940520434515,1
gemm,fp16,warm,1024,1024,1024,0,6291456,2147483648,6291456,6,200,0.0168455988168716,0.000189940520434515,1
gemm,fp16,cold,1024,1024,1024,0,6291456,2147483648,6291456,0,1,0.0235840007662773,0.000189940520434515,1
gemm,fp16,cold,1024,1024,1024,0,6291456,2147483648,6291456,1,1,0.0239679999649525,0.000189940520434515,1
gemm,fp16,cold,1024,1024,1024,0,6291456,2147483648,6291456,2,1,0.0233919993042946,0.000189940520434515,1
gemm,fp16,cold,1024,1024,1024,0,6291456,2147483648,6291456,3,1,0.0237440001219511,0.000189940520434515,1
gemm,fp16,cold,1024,1024,1024,0,6291456,2147483648,6291456,4,1,0.0237760003656149,0.000189940520434515,1
gemm,fp16,cold,1024,1024,1024,0,6291456,2147483648,6291456,5,1,0.0235200002789497,0.000189940520434515,1
gemm,fp16,cold,1024,1024,1024,0,6291456,2147483648,6291456,6,1,0.0236479993909597,0.000189940520434515,1
gemm,fp16,warm,2048,2048,2048,0,25165824,17179869184,25165824,0,200,0.0150825595483184,0.000221487809070642,1
gemm,fp16,warm,2048,2048,2048,0,25165824,17179869184,25165824,1,200,0.0144799994304776,0.000221487809070642,1
gemm,fp16,warm,2048,2048,2048,0,25165824,17179869184,25165824,2,200,0.0144227193668485,0.000221487809070642,1
gemm,fp16,warm,2048,2048,2048,0,25165824,17179869184,25165824,3,200,0.0144022405147552,0.000221487809070642,1
gemm,fp16,warm,2048,2048,2048,0,25165824,17179869184,25165824,4,200,0.0144043192267418,0.000221487809070642,1
gemm,fp16,warm,2048,2048,2048,0,25165824,17179869184,25165824,5,200,0.0143985608592629,0.000221487809070642,1
gemm,fp16,warm,2048,2048,2048,0,25165824,17179869184,25165824,6,200,0.0144031997770071,0.000221487809070642,1
gemm,fp16,cold,2048,2048,2048,0,25165824,17179869184,25165824,0,1,0.0281279999762774,0.000221487809070642,1
gemm,fp16,cold,2048,2048,2048,0,25165824,17179869184,25165824,1,1,0.027904000133276,0.000221487809070642,1
gemm,fp16,cold,2048,2048,2048,0,25165824,17179869184,25165824,2,1,0.0285119991749525,0.000221487809070642,1
gemm,fp16,cold,2048,2048,2048,0,25165824,17179869184,25165824,3,1,0.0282559990882874,0.000221487809070642,1
gemm,fp16,cold,2048,2048,2048,0,25165824,17179869184,25165824,4,1,0.0275519993156195,0.000221487809070642,1
gemm,fp16,cold,2048,2048,2048,0,25165824,17179869184,25165824,5,1,0.0271359998732805,0.000221487809070642,1
gemm,fp16,cold,2048,2048,2048,0,25165824,17179869184,25165824,6,1,0.0274560004472733,0.000221487809070642,1
gemm,fp16,warm,4096,4096,4096,0,100663296,137438953472,100663296,0,200,0.0778791978955269,0.000227370978317963,1
gemm,fp16,warm,4096,4096,4096,0,100663296,137438953472,100663296,1,200,0.0778963193297386,0.000227370978317963,1
gemm,fp16,warm,4096,4096,4096,0,100663296,137438953472,100663296,2,200,0.0778924822807312,0.000227370978317963,1
gemm,fp16,warm,4096,4096,4096,0,100663296,137438953472,100663296,3,200,0.0820672065019608,0.000227370978317963,1
gemm,fp16,warm,4096,4096,4096,0,100663296,137438953472,100663296,4,200,0.0825350359082222,0.000227370978317963,1
gemm,fp16,warm,4096,4096,4096,0,100663296,137438953472,100663296,5,200,0.0825895965099335,0.000227370978317963,1
gemm,fp16,warm,4096,4096,4096,0,100663296,137438953472,100663296,6,200,0.0830915197730064,0.000227370978317963,1
gemm,fp16,warm,8192,8192,8192,0,402653184,1099511627776,402653184,0,36,0.538929760456085,0.000201482833635594,1
gemm,fp16,warm,8192,8192,8192,0,402653184,1099511627776,402653184,1,36,0.55761331319809,0.000201482833635594,1
gemm,fp16,warm,8192,8192,8192,0,402653184,1099511627776,402653184,2,36,0.616131544113159,0.000201482833635594,1
gemm,fp16,warm,8192,8192,8192,0,402653184,1099511627776,402653184,3,36,0.626814186573029,0.000201482833635594,1
gemm,fp16,warm,8192,8192,8192,0,402653184,1099511627776,402653184,4,36,0.625047087669373,0.000201482833635594,1
gemm,fp16,warm,8192,8192,8192,0,402653184,1099511627776,402653184,5,36,0.616444408893585,0.000201482833635594,1
gemm,fp16,warm,8192,8192,8192,0,402653184,1099511627776,402653184,6,36,0.622602701187134,0.000201482833635594,1
gemm,fp16,warm,1,8192,8192,0,134250496,134217728,134250496,0,200,0.0286999996751547,0.000241351598313866,1
gemm,fp16,warm,1,8192,8192,0,134250496,134217728,134250496,1,200,0.028701601549983,0.000241351598313866,1
gemm,fp16,warm,1,8192,8192,0,134250496,134217728,134250496,2,200,0.0286983996629715,0.000241351598313866,1
gemm,fp16,warm,1,8192,8192,0,134250496,134217728,134250496,3,200,0.0286071989685297,0.000241351598313866,1
gemm,fp16,warm,1,8192,8192,0,134250496,134217728,134250496,4,200,0.0282097607851028,0.000241351598313866,1
gemm,fp16,warm,1,8192,8192,0,134250496,134217728,134250496,5,200,0.0281691197305918,0.000241351598313866,1
gemm,fp16,warm,1,8192,8192,0,134250496,134217728,134250496,6,200,0.0281676799058914,0.000241351598313866,1
gemm,fp16,warm,2,8192,8192,0,134283264,268435456,134283264,0,200,0.063530720770359,0.000292374532367175,1
gemm,fp16,warm,2,8192,8192,0,134283264,268435456,134283264,1,200,0.0635420829057693,0.000292374532367175,1
gemm,fp16,warm,2,8192,8192,0,134283264,268435456,134283264,2,200,0.0635355189442635,0.000292374532367175,1
gemm,fp16,warm,2,8192,8192,0,134283264,268435456,134283264,3,200,0.0635054409503937,0.000292374532367175,1
gemm,fp16,warm,2,8192,8192,0,134283264,268435456,134283264,4,200,0.0635159984230995,0.000292374532367175,1
gemm,fp16,warm,2,8192,8192,0,134283264,268435456,134283264,5,200,0.063511036336422,0.000292374532367175,1
gemm,fp16,warm,2,8192,8192,0,134283264,268435456,134283264,6,200,0.0635118409991264,0.000292374532367175,1
gemm,fp16,warm,4,8192,8192,0,134348800,536870912,134348800,0,200,0.0636049583554268,0.000264185512015181,1
gemm,fp16,warm,4,8192,8192,0,134348800,536870912,134348800,1,200,0.0635825619101524,0.000264185512015181,1
gemm,fp16,warm,4,8192,8192,0,134348800,536870912,134348800,2,200,0.0636398419737816,0.000264185512015181,1
gemm,fp16,warm,4,8192,8192,0,134348800,536870912,134348800,3,200,0.0636392012238503,0.000264185512015181,1
gemm,fp16,warm,4,8192,8192,0,134348800,536870912,134348800,4,200,0.063604325056076,0.000264185512015181,1
gemm,fp16,warm,4,8192,8192,0,134348800,536870912,134348800,5,200,0.0636529624462128,0.000264185512015181,1
gemm,fp16,warm,4,8192,8192,0,134348800,536870912,134348800,6,200,0.0635854378342628,0.000264185512015181,1
gemm,fp16,warm,8,8192,8192,0,134479872,1073741824,134479872,0,200,0.0282630398869514,0.000188446265463958,1
gemm,fp16,warm,8,8192,8192,0,134479872,1073741824,134479872,1,200,0.0282145589590073,0.000188446265463958,1
gemm,fp16,warm,8,8192,8192,0,134479872,1073741824,134479872,2,200,0.0281804800033569,0.000188446265463958,1
gemm,fp16,warm,8,8192,8192,0,134479872,1073741824,134479872,3,200,0.0283526405692101,0.000188446265463958,1
gemm,fp16,warm,8,8192,8192,0,134479872,1073741824,134479872,4,200,0.0282561592757702,0.000188446265463958,1
gemm,fp16,warm,8,8192,8192,0,134479872,1073741824,134479872,5,200,0.0283183995634317,0.000188446265463958,1
gemm,fp16,warm,8,8192,8192,0,134479872,1073741824,134479872,6,200,0.0282420795410872,0.000188446265463958,1
gemm,fp16,warm,16,8192,8192,0,134742016,2147483648,134742016,0,200,0.0281191989779472,0.000219235237132225,1
gemm,fp16,warm,16,8192,8192,0,134742016,2147483648,134742016,1,200,0.0279075186699629,0.000219235237132225,1
gemm,fp16,warm,16,8192,8192,0,134742016,2147483648,134742016,2,200,0.0280035212635994,0.000219235237132225,1
gemm,fp16,warm,16,8192,8192,0,134742016,2147483648,134742016,3,200,0.0280012805014849,0.000219235237132225,1
gemm,fp16,warm,16,8192,8192,0,134742016,2147483648,134742016,4,200,0.0279222391545773,0.000219235237132225,1
gemm,fp16,warm,16,8192,8192,0,134742016,2147483648,134742016,5,200,0.0279321596026421,0.000219235237132225,1
gemm,fp16,warm,16,8192,8192,0,134742016,2147483648,134742016,6,200,0.0278415996581316,0.000219235237132225,1
gemm,fp16,warm,32,8192,8192,0,135266304,4294967296,135266304,0,200,0.0268278401345015,0.000245315918246433,1
gemm,fp16,warm,32,8192,8192,0,135266304,4294967296,135266304,1,200,0.0267771203070879,0.000245315918246433,1
gemm,fp16,warm,32,8192,8192,0,135266304,4294967296,135266304,2,200,0.0268017593771219,0.000245315918246433,1
gemm,fp16,warm,32,8192,8192,0,135266304,4294967296,135266304,3,200,0.026815839111805,0.000245315918246433,1
gemm,fp16,warm,32,8192,8192,0,135266304,4294967296,135266304,4,200,0.0267875194549561,0.000245315918246433,1
gemm,fp16,warm,32,8192,8192,0,135266304,4294967296,135266304,5,200,0.026806240901351,0.000245315918246433,1
gemm,fp16,warm,32,8192,8192,0,135266304,4294967296,135266304,6,200,0.0267974399030209,0.000245315918246433,1
gemm,fp16,warm,64,8192,8192,0,136314880,8589934592,136314880,0,200,0.0270678400993347,0.000206361611237897,1
gemm,fp16,warm,64,8192,8192,0,136314880,8589934592,136314880,1,200,0.0270179193466902,0.000206361611237897,1
gemm,fp16,warm,64,8192,8192,0,136314880,8589934592,136314880,2,200,0.0271232016384602,0.000206361611237897,1
gemm,fp16,warm,64,8192,8192,0,136314880,8589934592,136314880,3,200,0.026996960863471,0.000206361611237897,1
gemm,fp16,warm,64,8192,8192,0,136314880,8589934592,136314880,4,200,0.0270739197731018,0.000206361611237897,1
gemm,fp16,warm,64,8192,8192,0,136314880,8589934592,136314880,5,200,0.0270644798874855,0.000206361611237897,1
gemm,fp16,warm,64,8192,8192,0,136314880,8589934592,136314880,6,200,0.0270844791084528,0.000206361611237897,1
gemm,fp16,warm,128,8192,8192,0,138412032,17179869184,138412032,0,200,0.0280569605529308,0.000266098899365157,1
gemm,fp16,warm,128,8192,8192,0,138412032,17179869184,138412032,1,200,0.0280792005360126,0.000266098899365157,1
gemm,fp16,warm,128,8192,8192,0,138412032,17179869184,138412032,2,200,0.0279807988554239,0.000266098899365157,1
gemm,fp16,warm,128,8192,8192,0,138412032,17179869184,138412032,3,200,0.0279814414680004,0.000266098899365157,1
gemm,fp16,warm,128,8192,8192,0,138412032,17179869184,138412032,4,200,0.0279641598463058,0.000266098899365157,1
gemm,fp16,warm,128,8192,8192,0,138412032,17179869184,138412032,5,200,0.0280225612223148,0.000266098899365157,1
gemm,fp16,warm,128,8192,8192,0,138412032,17179869184,138412032,6,200,0.0280102398246527,0.000266098899365157,1
gemm,fp16,warm,256,8192,8192,0,142606336,34359738368,142606336,0,200,0.0328040011227131,0.000208955069232491,1
gemm,fp16,warm,256,8192,8192,0,142606336,34359738368,142606336,1,200,0.0328611209988594,0.000208955069232491,1
gemm,fp16,warm,256,8192,8192,0,142606336,34359738368,142606336,2,200,0.0328521616756916,0.000208955069232491,1
gemm,fp16,warm,256,8192,8192,0,142606336,34359738368,142606336,3,200,0.0328740812838078,0.000208955069232491,1
gemm,fp16,warm,256,8192,8192,0,142606336,34359738368,142606336,4,200,0.0328232012689114,0.000208955069232491,1
gemm,fp16,warm,256,8192,8192,0,142606336,34359738368,142606336,5,200,0.0328545607626438,0.000208955069232491,1
gemm,fp16,warm,256,8192,8192,0,142606336,34359738368,142606336,6,200,0.0328883193433285,0.000208955069232491,1
gemm,fp16,warm,512,8192,8192,0,150994944,68719476736,150994944,0,200,0.0453126393258572,0.00021041038827574,1
gemm,fp16,warm,512,8192,8192,0,150994944,68719476736,150994944,1,200,0.0450743995606899,0.00021041038827574,1
gemm,fp16,warm,512,8192,8192,0,150994944,68719476736,150994944,2,200,0.0450447984039783,0.00021041038827574,1
gemm,fp16,warm,512,8192,8192,0,150994944,68719476736,150994944,3,200,0.0450710393488407,0.00021041038827574,1
gemm,fp16,warm,512,8192,8192,0,150994944,68719476736,150994944,4,200,0.045060321688652,0.00021041038827574,1
gemm,fp16,warm,512,8192,8192,0,150994944,68719476736,150994944,5,200,0.0452001616358757,0.00021041038827574,1
gemm,fp16,warm,512,8192,8192,0,150994944,68719476736,150994944,6,200,0.0492407977581024,0.00021041038827574,1
gemm,fp16,warm,1024,8192,8192,0,167772160,137438953472,167772160,0,200,0.0883396789431572,0.000200414017464685,1
gemm,fp16,warm,1024,8192,8192,0,167772160,137438953472,167772160,1,200,0.0866875201463699,0.000200414017464685,1
gemm,fp16,warm,1024,8192,8192,0,167772160,137438953472,167772160,2,200,0.0865823999047279,0.000200414017464685,1
gemm,fp16,warm,1024,8192,8192,0,167772160,137438953472,167772160,3,200,0.0889460742473602,0.000200414017464685,1
gemm,fp16,warm,1024,8192,8192,0,167772160,137438953472,167772160,4,200,0.0894041657447815,0.000200414017464685,1
gemm,fp16,warm,1024,8192,8192,0,167772160,137438953472,167772160,5,200,0.0904368013143539,0.000200414017464685,1
gemm,fp16,warm,1024,8192,8192,0,167772160,137438953472,167772160,6,200,0.0905531197786331,0.000200414017464685,1
gemm,fp16,warm,2048,8192,8192,0,201326592,274877906944,201326592,0,114,0.166926875710487,0.000225696977694881,1
gemm,fp16,warm,2048,8192,8192,0,201326592,274877906944,201326592,1,114,0.162743583321571,0.000225696977694881,1
gemm,fp16,warm,2048,8192,8192,0,201326592,274877906944,201326592,2,114,0.162694171071053,0.000225696977694881,1
gemm,fp16,warm,2048,8192,8192,0,201326592,274877906944,201326592,3,114,0.171298816800117,0.000225696977694881,1
gemm,fp16,warm,2048,8192,8192,0,201326592,274877906944,201326592,4,114,0.173910453915596,0.000225696977694881,1
gemm,fp16,warm,2048,8192,8192,0,201326592,274877906944,201326592,5,114,0.175451800227165,0.000225696977694881,1
gemm,fp16,warm,2048,8192,8192,0,201326592,274877906944,201326592,6,114,0.175244629383087,0.000225696977694881,1
gemm,bf16,warm,256,256,256,0,393216,33554432,393216,0,200,0.00504447985440493,0.00156995384806169,1
gemm,bf16,warm,256,256,256,0,393216,33554432,393216,1,200,0.00505087990313768,0.00156995384806169,1
gemm,bf16,warm,256,256,256,0,393216,33554432,393216,2,200,0.00500111980363727,0.00156995384806169,1
gemm,bf16,warm,256,256,256,0,393216,33554432,393216,3,200,0.0050033601000905,0.00156995384806169,1
gemm,bf16,warm,256,256,256,0,393216,33554432,393216,4,200,0.00501424027606845,0.00156995384806169,1
gemm,bf16,warm,256,256,256,0,393216,33554432,393216,5,200,0.00501407962292433,0.00156995384806169,1
gemm,bf16,warm,256,256,256,0,393216,33554432,393216,6,200,0.00500895967707038,0.00156995384806169,1
gemm,bf16,cold,256,256,256,0,393216,33554432,393216,0,1,0.0098879998549819,0.00156995384806169,1
gemm,bf16,cold,256,256,256,0,393216,33554432,393216,1,1,0.00979200005531311,0.00156995384806169,1
gemm,bf16,cold,256,256,256,0,393216,33554432,393216,2,1,0.0105600003153086,0.00156995384806169,1
gemm,bf16,cold,256,256,256,0,393216,33554432,393216,3,1,0.0103679997846484,0.00156995384806169,1
gemm,bf16,cold,256,256,256,0,393216,33554432,393216,4,1,0.00956800021231174,0.00156995384806169,1
gemm,bf16,cold,256,256,256,0,393216,33554432,393216,5,1,0.00972799956798553,0.00156995384806169,1
gemm,bf16,cold,256,256,256,0,393216,33554432,393216,6,1,0.0117760002613068,0.00156995384806169,1
gemm,bf16,warm,512,512,512,0,1572864,268435456,1572864,0,200,0.00500511983409524,0.00162394799487254,1
gemm,bf16,warm,512,512,512,0,1572864,268435456,1572864,1,200,0.0050188796594739,0.00162394799487254,1
gemm,bf16,warm,512,512,512,0,1572864,268435456,1572864,2,200,0.00504576042294502,0.00162394799487254,1
gemm,bf16,warm,512,512,512,0,1572864,268435456,1572864,3,200,0.00504512013867497,0.00162394799487254,1
gemm,bf16,warm,512,512,512,0,1572864,268435456,1572864,4,200,0.00503423996269703,0.00162394799487254,1
gemm,bf16,warm,512,512,512,0,1572864,268435456,1572864,5,200,0.00502255978062749,0.00162394799487254,1
gemm,bf16,warm,512,512,512,0,1572864,268435456,1572864,6,200,0.00503743998706341,0.00162394799487254,1
gemm,bf16,cold,512,512,512,0,1572864,268435456,1572864,0,1,0.0105919996276498,0.00162394799487254,1
gemm,bf16,cold,512,512,512,0,1572864,268435456,1572864,1,1,0.00998399965465069,0.00162394799487254,1
gemm,bf16,cold,512,512,512,0,1572864,268435456,1572864,2,1,0.0101119996979833,0.00162394799487254,1
gemm,bf16,cold,512,512,512,0,1572864,268435456,1572864,3,1,0.0114879999309778,0.00162394799487254,1
gemm,bf16,cold,512,512,512,0,1572864,268435456,1572864,4,1,0.0098879998549819,0.00162394799487254,1
gemm,bf16,cold,512,512,512,0,1572864,268435456,1572864,5,1,0.0101119996979833,0.00162394799487254,1
gemm,bf16,cold,512,512,512,0,1572864,268435456,1572864,6,1,0.00998399965465069,0.00162394799487254,1
gemm,bf16,warm,1024,1024,1024,0,6291456,2147483648,6291456,0,200,0.00617120042443275,0.00141444543565153,1
gemm,bf16,warm,1024,1024,1024,0,6291456,2147483648,6291456,1,200,0.00618016021326184,0.00141444543565153,1
gemm,bf16,warm,1024,1024,1024,0,6291456,2147483648,6291456,2,200,0.00617695972323418,0.00141444543565153,1
gemm,bf16,warm,1024,1024,1024,0,6291456,2147483648,6291456,3,200,0.00617616018280387,0.00141444543565153,1
gemm,bf16,warm,1024,1024,1024,0,6291456,2147483648,6291456,4,200,0.00618511997163296,0.00141444543565153,1
gemm,bf16,warm,1024,1024,1024,0,6291456,2147483648,6291456,5,200,0.0061766398139298,0.00141444543565153,1
gemm,bf16,warm,1024,1024,1024,0,6291456,2147483648,6291456,6,200,0.0061808000318706,0.00141444543565153,1
gemm,bf16,cold,1024,1024,1024,0,6291456,2147483648,6291456,0,1,0.0120639996603131,0.00141444543565153,1
gemm,bf16,cold,1024,1024,1024,0,6291456,2147483648,6291456,1,1,0.0125439995899796,0.00141444543565153,1
gemm,bf16,cold,1024,1024,1024,0,6291456,2147483648,6291456,2,1,0.0121600003913045,0.00141444543565153,1
gemm,bf16,cold,1024,1024,1024,0,6291456,2147483648,6291456,3,1,0.0124800000339746,0.00141444543565153,1
gemm,bf16,cold,1024,1024,1024,0,6291456,2147483648,6291456,4,1,0.0138879995793104,0.00141444543565153,1
gemm,bf16,cold,1024,1024,1024,0,6291456,2147483648,6291456,5,1,0.0114879999309778,0.00141444543565153,1
gemm,bf16,cold,1024,1024,1024,0,6291456,2147483648,6291456,6,1,0.0117119997739792,0.00141444543565153,1
gemm,bf16,warm,2048,2048,2048,0,25165824,17179869184,25165824,0,200,0.0143569596111774,0.00152126818093298,1
gemm,bf16,warm,2048,2048,2048,0,25165824,17179869184,25165824,1,200,0.0143711995333433,0.00152126818093298,1
gemm,bf16,warm,2048,2048,2048,0,25165824,17179869184,25165824,2,200,0.0143729606643319,0.00152126818093298,1
gemm,bf16,warm,2048,2048,2048,0,25165824,17179869184,25165824,3,200,0.0143662402406335,0.00152126818093298,1
gemm,bf16,warm,2048,2048,2048,0,25165824,17179869184,25165824,4,200,0.0143731199204922,0.00152126818093298,1
gemm,bf16,warm,2048,2048,2048,0,25165824,17179869184,25165824,5,200,0.0143724801018834,0.00152126818093298,1
gemm,bf16,warm,2048,2048,2048,0,25165824,17179869184,25165824,6,200,0.0143728004768491,0.00152126818093298,1
gemm,bf16,cold,2048,2048,2048,0,25165824,17179869184,25165824,0,1,0.021824000403285,0.00152126818093298,1
gemm,bf16,cold,2048,2048,2048,0,25165824,17179869184,25165824,1,1,0.0203520003706217,0.00152126818093298,1
gemm,bf16,cold,2048,2048,2048,0,25165824,17179869184,25165824,2,1,0.0202559996396303,0.00152126818093298,1
gemm,bf16,cold,2048,2048,2048,0,25165824,17179869184,25165824,3,1,0.0208320003002882,0.00152126818093298,1
gemm,bf16,cold,2048,2048,2048,0,25165824,17179869184,25165824,4,1,0.0215360000729561,0.00152126818093298,1
gemm,bf16,cold,2048,2048,2048,0,25165824,17179869184,25165824,5,1,0.0217279996722937,0.00152126818093298,1
gemm,bf16,cold,2048,2048,2048,0,25165824,17179869184,25165824,6,1,0.020864000543952,0.00152126818093298,1
gemm,bf16,warm,4096,4096,4096,0,100663296,137438953472,100663296,0,200,0.0779041573405266,0.00171066456404783,1
gemm,bf16,warm,4096,4096,4096,0,100663296,137438953472,100663296,1,200,0.0779204815626144,0.00171066456404783,1
gemm,bf16,warm,4096,4096,4096,0,100663296,137438953472,100663296,2,200,0.0794064030051231,0.00171066456404783,1
gemm,bf16,warm,4096,4096,4096,0,100663296,137438953472,100663296,3,200,0.0801548734307289,0.00171066456404783,1
gemm,bf16,warm,4096,4096,4096,0,100663296,137438953472,100663296,4,200,0.0858649611473083,0.00171066456404783,1
gemm,bf16,warm,4096,4096,4096,0,100663296,137438953472,100663296,5,200,0.0858809575438499,0.00171066456404783,1
gemm,bf16,warm,4096,4096,4096,0,100663296,137438953472,100663296,6,200,0.0857676789164543,0.00171066456404783,1
gemm,bf16,warm,8192,8192,8192,0,402653184,1099511627776,402653184,0,36,0.541151106357574,0.00196155990413702,1
gemm,bf16,warm,8192,8192,8192,0,402653184,1099511627776,402653184,1,36,0.581202685832977,0.00196155990413702,1
gemm,bf16,warm,8192,8192,8192,0,402653184,1099511627776,402653184,2,36,0.617468476295471,0.00196155990413702,1
gemm,bf16,warm,8192,8192,8192,0,402653184,1099511627776,402653184,3,36,0.640583097934723,0.00196155990413702,1
gemm,bf16,warm,8192,8192,8192,0,402653184,1099511627776,402653184,4,36,0.637416899204254,0.00196155990413702,1
gemm,bf16,warm,8192,8192,8192,0,402653184,1099511627776,402653184,5,36,0.633999109268188,0.00196155990413702,1
gemm,bf16,warm,8192,8192,8192,0,402653184,1099511627776,402653184,6,36,0.631548464298248,0.00196155990413702,1
gemm,bf16,warm,1,8192,8192,0,134250496,134217728,134250496,0,200,0.0287083201110363,0.00159905328714834,1
gemm,bf16,warm,1,8192,8192,0,134250496,134217728,134250496,1,200,0.0286995191127062,0.00159905328714834,1
gemm,bf16,warm,1,8192,8192,0,134250496,134217728,134250496,2,200,0.0287025589495897,0.00159905328714834,1
gemm,bf16,warm,1,8192,8192,0,134250496,134217728,134250496,3,200,0.028710400685668,0.00159905328714834,1
gemm,bf16,warm,1,8192,8192,0,134250496,134217728,134250496,4,200,0.0287108793854713,0.00159905328714834,1
gemm,bf16,warm,1,8192,8192,0,134250496,134217728,134250496,5,200,0.0283863991498947,0.00159905328714834,1
gemm,bf16,warm,1,8192,8192,0,134250496,134217728,134250496,6,200,0.0282559990882874,0.00159905328714834,1
gemm,bf16,warm,2,8192,8192,0,134283264,268435456,134283264,0,200,0.0510993637144566,0.00255426270291833,1
gemm,bf16,warm,2,8192,8192,0,134283264,268435456,134283264,1,200,0.0493393614888191,0.00255426270291833,1
gemm,bf16,warm,2,8192,8192,0,134283264,268435456,134283264,2,200,0.0472654402256012,0.00255426270291833,1
gemm,bf16,warm,2,8192,8192,0,134283264,268435456,134283264,3,200,0.0472598411142826,0.00255426270291833,1
gemm,bf16,warm,2,8192,8192,0,134283264,268435456,134283264,4,200,0.0471851192414761,0.00255426270291833,1
gemm,bf16,warm,2,8192,8192,0,134283264,268435456,134283264,5,200,0.0471496023237705,0.00255426270291833,1
gemm,bf16,warm,2,8192,8192,0,134283264,268435456,134283264,6,200,0.0471755228936672,0.00255426270291833,1
gemm,bf16,warm,4,8192,8192,0,134348800,536870912,134348800,0,200,0.0483126416802406,0.00266300887255156,1
gemm,bf16,warm,4,8192,8192,0,134348800,536870912,134348800,1,200,0.0482038408517838,0.00266300887255156,1
gemm,bf16,warm,4,8192,8192,0,134348800,536870912,134348800,2,200,0.0478456020355225,0.00266300887255156,1
gemm,bf16,warm,4,8192,8192,0,134348800,536870912,134348800,3,200,0.0479268804192543,0.00266300887255156,1
gemm,bf16,warm,4,8192,8192,0,134348800,536870912,134348800,4,200,0.0479163229465485,0.00266300887255156,1
gemm,bf16,warm,4,8192,8192,0,134348800,536870912,134348800,5,200,0.0478655993938446,0.00266300887255156,1
gemm,bf16,warm,4,8192,8192,0,134348800,536870912,134348800,6,200,0.047903198748827,0.00266300887255156,1
gemm,bf16,warm,8,8192,8192,0,134479872,1073741824,134479872,0,200,0.028241278603673,0.00169396235379781,1
gemm,bf16,warm,8,8192,8192,0,134479872,1073741824,134479872,1,200,0.0281895995140076,0.00169396235379781,1
gemm,bf16,warm,8,8192,8192,0,134479872,1073741824,134479872,2,200,0.0282784011214972,0.00169396235379781,1
gemm,bf16,warm,8,8192,8192,0,134479872,1073741824,134479872,3,200,0.0282644797116518,0.00169396235379781,1
gemm,bf16,warm,8,8192,8192,0,134479872,1073741824,134479872,4,200,0.0283328015357256,0.00169396235379781,1
gemm,bf16,warm,8,8192,8192,0,134479872,1073741824,134479872,5,200,0.0281751994043589,0.00169396235379781,1
gemm,bf16,warm,8,8192,8192,0,134479872,1073741824,134479872,6,200,0.0282716806977987,0.00169396235379781,1
gemm,bf16,warm,16,8192,8192,0,134742016,2147483648,134742016,0,200,0.0279408004134893,0.001948402555698,1
gemm,bf16,warm,16,8192,8192,0,134742016,2147483648,134742016,1,200,0.0279539208859205,0.001948402555698,1
gemm,bf16,warm,16,8192,8192,0,134742016,2147483648,134742016,2,200,0.0280377604067326,0.001948402555698,1
gemm,bf16,warm,16,8192,8192,0,134742016,2147483648,134742016,3,200,0.0280652809888124,0.001948402555698,1
gemm,bf16,warm,16,8192,8192,0,134742016,2147483648,134742016,4,200,0.0279539208859205,0.001948402555698,1
gemm,bf16,warm,16,8192,8192,0,134742016,2147483648,134742016,5,200,0.0279428791254759,0.001948402555698,1
gemm,bf16,warm,16,8192,8192,0,134742016,2147483648,134742016,6,200,0.0280145592987537,0.001948402555698,1
gemm,bf16,warm,32,8192,8192,0,135266304,4294967296,135266304,0,200,0.0268460791558027,0.00166506969017838,1
gemm,bf16,warm,32,8192,8192,0,135266304,4294967296,135266304,1,200,0.0267628785222769,0.00166506969017838,1
gemm,bf16,warm,32,8192,8192,0,135266304,4294967296,135266304,2,200,0.0267574414610863,0.00166506969017838,1
gemm,bf16,warm,32,8192,8192,0,135266304,4294967296,135266304,3,200,0.0268361587077379,0.00166506969017838,1
gemm,bf16,warm,32,8192,8192,0,135266304,4294967296,135266304,4,200,0.0268176011741161,0.00166506969017838,1
gemm,bf16,warm,32,8192,8192,0,135266304,4294967296,135266304,5,200,0.0268185585737228,0.00166506969017838,1
gemm,bf16,warm,32,8192,8192,0,135266304,4294967296,135266304,6,200,0.0267958398908377,0.00166506969017838,1
gemm,bf16,warm,64,8192,8192,0,136314880,8589934592,136314880,0,200,0.0270760003477335,0.00155328542635371,1
gemm,bf16,warm,64,8192,8192,0,136314880,8589934592,136314880,1,200,0.0270600002259016,0.00155328542635371,1
gemm,bf16,warm,64,8192,8192,0,136314880,8589934592,136314880,2,200,0.0270287990570068,0.00155328542635371,1
gemm,bf16,warm,64,8192,8192,0,136314880,8589934592,136314880,3,200,0.0270846392959356,0.00155328542635371,1
gemm,bf16,warm,64,8192,8192,0,136314880,8589934592,136314880,4,200,0.0269600003957748,0.00155328542635371,1
gemm,bf16,warm,64,8192,8192,0,136314880,8589934592,136314880,5,200,0.027102880179882,0.00155328542635371,1
gemm,bf16,warm,64,8192,8192,0,136314880,8589934592,136314880,6,200,0.0270529612898827,0.00155328542635371,1
gemm,bf16,warm,128,8192,8192,0,138412032,17179869184,138412032,0,200,0.0281231999397278,0.00176589199669178,1
gemm,bf16,warm,128,8192,8192,0,138412032,17179869184,138412032,1,200,0.0279708784073591,0.00176589199669178,1
gemm,bf16,warm,128,8192,8192,0,138412032,17179869184,138412032,2,200,0.0280468799173832,0.00176589199669178,1
gemm,bf16,warm,128,8192,8192,0,138412032,17179869184,138412032,3,200,0.0280622411519289,0.00176589199669178,1
gemm,bf16,warm,128,8192,8192,0,138412032,17179869184,138412032,4,200,0.0279849600046873,0.00176589199669178,1
gemm,bf16,warm,128,8192,8192,0,138412032,17179869184,138412032,5,200,0.0280675198882818,0.00176589199669178,1
gemm,bf16,warm,128,8192,8192,0,138412032,17179869184,138412032,6,200,0.0280366390943527,0.00176589199669178,1
gemm,bf16,warm,256,8192,8192,0,142606336,34359738368,142606336,0,200,0.0328315198421478,0.00145721684350321,1
gemm,bf16,warm,256,8192,8192,0,142606336,34359738368,142606336,1,200,0.0328550413250923,0.00145721684350321,1
gemm,bf16,warm,256,8192,8192,0,142606336,34359738368,142606336,2,200,0.0328643210232258,0.00145721684350321,1
gemm,bf16,warm,256,8192,8192,0,142606336,34359738368,142606336,3,200,0.032833281904459,0.00145721684350321,1
gemm,bf16,warm,256,8192,8192,0,142606336,34359738368,142606336,4,200,0.0328350402414799,0.00145721684350321,1
gemm,bf16,warm,256,8192,8192,0,142606336,34359738368,142606336,5,200,0.0328224003314972,0.00145721684350321,1
gemm,bf16,warm,256,8192,8192,0,142606336,34359738368,142606336,6,200,0.0328129604458809,0.00145721684350321,1
gemm,bf16,warm,512,8192,8192,0,150994944,68719476736,150994944,0,200,0.0453382395207882,0.00170620431592466,1
gemm,bf16,warm,512,8192,8192,0,150994944,68719476736,150994944,1,200,0.0453812777996063,0.00170620431592466,1
gemm,bf16,warm,512,8192,8192,0,150994944,68719476736,150994944,2,200,0.045314397662878,0.00170620431592466,1
gemm,bf16,warm,512,8192,8192,0,150994944,68719476736,150994944,3,200,0.0453399978578091,0.00170620431592466,1
gemm,bf16,warm,512,8192,8192,0,150994944,68719476736,150994944,4,200,0.0457092821598053,0.00170620431592466,1
gemm,bf16,warm,512,8192,8192,0,150994944,68719476736,150994944,5,200,0.0529993586242199,0.00170620431592466,1
gemm,bf16,warm,512,8192,8192,0,150994944,68719476736,150994944,6,200,0.0530019178986549,0.00170620431592466,1
gemm,bf16,warm,1024,8192,8192,0,167772160,137438953472,167772160,0,200,0.0930955186486244,0.00177670344327559,1
gemm,bf16,warm,1024,8192,8192,0,167772160,137438953472,167772160,1,200,0.092834398150444,0.00177670344327559,1
gemm,bf16,warm,1024,8192,8192,0,167772160,137438953472,167772160,2,200,0.0887932777404785,0.00177670344327559,1
gemm,bf16,warm,1024,8192,8192,0,167772160,137438953472,167772160,3,200,0.089126393198967,0.00177670344327559,1
gemm,bf16,warm,1024,8192,8192,0,167772160,137438953472,167772160,4,200,0.0902447998523712,0.00177670344327559,1
gemm,bf16,warm,1024,8192,8192,0,167772160,137438953472,167772160,5,200,0.0905963256955147,0.00177670344327559,1
gemm,bf16,warm,1024,8192,8192,0,167772160,137438953472,167772160,6,200,0.0908868759870529,0.00177670344327559,1
gemm,bf16,warm,2048,8192,8192,0,201326592,274877906944,201326592,0,113,0.169410273432732,0.00169340637723078,1
gemm,bf16,warm,2048,8192,8192,0,201326592,274877906944,201326592,1,113,0.166128993034363,0.00169340637723078,1
gemm,bf16,warm,2048,8192,8192,0,201326592,274877906944,201326592,2,113,0.169515326619148,0.00169340637723078,1
gemm,bf16,warm,2048,8192,8192,0,201326592,274877906944,201326592,3,113,0.174021661281586,0.00169340637723078,1
gemm,bf16,warm,2048,8192,8192,0,201326592,274877906944,201326592,4,113,0.17455518245697,0.00169340637723078,1
gemm,bf16,warm,2048,8192,8192,0,201326592,274877906944,201326592,5,113,0.17638598382473,0.00169340637723078,1
gemm,bf16,warm,2048,8192,8192,0,201326592,274877906944,201326592,6,113,0.17806302011013,0.00169340637723078,1
gemm,tf32,warm,256,256,256,0,786432,33554432,786432,0,200,0.00618543988093734,0,1
gemm,tf32,warm,256,256,256,0,786432,33554432,786432,1,200,0.00618240004405379,0,1
gemm,tf32,warm,256,256,256,0,786432,33554432,786432,2,200,0.00618560006842017,0,1
gemm,tf32,warm,256,256,256,0,786432,33554432,786432,3,200,0.00618528015911579,0,1
gemm,tf32,warm,256,256,256,0,786432,33554432,786432,4,200,0.00618287967517972,0,1
gemm,tf32,warm,256,256,256,0,786432,33554432,786432,5,200,0.00617968011647463,0,1
gemm,tf32,warm,256,256,256,0,786432,33554432,786432,6,200,0.00618095975369215,0,1
gemm,tf32,cold,256,256,256,0,786432,33554432,786432,0,1,0.0133440000936389,0,1
gemm,tf32,cold,256,256,256,0,786432,33554432,786432,1,1,0.012703999876976,0,1
gemm,tf32,cold,256,256,256,0,786432,33554432,786432,2,1,0.0127360001206398,0,1
gemm,tf32,cold,256,256,256,0,786432,33554432,786432,3,1,0.0140479998663068,0,1
gemm,tf32,cold,256,256,256,0,786432,33554432,786432,4,1,0.012640000320971,0,1
gemm,tf32,cold,256,256,256,0,786432,33554432,786432,5,1,0.0135359996929765,0,1
gemm,tf32,cold,256,256,256,0,786432,33554432,786432,6,1,0.0122880004346371,0,1
gemm,tf32,warm,512,512,512,0,3145728,268435456,3145728,0,200,0.0118135996162891,0,1
gemm,tf32,warm,512,512,512,0,3145728,268435456,3145728,1,200,0.0120436800643802,0,1
gemm,tf32,warm,512,512,512,0,3145728,268435456,3145728,2,200,0.0123875197023153,0,1
gemm,tf32,warm,512,512,512,0,3145728,268435456,3145728,3,200,0.0123985596001148,0,1
gemm,tf32,warm,512,512,512,0,3145728,268435456,3145728,4,200,0.0123825594782829,0,1
gemm,tf32,warm,512,512,512,0,3145728,268435456,3145728,5,200,0.0121947200968862,0,1
gemm,tf32,warm,512,512,512,0,3145728,268435456,3145728,6,200,0.011797440238297,0,1
gemm,tf32,cold,512,512,512,0,3145728,268435456,3145728,0,1,0.0188800003379583,0,1
gemm,tf32,cold,512,512,512,0,3145728,268435456,3145728,1,1,0.0183039996773005,0,1
gemm,tf32,cold,512,512,512,0,3145728,268435456,3145728,2,1,0.0186240002512932,0,1
gemm,tf32,cold,512,512,512,0,3145728,268435456,3145728,3,1,0.0186240002512932,0,1
gemm,tf32,cold,512,512,512,0,3145728,268435456,3145728,4,1,0.0183359999209642,0,1
gemm,tf32,cold,512,512,512,0,3145728,268435456,3145728,5,1,0.0185920000076294,0,1
gemm,tf32,cold,512,512,512,0,3145728,268435456,3145728,6,1,0.018495999276638,0,1
gemm,tf32,warm,1024,1024,1024,0,12582912,2147483648,12582912,0,200,0.0106052802875638,0,1
gemm,tf32,warm,1024,1024,1024,0,12582912,2147483648,12582912,1,200,0.0105656003579497,0,1
gemm,tf32,warm,1024,1024,1024,0,12582912,2147483648,12582912,2,200,0.0101624000817537,0,1
gemm,tf32,warm,1024,1024,1024,0,12582912,2147483648,12582912,3,200,0.0101668797433376,0,1
gemm,tf32,warm,1024,1024,1024,0,12582912,2147483648,12582912,4,200,0.00994000025093555,0,1
gemm,tf32,warm,1024,1024,1024,0,12582912,2147483648,12582912,5,200,0.00977503973990679,0,1
gemm,tf32,warm,1024,1024,1024,0,12582912,2147483648,12582912,6,200,0.0097595201805234,0,1
gemm,tf32,cold,1024,1024,1024,0,12582912,2147483648,12582912,0,1,0.0189759992063046,0,1
gemm,tf32,cold,1024,1024,1024,0,12582912,2147483648,12582912,1,1,0.0213120002299547,0,1
gemm,tf32,cold,1024,1024,1024,0,12582912,2147483648,12582912,2,1,0.0203520003706217,0,1
gemm,tf32,cold,1024,1024,1024,0,12582912,2147483648,12582912,3,1,0.0192639995366335,0,1
gemm,tf32,cold,1024,1024,1024,0,12582912,2147483648,12582912,4,1,0.0195199996232986,0,1
gemm,tf32,cold,1024,1024,1024,0,12582912,2147483648,12582912,5,1,0.0188159998506308,0,1
gemm,tf32,cold,1024,1024,1024,0,12582912,2147483648,12582912,6,1,0.0201919991523027,0,1
gemm,tf32,warm,2048,2048,2048,0,50331648,17179869184,50331648,0,200,0.0266579203307629,0,1
gemm,tf32,warm,2048,2048,2048,0,50331648,17179869184,50331648,1,200,0.0266529601067305,0,1
gemm,tf32,warm,2048,2048,2048,0,50331648,17179869184,50331648,2,200,0.026652479544282,0,1
gemm,tf32,warm,2048,2048,2048,0,50331648,17179869184,50331648,3,200,0.0266505591571331,0,1
gemm,tf32,warm,2048,2048,2048,0,50331648,17179869184,50331648,4,200,0.0266500804573298,0,1
gemm,tf32,warm,2048,2048,2048,0,50331648,17179869184,50331648,5,200,0.026646239683032,0,1
gemm,tf32,warm,2048,2048,2048,0,50331648,17179869184,50331648,6,200,0.0266550406813622,0,1
gemm,tf32,cold,2048,2048,2048,0,50331648,17179869184,50331648,0,1,0.0353920012712479,0,1
gemm,tf32,cold,2048,2048,2048,0,50331648,17179869184,50331648,1,1,0.0355839990079403,0,1
gemm,tf32,cold,2048,2048,2048,0,50331648,17179869184,50331648,2,1,0.0358400009572506,0,1
gemm,tf32,cold,2048,2048,2048,0,50331648,17179869184,50331648,3,1,0.0363520011305809,0,1
gemm,tf32,cold,2048,2048,2048,0,50331648,17179869184,50331648,4,1,0.0355199985206127,0,1
gemm,tf32,cold,2048,2048,2048,0,50331648,17179869184,50331648,5,1,0.0365439988672733,0,1
gemm,tf32,cold,2048,2048,2048,0,50331648,17179869184,50331648,6,1,0.0359679982066154,0,1
gemm,tf32,warm,4096,4096,4096,0,201326592,137438953472,201326592,0,123,0.155728653073311,0,1
gemm,tf32,warm,4096,4096,4096,0,201326592,137438953472,201326592,1,123,0.155781462788582,0,1
gemm,tf32,warm,4096,4096,4096,0,201326592,137438953472,201326592,2,123,0.155705243349075,0,1
gemm,tf32,warm,4096,4096,4096,0,201326592,137438953472,201326592,3,123,0.160532295703888,0,1
gemm,tf32,warm,4096,4096,4096,0,201326592,137438953472,201326592,4,123,0.163100615143776,0,1
gemm,tf32,warm,4096,4096,4096,0,201326592,137438953472,201326592,5,123,0.162900283932686,0,1
gemm,tf32,warm,4096,4096,4096,0,201326592,137438953472,201326592,6,123,0.163818404078484,0,1
gemm,tf32,warm,8192,8192,8192,0,805306368,1099511627776,805306368,0,18,1.05908632278442,0,1
gemm,tf32,warm,8192,8192,8192,0,805306368,1099511627776,805306368,1,18,1.08848714828491,0,1
gemm,tf32,warm,8192,8192,8192,0,805306368,1099511627776,805306368,2,18,1.12030577659607,0,1
gemm,tf32,warm,8192,8192,8192,0,805306368,1099511627776,805306368,3,18,1.14043200016022,0,1
gemm,tf32,warm,8192,8192,8192,0,805306368,1099511627776,805306368,4,18,1.13323378562927,0,1
gemm,tf32,warm,8192,8192,8192,0,805306368,1099511627776,805306368,5,18,1.12803030014038,0,1
gemm,tf32,warm,8192,8192,8192,0,805306368,1099511627776,805306368,6,18,1.12734222412109,0,1
gemm,tf32,warm,1,8192,8192,0,268500992,134217728,268500992,0,200,0.0491910427808762,0,1
gemm,tf32,warm,1,8192,8192,0,268500992,134217728,268500992,1,200,0.0491876788437366,0,1
gemm,tf32,warm,1,8192,8192,0,268500992,134217728,268500992,2,200,0.049143198877573,0,1
gemm,tf32,warm,1,8192,8192,0,268500992,134217728,268500992,3,200,0.0489948801696301,0,1
gemm,tf32,warm,1,8192,8192,0,268500992,134217728,268500992,4,200,0.0485459193587303,0,1
gemm,tf32,warm,1,8192,8192,0,268500992,134217728,268500992,5,200,0.0483921617269516,0,1
gemm,tf32,warm,1,8192,8192,0,268500992,134217728,268500992,6,200,0.0484630391001701,0,1
gemm,tf32,warm,2,8192,8192,0,268566528,268435456,268566528,0,200,0.0871020779013634,0,1
gemm,tf32,warm,2,8192,8192,0,268566528,268435456,268566528,1,200,0.0854569599032402,0,1
gemm,tf32,warm,2,8192,8192,0,268566528,268435456,268566528,2,200,0.0853846371173859,0,1
gemm,tf32,warm,2,8192,8192,0,268566528,268435456,268566528,3,200,0.0850966349244118,0,1
gemm,tf32,warm,2,8192,8192,0,268566528,268435456,268566528,4,200,0.0851561650633812,0,1
gemm,tf32,warm,2,8192,8192,0,268566528,268435456,268566528,5,200,0.0850414335727692,0,1
gemm,tf32,warm,2,8192,8192,0,268566528,268435456,268566528,6,200,0.0851095989346504,0,1
gemm,tf32,warm,4,8192,8192,0,268697600,536870912,268697600,0,200,0.0489135980606079,0,1
gemm,tf32,warm,4,8192,8192,0,268697600,536870912,268697600,1,200,0.0490643233060837,0,1
gemm,tf32,warm,4,8192,8192,0,268697600,536870912,268697600,2,200,0.0489833578467369,0,1
gemm,tf32,warm,4,8192,8192,0,268697600,536870912,268697600,3,200,0.0490587204694748,0,1
gemm,tf32,warm,4,8192,8192,0,268697600,536870912,268697600,4,200,0.0489844791591167,0,1
gemm,tf32,warm,4,8192,8192,0,268697600,536870912,268697600,5,200,0.0490375980734825,0,1
gemm,tf32,warm,4,8192,8192,0,268697600,536870912,268697600,6,200,0.0489561595022678,0,1
gemm,tf32,warm,8,8192,8192,0,268959744,1073741824,268959744,0,200,0.0478582382202148,0,1
gemm,tf32,warm,8,8192,8192,0,268959744,1073741824,268959744,1,200,0.0479319989681244,0,1
gemm,tf32,warm,8,8192,8192,0,268959744,1073741824,268959744,2,200,0.047940157353878,0,1
gemm,tf32,warm,8,8192,8192,0,268959744,1073741824,268959744,3,200,0.0479623973369598,0,1
gemm,tf32,warm,8,8192,8192,0,268959744,1073741824,268959744,4,200,0.0479526370763779,0,1
gemm,tf32,warm,8,8192,8192,0,268959744,1073741824,268959744,5,200,0.0479224026203156,0,1
gemm,tf32,warm,8,8192,8192,0,268959744,1073741824,268959744,6,200,0.0479436777532101,0,1
gemm,tf32,warm,16,8192,8192,0,269484032,2147483648,269484032,0,200,0.0491096004843712,0,1
gemm,tf32,warm,16,8192,8192,0,269484032,2147483648,269484032,1,200,0.0491073615849018,0,1
gemm,tf32,warm,16,8192,8192,0,269484032,2147483648,269484032,2,200,0.0491092763841152,0,1
gemm,tf32,warm,16,8192,8192,0,269484032,2147483648,269484032,3,200,0.0490739196538925,0,1
gemm,tf32,warm,16,8192,8192,0,269484032,2147483648,269484032,4,200,0.0490172803401947,0,1
gemm,tf32,warm,16,8192,8192,0,269484032,2147483648,269484032,5,200,0.04908512160182,0,1
gemm,tf32,warm,16,8192,8192,0,269484032,2147483648,269484032,6,200,0.0490785613656044,0,1
gemm,tf32,warm,32,8192,8192,0,270532608,4294967296,270532608,0,200,0.0483313612639904,0,1
gemm,tf32,warm,32,8192,8192,0,270532608,4294967296,270532608,1,200,0.0483190380036831,0,1
gemm,tf32,warm,32,8192,8192,0,270532608,4294967296,270532608,2,200,0.0482695996761322,0,1
gemm,tf32,warm,32,8192,8192,0,270532608,4294967296,270532608,3,200,0.0484513603150845,0,1
gemm,tf32,warm,32,8192,8192,0,270532608,4294967296,270532608,4,200,0.048464797437191,0,1
gemm,tf32,warm,32,8192,8192,0,270532608,4294967296,270532608,5,200,0.0484331175684929,0,1
gemm,tf32,warm,32,8192,8192,0,270532608,4294967296,270532608,6,200,0.0483891218900681,0,1
gemm,tf32,warm,64,8192,8192,0,272629760,8589934592,272629760,0,200,0.0489763207733631,0,1
gemm,tf32,warm,64,8192,8192,0,272629760,8589934592,272629760,1,200,0.0490695983171463,0,1
gemm,tf32,warm,64,8192,8192,0,272629760,8589934592,272629760,2,200,0.048912800848484,0,1
gemm,tf32,warm,64,8192,8192,0,272629760,8589934592,272629760,3,200,0.049063678830862,0,1
gemm,tf32,warm,64,8192,8192,0,272629760,8589934592,272629760,4,200,0.04904880002141,0,1
gemm,tf32,warm,64,8192,8192,0,272629760,8589934592,272629760,5,200,0.0490430407226086,0,1
gemm,tf32,warm,64,8192,8192,0,272629760,8589934592,272629760,6,200,0.0490312017500401,0,1
gemm,tf32,warm,128,8192,8192,0,276824064,17179869184,276824064,0,200,0.0506652779877186,0,1
gemm,tf32,warm,128,8192,8192,0,276824064,17179869184,276824064,1,200,0.05067103728652,0,1
gemm,tf32,warm,128,8192,8192,0,276824064,17179869184,276824064,2,200,0.0506315194070339,0,1
gemm,tf32,warm,128,8192,8192,0,276824064,17179869184,276824064,3,200,0.0506430380046368,0,1
gemm,tf32,warm,128,8192,8192,0,276824064,17179869184,276824064,4,200,0.0506449602544308,0,1
gemm,tf32,warm,128,8192,8192,0,276824064,17179869184,276824064,5,200,0.0506830401718616,0,1
gemm,tf32,warm,128,8192,8192,0,276824064,17179869184,276824064,6,200,0.0507019199430943,0,1
gemm,tf32,warm,256,8192,8192,0,285212672,34359738368,285212672,0,200,0.0612889640033245,0,1
gemm,tf32,warm,256,8192,8192,0,285212672,34359738368,285212672,1,200,0.0613103993237019,0,1
gemm,tf32,warm,256,8192,8192,0,285212672,34359738368,285212672,2,200,0.0612881630659103,0,1
gemm,tf32,warm,256,8192,8192,0,285212672,34359738368,285212672,3,200,0.0613475181162357,0,1
gemm,tf32,warm,256,8192,8192,0,285212672,34359738368,285212672,4,200,0.0612975992262363,0,1
gemm,tf32,warm,256,8192,8192,0,285212672,34359738368,285212672,5,200,0.0612588785588741,0,1
gemm,tf32,warm,256,8192,8192,0,285212672,34359738368,285212672,6,200,0.0613625608384609,0,1
gemm,tf32,warm,512,8192,8192,0,301989888,68719476736,301989888,0,200,0.0838097557425499,0,1
gemm,tf32,warm,512,8192,8192,0,301989888,68719476736,301989888,1,200,0.0835188776254654,0,1
gemm,tf32,warm,512,8192,8192,0,301989888,68719476736,301989888,2,200,0.0860820785164833,0,1
gemm,tf32,warm,512,8192,8192,0,301989888,68719476736,301989888,3,200,0.0883646383881569,0,1
gemm,tf32,warm,512,8192,8192,0,301989888,68719476736,301989888,4,200,0.0893742367625237,0,1
gemm,tf32,warm,512,8192,8192,0,301989888,68719476736,301989888,5,200,0.089925117790699,0,1
gemm,tf32,warm,512,8192,8192,0,301989888,68719476736,301989888,6,200,0.0899057611823082,0,1
gemm,tf32,warm,1024,8192,8192,0,335544320,137438953472,335544320,0,114,0.165947511792183,0,1
gemm,tf32,warm,1024,8192,8192,0,335544320,137438953472,335544320,1,114,0.163887724280357,0,1
gemm,tf32,warm,1024,8192,8192,0,335544320,137438953472,335544320,2,114,0.163025975227356,0,1
gemm,tf32,warm,1024,8192,8192,0,335544320,137438953472,335544320,3,114,0.163084924221039,0,1
gemm,tf32,warm,1024,8192,8192,0,335544320,137438953472,335544320,4,114,0.163910463452339,0,1
gemm,tf32,warm,1024,8192,8192,0,335544320,137438953472,335544320,5,114,0.164187788963318,0,1
gemm,tf32,warm,1024,8192,8192,0,335544320,137438953472,335544320,6,114,0.165217399597168,0,1
gemm,tf32,warm,2048,8192,8192,0,402653184,274877906944,402653184,0,61,0.313445776700974,0,1
gemm,tf32,warm,2048,8192,8192,0,402653184,274877906944,402653184,1,61,0.308958947658539,0,1
gemm,tf32,warm,2048,8192,8192,0,402653184,274877906944,402653184,2,61,0.311028987169266,0,1
gemm,tf32,warm,2048,8192,8192,0,402653184,274877906944,402653184,3,61,0.316406041383743,0,1
gemm,tf32,warm,2048,8192,8192,0,402653184,274877906944,402653184,4,61,0.31696629524231,0,1
gemm,tf32,warm,2048,8192,8192,0,402653184,274877906944,402653184,5,61,0.314739942550659,0,1
gemm,tf32,warm,2048,8192,8192,0,402653184,274877906944,402653184,6,61,0.314981251955032,0,1
