family,dtype,cache,m,n,k,reps,bytes,flops,footprint_bytes,sample,loops,ms,error,valid
copy,fp32,warm,0,1024,0,0,8192,0,8192,0,200,0.00157775997649878,0,1
copy,fp32,warm,0,1024,0,0,8192,0,8192,1,200,0.00156880007125437,0,1
copy,fp32,warm,0,1024,0,0,8192,0,8192,2,200,0.00155936006922275,0,1
copy,fp32,warm,0,1024,0,0,8192,0,8192,3,200,0.00157664006110281,0,1
copy,fp32,warm,0,1024,0,0,8192,0,8192,4,200,0.0015648000407964,0,1
copy,fp32,warm,0,1024,0,0,8192,0,8192,5,200,0.00155471998732537,0,1
copy,fp32,warm,0,1024,0,0,8192,0,8192,6,200,0.00157071987632662,0,1
add,fp32,warm,0,1024,0,0,12288,1024,12288,0,200,0.0015774400671944,0,1
add,fp32,warm,0,1024,0,0,12288,1024,12288,1,200,0.00156895990949124,0,1
add,fp32,warm,0,1024,0,0,12288,1024,12288,2,200,0.00156847992911935,0,1
add,fp32,warm,0,1024,0,0,12288,1024,12288,3,200,0.001573919900693,0,1
add,fp32,warm,0,1024,0,0,12288,1024,12288,4,200,0.00156160001643002,0,1
add,fp32,warm,0,1024,0,0,12288,1024,12288,5,200,0.00157888000831008,0,1
add,fp32,warm,0,1024,0,0,12288,1024,12288,6,200,0.00157504004891962,0,1
triad,fp32,warm,0,1024,0,0,12288,2048,12288,0,200,0.00157199997920543,0,1
triad,fp32,warm,0,1024,0,0,12288,2048,12288,1,200,0.0015622399514541,0,1
triad,fp32,warm,0,1024,0,0,12288,2048,12288,2,200,0.00157167995348573,0,1
triad,fp32,warm,0,1024,0,0,12288,2048,12288,3,200,0.00156719994265586,0,1
triad,fp32,warm,0,1024,0,0,12288,2048,12288,4,200,0.00158223998732865,0,1
triad,fp32,warm,0,1024,0,0,12288,2048,12288,5,200,0.00156928005162627,0,1
triad,fp32,warm,0,1024,0,0,12288,2048,12288,6,200,0.00158063997514546,0,1
copy,fp32,warm,0,16384,0,0,131072,0,131072,0,200,0.00168592005502433,0,1
copy,fp32,warm,0,16384,0,0,131072,0,131072,1,200,0.00168656010646373,0,1
copy,fp32,warm,0,16384,0,0,131072,0,131072,2,200,0.00168623996432871,0,1
copy,fp32,warm,0,16384,0,0,131072,0,131072,3,200,0.00169167993590236,0,1
copy,fp32,warm,0,16384,0,0,131072,0,131072,4,200,0.0016867199447006,0,1
copy,fp32,warm,0,16384,0,0,131072,0,131072,5,200,0.00168512004893273,0,1
copy,fp32,warm,0,16384,0,0,131072,0,131072,6,200,0.00168255995959044,0,1
add,fp32,warm,0,16384,0,0,196608,16384,196608,0,200,0.00169039994943887,0,1
add,fp32,warm,0,16384,0,0,196608,16384,196608,1,200,0.00168943998869509,0,1
add,fp32,warm,0,16384,0,0,196608,16384,196608,2,200,0.00169632001779974,0,1
add,fp32,warm,0,16384,0,0,196608,16384,196608,3,200,0.00170095998328179,0,1
add,fp32,warm,0,16384,0,0,196608,16384,196608,4,200,0.00168688001576811,0,1
add,fp32,warm,0,16384,0,0,196608,16384,196608,5,200,0.0016896000597626,0,1
add,fp32,warm,0,16384,0,0,196608,16384,196608,6,200,0.00168896000832319,0,1
triad,fp32,warm,0,16384,0,0,196608,32768,196608,0,200,0.0016896000597626,0,1
triad,fp32,warm,0,16384,0,0,196608,32768,196608,1,200,0.00168863998260349,0,1
triad,fp32,warm,0,16384,0,0,196608,32768,196608,2,200,0.00169471988920122,0,1
triad,fp32,warm,0,16384,0,0,196608,32768,196608,3,200,0.00169487996026874,0,1
triad,fp32,warm,0,16384,0,0,196608,32768,196608,4,200,0.0016979199135676,0,1
triad,fp32,warm,0,16384,0,0,196608,32768,196608,5,200,0.00170095998328179,0,1
triad,fp32,warm,0,16384,0,0,196608,32768,196608,6,200,0.00169376004487276,0,1
copy,fp32,warm,0,262144,0,0,2097152,0,2097152,0,200,0.00251888018101454,0,1
copy,fp32,warm,0,262144,0,0,2097152,0,2097152,1,200,0.00251967995427549,0,1
copy,fp32,warm,0,262144,0,0,2097152,0,2097152,2,200,0.00252127996645868,0,1
copy,fp32,warm,0,262144,0,0,2097152,0,2097152,3,200,0.00251888018101454,0,1
copy,fp32,warm,0,262144,0,0,2097152,0,2097152,4,200,0.00251456000842154,0,1
copy,fp32,warm,0,262144,0,0,2097152,0,2097152,5,200,0.00251695979386568,0,1
copy,fp32,warm,0,262144,0,0,2097152,0,2097152,6,200,0.00251967995427549,0,1
add,fp32,warm,0,262144,0,0,3145728,262144,3145728,0,200,0.00260544009506702,0,1
add,fp32,warm,0,262144,0,0,3145728,262144,3145728,1,200,0.00260336021892726,0,1
add,fp32,warm,0,262144,0,0,3145728,262144,3145728,2,200,0.00260031991638243,0,1
add,fp32,warm,0,262144,0,0,3145728,262144,3145728,3,200,0.00261056004092097,0,1
add,fp32,warm,0,262144,0,0,3145728,262144,3145728,4,200,0.00261071999557316,0,1
add,fp32,warm,0,262144,0,0,3145728,262144,3145728,5,200,0.002605119952932,0,1
add,fp32,warm,0,262144,0,0,3145728,262144,3145728,6,200,0.00260832021012902,0,1
triad,fp32,warm,0,262144,0,0,3145728,524288,3145728,0,200,0.00260320003144443,0,1
triad,fp32,warm,0,262144,0,0,3145728,524288,3145728,1,200,0.00261855986900628,0,1
triad,fp32,warm,0,262144,0,0,3145728,524288,3145728,2,200,0.002606560010463,0,1
triad,fp32,warm,0,262144,0,0,3145728,524288,3145728,3,200,0.00259983981959522,0,1
triad,fp32,warm,0,262144,0,0,3145728,524288,3145728,4,200,0.00259920000098646,0,1
triad,fp32,warm,0,262144,0,0,3145728,524288,3145728,5,200,0.00259487982839346,0,1
triad,fp32,warm,0,262144,0,0,3145728,524288,3145728,6,200,0.00260336021892726,0,1
copy,fp32,warm,0,1048576,0,0,8388608,0,8388608,0,200,0.00500591984018683,0,1
copy,fp32,warm,0,1048576,0,0,8388608,0,8388608,1,200,0.00500879995524883,0,1
copy,fp32,warm,0,1048576,0,0,8388608,0,8388608,2,200,0.00499999988824129,0,1
copy,fp32,warm,0,1048576,0,0,8388608,0,8388608,3,200,0.00500271981582046,0,1
copy,fp32,warm,0,1048576,0,0,8388608,0,8388608,4,200,0.00500832032412291,0,1
copy,fp32,warm,0,1048576,0,0,8388608,0,8388608,5,200,0.00500207999721169,0,1
copy,fp32,warm,0,1048576,0,0,8388608,0,8388608,6,200,0.00501407962292433,0,1
add,fp32,warm,0,1048576,0,0,12582912,1048576,12582912,0,200,0.00521120009943843,0,1
add,fp32,warm,0,1048576,0,0,12582912,1048576,12582912,1,200,0.00522159971296787,0,1
add,fp32,warm,0,1048576,0,0,12582912,1048576,12582912,2,200,0.00520896026864648,0,1
add,fp32,warm,0,1048576,0,0,12582912,1048576,12582912,3,200,0.00521408021450043,0,1
add,fp32,warm,0,1048576,0,0,12582912,1048576,12582912,4,200,0.00522080017253757,0,1
add,fp32,warm,0,1048576,0,0,12582912,1048576,12582912,5,200,0.00521055981516838,0,1
add,fp32,warm,0,1048576,0,0,12582912,1048576,12582912,6,200,0.00521440012380481,0,1
triad,fp32,warm,0,1048576,0,0,12582912,2097152,12582912,0,200,0.00520879961550236,0,1
triad,fp32,warm,0,1048576,0,0,12582912,2097152,12582912,1,200,0.00520928017795086,0,1
triad,fp32,warm,0,1048576,0,0,12582912,2097152,12582912,2,200,0.00521743996068835,0,1
triad,fp32,warm,0,1048576,0,0,12582912,2097152,12582912,3,200,0.00520192040130496,0,1
triad,fp32,warm,0,1048576,0,0,12582912,2097152,12582912,4,200,0.00521071953698993,0,1
triad,fp32,warm,0,1048576,0,0,12582912,2097152,12582912,5,200,0.005216000135988,0,1
triad,fp32,warm,0,1048576,0,0,12582912,2097152,12582912,6,200,0.0052175996825099,0,1
copy,fp32,warm,0,4194304,0,0,33554432,0,33554432,0,200,0.0258675199002028,0,1
copy,fp32,warm,0,4194304,0,0,33554432,0,33554432,1,200,0.0258710402995348,0,1
copy,fp32,warm,0,4194304,0,0,33554432,0,33554432,2,200,0.02589744143188,0,1
copy,fp32,warm,0,4194304,0,0,33554432,0,33554432,3,200,0.0258814413100481,0,1
copy,fp32,warm,0,4194304,0,0,33554432,0,33554432,4,200,0.0258444808423519,0,1
copy,fp32,warm,0,4194304,0,0,33554432,0,33554432,5,200,0.0258745606988668,0,1
copy,fp32,warm,0,4194304,0,0,33554432,0,33554432,6,200,0.0258316807448864,0,1
add,fp32,warm,0,4194304,0,0,50331648,4194304,50331648,0,200,0.0313038378953934,0,1
add,fp32,warm,0,4194304,0,0,50331648,4194304,50331648,1,200,0.0313121601939201,0,1
add,fp32,warm,0,4194304,0,0,50331648,4194304,50331648,2,200,0.0312915220856667,0,1
add,fp32,warm,0,4194304,0,0,50331648,4194304,50331648,3,200,0.0313023999333382,0,1
add,fp32,warm,0,4194304,0,0,50331648,4194304,50331648,4,200,0.0312779173254967,0,1
add,fp32,warm,0,4194304,0,0,50331648,4194304,50331648,5,200,0.0312971211969852,0,1
add,fp32,warm,0,4194304,0,0,50331648,4194304,50331648,6,200,0.0313187204301357,0,1
triad,fp32,warm,0,4194304,0,0,50331648,8388608,50331648,0,200,0.0312260799109936,0,1
triad,fp32,warm,0,4194304,0,0,50331648,8388608,50331648,1,200,0.0311692804098129,0,1
triad,fp32,warm,0,4194304,0,0,50331648,8388608,50331648,2,200,0.0311791989952326,0,1
triad,fp32,warm,0,4194304,0,0,50331648,8388608,50331648,3,200,0.0311799999326468,0,1
triad,fp32,warm,0,4194304,0,0,50331648,8388608,50331648,4,200,0.0311953593045473,0,1
triad,fp32,warm,0,4194304,0,0,50331648,8388608,50331648,5,200,0.0311782415956259,0,1
triad,fp32,warm,0,4194304,0,0,50331648,8388608,50331648,6,200,0.0312118418514729,0,1
copy,fp32,warm,0,16777216,0,0,134217728,0,134217728,0,199,0.0989597514271736,0,1
copy,fp32,warm,0,16777216,0,0,134217728,0,134217728,1,199,0.0989591106772423,0,1
copy,fp32,warm,0,16777216,0,0,134217728,0,134217728,2,199,0.0989692434668541,0,1
copy,fp32,warm,0,16777216,0,0,134217728,0,134217728,3,199,0.0989361181855202,0,1
copy,fp32,warm,0,16777216,0,0,134217728,0,134217728,4,199,0.0989853292703629,0,1
copy,fp32,warm,0,16777216,0,0,134217728,0,134217728,5,199,0.0988992974162102,0,1
copy,fp32,warm,0,16777216,0,0,134217728,0,134217728,6,199,0.0988598987460136,0,1
add,fp32,warm,0,16777216,0,0,201326592,16777216,201326592,0,169,0.116301827132702,0,1
add,fp32,warm,0,16777216,0,0,201326592,16777216,201326592,1,169,0.116295382380486,0,1
add,fp32,warm,0,16777216,0,0,201326592,16777216,201326592,2,169,0.116263188421726,0,1
add,fp32,warm,0,16777216,0,0,201326592,16777216,201326592,3,169,0.116305992007256,0,1
add,fp32,warm,0,16777216,0,0,201326592,16777216,201326592,4,169,0.11633912473917,0,1
add,fp32,warm,0,16777216,0,0,201326592,16777216,201326592,5,169,0.116326808929443,0,1
add,fp32,warm,0,16777216,0,0,201326592,16777216,201326592,6,169,0.116324171423912,0,1
triad,fp32,warm,0,16777216,0,0,201326592,33554432,201326592,0,168,0.116709336638451,0,1
triad,fp32,warm,0,16777216,0,0,201326592,33554432,201326592,1,168,0.11670209467411,0,1
triad,fp32,warm,0,16777216,0,0,201326592,33554432,201326592,2,168,0.116652764379978,0,1
triad,fp32,warm,0,16777216,0,0,201326592,33554432,201326592,3,168,0.116669714450836,0,1
triad,fp32,warm,0,16777216,0,0,201326592,33554432,201326592,4,168,0.116674661636353,0,1
triad,fp32,warm,0,16777216,0,0,201326592,33554432,201326592,5,168,0.116702280938625,0,1
triad,fp32,warm,0,16777216,0,0,201326592,33554432,201326592,6,168,0.116722665727139,0,1
copy,fp32,warm,0,67108864,0,0,536870912,0,536870912,0,60,0.33142027258873,0,1
copy,fp32,warm,0,67108864,0,0,536870912,0,536870912,1,60,0.331409603357315,0,1
copy,fp32,warm,0,67108864,0,0,536870912,0,536870912,2,60,0.331442683935165,0,1
copy,fp32,warm,0,67108864,0,0,536870912,0,536870912,3,60,0.331417590379715,0,1
copy,fp32,warm,0,67108864,0,0,536870912,0,536870912,4,60,0.331418663263321,0,1
copy,fp32,warm,0,67108864,0,0,536870912,0,536870912,5,60,0.331401616334915,0,1
copy,fp32,warm,0,67108864,0,0,536870912,0,536870912,6,60,0.331386655569077,0,1
add,fp32,warm,0,67108864,0,0,805306368,67108864,805306368,0,46,0.428620517253876,0,1
add,fp32,warm,0,67108864,0,0,805306368,67108864,805306368,1,46,0.428580850362778,0,1
add,fp32,warm,0,67108864,0,0,805306368,67108864,805306368,2,46,0.428655296564102,0,1
add,fp32,warm,0,67108864,0,0,805306368,67108864,805306368,3,46,0.428629577159882,0,1
add,fp32,warm,0,67108864,0,0,805306368,67108864,805306368,4,46,0.428651809692383,0,1
add,fp32,warm,0,67108864,0,0,805306368,67108864,805306368,5,46,0.428683817386627,0,1
add,fp32,warm,0,67108864,0,0,805306368,67108864,805306368,6,46,0.428678274154663,0,1
triad,fp32,warm,0,67108864,0,0,805306368,134217728,805306368,0,46,0.428866803646088,0,1
triad,fp32,warm,0,67108864,0,0,805306368,134217728,805306368,1,46,0.428768694400787,0,1
triad,fp32,warm,0,67108864,0,0,805306368,134217728,805306368,2,46,0.428850799798965,0,1
triad,fp32,warm,0,67108864,0,0,805306368,134217728,805306368,3,46,0.428793042898178,0,1
triad,fp32,warm,0,67108864,0,0,805306368,134217728,805306368,4,46,0.428852170705795,0,1
triad,fp32,warm,0,67108864,0,0,805306368,134217728,805306368,5,46,0.428836166858673,0,1
triad,fp32,warm,0,67108864,0,0,805306368,134217728,805306368,6,46,0.428839653730392,0,1
fma,fp32,streaming,0,67108864,0,1,536870912,134217728,536870912,0,78,0.251428514719009,0,1
fma,fp32,streaming,0,67108864,0,1,536870912,134217728,536870912,1,78,0.251447796821594,0,1
fma,fp32,streaming,0,67108864,0,1,536870912,134217728,536870912,2,78,0.25148144364357,0,1
fma,fp32,streaming,0,67108864,0,1,536870912,134217728,536870912,3,78,0.251470774412155,0,1
fma,fp32,streaming,0,67108864,0,1,536870912,134217728,536870912,4,78,0.251375585794449,0,1
fma,fp32,streaming,0,67108864,0,1,536870912,134217728,536870912,5,78,0.25148019194603,0,1
fma,fp32,streaming,0,67108864,0,1,536870912,134217728,536870912,6,78,0.251466274261475,0,1
fma,fp64,streaming,0,33554432,0,1,536870912,67108864,536870912,0,43,0.453867882490158,0,1
fma,fp64,streaming,0,33554432,0,1,536870912,67108864,536870912,1,43,0.453795731067657,0,1
fma,fp64,streaming,0,33554432,0,1,536870912,67108864,536870912,2,43,0.453657269477844,0,1
fma,fp64,streaming,0,33554432,0,1,536870912,67108864,536870912,3,43,0.453888744115829,0,1
fma,fp64,streaming,0,33554432,0,1,536870912,67108864,536870912,4,43,0.453754782676697,0,1
fma,fp64,streaming,0,33554432,0,1,536870912,67108864,536870912,5,43,0.453690052032471,0,1
fma,fp64,streaming,0,33554432,0,1,536870912,67108864,536870912,6,43,0.453958690166473,0,1
fma,fp32,streaming,0,67108864,0,2,536870912,268435456,536870912,0,78,0.251531094312668,0,1
fma,fp32,streaming,0,67108864,0,2,536870912,268435456,536870912,1,78,0.251581132411957,0,1
fma,fp32,streaming,0,67108864,0,2,536870912,268435456,536870912,2,78,0.251565545797348,0,1
fma,fp32,streaming,0,67108864,0,2,536870912,268435456,536870912,3,78,0.25153437256813,0,1
fma,fp32,streaming,0,67108864,0,2,536870912,268435456,536870912,4,78,0.251538872718811,0,1
fma,fp32,streaming,0,67108864,0,2,536870912,268435456,536870912,5,78,0.251375168561935,0,1
fma,fp32,streaming,0,67108864,0,2,536870912,268435456,536870912,6,78,0.251527786254883,0,1
fma,fp64,streaming,0,33554432,0,2,536870912,134217728,536870912,0,45,0.439913272857666,0,1
fma,fp64,streaming,0,33554432,0,2,536870912,134217728,536870912,1,45,0.439849942922592,0,1
fma,fp64,streaming,0,33554432,0,2,536870912,134217728,536870912,2,45,0.439662933349609,0,1
fma,fp64,streaming,0,33554432,0,2,536870912,134217728,536870912,3,45,0.440238237380981,0,1
fma,fp64,streaming,0,33554432,0,2,536870912,134217728,536870912,4,45,0.4399473965168,0,1
fma,fp64,streaming,0,33554432,0,2,536870912,134217728,536870912,5,45,0.439661502838135,0,1
fma,fp64,streaming,0,33554432,0,2,536870912,134217728,536870912,6,45,0.440083920955658,0,1
fma,fp32,streaming,0,67108864,0,4,536870912,536870912,536870912,0,78,0.251516312360764,0,1
fma,fp32,streaming,0,67108864,0,4,536870912,536870912,536870912,1,78,0.251597136259079,0,1
fma,fp32,streaming,0,67108864,0,4,536870912,536870912,536870912,2,78,0.251546233892441,0,1
fma,fp32,streaming,0,67108864,0,4,536870912,536870912,536870912,3,78,0.251604527235031,0,1
fma,fp32,streaming,0,67108864,0,4,536870912,536870912,536870912,4,78,0.251655787229538,0,1
fma,fp32,streaming,0,67108864,0,4,536870912,536870912,536870912,5,78,0.251510560512543,0,1
fma,fp32,streaming,0,67108864,0,4,536870912,536870912,536870912,6,78,0.251543372869492,0,1
fma,fp64,streaming,0,33554432,0,4,536870912,268435456,536870912,0,45,0.44072037935257,0,1
fma,fp64,streaming,0,33554432,0,4,536870912,268435456,536870912,1,45,0.440647810697556,0,1
fma,fp64,streaming,0,33554432,0,4,536870912,268435456,536870912,2,45,0.44071963429451,0,1
fma,fp64,streaming,0,33554432,0,4,536870912,268435456,536870912,3,45,0.440333515405655,0,1
fma,fp64,streaming,0,33554432,0,4,536870912,268435456,536870912,4,45,0.440288007259369,0,1
fma,fp64,streaming,0,33554432,0,4,536870912,268435456,536870912,5,45,0.440733164548874,0,1
fma,fp64,streaming,0,33554432,0,4,536870912,268435456,536870912,6,45,0.440608710050583,0,1
fma,fp32,streaming,0,67108864,0,8,536870912,1073741824,536870912,0,78,0.251563489437103,0,1
fma,fp32,streaming,0,67108864,0,8,536870912,1073741824,536870912,1,78,0.251531898975372,0,1
fma,fp32,streaming,0,67108864,0,8,536870912,1073741824,536870912,2,78,0.25158479809761,0,1
fma,fp32,streaming,0,67108864,0,8,536870912,1073741824,536870912,3,78,0.251553624868393,0,1
fma,fp32,streaming,0,67108864,0,8,536870912,1073741824,536870912,4,78,0.251539289951324,0,1
fma,fp32,streaming,0,67108864,0,8,536870912,1073741824,536870912,5,78,0.251503199338913,0,1
fma,fp32,streaming,0,67108864,0,8,536870912,1073741824,536870912,6,78,0.251510143280029,0,1
fma,fp64,streaming,0,33554432,0,8,536870912,536870912,536870912,0,44,0.440669804811478,0,1
fma,fp64,streaming,0,33554432,0,8,536870912,536870912,536870912,1,44,0.440418899059296,0,1
fma,fp64,streaming,0,33554432,0,8,536870912,536870912,536870912,2,44,0.440794169902802,0,1
fma,fp64,streaming,0,33554432,0,8,536870912,536870912,536870912,3,44,0.440221816301346,0,1
fma,fp64,streaming,0,33554432,0,8,536870912,536870912,536870912,4,44,0.440378934144974,0,1
fma,fp64,streaming,0,33554432,0,8,536870912,536870912,536870912,5,44,0.440549820661545,0,1
fma,fp64,streaming,0,33554432,0,8,536870912,536870912,536870912,6,44,0.440545469522476,0,1
fma,fp32,streaming,0,67108864,0,16,536870912,2147483648,536870912,0,79,0.25144100189209,0,1
fma,fp32,streaming,0,67108864,0,16,536870912,2147483648,536870912,1,79,0.251346230506897,0,1
fma,fp32,streaming,0,67108864,0,16,536870912,2147483648,536870912,2,79,0.251446694135666,0,1
fma,fp32,streaming,0,67108864,0,16,536870912,2147483648,536870912,3,79,0.251436561346054,0,1
fma,fp32,streaming,0,67108864,0,16,536870912,2147483648,536870912,4,79,0.251421958208084,0,1
fma,fp32,streaming,0,67108864,0,16,536870912,2147483648,536870912,5,79,0.251506626605988,0,1
fma,fp32,streaming,0,67108864,0,16,536870912,2147483648,536870912,6,79,0.25142765045166,0,1
fma,fp64,streaming,0,33554432,0,16,536870912,1073741824,536870912,0,45,0.438756972551346,0,1
fma,fp64,streaming,0,33554432,0,16,536870912,1073741824,536870912,1,45,0.439447492361069,0,1
fma,fp64,streaming,0,33554432,0,16,536870912,1073741824,536870912,2,45,0.439251214265823,0,1
fma,fp64,streaming,0,33554432,0,16,536870912,1073741824,536870912,3,45,0.439737617969513,0,1
fma,fp64,streaming,0,33554432,0,16,536870912,1073741824,536870912,4,45,0.43941193819046,0,1
fma,fp64,streaming,0,33554432,0,16,536870912,1073741824,536870912,5,45,0.439214915037155,0,1
fma,fp64,streaming,0,33554432,0,16,536870912,1073741824,536870912,6,45,0.439693480730057,0,1
fma,fp32,streaming,0,67108864,0,32,536870912,4294967296,536870912,0,76,0.260895162820816,0,1
fma,fp32,streaming,0,67108864,0,32,536870912,4294967296,536870912,1,76,0.260786116123199,0,1
fma,fp32,streaming,0,67108864,0,32,536870912,4294967296,536870912,2,76,0.260543137788773,0,1
fma,fp32,streaming,0,67108864,0,32,536870912,4294967296,536870912,3,76,0.260511577129364,0,1
fma,fp32,streaming,0,67108864,0,32,536870912,4294967296,536870912,4,76,0.26056757569313,0,1
fma,fp32,streaming,0,67108864,0,32,536870912,4294967296,536870912,5,76,0.260571777820587,0,1
fma,fp32,streaming,0,67108864,0,32,536870912,4294967296,536870912,6,76,0.260533899068832,0,1
fma,fp64,streaming,0,33554432,0,32,536870912,2147483648,536870912,0,49,0.398070871829987,0,1
fma,fp64,streaming,0,33554432,0,32,536870912,2147483648,536870912,1,49,0.397355765104294,0,1
fma,fp64,streaming,0,33554432,0,32,536870912,2147483648,536870912,2,49,0.39858415722847,0,1
fma,fp64,streaming,0,33554432,0,32,536870912,2147483648,536870912,3,49,0.398821234703064,0,1
fma,fp64,streaming,0,33554432,0,32,536870912,2147483648,536870912,4,49,0.398764401674271,0,1
fma,fp64,streaming,0,33554432,0,32,536870912,2147483648,536870912,5,49,0.400254040956497,0,1
fma,fp64,streaming,0,33554432,0,32,536870912,2147483648,536870912,6,49,0.400168478488922,0,1
fma,fp32,streaming,0,67108864,0,64,536870912,8589934592,536870912,0,53,0.369961082935333,0,1
fma,fp32,streaming,0,67108864,0,64,536870912,8589934592,536870912,1,53,0.369984596967697,0,1
fma,fp32,streaming,0,67108864,0,64,536870912,8589934592,536870912,2,53,0.370102316141129,0,1
fma,fp32,streaming,0,67108864,0,64,536870912,8589934592,536870912,3,53,0.370801508426666,0,1
fma,fp32,streaming,0,67108864,0,64,536870912,8589934592,536870912,4,53,0.370850414037704,0,1
fma,fp32,streaming,0,67108864,0,64,536870912,8589934592,536870912,5,53,0.37091863155365,0,1
fma,fp32,streaming,0,67108864,0,64,536870912,8589934592,536870912,6,53,0.370783388614655,0,1
fma,fp64,streaming,0,33554432,0,64,536870912,4294967296,536870912,0,64,0.306674003601074,0,1
fma,fp64,streaming,0,33554432,0,64,536870912,4294967296,536870912,1,64,0.306093990802765,0,1
fma,fp64,streaming,0,33554432,0,64,536870912,4294967296,536870912,2,64,0.306202501058578,0,1
fma,fp64,streaming,0,33554432,0,64,536870912,4294967296,536870912,3,64,0.306286990642548,0,1
fma,fp64,streaming,0,33554432,0,64,536870912,4294967296,536870912,4,64,0.306360512971878,0,1
fma,fp64,streaming,0,33554432,0,64,536870912,4294967296,536870912,5,64,0.305981487035751,0,1
fma,fp64,streaming,0,33554432,0,64,536870912,4294967296,536870912,6,64,0.306098997592926,0,1
fma,fp32,streaming,0,67108864,0,128,536870912,17179869184,536870912,0,30,0.661869883537292,0,1
fma,fp32,streaming,0,67108864,0,128,536870912,17179869184,536870912,1,30,0.661833584308624,0,1
fma,fp32,streaming,0,67108864,0,128,536870912,17179869184,536870912,2,30,0.661832571029663,0,1
fma,fp32,streaming,0,67108864,0,128,536870912,17179869184,536870912,3,30,0.661809086799622,0,1
fma,fp32,streaming,0,67108864,0,128,536870912,17179869184,536870912,4,30,0.66167676448822,0,1
fma,fp32,streaming,0,67108864,0,128,536870912,17179869184,536870912,5,30,0.662155747413635,0,1
fma,fp32,streaming,0,67108864,0,128,536870912,17179869184,536870912,6,30,0.661822974681854,0,1
fma,fp64,streaming,0,33554432,0,128,536870912,8589934592,536870912,0,33,0.590359270572662,0,1
fma,fp64,streaming,0,33554432,0,128,536870912,8589934592,536870912,1,33,0.591244637966156,0,1
fma,fp64,streaming,0,33554432,0,128,536870912,8589934592,536870912,2,33,0.5914346575737,0,1
fma,fp64,streaming,0,33554432,0,128,536870912,8589934592,536870912,3,33,0.591199994087219,0,1
fma,fp64,streaming,0,33554432,0,128,536870912,8589934592,536870912,4,33,0.591424942016602,0,1
fma,fp64,streaming,0,33554432,0,128,536870912,8589934592,536870912,5,33,0.591394901275635,0,1
fma,fp64,streaming,0,33554432,0,128,536870912,8589934592,536870912,6,33,0.589910268783569,0,1
fma,fp32,streaming,0,67108864,0,256,536870912,34359738368,536870912,0,15,1.25483524799347,0,1
fma,fp32,streaming,0,67108864,0,256,536870912,34359738368,536870912,1,15,1.25459206104279,0,1
fma,fp32,streaming,0,67108864,0,256,536870912,34359738368,536870912,2,15,1.25454294681549,0,1
fma,fp32,streaming,0,67108864,0,256,536870912,34359738368,536870912,3,15,1.25625813007355,0,1
fma,fp32,streaming,0,67108864,0,256,536870912,34359738368,536870912,4,15,1.25771939754486,0,1
fma,fp32,streaming,0,67108864,0,256,536870912,34359738368,536870912,5,15,1.25749123096466,0,1
fma,fp32,streaming,0,67108864,0,256,536870912,34359738368,536870912,6,15,1.25741016864777,0,1
fma,fp64,streaming,0,33554432,0,256,536870912,17179869184,536870912,0,17,1.16095435619354,0,1
fma,fp64,streaming,0,33554432,0,256,536870912,17179869184,536870912,1,17,1.1582795381546,0,1
fma,fp64,streaming,0,33554432,0,256,536870912,17179869184,536870912,2,17,1.15817403793335,0,1
fma,fp64,streaming,0,33554432,0,256,536870912,17179869184,536870912,3,17,1.15804982185364,0,1
fma,fp64,streaming,0,33554432,0,256,536870912,17179869184,536870912,4,17,1.15834724903107,0,1
fma,fp64,streaming,0,33554432,0,256,536870912,17179869184,536870912,5,17,1.15787100791931,0,1
fma,fp64,streaming,0,33554432,0,256,536870912,17179869184,536870912,6,17,1.16041231155396,0,1
fma,fp32,streaming,0,67108864,0,512,536870912,68719476736,536870912,0,8,2.44892811775208,0,1
fma,fp32,streaming,0,67108864,0,512,536870912,68719476736,536870912,1,8,2.44839596748352,0,1
fma,fp32,streaming,0,67108864,0,512,536870912,68719476736,536870912,2,8,2.44975590705872,0,1
fma,fp32,streaming,0,67108864,0,512,536870912,68719476736,536870912,3,8,2.44443607330322,0,1
fma,fp32,streaming,0,67108864,0,512,536870912,68719476736,536870912,4,8,2.44341611862183,0,1
fma,fp32,streaming,0,67108864,0,512,536870912,68719476736,536870912,5,8,2.44363594055176,0,1
fma,fp32,streaming,0,67108864,0,512,536870912,68719476736,536870912,6,8,2.44342803955078,0,1
fma,fp64,streaming,0,33554432,0,512,536870912,34359738368,536870912,0,8,2.29965996742249,0,1
fma,fp64,streaming,0,33554432,0,512,536870912,34359738368,536870912,1,8,2.29867601394653,0,1
fma,fp64,streaming,0,33554432,0,512,536870912,34359738368,536870912,2,8,2.29878401756287,0,1
fma,fp64,streaming,0,33554432,0,512,536870912,34359738368,536870912,3,8,2.29873609542847,0,1
fma,fp64,streaming,0,33554432,0,512,536870912,34359738368,536870912,4,8,2.29865598678589,0,1
fma,fp64,streaming,0,33554432,0,512,536870912,34359738368,536870912,5,8,2.29553604125977,0,1
fma,fp64,streaming,0,33554432,0,512,536870912,34359738368,536870912,6,8,2.29353189468384,0,1
fma,fp32,streaming,0,67108864,0,1024,536870912,137438953472,536870912,0,4,4.8529200553894,0,1
fma,fp32,streaming,0,67108864,0,1024,536870912,137438953472,536870912,1,4,4.85878419876099,0,1
fma,fp32,streaming,0,67108864,0,1024,536870912,137438953472,536870912,2,4,4.85978412628174,0,1
fma,fp32,streaming,0,67108864,0,1024,536870912,137438953472,536870912,3,4,4.85959196090698,0,1
fma,fp32,streaming,0,67108864,0,1024,536870912,137438953472,536870912,4,4,4.85960006713867,0,1
fma,fp32,streaming,0,67108864,0,1024,536870912,137438953472,536870912,5,4,4.85508012771606,0,1
fma,fp32,streaming,0,67108864,0,1024,536870912,137438953472,536870912,6,4,4.85703992843628,0,1
fma,fp64,streaming,0,33554432,0,1024,536870912,68719476736,536870912,0,4,4.56554412841797,0,1
fma,fp64,streaming,0,33554432,0,1024,536870912,68719476736,536870912,1,4,4.56614398956299,0,1
fma,fp64,streaming,0,33554432,0,1024,536870912,68719476736,536870912,2,4,4.56525611877441,0,1
fma,fp64,streaming,0,33554432,0,1024,536870912,68719476736,536870912,3,4,4.57352781295776,0,1
fma,fp64,streaming,0,33554432,0,1024,536870912,68719476736,536870912,4,4,4.57664823532104,0,1
fma,fp64,streaming,0,33554432,0,1024,536870912,68719476736,536870912,5,4,4.57567977905273,0,1
fma,fp64,streaming,0,33554432,0,1024,536870912,68719476736,536870912,6,4,4.57611179351807,0,1
fma,fp32,streaming,0,67108864,0,2048,536870912,274877906944,536870912,0,2,9.5840482711792,0,1
fma,fp32,streaming,0,67108864,0,2048,536870912,274877906944,536870912,1,2,9.58452796936035,0,1
fma,fp32,streaming,0,67108864,0,2048,536870912,274877906944,536870912,2,2,9.59288024902344,0,1
fma,fp32,streaming,0,67108864,0,2048,536870912,274877906944,536870912,3,2,9.60531234741211,0,1
fma,fp32,streaming,0,67108864,0,2048,536870912,274877906944,536870912,4,2,9.60508823394775,0,1
fma,fp32,streaming,0,67108864,0,2048,536870912,274877906944,536870912,5,2,9.60568046569824,0,1
fma,fp32,streaming,0,67108864,0,2048,536870912,274877906944,536870912,6,2,9.60772800445557,0,1
fma,fp64,streaming,0,33554432,0,2048,536870912,137438953472,536870912,0,2,9.1103515625,0,1
fma,fp64,streaming,0,33554432,0,2048,536870912,137438953472,536870912,1,2,9.11030387878418,0,1
fma,fp64,streaming,0,33554432,0,2048,536870912,137438953472,536870912,2,2,9.11408042907715,0,1
fma,fp64,streaming,0,33554432,0,2048,536870912,137438953472,536870912,3,2,9.13262367248535,0,1
fma,fp64,streaming,0,33554432,0,2048,536870912,137438953472,536870912,4,2,9.13116836547852,0,1
fma,fp64,streaming,0,33554432,0,2048,536870912,137438953472,536870912,5,2,9.13107204437256,0,1
fma,fp64,streaming,0,33554432,0,2048,536870912,137438953472,536870912,6,2,9.13161563873291,0,1
gemm,fp32,warm,256,256,256,0,786432,33554432,786432,0,200,0.00954240001738071,0,1
gemm,fp32,warm,256,256,256,0,786432,33554432,786432,1,200,0.00954560004174709,0,1
gemm,fp32,warm,256,256,256,0,786432,33554432,786432,2,200,0.00953632034361362,0,1
gemm,fp32,warm,256,256,256,0,786432,33554432,786432,3,200,0.00955136027187109,0,1
gemm,fp32,warm,256,256,256,0,786432,33554432,786432,4,200,0.00953919999301434,0,1
gemm,fp32,warm,256,256,256,0,786432,33554432,786432,5,200,0.0095353601500392,0,1
gemm,fp32,warm,256,256,256,0,786432,33554432,786432,6,200,0.00955440010875463,0,1
gemm,fp32,cold,256,256,256,0,786432,33554432,786432,0,1,0.0144640002399683,0,1
gemm,fp32,cold,256,256,256,0,786432,33554432,786432,1,1,0.0133440000936389,0,1
gemm,fp32,cold,256,256,256,0,786432,33554432,786432,2,1,0.0142080001533031,0,1
gemm,fp32,cold,256,256,256,0,786432,33554432,786432,3,1,0.0137919997796416,0,1
gemm,fp32,cold,256,256,256,0,786432,33554432,786432,4,1,0.0145600000396371,0,1
gemm,fp32,cold,256,256,256,0,786432,33554432,786432,5,1,0.0134720001369715,0,1
gemm,fp32,cold,256,256,256,0,786432,33554432,786432,6,1,0.0140479998663068,0,1
gemm,fp32,warm,512,512,512,0,3145728,268435456,3145728,0,200,0.0241075213998556,0,1
gemm,fp32,warm,512,512,512,0,3145728,268435456,3145728,1,200,0.0241193603724241,0,1
gemm,fp32,warm,512,512,512,0,3145728,268435456,3145728,2,200,0.0241112001240253,0,1
gemm,fp32,warm,512,512,512,0,3145728,268435456,3145728,3,200,0.0241150408983231,0,1
gemm,fp32,warm,512,512,512,0,3145728,268435456,3145728,4,200,0.0241127982735634,0,1
gemm,fp32,warm,512,512,512,0,3145728,268435456,3145728,5,200,0.0241081602871418,0,1
gemm,fp32,warm,512,512,512,0,3145728,268435456,3145728,6,200,0.0241188779473305,0,1
gemm,fp32,cold,512,512,512,0,3145728,268435456,3145728,0,1,0.0304320007562637,0,1
gemm,fp32,cold,512,512,512,0,3145728,268435456,3145728,1,1,0.0300479996949434,0,1
gemm,fp32,cold,512,512,512,0,3145728,268435456,3145728,2,1,0.0304000005125999,0,1
gemm,fp32,cold,512,512,512,0,3145728,268435456,3145728,3,1,0.0312319993972778,0,1
gemm,fp32,cold,512,512,512,0,3145728,268435456,3145728,4,1,0.0303039997816086,0,1
gemm,fp32,cold,512,512,512,0,3145728,268435456,3145728,5,1,0.0310079995542765,0,1
gemm,fp32,cold,512,512,512,0,3145728,268435456,3145728,6,1,0.0310079995542765,0,1
gemm,fp32,warm,1024,1024,1024,0,12582912,2147483648,12582912,0,160,0.119153797626495,0,1
gemm,fp32,warm,1024,1024,1024,0,12582912,2147483648,12582912,1,160,0.119318403303623,0,1
gemm,fp32,warm,1024,1024,1024,0,12582912,2147483648,12582912,2,160,0.119370199739933,0,1
gemm,fp32,warm,1024,1024,1024,0,12582912,2147483648,12582912,3,160,0.119331203401089,0,1
gemm,fp32,warm,1024,1024,1024,0,12582912,2147483648,12582912,4,160,0.119300603866577,0,1
gemm,fp32,warm,1024,1024,1024,0,12582912,2147483648,12582912,5,160,0.119300201535225,0,1
gemm,fp32,warm,1024,1024,1024,0,12582912,2147483648,12582912,6,160,0.119192004203796,0,1
gemm,fp32,cold,1024,1024,1024,0,12582912,2147483648,12582912,0,1,0.125568002462387,0,1
gemm,fp32,cold,1024,1024,1024,0,12582912,2147483648,12582912,1,1,0.124863997101784,0,1
gemm,fp32,cold,1024,1024,1024,0,12582912,2147483648,12582912,2,1,0.125055998563766,0,1
gemm,fp32,cold,1024,1024,1024,0,12582912,2147483648,12582912,3,1,0.125535994768143,0,1
gemm,fp32,cold,1024,1024,1024,0,12582912,2147483648,12582912,4,1,0.125791996717453,0,1
gemm,fp32,cold,1024,1024,1024,0,12582912,2147483648,12582912,5,1,0.124608002603054,0,1
gemm,fp32,cold,1024,1024,1024,0,12582912,2147483648,12582912,6,1,0.124927997589111,0,1
gemm,fp32,warm,2048,2048,2048,0,50331648,17179869184,50331648,0,21,0.917848408222198,0,1
gemm,fp32,warm,2048,2048,2048,0,50331648,17179869184,50331648,1,21,0.918272018432617,0,1
gemm,fp32,warm,2048,2048,2048,0,50331648,17179869184,50331648,2,21,0.917810261249542,0,1
gemm,fp32,warm,2048,2048,2048,0,50331648,17179869184,50331648,3,21,0.91834819316864,0,1
gemm,fp32,warm,2048,2048,2048,0,50331648,17179869184,50331648,4,21,0.919014096260071,0,1
gemm,fp32,warm,2048,2048,2048,0,50331648,17179869184,50331648,5,21,0.919178664684296,0,1
gemm,fp32,warm,2048,2048,2048,0,50331648,17179869184,50331648,6,21,0.919233500957489,0,1
gemm,fp32,cold,2048,2048,2048,0,50331648,17179869184,50331648,0,1,0.92195200920105,0,1
gemm,fp32,cold,2048,2048,2048,0,50331648,17179869184,50331648,1,1,0.922111988067627,0,1
gemm,fp32,cold,2048,2048,2048,0,50331648,17179869184,50331648,2,1,0.921151995658875,0,1
gemm,fp32,cold,2048,2048,2048,0,50331648,17179869184,50331648,3,1,0.921440005302429,0,1
gemm,fp32,cold,2048,2048,2048,0,50331648,17179869184,50331648,4,1,0.922591984272003,0,1
gemm,fp32,cold,2048,2048,2048,0,50331648,17179869184,50331648,5,1,0.92195200920105,0,1
gemm,fp32,cold,2048,2048,2048,0,50331648,17179869184,50331648,6,1,0.921087980270386,0,1
gemm,fp32,warm,4096,4096,4096,0,201326592,137438953472,201326592,0,2,6.97236776351929,0,1
gemm,fp32,warm,4096,4096,4096,0,201326592,137438953472,201326592,1,2,6.97332811355591,0,1
gemm,fp32,warm,4096,4096,4096,0,201326592,137438953472,201326592,2,2,6.97214412689209,0,1
gemm,fp32,warm,4096,4096,4096,0,201326592,137438953472,201326592,3,2,6.97204780578613,0,1
gemm,fp32,warm,4096,4096,4096,0,201326592,137438953472,201326592,4,2,6.97153615951538,0,1
gemm,fp32,warm,4096,4096,4096,0,201326592,137438953472,201326592,5,2,6.97649621963501,0,1
gemm,fp32,warm,4096,4096,4096,0,201326592,137438953472,201326592,6,2,6.98732805252075,0,1
gemm,fp32,warm,8192,8192,8192,0,805306368,1099511627776,805306368,0,1,55.1187858581543,0,1
gemm,fp32,warm,8192,8192,8192,0,805306368,1099511627776,805306368,1,1,55.2126083374023,0,1
gemm,fp32,warm,8192,8192,8192,0,805306368,1099511627776,805306368,2,1,55.1757125854492,0,1
gemm,fp32,warm,8192,8192,8192,0,805306368,1099511627776,805306368,3,1,55.1230087280273,0,1
gemm,fp32,warm,8192,8192,8192,0,805306368,1099511627776,805306368,4,1,55.1560325622559,0,1
gemm,fp32,warm,8192,8192,8192,0,805306368,1099511627776,805306368,5,1,55.243839263916,0,1
gemm,fp32,warm,8192,8192,8192,0,805306368,1099511627776,805306368,6,1,55.1508483886719,0,1
gemm,fp32,warm,1,8192,8192,0,268500992,134217728,268500992,0,158,0.122567094862461,0,1
gemm,fp32,warm,1,8192,8192,0,268500992,134217728,268500992,1,158,0.122514836490154,0,1
gemm,fp32,warm,1,8192,8192,0,268500992,134217728,268500992,2,158,0.122569516301155,0,1
gemm,fp32,warm,1,8192,8192,0,268500992,134217728,268500992,3,158,0.122556157410145,0,1
gemm,fp32,warm,1,8192,8192,0,268500992,134217728,268500992,4,158,0.122505515813828,0,1
gemm,fp32,warm,1,8192,8192,0,268500992,134217728,268500992,5,158,0.122593820095062,0,1
gemm,fp32,warm,1,8192,8192,0,268500992,134217728,268500992,6,158,0.122636966407299,0,1
gemm,fp32,warm,2,8192,8192,0,268566528,268435456,268566528,0,55,0.353352725505829,0,1
gemm,fp32,warm,2,8192,8192,0,268566528,268435456,268566528,1,55,0.353478401899338,0,1
gemm,fp32,warm,2,8192,8192,0,268566528,268435456,268566528,2,55,0.353465020656586,0,1
gemm,fp32,warm,2,8192,8192,0,268566528,268435456,268566528,3,55,0.353583097457886,0,1
gemm,fp32,warm,2,8192,8192,0,268566528,268435456,268566528,4,55,0.353339940309525,0,1
gemm,fp32,warm,2,8192,8192,0,268566528,268435456,268566528,5,55,0.353701829910278,0,1
gemm,fp32,warm,2,8192,8192,0,268566528,268435456,268566528,6,55,0.35378035902977,0,1
gemm,fp32,warm,4,8192,8192,0,268697600,536870912,268697600,0,55,0.355210453271866,0,1
gemm,fp32,warm,4,8192,8192,0,268697600,536870912,268697600,1,55,0.35490208864212,0,1
gemm,fp32,warm,4,8192,8192,0,268697600,536870912,268697600,2,55,0.354815989732742,0,1
gemm,fp32,warm,4,8192,8192,0,268697600,536870912,268697600,3,55,0.355115056037903,0,1
gemm,fp32,warm,4,8192,8192,0,268697600,536870912,268697600,4,55,0.354866623878479,0,1
gemm,fp32,warm,4,8192,8192,0,268697600,536870912,268697600,5,55,0.354600727558136,0,1
gemm,fp32,warm,4,8192,8192,0,268697600,536870912,268697600,6,55,0.355077236890793,0,1
gemm,fp32,warm,8,8192,8192,0,268959744,1073741824,268959744,0,55,0.356595784425735,0,1
gemm,fp32,warm,8,8192,8192,0,268959744,1073741824,268959744,1,55,0.356253087520599,0,1
gemm,fp32,warm,8,8192,8192,0,268959744,1073741824,268959744,2,55,0.35646778345108,0,1
gemm,fp32,warm,8,8192,8192,0,268959744,1073741824,268959744,3,55,0.35640612244606,0,1
gemm,fp32,warm,8,8192,8192,0,268959744,1073741824,268959744,4,55,0.35626819729805,0,1
gemm,fp32,warm,8,8192,8192,0,268959744,1073741824,268959744,5,55,0.356190234422684,0,1
gemm,fp32,warm,8,8192,8192,0,268959744,1073741824,268959744,6,55,0.35629615187645,0,1
gemm,fp32,warm,16,8192,8192,0,269484032,2147483648,269484032,0,55,0.356744140386581,0,1
gemm,fp32,warm,16,8192,8192,0,269484032,2147483648,269484032,1,55,0.356208294630051,0,1
gemm,fp32,warm,16,8192,8192,0,269484032,2147483648,269484032,2,55,0.356660932302475,0,1
gemm,fp32,warm,16,8192,8192,0,269484032,2147483648,269484032,3,55,0.356567859649658,0,1
gemm,fp32,warm,16,8192,8192,0,269484032,2147483648,269484032,4,55,0.357001334428787,0,1
gemm,fp32,warm,16,8192,8192,0,269484032,2147483648,269484032,5,55,0.356506764888763,0,1
gemm,fp32,warm,16,8192,8192,0,269484032,2147483648,269484032,6,55,0.35671854019165,0,1
gemm,fp32,warm,32,8192,8192,0,270532608,4294967296,270532608,0,55,0.358097463846207,0,1
gemm,fp32,warm,32,8192,8192,0,270532608,4294967296,270532608,1,55,0.358157396316528,0,1
gemm,fp32,warm,32,8192,8192,0,270532608,4294967296,270532608,2,55,0.357611060142517,0,1
gemm,fp32,warm,32,8192,8192,0,270532608,4294967296,270532608,3,55,0.357974708080292,0,1
gemm,fp32,warm,32,8192,8192,0,270532608,4294967296,270532608,4,55,0.358014851808548,0,1
gemm,fp32,warm,32,8192,8192,0,270532608,4294967296,270532608,5,55,0.357854843139648,0,1
gemm,fp32,warm,32,8192,8192,0,270532608,4294967296,270532608,6,55,0.358194053173065,0,1
gemm,fp32,warm,64,8192,8192,0,272629760,8589934592,272629760,0,41,0.473821640014648,0,1
gemm,fp32,warm,64,8192,8192,0,272629760,8589934592,272629760,1,41,0.474993169307709,0,1
gemm,fp32,warm,64,8192,8192,0,272629760,8589934592,272629760,2,41,0.474660694599152,0,1
gemm,fp32,warm,64,8192,8192,0,272629760,8589934592,272629760,3,41,0.474697351455688,0,1
gemm,fp32,warm,64,8192,8192,0,272629760,8589934592,272629760,4,41,0.474647432565689,0,1
gemm,fp32,warm,64,8192,8192,0,272629760,8589934592,272629760,5,41,0.474353194236755,0,1
gemm,fp32,warm,64,8192,8192,0,272629760,8589934592,272629760,6,41,0.474340677261353,0,1
gemm,fp32,warm,128,8192,8192,0,276824064,17179869184,276824064,0,26,0.756568610668182,0,1
gemm,fp32,warm,128,8192,8192,0,276824064,17179869184,276824064,1,26,0.756264626979828,0,1
gemm,fp32,warm,128,8192,8192,0,276824064,17179869184,276824064,2,26,0.756028294563293,0,1
gemm,fp32,warm,128,8192,8192,0,276824064,17179869184,276824064,3,26,0.757998764514923,0,1
gemm,fp32,warm,128,8192,8192,0,276824064,17179869184,276824064,4,26,0.75795567035675,0,1
gemm,fp32,warm,128,8192,8192,0,276824064,17179869184,276824064,5,26,0.757815361022949,0,1
gemm,fp32,warm,128,8192,8192,0,276824064,17179869184,276824064,6,26,0.758183419704437,0,1
gemm,fp32,warm,256,8192,8192,0,285212672,34359738368,285212672,0,13,1.51928126811981,0,1
gemm,fp32,warm,256,8192,8192,0,285212672,34359738368,285212672,1,13,1.51710021495819,0,1
gemm,fp32,warm,256,8192,8192,0,285212672,34359738368,285212672,2,13,1.51767146587372,0,1
gemm,fp32,warm,256,8192,8192,0,285212672,34359738368,285212672,3,13,1.51739323139191,0,1
gemm,fp32,warm,256,8192,8192,0,285212672,34359738368,285212672,4,13,1.51678276062012,0,1
gemm,fp32,warm,256,8192,8192,0,285212672,34359738368,285212672,5,13,1.51823508739471,0,1
gemm,fp32,warm,256,8192,8192,0,285212672,34359738368,285212672,6,13,1.51976370811462,0,1
gemm,fp32,warm,512,8192,8192,0,301989888,68719476736,301989888,0,6,2.90727996826172,0,1
gemm,fp32,warm,512,8192,8192,0,301989888,68719476736,301989888,1,6,2.90817618370056,0,1
gemm,fp32,warm,512,8192,8192,0,301989888,68719476736,301989888,2,6,2.90847992897034,0,1
gemm,fp32,warm,512,8192,8192,0,301989888,68719476736,301989888,3,6,2.90143465995789,0,1
gemm,fp32,warm,512,8192,8192,0,301989888,68719476736,301989888,4,6,2.90192008018494,0,1
gemm,fp32,warm,512,8192,8192,0,301989888,68719476736,301989888,5,6,2.90218138694763,0,1
gemm,fp32,warm,512,8192,8192,0,301989888,68719476736,301989888,6,6,2.90148258209229,0,1
gemm,fp32,warm,1024,8192,8192,0,335544320,137438953472,335544320,0,2,8.0490083694458,0,1
gemm,fp32,warm,1024,8192,8192,0,335544320,137438953472,335544320,1,2,8.05516815185547,0,1
gemm,fp32,warm,1024,8192,8192,0,335544320,137438953472,335544320,2,2,8.03134441375732,0,1
gemm,fp32,warm,1024,8192,8192,0,335544320,137438953472,335544320,3,2,8.05615997314453,0,1
gemm,fp32,warm,1024,8192,8192,0,335544320,137438953472,335544320,4,2,8.03683185577393,0,1
gemm,fp32,warm,1024,8192,8192,0,335544320,137438953472,335544320,5,2,8.05174446105957,0,1
gemm,fp32,warm,1024,8192,8192,0,335544320,137438953472,335544320,6,2,8.02064037322998,0,1
gemm,fp32,warm,2048,8192,8192,0,402653184,274877906944,402653184,0,1,15.8327684402466,0,1
gemm,fp32,warm,2048,8192,8192,0,402653184,274877906944,402653184,1,1,15.8073921203613,0,1
gemm,fp32,warm,2048,8192,8192,0,402653184,274877906944,402653184,2,1,15.8440961837769,0,1
gemm,fp32,warm,2048,8192,8192,0,402653184,274877906944,402653184,3,1,15.8253755569458,0,1
gemm,fp32,warm,2048,8192,8192,0,402653184,274877906944,402653184,4,1,15.8242559432983,0,1
gemm,fp32,warm,2048,8192,8192,0,402653184,274877906944,402653184,5,1,15.7933759689331,0,1
gemm,fp32,warm,2048,8192,8192,0,402653184,274877906944,402653184,6,1,15.8202238082886,0,1
gemm,fp64,warm,256,256,256,0,1572864,33554432,1572864,0,200,0.00588559964671731,0,1
gemm,fp64,warm,256,256,256,0,1572864,33554432,1572864,1,200,0.00589200016111135,0,1
gemm,fp64,warm,256,256,256,0,1572864,33554432,1572864,2,200,0.00589088024571538,0,1
gemm,fp64,warm,256,256,256,0,1572864,33554432,1572864,3,200,0.00589280016720295,0,1
gemm,fp64,warm,256,256,256,0,1572864,33554432,1572864,4,200,0.00588143989443779,0,1
gemm,fp64,warm,256,256,256,0,1572864,33554432,1572864,5,200,0.00589695991948247,0,1
gemm,fp64,warm,256,256,256,0,1572864,33554432,1572864,6,200,0.00588800013065338,0,1
gemm,fp64,cold,256,256,256,0,1572864,33554432,1572864,0,1,0.0128640001639724,0,1
gemm,fp64,cold,256,256,256,0,1572864,33554432,1572864,1,1,0.0125120002776384,0,1
gemm,fp64,cold,256,256,256,0,1572864,33554432,1572864,2,1,0.0115200001746416,0,1
gemm,fp64,cold,256,256,256,0,1572864,33554432,1572864,3,1,0.0122560001909733,0,1
gemm,fp64,cold,256,256,256,0,1572864,33554432,1572864,4,1,0.011744000017643,0,1
gemm,fp64,cold,256,256,256,0,1572864,33554432,1572864,5,1,0.0118720000609756,0,1
gemm,fp64,cold,256,256,256,0,1572864,33554432,1572864,6,1,0.0121600003913045,0,1
gemm,fp64,warm,512,512,512,0,6291456,268435456,6291456,0,200,0.0165740791708231,0,1
gemm,fp64,warm,512,512,512,0,6291456,268435456,6291456,1,200,0.016566401347518,0,1
gemm,fp64,warm,512,512,512,0,6291456,268435456,6291456,2,200,0.0165681596845388,0,1
gemm,fp64,warm,512,512,512,0,6291456,268435456,6291456,3,200,0.0165563207119703,0,1
gemm,fp64,warm,512,512,512,0,6291456,268435456,6291456,4,200,0.0165726393461227,0,1
gemm,fp64,warm,512,512,512,0,6291456,268435456,6291456,5,200,0.0165641605854034,0,1
gemm,fp64,warm,512,512,512,0,6291456,268435456,6291456,6,200,0.0165635198354721,0,1
gemm,fp64,cold,512,512,512,0,6291456,268435456,6291456,0,1,0.0235200002789497,0,1
gemm,fp64,cold,512,512,512,0,6291456,268435456,6291456,1,1,0.0240959990769625,0,1
gemm,fp64,cold,512,512,512,0,6291456,268435456,6291456,2,1,0.0238080006092787,0,1
gemm,fp64,cold,512,512,512,0,6291456,268435456,6291456,3,1,0.023615999147296,0,1
gemm,fp64,cold,512,512,512,0,6291456,268435456,6291456,4,1,0.0243839994072914,0,1
gemm,fp64,cold,512,512,512,0,6291456,268435456,6291456,5,1,0.0233280006796122,0,1
gemm,fp64,cold,512,512,512,0,6291456,268435456,6291456,6,1,0.0241279993206263,0,1
gemm,fp64,warm,1024,1024,1024,0,25165824,2147483648,25165824,0,200,0.0870440006256104,0,1
gemm,fp64,warm,1024,1024,1024,0,25165824,2147483648,25165824,1,200,0.0872267261147499,0,1
gemm,fp64,warm,1024,1024,1024,0,25165824,2147483648,25165824,2,200,0.0872827246785164,0,1
gemm,fp64,warm,1024,1024,1024,0,25165824,2147483648,25165824,3,200,0.087299682199955,0,1
gemm,fp64,warm,1024,1024,1024,0,25165824,2147483648,25165824,4,200,0.0872926414012909,0,1
gemm,fp64,warm,1024,1024,1024,0,25165824,2147483648,25165824,5,200,0.0871934443712234,0,1
gemm,fp64,warm,1024,1024,1024,0,25165824,2147483648,25165824,6,200,0.0870633572340012,0,1
gemm,fp64,cold,1024,1024,1024,0,25165824,2147483648,25165824,0,1,0.0934400036931038,0,1
gemm,fp64,cold,1024,1024,1024,0,25165824,2147483648,25165824,1,1,0.0939520001411438,0,1
gemm,fp64,cold,1024,1024,1024,0,25165824,2147483648,25165824,2,1,0.0941120013594627,0,1
gemm,fp64,cold,1024,1024,1024,0,25165824,2147483648,25165824,3,1,0.0935039967298508,0,1
gemm,fp64,cold,1024,1024,1024,0,25165824,2147483648,25165824,4,1,0.0944959968328476,0,1
gemm,fp64,cold,1024,1024,1024,0,25165824,2147483648,25165824,5,1,0.0932480022311211,0,1
gemm,fp64,cold,1024,1024,1024,0,25165824,2147483648,25165824,6,1,0.0938559994101524,0,1
gemm,fp64,warm,2048,2048,2048,0,100663296,17179869184,100663296,0,31,0.627735733985901,0,1
gemm,fp64,warm,2048,2048,2048,0,100663296,17179869184,100663296,1,31,0.627026617527008,0,1
gemm,fp64,warm,2048,2048,2048,0,100663296,17179869184,100663296,2,31,0.626867592334747,0,1
gemm,fp64,warm,2048,2048,2048,0,100663296,17179869184,100663296,3,31,0.628209590911865,0,1
gemm,fp64,warm,2048,2048,2048,0,100663296,17179869184,100663296,4,31,0.628276646137238,0,1
gemm,fp64,warm,2048,2048,2048,0,100663296,17179869184,100663296,5,31,0.628271460533142,0,1
gemm,fp64,warm,2048,2048,2048,0,100663296,17179869184,100663296,6,31,0.628234326839447,0,1
gemm,fp64,cold,2048,2048,2048,0,100663296,17179869184,100663296,0,1,0.633055984973907,0,1
gemm,fp64,cold,2048,2048,2048,0,100663296,17179869184,100663296,1,1,0.633599996566772,0,1
gemm,fp64,cold,2048,2048,2048,0,100663296,17179869184,100663296,2,1,0.633791983127594,0,1
gemm,fp64,cold,2048,2048,2048,0,100663296,17179869184,100663296,3,1,0.632831990718842,0,1
gemm,fp64,cold,2048,2048,2048,0,100663296,17179869184,100663296,4,1,0.63347202539444,0,1
gemm,fp64,cold,2048,2048,2048,0,100663296,17179869184,100663296,5,1,0.63401597738266,0,1
gemm,fp64,cold,2048,2048,2048,0,100663296,17179869184,100663296,6,1,0.634783983230591,0,1
gemm,fp64,warm,4096,4096,4096,0,402653184,137438953472,402653184,0,4,4.84401607513428,0,1
gemm,fp64,warm,4096,4096,4096,0,402653184,137438953472,402653184,1,4,4.83973598480225,0,1
gemm,fp64,warm,4096,4096,4096,0,402653184,137438953472,402653184,2,4,4.84450387954712,0,1
gemm,fp64,warm,4096,4096,4096,0,402653184,137438953472,402653184,3,4,4.84085607528687,0,1
gemm,fp64,warm,4096,4096,4096,0,402653184,137438953472,402653184,4,4,4.85129594802856,0,1
gemm,fp64,warm,4096,4096,4096,0,402653184,137438953472,402653184,5,4,4.84804821014404,0,1
gemm,fp64,warm,4096,4096,4096,0,402653184,137438953472,402653184,6,4,4.85067987442017,0,1
gemm,fp64,warm,8192,8192,8192,0,1610612736,1099511627776,1610612736,0,1,37.7648658752441,0,1
gemm,fp64,warm,8192,8192,8192,0,1610612736,1099511627776,1610612736,1,1,37.7083854675293,0,1
gemm,fp64,warm,8192,8192,8192,0,1610612736,1099511627776,1610612736,2,1,37.7133102416992,0,1
gemm,fp64,warm,8192,8192,8192,0,1610612736,1099511627776,1610612736,3,1,37.7567367553711,0,1
gemm,fp64,warm,8192,8192,8192,0,1610612736,1099511627776,1610612736,4,1,37.7821426391602,0,1
gemm,fp64,warm,8192,8192,8192,0,1610612736,1099511627776,1610612736,5,1,37.7726097106934,0,1
gemm,fp64,warm,8192,8192,8192,0,1610612736,1099511627776,1610612736,6,1,37.7167663574219,0,1
gemm,fp64,warm,1,8192,8192,0,537001984,134217728,537001984,0,83,0.236975789070129,0,1
gemm,fp64,warm,1,8192,8192,0,537001984,134217728,537001984,1,83,0.236766085028648,0,1
gemm,fp64,warm,1,8192,8192,0,537001984,134217728,537001984,2,83,0.236791133880615,0,1
gemm,fp64,warm,1,8192,8192,0,537001984,134217728,537001984,3,83,0.236913353204727,0,1
gemm,fp64,warm,1,8192,8192,0,537001984,134217728,537001984,4,83,0.236807718873024,0,1
gemm,fp64,warm,1,8192,8192,0,537001984,134217728,537001984,5,83,0.236851662397385,0,1
gemm,fp64,warm,1,8192,8192,0,537001984,134217728,537001984,6,83,0.236809253692627,0,1
gemm,fp64,warm,2,8192,8192,0,537133056,268435456,537133056,0,68,0.285353422164917,0,1
gemm,fp64,warm,2,8192,8192,0,537133056,268435456,537133056,1,68,0.28524848818779,0,1
gemm,fp64,warm,2,8192,8192,0,537133056,268435456,537133056,2,68,0.285414576530457,0,1
gemm,fp64,warm,2,8192,8192,0,537133056,268435456,537133056,3,68,0.285605192184448,0,1
gemm,fp64,warm,2,8192,8192,0,537133056,268435456,537133056,4,68,0.285249888896942,0,1
gemm,fp64,warm,2,8192,8192,0,537133056,268435456,537133056,5,68,0.285174131393433,0,1
gemm,fp64,warm,2,8192,8192,0,537133056,268435456,537133056,6,68,0.285432934761047,0,1
gemm,fp64,warm,4,8192,8192,0,537395200,536870912,537395200,0,68,0.284654587507248,0,1
gemm,fp64,warm,4,8192,8192,0,537395200,536870912,537395200,1,68,0.284731298685074,0,1
gemm,fp64,warm,4,8192,8192,0,537395200,536870912,537395200,2,68,0.284505873918533,0,1
gemm,fp64,warm,4,8192,8192,0,537395200,536870912,537395200,3,68,0.284751534461975,0,1
gemm,fp64,warm,4,8192,8192,0,537395200,536870912,537395200,4,68,0.284851789474487,0,1
gemm,fp64,warm,4,8192,8192,0,537395200,536870912,537395200,5,68,0.284756243228912,0,1
gemm,fp64,warm,4,8192,8192,0,537395200,536870912,537395200,6,68,0.284469187259674,0,1
gemm,fp64,warm,8,8192,8192,0,537919488,1073741824,537919488,0,68,0.285537898540497,0,1
gemm,fp64,warm,8,8192,8192,0,537919488,1073741824,537919488,1,68,0.285481423139572,0,1
gemm,fp64,warm,8,8192,8192,0,537919488,1073741824,537919488,2,68,0.285549640655518,0,1
gemm,fp64,warm,8,8192,8192,0,537919488,1073741824,537919488,3,68,0.285711050033569,0,1
gemm,fp64,warm,8,8192,8192,0,537919488,1073741824,537919488,4,68,0.285237163305283,0,1
gemm,fp64,warm,8,8192,8192,0,537919488,1073741824,537919488,5,68,0.285591512918472,0,1
gemm,fp64,warm,8,8192,8192,0,537919488,1073741824,537919488,6,68,0.285411775112152,0,1
gemm,fp64,warm,16,8192,8192,0,538968064,2147483648,538968064,0,68,0.285560458898544,0,1
gemm,fp64,warm,16,8192,8192,0,538968064,2147483648,538968064,1,68,0.285393893718719,0,1
gemm,fp64,warm,16,8192,8192,0,538968064,2147483648,538968064,2,68,0.285523295402527,0,1
gemm,fp64,warm,16,8192,8192,0,538968064,2147483648,538968064,3,68,0.285680949687958,0,1
gemm,fp64,warm,16,8192,8192,0,538968064,2147483648,538968064,4,68,0.285435765981674,0,1
gemm,fp64,warm,16,8192,8192,0,538968064,2147483648,538968064,5,68,0.285577893257141,0,1
gemm,fp64,warm,16,8192,8192,0,538968064,2147483648,538968064,6,68,0.285578370094299,0,1
gemm,fp64,warm,32,8192,8192,0,541065216,4294967296,541065216,0,68,0.286966115236282,0,1
gemm,fp64,warm,32,8192,8192,0,541065216,4294967296,541065216,1,68,0.286935538053513,0,1
gemm,fp64,warm,32,8192,8192,0,541065216,4294967296,541065216,2,68,0.286901652812958,0,1
gemm,fp64,warm,32,8192,8192,0,541065216,4294967296,541065216,3,68,0.286877661943436,0,1
gemm,fp64,warm,32,8192,8192,0,541065216,4294967296,541065216,4,68,0.286785393953323,0,1
gemm,fp64,warm,32,8192,8192,0,541065216,4294967296,541065216,5,68,0.287149667739868,0,1
gemm,fp64,warm,32,8192,8192,0,541065216,4294967296,541065216,6,68,0.286956697702408,0,1
gemm,fp64,warm,64,8192,8192,0,545259520,8589934592,545259520,0,55,0.353022843599319,0,1
gemm,fp64,warm,64,8192,8192,0,545259520,8589934592,545259520,1,55,0.353017002344131,0,1
gemm,fp64,warm,64,8192,8192,0,545259520,8589934592,545259520,2,55,0.353007704019547,0,1
gemm,fp64,warm,64,8192,8192,0,545259520,8589934592,545259520,3,55,0.353284060955048,0,1
gemm,fp64,warm,64,8192,8192,0,545259520,8589934592,545259520,4,55,0.352858781814575,0,1
gemm,fp64,warm,64,8192,8192,0,545259520,8589934592,545259520,5,55,0.352783143520355,0,1
gemm,fp64,warm,64,8192,8192,0,545259520,8589934592,545259520,6,55,0.352688282728195,0,1
gemm,fp64,warm,128,8192,8192,0,553648128,17179869184,553648128,0,30,0.656184494495392,0,1
gemm,fp64,warm,128,8192,8192,0,553648128,17179869184,553648128,1,30,0.656090676784515,0,1
gemm,fp64,warm,128,8192,8192,0,553648128,17179869184,553648128,2,30,0.655734360218048,0,1
gemm,fp64,warm,128,8192,8192,0,553648128,17179869184,553648128,3,30,0.656678378582001,0,1
gemm,fp64,warm,128,8192,8192,0,553648128,17179869184,553648128,4,30,0.656938672065735,0,1
gemm,fp64,warm,128,8192,8192,0,553648128,17179869184,553648128,5,30,0.656689047813416,0,1
gemm,fp64,warm,128,8192,8192,0,553648128,17179869184,553648128,6,30,0.656813859939575,0,1
gemm,fp64,warm,256,8192,8192,0,570425344,34359738368,570425344,0,15,1.29567575454712,0,1
gemm,fp64,warm,256,8192,8192,0,570425344,34359738368,570425344,1,15,1.29502928256989,0,1
gemm,fp64,warm,256,8192,8192,0,570425344,34359738368,570425344,2,15,1.29469227790833,0,1
gemm,fp64,warm,256,8192,8192,0,570425344,34359738368,570425344,3,15,1.29442989826202,0,1
gemm,fp64,warm,256,8192,8192,0,570425344,34359738368,570425344,4,15,1.29408645629883,0,1
gemm,fp64,warm,256,8192,8192,0,570425344,34359738368,570425344,5,15,1.29566299915314,0,1
gemm,fp64,warm,256,8192,8192,0,570425344,34359738368,570425344,6,15,1.29663789272308,0,1
gemm,fp64,warm,512,8192,8192,0,603979776,68719476736,603979776,0,8,2.48623991012573,0,1
gemm,fp64,warm,512,8192,8192,0,603979776,68719476736,603979776,1,8,2.48638391494751,0,1
gemm,fp64,warm,512,8192,8192,0,603979776,68719476736,603979776,2,8,2.48637199401855,0,1
gemm,fp64,warm,512,8192,8192,0,603979776,68719476736,603979776,3,8,2.48397588729858,0,1
gemm,fp64,warm,512,8192,8192,0,603979776,68719476736,603979776,4,8,2.48293209075928,0,1
gemm,fp64,warm,512,8192,8192,0,603979776,68719476736,603979776,5,8,2.48389601707458,0,1
gemm,fp64,warm,512,8192,8192,0,603979776,68719476736,603979776,6,8,2.48300409317017,0,1
gemm,fp64,warm,1024,8192,8192,0,671088640,137438953472,671088640,0,4,4.8200478553772,0,1
gemm,fp64,warm,1024,8192,8192,0,671088640,137438953472,671088640,1,4,4.82010412216187,0,1
gemm,fp64,warm,1024,8192,8192,0,671088640,137438953472,671088640,2,4,4.82030391693115,0,1
gemm,fp64,warm,1024,8192,8192,0,671088640,137438953472,671088640,3,4,4.82023191452026,0,1
gemm,fp64,warm,1024,8192,8192,0,671088640,137438953472,671088640,4,4,4.81774377822876,0,1
gemm,fp64,warm,1024,8192,8192,0,671088640,137438953472,671088640,5,4,4.81356811523438,0,1
gemm,fp64,warm,1024,8192,8192,0,671088640,137438953472,671088640,6,4,4.81314420700073,0,1
gemm,fp64,warm,2048,8192,8192,0,805306368,274877906944,805306368,0,2,9.59404754638672,0,1
gemm,fp64,warm,2048,8192,8192,0,805306368,274877906944,805306368,1,2,9.59868812561035,0,1
gemm,fp64,warm,2048,8192,8192,0,805306368,274877906944,805306368,2,2,9.59702396392822,0,1
gemm,fp64,warm,2048,8192,8192,0,805306368,274877906944,805306368,3,2,9.59759998321533,0,1
gemm,fp64,warm,2048,8192,8192,0,805306368,274877906944,805306368,4,2,9.59246444702148,0,1
gemm,fp64,warm,2048,8192,8192,0,805306368,274877906944,805306368,5,2,9.5774564743042,0,1
gemm,fp64,warm,2048,8192,8192,0,805306368,274877906944,805306368,6,2,9.57686424255371,0,1
gemm,fp16,warm,256,256,256,0,393216,33554432,393216,0,200,0.00438032019883394,0.000198426521477393,1
gemm,fp16,warm,256,256,256,0,393216,33554432,393216,1,200,0.00438736006617546,0.000198426521477393,1
gemm,fp16,warm,256,256,256,0,393216,33554432,393216,2,200,0.00435088016092777,0.000198426521477393,1
gemm,fp16,warm,256,256,256,0,393216,33554432,393216,3,200,0.00438799988478422,0.000198426521477393,1
gemm,fp16,warm,256,256,256,0,393216,33554432,393216,4,200,0.00433359993621707,0.000198426521477393,1
gemm,fp16,warm,256,256,256,0,393216,33554432,393216,5,200,0.00435680011287332,0.000198426521477393,1
gemm,fp16,warm,256,256,256,0,393216,33554432,393216,6,200,0.00437471969053149,0.000198426521477393,1
gemm,fp16,cold,256,256,256,0,393216,33554432,393216,0,1,0.00787200033664703,0.000198426521477393,1
gemm,fp16,cold,256,256,256,0,393216,33554432,393216,1,1,0.0081599997356534,0.000198426521477393,1
gemm,fp16,cold,256,256,256,0,393216,33554432,393216,2,1,0.00732799991965294,0.000198426521477393,1
gemm,fp16,cold,256,256,256,0,393216,33554432,393216,3,1,0.00793599989265203,0.000198426521477393,1
gemm,fp16,cold,256,256,256,0,393216,33554432,393216,4,1,0.00787200033664703,0.000198426521477393,1
gemm,fp16,cold,256,256,256,0,393216,33554432,393216,5,1,0.00777600007131696,0.000198426521477393,1
gemm,fp16,cold,256,256,256,0,393216,33554432,393216,6,1,0.00784000009298325,0.000198426521477393,1
gemm,fp16,warm,512,512,512,0,1572864,268435456,1572864,0,200,0.00439888006076217,0.00020091145971206,1
gemm,fp16,warm,512,512,512,0,1572864,268435456,1572864,1,200,0.00438367994502187,0.00020091145971206,1
gemm,fp16,warm,512,512,512,0,1572864,268435456,1572864,2,200,0.00439759995788336,0.00020091145971206,1
gemm,fp16,warm,512,512,512,0,1572864,268435456,1572864,3,200,0.00436287978664041,0.00020091145971206,1
gemm,fp16,warm,512,512,512,0,1572864,268435456,1572864,4,200,0.00435263989493251,0.00020091145971206,1
gemm,fp16,warm,512,512,512,0,1572864,268435456,1572864,5,200,0.00437504006549716,0.00020091145971206,1
gemm,fp16,warm,512,512,512,0,1572864,268435456,1572864,6,200,0.00435647973790765,0.00020091145971206,1
gemm,fp16,cold,512,512,512,0,1572864,268435456,1572864,0,1,0.00924799963831902,0.00020091145971206,1
gemm,fp16,cold,512,512,512,0,1572864,268435456,1572864,1,1,0.00835200026631355,0.00020091145971206,1
gemm,fp16,cold,512,512,512,0,1572864,268435456,1572864,2,1,0.00918400008231401,0.00020091145971206,1
gemm,fp16,cold,512,512,512,0,1572864,268435456,1572864,3,1,0.00896000023931265,0.00020091145971206,1
gemm,fp16,cold,512,512,512,0,1572864,268435456,1572864,4,1,0.00918400008231401,0.00020091145971206,1
gemm,fp16,cold,512,512,512,0,1572864,268435456,1572864,5,1,0.00915199983865023,0.00020091145971206,1
gemm,fp16,cold,512,512,512,0,1572864,268435456,1572864,6,1,0.00822400022298098,0.00020091145971206,1
gemm,fp16,warm,1024,1024,1024,0,6291456,2147483648,6291456,0,200,0.00945216044783592,0.000189940520434515,1
gemm,fp16,warm,1024,1024,1024,0,6291456,2147483648,6291456,1,200,0.0094504002481699,0.000189940520434515,1
gemm,fp16,warm,1024,1024,1024,0,6291456,2147483648,6291456,2,200,0.00946496054530144,0.000189940520434515,1
gemm,fp16,warm,1024,1024,1024,0,6291456,2147483648,6291456,3,200,0.00946127995848656,0.000189940520434515,1
gemm,fp16,warm,1024,1024,1024,0,6291456,2147483648,6291456,4,200,0.00945647992193699,0.000189940520434515,1
gemm,fp16,warm,1024,1024,1024,0,6291456,2147483648,6291456,5,200,0.00945200026035309,0.000189940520434515,1
gemm,fp16,warm,1024,1024,1024,0,6291456,2147483648,6291456,6,200,0.00946207996457815,0.000189940520434515,1
gemm,fp16,cold,1024,1024,1024,0,6291456,2147483648,6291456,0,1,0.0155520001426339,0.000189940520434515,1
gemm,fp16,cold,1024,1024,1024,0,6291456,2147483648,6291456,1,1,0.0151680000126362,0.000189940520434515,1
gemm,fp16,cold,1024,1024,1024,0,6291456,2147483648,6291456,2,1,0.0156800001859665,0.000189940520434515,1
gemm,fp16,cold,1024,1024,1024,0,6291456,2147483648,6291456,3,1,0.0147200003266335,0.000189940520434515,1
gemm,fp16,cold,1024,1024,1024,0,6291456,2147483648,6291456,4,1,0.0149440001696348,0.000189940520434515,1
gemm,fp16,cold,1024,1024,1024,0,6291456,2147483648,6291456,5,1,0.0147519996389747,0.000189940520434515,1
gemm,fp16,cold,1024,1024,1024,0,6291456,2147483648,6291456,6,1,0.0156800001859665,0.000189940520434515,1
gemm,fp16,warm,2048,2048,2048,0,25165824,17179869184,25165824,0,200,0.049980640411377,0.000221487809070642,1
gemm,fp16,warm,2048,2048,2048,0,25165824,17179869184,25165824,1,200,0.0500628799200058,0.000221487809070642,1
gemm,fp16,warm,2048,2048,2048,0,25165824,17179869184,25165824,2,200,0.0500028803944588,0.000221487809070642,1
gemm,fp16,warm,2048,2048,2048,0,25165824,17179869184,25165824,3,200,0.0499032028019428,0.000221487809070642,1
gemm,fp16,warm,2048,2048,2048,0,25165824,17179869184,25165824,4,200,0.0498526394367218,0.000221487809070642,1
gemm,fp16,warm,2048,2048,2048,0,25165824,17179869184,25165824,5,200,0.0497638434171677,0.000221487809070642,1
gemm,fp16,warm,2048,2048,2048,0,25165824,17179869184,25165824,6,200,0.0496820770204067,0.000221487809070642,1
gemm,fp16,cold,2048,2048,2048,0,25165824,17179869184,25165824,0,1,0.0546559989452362,0.000221487809070642,1
gemm,fp16,cold,2048,2048,2048,0,25165824,17179869184,25165824,1,1,0.0551679991185665,0.000221487809070642,1
gemm,fp16,cold,2048,2048,2048,0,25165824,17179869184,25165824,2,1,0.0555519983172417,0.000221487809070642,1
gemm,fp16,cold,2048,2048,2048,0,25165824,17179869184,25165824,3,1,0.0552639998495579,0.000221487809070642,1
gemm,fp16,cold,2048,2048,2048,0,25165824,17179869184,25165824,4,1,0.0552639998495579,0.000221487809070642,1
gemm,fp16,cold,2048,2048,2048,0,25165824,17179869184,25165824,5,1,0.0554240010678768,0.000221487809070642,1
gemm,fp16,cold,2048,2048,2048,0,25165824,17179869184,25165824,6,1,0.0548160001635551,0.000221487809070642,1
gemm,fp16,warm,4096,4096,4096,0,100663296,137438953472,100663296,0,57,0.341317623853683,0.000227370978317963,1
gemm,fp16,warm,4096,4096,4096,0,100663296,137438953472,100663296,1,57,0.341117203235626,0.000227370978317963,1
gemm,fp16,warm,4096,4096,4096,0,100663296,137438953472,100663296,2,57,0.341423153877258,0.000227370978317963,1
gemm,fp16,warm,4096,4096,4096,0,100663296,137438953472,100663296,3,57,0.340938091278076,0.000227370978317963,1
gemm,fp16,warm,4096,4096,4096,0,100663296,137438953472,100663296,4,57,0.340631008148193,0.000227370978317963,1
gemm,fp16,warm,4096,4096,4096,0,100663296,137438953472,100663296,5,57,0.341551721096039,0.000227370978317963,1
gemm,fp16,warm,4096,4096,4096,0,100663296,137438953472,100663296,6,57,0.341212630271912,0.000227370978317963,1
gemm,fp16,warm,8192,8192,8192,0,402653184,1099511627776,402653184,0,7,2.62726402282715,0.000201482833635594,1
gemm,fp16,warm,8192,8192,8192,0,402653184,1099511627776,402653184,1,7,2.62370276451111,0.000201482833635594,1
gemm,fp16,warm,8192,8192,8192,0,402653184,1099511627776,402653184,2,7,2.62521600723267,0.000201482833635594,1
gemm,fp16,warm,8192,8192,8192,0,402653184,1099511627776,402653184,3,7,2.6249737739563,0.000201482833635594,1
gemm,fp16,warm,8192,8192,8192,0,402653184,1099511627776,402653184,4,7,2.62397241592407,0.000201482833635594,1
gemm,fp16,warm,8192,8192,8192,0,402653184,1099511627776,402653184,5,7,2.62565946578979,0.000201482833635594,1
gemm,fp16,warm,8192,8192,8192,0,402653184,1099511627776,402653184,6,7,2.62394070625305,0.000201482833635594,1
gemm,fp16,warm,1,8192,8192,0,134250496,134217728,134250496,0,200,0.0656025633215904,0.000241351598313866,1
gemm,fp16,warm,1,8192,8192,0,134250496,134217728,134250496,1,200,0.0656097605824471,0.000241351598313866,1
gemm,fp16,warm,1,8192,8192,0,134250496,134217728,134250496,2,200,0.0656913593411446,0.000241351598313866,1
gemm,fp16,warm,1,8192,8192,0,134250496,134217728,134250496,3,200,0.0656651183962822,0.000241351598313866,1
gemm,fp16,warm,1,8192,8192,0,134250496,134217728,134250496,4,200,0.0656683221459389,0.000241351598313866,1
gemm,fp16,warm,1,8192,8192,0,134250496,134217728,134250496,5,200,0.0655696019530296,0.000241351598313866,1
gemm,fp16,warm,1,8192,8192,0,134250496,134217728,134250496,6,200,0.0655723214149475,0.000241351598313866,1
gemm,fp16,warm,2,8192,8192,0,134283264,268435456,134283264,0,149,0.123621590435505,0.00027080945397992,1
gemm,fp16,warm,2,8192,8192,0,134283264,268435456,134283264,1,149,0.124218203127384,0.00027080945397992,1
gemm,fp16,warm,2,8192,8192,0,134283264,268435456,134283264,2,149,0.123841933906078,0.00027080945397992,1
gemm,fp16,warm,2,8192,8192,0,134283264,268435456,134283264,3,149,0.12434920668602,0.00027080945397992,1
gemm,fp16,warm,2,8192,8192,0,134283264,268435456,134283264,4,149,0.124494604766369,0.00027080945397992,1
gemm,fp16,warm,2,8192,8192,0,134283264,268435456,134283264,5,149,0.124063566327095,0.00027080945397992,1
gemm,fp16,warm,2,8192,8192,0,134283264,268435456,134283264,6,149,0.123916238546371,0.00027080945397992,1
gemm,fp16,warm,4,8192,8192,0,134348800,536870912,134348800,0,156,0.123901955783367,0.000258623088799981,1
gemm,fp16,warm,4,8192,8192,0,134348800,536870912,134348800,1,156,0.124001443386078,0.000258623088799981,1
gemm,fp16,warm,4,8192,8192,0,134348800,536870912,134348800,2,156,0.123589538037777,0.000258623088799981,1
gemm,fp16,warm,4,8192,8192,0,134348800,536870912,134348800,3,156,0.123621329665184,0.000258623088799981,1
gemm,fp16,warm,4,8192,8192,0,134348800,536870912,134348800,4,156,0.123639598488808,0.000258623088799981,1
gemm,fp16,warm,4,8192,8192,0,134348800,536870912,134348800,5,156,0.123510763049126,0.000258623088799981,1
gemm,fp16,warm,4,8192,8192,0,134348800,536870912,134348800,6,156,0.124010257422924,0.000258623088799981,1
gemm,fp16,warm,8,8192,8192,0,134479872,1073741824,134479872,0,200,0.063948318362236,0.000188446265463958,1
gemm,fp16,warm,8,8192,8192,0,134479872,1073741824,134479872,1,200,0.0639832019805908,0.000188446265463958,1
gemm,fp16,warm,8,8192,8192,0,134479872,1073741824,134479872,2,200,0.0639980807900429,0.000188446265463958,1
gemm,fp16,warm,8,8192,8192,0,134479872,1073741824,134479872,3,200,0.0639161616563797,0.000188446265463958,1
gemm,fp16,warm,8,8192,8192,0,134479872,1073741824,134479872,4,200,0.0639809593558311,0.000188446265463958,1
gemm,fp16,warm,8,8192,8192,0,134479872,1073741824,134479872,5,200,0.063958078622818,0.000188446265463958,1
gemm,fp16,warm,8,8192,8192,0,134479872,1073741824,134479872,6,200,0.0639766380190849,0.000188446265463958,1
gemm,fp16,warm,16,8192,8192,0,134742016,2147483648,134742016,0,200,0.0646092817187309,0.000219235237132225,1
gemm,fp16,warm,16,8192,8192,0,134742016,2147483648,134742016,1,200,0.0645795166492462,0.000219235237132225,1
gemm,fp16,warm,16,8192,8192,0,134742016,2147483648,134742016,2,200,0.0646422356367111,0.000219235237132225,1
gemm,fp16,warm,16,8192,8192,0,134742016,2147483648,134742016,3,200,0.0646652802824974,0.000219235237132225,1
gemm,fp16,warm,16,8192,8192,0,134742016,2147483648,134742016,4,200,0.0646407976746559,0.000219235237132225,1
gemm,fp16,warm,16,8192,8192,0,134742016,2147483648,134742016,5,200,0.0645873621106148,0.000219235237132225,1
gemm,fp16,warm,16,8192,8192,0,134742016,2147483648,134742016,6,200,0.0645904019474983,0.000219235237132225,1
gemm,fp16,warm,32,8192,8192,0,135266304,4294967296,135266304,0,200,0.064411036670208,0.000245315918246433,1
gemm,fp16,warm,32,8192,8192,0,135266304,4294967296,135266304,1,200,0.0643670409917831,0.000245315918246433,1
gemm,fp16,warm,32,8192,8192,0,135266304,4294967296,135266304,2,200,0.0643819198012352,0.000245315918246433,1
gemm,fp16,warm,32,8192,8192,0,135266304,4294967296,135266304,3,200,0.064393438398838,0.000245315918246433,1
gemm,fp16,warm,32,8192,8192,0,135266304,4294967296,135266304,4,200,0.0643631964921951,0.000245315918246433,1
gemm,fp16,warm,32,8192,8192,0,135266304,4294967296,135266304,5,200,0.0643478408455849,0.000245315918246433,1
gemm,fp16,warm,32,8192,8192,0,135266304,4294967296,135266304,6,200,0.064377598464489,0.000245315918246433,1
gemm,fp16,warm,64,8192,8192,0,136314880,8589934592,136314880,0,200,0.0651811212301254,0.000206361611237897,1
gemm,fp16,warm,64,8192,8192,0,136314880,8589934592,136314880,1,200,0.0652199983596802,0.000206361611237897,1
gemm,fp16,warm,64,8192,8192,0,136314880,8589934592,136314880,2,200,0.0652623996138573,0.000206361611237897,1
gemm,fp16,warm,64,8192,8192,0,136314880,8589934592,136314880,3,200,0.0652145594358444,0.000206361611237897,1
gemm,fp16,warm,64,8192,8192,0,136314880,8589934592,136314880,4,200,0.0652256011962891,0.000206361611237897,1
gemm,fp16,warm,64,8192,8192,0,136314880,8589934592,136314880,5,200,0.0652247965335846,0.000206361611237897,1
gemm,fp16,warm,64,8192,8192,0,136314880,8589934592,136314880,6,200,0.0652360022068024,0.000206361611237897,1
gemm,fp16,warm,128,8192,8192,0,138412032,17179869184,138412032,0,200,0.0704512000083923,0.000266098899365157,1
gemm,fp16,warm,128,8192,8192,0,138412032,17179869184,138412032,1,200,0.0705388784408569,0.000266098899365157,1
gemm,fp16,warm,128,8192,8192,0,138412032,17179869184,138412032,2,200,0.0705609619617462,0.000266098899365157,1
gemm,fp16,warm,128,8192,8192,0,138412032,17179869184,138412032,3,200,0.070548802614212,0.000266098899365157,1
gemm,fp16,warm,128,8192,8192,0,138412032,17179869184,138412032,4,200,0.0705500766634941,0.000266098899365157,1
gemm,fp16,warm,128,8192,8192,0,138412032,17179869184,138412032,5,200,0.0704750418663025,0.000266098899365157,1
gemm,fp16,warm,128,8192,8192,0,138412032,17179869184,138412032,6,200,0.0706177651882172,0.000266098899365157,1
gemm,fp16,warm,256,8192,8192,0,142606336,34359738368,142606336,0,189,0.100221291184425,0.000208955069232491,1
gemm,fp16,warm,256,8192,8192,0,142606336,34359738368,142606336,1,189,0.0999735891819,0.000208955069232491,1
gemm,fp16,warm,256,8192,8192,0,142606336,34359738368,142606336,2,189,0.0998818203806877,0.000208955069232491,1
gemm,fp16,warm,256,8192,8192,0,142606336,34359738368,142606336,3,189,0.100132577121258,0.000208955069232491,1
gemm,fp16,warm,256,8192,8192,0,142606336,34359738368,142606336,4,189,0.100028105080128,0.000208955069232491,1
gemm,fp16,warm,256,8192,8192,0,142606336,34359738368,142606336,5,189,0.0999509021639824,0.000208955069232491,1
gemm,fp16,warm,256,8192,8192,0,142606336,34359738368,142606336,6,189,0.10008143633604,0.000208955069232491,1
gemm,fp16,warm,512,8192,8192,0,150994944,68719476736,150994944,0,110,0.175590977072716,0.00021041038827574,1
gemm,fp16,warm,512,8192,8192,0,150994944,68719476736,150994944,1,110,0.17528347671032,0.00021041038827574,1
gemm,fp16,warm,512,8192,8192,0,150994944,68719476736,150994944,2,110,0.175665453076363,0.00021041038827574,1
gemm,fp16,warm,512,8192,8192,0,150994944,68719476736,150994944,3,110,0.175823420286179,0.00021041038827574,1
gemm,fp16,warm,512,8192,8192,0,150994944,68719476736,150994944,4,110,0.175138041377068,0.00021041038827574,1
gemm,fp16,warm,512,8192,8192,0,150994944,68719476736,150994944,5,110,0.174605384469032,0.00021041038827574,1
gemm,fp16,warm,512,8192,8192,0,150994944,68719476736,150994944,6,110,0.17492450773716,0.00021041038827574,1
gemm,fp16,warm,1024,8192,8192,0,167772160,137438953472,167772160,0,56,0.343614846467972,0.000200414017464685,1
gemm,fp16,warm,1024,8192,8192,0,167772160,137438953472,167772160,1,56,0.343902289867401,0.000200414017464685,1
gemm,fp16,warm,1024,8192,8192,0,167772160,137438953472,167772160,2,56,0.344222277402878,0.000200414017464685,1
gemm,fp16,warm,1024,8192,8192,0,167772160,137438953472,167772160,3,56,0.345391452312469,0.000200414017464685,1
gemm,fp16,warm,1024,8192,8192,0,167772160,137438953472,167772160,4,56,0.344686836004257,0.000200414017464685,1
gemm,fp16,warm,1024,8192,8192,0,167772160,137438953472,167772160,5,56,0.344901144504547,0.000200414017464685,1
gemm,fp16,warm,1024,8192,8192,0,167772160,137438953472,167772160,6,56,0.34498056769371,0.000200414017464685,1
gemm,fp16,warm,2048,8192,8192,0,201326592,274877906944,201326592,0,29,0.672216296195984,0.000225696977694881,1
gemm,fp16,warm,2048,8192,8192,0,201326592,274877906944,201326592,1,29,0.672060668468475,0.000225696977694881,1
gemm,fp16,warm,2048,8192,8192,0,201326592,274877906944,201326592,2,29,0.67242044210434,0.000225696977694881,1
gemm,fp16,warm,2048,8192,8192,0,201326592,274877906944,201326592,3,29,0.67134565114975,0.000225696977694881,1
gemm,fp16,warm,2048,8192,8192,0,201326592,274877906944,201326592,4,29,0.671658992767334,0.000225696977694881,1
gemm,fp16,warm,2048,8192,8192,0,201326592,274877906944,201326592,5,29,0.673276722431183,0.000225696977694881,1
gemm,fp16,warm,2048,8192,8192,0,201326592,274877906944,201326592,6,29,0.673124432563782,0.000225696977694881,1
gemm,bf16,warm,256,256,256,0,393216,33554432,393216,0,200,0.00443520024418831,0.00156995384806169,1
gemm,bf16,warm,256,256,256,0,393216,33554432,393216,1,200,0.00439296010881662,0.00156995384806169,1
gemm,bf16,warm,256,256,256,0,393216,33554432,393216,2,200,0.00442176032811403,0.00156995384806169,1
gemm,bf16,warm,256,256,256,0,393216,33554432,393216,3,200,0.00443152012303472,0.00156995384806169,1
gemm,bf16,warm,256,256,256,0,393216,33554432,393216,4,200,0.00442192004993558,0.00156995384806169,1
gemm,bf16,warm,256,256,256,0,393216,33554432,393216,5,200,0.00443727988749743,0.00156995384806169,1
gemm,bf16,warm,256,256,256,0,393216,33554432,393216,6,200,0.00443120021373034,0.00156995384806169,1
gemm,bf16,cold,256,256,256,0,393216,33554432,393216,0,1,0.00755200022831559,0.00156995384806169,1
gemm,bf16,cold,256,256,256,0,393216,33554432,393216,1,1,0.00819199997931719,0.00156995384806169,1
gemm,bf16,cold,256,256,256,0,393216,33554432,393216,2,1,0.00780799984931946,0.00156995384806169,1
gemm,bf16,cold,256,256,256,0,393216,33554432,393216,3,1,0.00790399964898825,0.00156995384806169,1
gemm,bf16,cold,256,256,256,0,393216,33554432,393216,4,1,0.00844800006598234,0.00156995384806169,1
gemm,bf16,cold,256,256,256,0,393216,33554432,393216,5,1,0.00835200026631355,0.00156995384806169,1
gemm,bf16,cold,256,256,256,0,393216,33554432,393216,6,1,0.00780799984931946,0.00156995384806169,1
gemm,bf16,warm,512,512,512,0,1572864,268435456,1572864,0,200,0.00446703983470798,0.00162394799487254,1
gemm,bf16,warm,512,512,512,0,1572864,268435456,1572864,1,200,0.00446560001000762,0.00162394799487254,1
gemm,bf16,warm,512,512,512,0,1572864,268435456,1572864,2,200,0.00446688011288643,0.00162394799487254,1
gemm,bf16,warm,512,512,512,0,1572864,268435456,1572864,3,200,0.00444847997277975,0.00162394799487254,1
gemm,bf16,warm,512,512,512,0,1572864,268435456,1572864,4,200,0.00451456010341644,0.00162394799487254,1
gemm,bf16,warm,512,512,512,0,1572864,268435456,1572864,5,200,0.00445663975551724,0.00162394799487254,1
gemm,bf16,warm,512,512,512,0,1572864,268435456,1572864,6,200,0.00446208007633686,0.00162394799487254,1
gemm,bf16,cold,512,512,512,0,1572864,268435456,1572864,0,1,0.00918400008231401,0.00162394799487254,1
gemm,bf16,cold,512,512,512,0,1572864,268435456,1572864,1,1,0.0092160003259778,0.00162394799487254,1
gemm,bf16,cold,512,512,512,0,1572864,268435456,1572864,2,1,0.00886400043964386,0.00162394799487254,1
gemm,bf16,cold,512,512,512,0,1572864,268435456,1572864,3,1,0.00892799999564886,0.00162394799487254,1
gemm,bf16,cold,512,512,512,0,1572864,268435456,1572864,4,1,0.00911999959498644,0.00162394799487254,1
gemm,bf16,cold,512,512,512,0,1572864,268435456,1572864,5,1,0.00911999959498644,0.00162394799487254,1
gemm,bf16,cold,512,512,512,0,1572864,268435456,1572864,6,1,0.00937599968165159,0.00162394799487254,1
gemm,bf16,warm,1024,1024,1024,0,6291456,2147483648,6291456,0,200,0.00945840030908585,0.00141444543565153,1
gemm,bf16,warm,1024,1024,1024,0,6291456,2147483648,6291456,1,200,0.0094396797940135,0.00141444543565153,1
gemm,bf16,warm,1024,1024,1024,0,6291456,2147483648,6291456,2,200,0.00942816026508808,0.00141444543565153,1
gemm,bf16,warm,1024,1024,1024,0,6291456,2147483648,6291456,3,200,0.00943183992058039,0.00141444543565153,1
gemm,bf16,warm,1024,1024,1024,0,6291456,2147483648,6291456,4,200,0.00943583995103836,0.00141444543565153,1
gemm,bf16,warm,1024,1024,1024,0,6291456,2147483648,6291456,5,200,0.00943056028336287,0.00141444543565153,1
gemm,bf16,warm,1024,1024,1024,0,6291456,2147483648,6291456,6,200,0.00943583995103836,0.00141444543565153,1
gemm,bf16,cold,1024,1024,1024,0,6291456,2147483648,6291456,0,1,0.0152960000559688,0.00141444543565153,1
gemm,bf16,cold,1024,1024,1024,0,6291456,2147483648,6291456,1,1,0.0149440001696348,0.00141444543565153,1
gemm,bf16,cold,1024,1024,1024,0,6291456,2147483648,6291456,2,1,0.0152000002563,0.00141444543565153,1
gemm,bf16,cold,1024,1024,1024,0,6291456,2147483648,6291456,3,1,0.0150720002129674,0.00141444543565153,1
gemm,bf16,cold,1024,1024,1024,0,6291456,2147483648,6291456,4,1,0.0179839991033077,0.00141444543565153,1
gemm,bf16,cold,1024,1024,1024,0,6291456,2147483648,6291456,5,1,0.014848000369966,0.00141444543565153,1
gemm,bf16,cold,1024,1024,1024,0,6291456,2147483648,6291456,6,1,0.0140479998663068,0.00141444543565153,1
gemm,bf16,warm,2048,2048,2048,0,25165824,17179869184,25165824,0,200,0.0497561581432819,0.00152126818093298,1
gemm,bf16,warm,2048,2048,2048,0,25165824,17179869184,25165824,1,200,0.0497459210455418,0.00152126818093298,1
gemm,bf16,warm,2048,2048,2048,0,25165824,17179869184,25165824,2,200,0.0498500764369965,0.00152126818093298,1
gemm,bf16,warm,2048,2048,2048,0,25165824,17179869184,25165824,3,200,0.0497828833758831,0.00152126818093298,1
gemm,bf16,warm,2048,2048,2048,0,25165824,17179869184,25165824,4,200,0.0497750379145145,0.00152126818093298,1
gemm,bf16,warm,2048,2048,2048,0,25165824,17179869184,25165824,5,200,0.0496947206556797,0.00152126818093298,1
gemm,bf16,warm,2048,2048,2048,0,25165824,17179869184,25165824,6,200,0.0498803183436394,0.00152126818093298,1
gemm,bf16,cold,2048,2048,2048,0,25165824,17179869184,25165824,0,1,0.0553600005805492,0.00152126818093298,1
gemm,bf16,cold,2048,2048,2048,0,25165824,17179869184,25165824,1,1,0.0561919994652271,0.00152126818093298,1
gemm,bf16,cold,2048,2048,2048,0,25165824,17179869184,25165824,2,1,0.056063998490572,0.00152126818093298,1
gemm,bf16,cold,2048,2048,2048,0,25165824,17179869184,25165824,3,1,0.055808000266552,0.00152126818093298,1
gemm,bf16,cold,2048,2048,2048,0,25165824,17179869184,25165824,4,1,0.0553280003368855,0.00152126818093298,1
gemm,bf16,cold,2048,2048,2048,0,25165824,17179869184,25165824,5,1,0.0549120008945465,0.00152126818093298,1
gemm,bf16,cold,2048,2048,2048,0,25165824,17179869184,25165824,6,1,0.0552960000932217,0.00152126818093298,1
gemm,bf16,warm,4096,4096,4096,0,100663296,137438953472,100663296,0,57,0.341660618782043,0.00171066456404783,1
gemm,bf16,warm,4096,4096,4096,0,100663296,137438953472,100663296,1,57,0.341413050889969,0.00171066456404783,1
gemm,bf16,warm,4096,4096,4096,0,100663296,137438953472,100663296,2,57,0.341578662395477,0.00171066456404783,1
gemm,bf16,warm,4096,4096,4096,0,100663296,137438953472,100663296,3,57,0.34139284491539,0.00171066456404783,1
gemm,bf16,warm,4096,4096,4096,0,100663296,137438953472,100663296,4,57,0.341227203607559,0.00171066456404783,1
gemm,bf16,warm,4096,4096,4096,0,100663296,137438953472,100663296,5,57,0.34136363863945,0.00171066456404783,1
gemm,bf16,warm,4096,4096,4096,0,100663296,137438953472,100663296,6,57,0.340022474527359,0.00171066456404783,1
gemm,bf16,warm,8192,8192,8192,0,402653184,1099511627776,402653184,0,7,2.62362051010132,0.00196155990413702,1
gemm,bf16,warm,8192,8192,8192,0,402653184,1099511627776,402653184,1,7,2.62250518798828,0.00196155990413702,1
gemm,bf16,warm,8192,8192,8192,0,402653184,1099511627776,402653184,2,7,2.62393593788147,0.00196155990413702,1
gemm,bf16,warm,8192,8192,8192,0,402653184,1099511627776,402653184,3,7,2.62599778175354,0.00196155990413702,1
gemm,bf16,warm,8192,8192,8192,0,402653184,1099511627776,402653184,4,7,2.62420582771301,0.00196155990413702,1
gemm,bf16,warm,8192,8192,8192,0,402653184,1099511627776,402653184,5,7,2.62300801277161,0.00196155990413702,1
gemm,bf16,warm,8192,8192,8192,0,402653184,1099511627776,402653184,6,7,2.62595200538635,0.00196155990413702,1
gemm,bf16,warm,1,8192,8192,0,134250496,134217728,134250496,0,200,0.0658823996782303,0.00159905328714834,1
gemm,bf16,warm,1,8192,8192,0,134250496,134217728,134250496,1,200,0.0658899247646332,0.00159905328714834,1
gemm,bf16,warm,1,8192,8192,0,134250496,134217728,134250496,2,200,0.0659228786826134,0.00159905328714834,1
gemm,bf16,warm,1,8192,8192,0,134250496,134217728,134250496,3,200,0.0658787190914154,0.00159905328714834,1
gemm,bf16,warm,1,8192,8192,0,134250496,134217728,134250496,4,200,0.0659276843070984,0.00159905328714834,1
gemm,bf16,warm,1,8192,8192,0,134250496,134217728,134250496,5,200,0.0658361613750458,0.00159905328714834,1
gemm,bf16,warm,1,8192,8192,0,134250496,134217728,134250496,6,200,0.0659628808498383,0.00159905328714834,1
gemm,bf16,warm,2,8192,8192,0,134283264,268435456,134283264,0,149,0.126946359872818,0.00225179530464454,1
gemm,bf16,warm,2,8192,8192,0,134283264,268435456,134283264,1,149,0.127116233110428,0.00225179530464454,1
gemm,bf16,warm,2,8192,8192,0,134283264,268435456,134283264,2,149,0.127029463648796,0.00225179530464454,1
gemm,bf16,warm,2,8192,8192,0,134283264,268435456,134283264,3,149,0.126978784799576,0.00225179530464454,1
gemm,bf16,warm,2,8192,8192,0,134283264,268435456,134283264,4,149,0.127005636692047,0.00225179530464454,1
gemm,bf16,warm,2,8192,8192,0,134283264,268435456,134283264,5,149,0.127034842967987,0.00225179530464454,1
gemm,bf16,warm,2,8192,8192,0,134283264,268435456,134283264,6,149,0.126748129725456,0.00225179530464454,1
gemm,bf16,warm,4,8192,8192,0,134348800,536870912,134348800,0,135,0.145292326807976,0.00217263236889563,1
gemm,bf16,warm,4,8192,8192,0,134348800,536870912,134348800,1,135,0.145195618271828,0.00217263236889563,1
gemm,bf16,warm,4,8192,8192,0,134348800,536870912,134348800,2,135,0.145221918821335,0.00217263236889563,1
gemm,bf16,warm,4,8192,8192,0,134348800,536870912,134348800,3,135,0.145298019051552,0.00217263236889563,1
gemm,bf16,warm,4,8192,8192,0,134348800,536870912,134348800,4,135,0.14561539888382,0.00217263236889563,1
gemm,bf16,warm,4,8192,8192,0,134348800,536870912,134348800,5,135,0.145468443632126,0.00217263236889563,1
gemm,bf16,warm,4,8192,8192,0,134348800,536870912,134348800,6,135,0.145538613200188,0.00217263236889563,1
gemm,bf16,warm,8,8192,8192,0,134479872,1073741824,134479872,0,200,0.0639016032218933,0.00169396235379781,1
gemm,bf16,warm,8,8192,8192,0,134479872,1073741824,134479872,1,200,0.0638672038912773,0.00169396235379781,1
gemm,bf16,warm,8,8192,8192,0,134479872,1073741824,134479872,2,200,0.0639183968305588,0.00169396235379781,1
gemm,bf16,warm,8,8192,8192,0,134479872,1073741824,134479872,3,200,0.063888318836689,0.00169396235379781,1
gemm,bf16,warm,8,8192,8192,0,134479872,1073741824,134479872,4,200,0.0639222413301468,0.00169396235379781,1
gemm,bf16,warm,8,8192,8192,0,134479872,1073741824,134479872,5,200,0.0639016032218933,0.00169396235379781,1
gemm,bf16,warm,8,8192,8192,0,134479872,1073741824,134479872,6,200,0.0638926401734352,0.00169396235379781,1
gemm,bf16,warm,16,8192,8192,0,134742016,2147483648,134742016,0,200,0.0646164789795876,0.001948402555698,1
gemm,bf16,warm,16,8192,8192,0,134742016,2147483648,134742016,1,200,0.0647630393505096,0.001948402555698,1
gemm,bf16,warm,16,8192,8192,0,134742016,2147483648,134742016,2,200,0.0646732822060585,0.001948402555698,1
gemm,bf16,warm,16,8192,8192,0,134742016,2147483648,134742016,3,200,0.0646161586046219,0.001948402555698,1
gemm,bf16,warm,16,8192,8192,0,134742016,2147483648,134742016,4,200,0.064811035990715,0.001948402555698,1
gemm,bf16,warm,16,8192,8192,0,134742016,2147483648,134742016,5,200,0.0647910386323929,0.001948402555698,1
gemm,bf16,warm,16,8192,8192,0,134742016,2147483648,134742016,6,200,0.0647342428565025,0.001948402555698,1
gemm,bf16,warm,32,8192,8192,0,135266304,4294967296,135266304,0,200,0.064371682703495,0.00166506969017838,1
gemm,bf16,warm,32,8192,8192,0,135266304,4294967296,135266304,1,200,0.064389280974865,0.00166506969017838,1
gemm,bf16,warm,32,8192,8192,0,135266304,4294967296,135266304,2,200,0.0643395185470581,0.00166506969017838,1
gemm,bf16,warm,32,8192,8192,0,135266304,4294967296,135266304,3,200,0.0643811151385307,0.00166506969017838,1
gemm,bf16,warm,32,8192,8192,0,135266304,4294967296,135266304,4,200,0.0643798410892487,0.00166506969017838,1
gemm,bf16,warm,32,8192,8192,0,135266304,4294967296,135266304,5,200,0.0643585622310638,0.00166506969017838,1
gemm,bf16,warm,32,8192,8192,0,135266304,4294967296,135266304,6,200,0.0643739253282547,0.00166506969017838,1
gemm,bf16,warm,64,8192,8192,0,136314880,8589934592,136314880,0,200,0.0652455985546112,0.00155328542635371,1
gemm,bf16,warm,64,8192,8192,0,136314880,8589934592,136314880,1,200,0.0652495995163918,0.00155328542635371,1
gemm,bf16,warm,64,8192,8192,0,136314880,8589934592,136314880,2,200,0.0652062445878983,0.00155328542635371,1
gemm,bf16,warm,64,8192,8192,0,136314880,8589934592,136314880,3,200,0.065235361456871,0.00155328542635371,1
gemm,bf16,warm,64,8192,8192,0,136314880,8589934592,136314880,4,200,0.0652036815881729,0.00155328542635371,1
gemm,bf16,warm,64,8192,8192,0,136314880,8589934592,136314880,5,200,0.065251037478447,0.00155328542635371,1
gemm,bf16,warm,64,8192,8192,0,136314880,8589934592,136314880,6,200,0.0651988759636879,0.00155328542635371,1
gemm,bf16,warm,128,8192,8192,0,138412032,17179869184,138412032,0,200,0.0705497562885284,0.00176589199669178,1
gemm,bf16,warm,128,8192,8192,0,138412032,17179869184,138412032,1,200,0.0706079974770546,0.00176589199669178,1
gemm,bf16,warm,128,8192,8192,0,138412032,17179869184,138412032,2,200,0.0705875232815742,0.00176589199669178,1
gemm,bf16,warm,128,8192,8192,0,138412032,17179869184,138412032,3,200,0.0705211237072945,0.00176589199669178,1
gemm,bf16,warm,128,8192,8192,0,138412032,17179869184,138412032,4,200,0.070452481508255,0.00176589199669178,1
gemm,bf16,warm,128,8192,8192,0,138412032,17179869184,138412032,5,200,0.0705811232328415,0.00176589199669178,1
gemm,bf16,warm,128,8192,8192,0,138412032,17179869184,138412032,6,200,0.0705391988158226,0.00176589199669178,1
gemm,bf16,warm,256,8192,8192,0,142606336,34359738368,142606336,0,191,0.100168205797672,0.00145721684350321,1
gemm,bf16,warm,256,8192,8192,0,142606336,34359738368,142606336,1,191,0.100004017353058,0.00145721684350321,1
gemm,bf16,warm,256,8192,8192,0,142606336,34359738368,142606336,2,191,0.100012235343456,0.00145721684350321,1
gemm,bf16,warm,256,8192,8192,0,142606336,34359738368,142606336,3,191,0.100095830857754,0.00145721684350321,1
gemm,bf16,warm,256,8192,8192,0,142606336,34359738368,142606336,4,191,0.0999698415398598,0.00145721684350321,1
gemm,bf16,warm,256,8192,8192,0,142606336,34359738368,142606336,5,191,0.100089125335217,0.00145721684350321,1
gemm,bf16,warm,256,8192,8192,0,142606336,34359738368,142606336,6,191,0.100123479962349,0.00145721684350321,1
gemm,bf16,warm,512,8192,8192,0,150994944,68719476736,150994944,0,109,0.175514131784439,0.00170620431592466,1
gemm,bf16,warm,512,8192,8192,0,150994944,68719476736,150994944,1,109,0.174653932452202,0.00170620431592466,1
gemm,bf16,warm,512,8192,8192,0,150994944,68719476736,150994944,2,109,0.174870312213898,0.00170620431592466,1
gemm,bf16,warm,512,8192,8192,0,150994944,68719476736,150994944,3,109,0.174655705690384,0.00170620431592466,1
gemm,bf16,warm,512,8192,8192,0,150994944,68719476736,150994944,4,109,0.174760803580284,0.00170620431592466,1
gemm,bf16,warm,512,8192,8192,0,150994944,68719476736,150994944,5,109,0.175101935863495,0.00170620431592466,1
gemm,bf16,warm,512,8192,8192,0,150994944,68719476736,150994944,6,109,0.174628108739853,0.00170620431592466,1
gemm,bf16,warm,1024,8192,8192,0,167772160,137438953472,167772160,0,56,0.343947440385818,0.00177670344327559,1
gemm,bf16,warm,1024,8192,8192,0,167772160,137438953472,167772160,1,56,0.343709707260132,0.00177670344327559,1
gemm,bf16,warm,1024,8192,8192,0,167772160,137438953472,167772160,2,56,0.343692004680634,0.00177670344327559,1
gemm,bf16,warm,1024,8192,8192,0,167772160,137438953472,167772160,3,56,0.343647420406342,0.00177670344327559,1
gemm,bf16,warm,1024,8192,8192,0,167772160,137438953472,167772160,4,56,0.343610286712646,0.00177670344327559,1
gemm,bf16,warm,1024,8192,8192,0,167772160,137438953472,167772160,5,56,0.344092577695847,0.00177670344327559,1
gemm,bf16,warm,1024,8192,8192,0,167772160,137438953472,167772160,6,56,0.344068020582199,0.00177670344327559,1
gemm,bf16,warm,2048,8192,8192,0,201326592,274877906944,201326592,0,29,0.671934902667999,0.00169340637723078,1
gemm,bf16,warm,2048,8192,8192,0,201326592,274877906944,201326592,1,29,0.673070311546326,0.00169340637723078,1
gemm,bf16,warm,2048,8192,8192,0,201326592,274877906944,201326592,2,29,0.673754453659058,0.00169340637723078,1
gemm,bf16,warm,2048,8192,8192,0,201326592,274877906944,201326592,3,29,0.674148440361023,0.00169340637723078,1
gemm,bf16,warm,2048,8192,8192,0,201326592,274877906944,201326592,4,29,0.67466813325882,0.00169340637723078,1
gemm,bf16,warm,2048,8192,8192,0,201326592,274877906944,201326592,5,29,0.67355477809906,0.00169340637723078,1
gemm,bf16,warm,2048,8192,8192,0,201326592,274877906944,201326592,6,29,0.67316746711731,0.00169340637723078,1
gemm,tf32,warm,256,256,256,0,786432,33554432,786432,0,200,0.00513728009536862,0,1
gemm,tf32,warm,256,256,256,0,786432,33554432,786432,1,200,0.00513984030112624,0,1
gemm,tf32,warm,256,256,256,0,786432,33554432,786432,2,200,0.00512976013123989,0,1
gemm,tf32,warm,256,256,256,0,786432,33554432,786432,3,200,0.00513776019215584,0,1
gemm,tf32,warm,256,256,256,0,786432,33554432,786432,4,200,0.00513311987742782,0,1
gemm,tf32,warm,256,256,256,0,786432,33554432,786432,5,200,0.00513808010146022,0,1
gemm,tf32,warm,256,256,256,0,786432,33554432,786432,6,200,0.00513184024021029,0,1
gemm,tf32,cold,256,256,256,0,786432,33554432,786432,0,1,0.00963199976831675,0,1
gemm,tf32,cold,256,256,256,0,786432,33554432,786432,1,1,0.0092160003259778,0,1
gemm,tf32,cold,256,256,256,0,786432,33554432,786432,2,1,0.0087679997086525,0,1
gemm,tf32,cold,256,256,256,0,786432,33554432,786432,3,1,0.00960000045597553,0,1
gemm,tf32,cold,256,256,256,0,786432,33554432,786432,4,1,0.00944000016897917,0,1
gemm,tf32,cold,256,256,256,0,786432,33554432,786432,5,1,0.00975999981164932,0,1
gemm,tf32,cold,256,256,256,0,786432,33554432,786432,6,1,0.00969600025564432,0,1
gemm,tf32,warm,512,512,512,0,3145728,268435456,3145728,0,200,0.0110927997156978,0,1
gemm,tf32,warm,512,512,512,0,3145728,268435456,3145728,1,200,0.0111023997887969,0,1
gemm,tf32,warm,512,512,512,0,3145728,268435456,3145728,2,200,0.0110963201150298,0,1
gemm,tf32,warm,512,512,512,0,3145728,268435456,3145728,3,200,0.0110963201150298,0,1
gemm,tf32,warm,512,512,512,0,3145728,268435456,3145728,4,200,0.0110998405143619,0,1
gemm,tf32,warm,512,512,512,0,3145728,268435456,3145728,5,200,0.0110977599397302,0,1
gemm,tf32,warm,512,512,512,0,3145728,268435456,3145728,6,200,0.0110937599092722,0,1
gemm,tf32,cold,512,512,512,0,3145728,268435456,3145728,0,1,0.0150079997256398,0,1
gemm,tf32,cold,512,512,512,0,3145728,268435456,3145728,1,1,0.0150079997256398,0,1
gemm,tf32,cold,512,512,512,0,3145728,268435456,3145728,2,1,0.0202559996396303,0,1
gemm,tf32,cold,512,512,512,0,3145728,268435456,3145728,3,1,0.0147200003266335,0,1
gemm,tf32,cold,512,512,512,0,3145728,268435456,3145728,4,1,0.0146880000829697,0,1
gemm,tf32,cold,512,512,512,0,3145728,268435456,3145728,5,1,0.0147519996389747,0,1
gemm,tf32,cold,512,512,512,0,3145728,268435456,3145728,6,1,0.0151040004566312,0,1
gemm,tf32,warm,1024,1024,1024,0,12582912,2147483648,12582912,0,200,0.0302316807210445,0,1
gemm,tf32,warm,1024,1024,1024,0,12582912,2147483648,12582912,1,200,0.030231200158596,0,1
gemm,tf32,warm,1024,1024,1024,0,12582912,2147483648,12582912,2,200,0.03022943995893,0,1
gemm,tf32,warm,1024,1024,1024,0,12582912,2147483648,12582912,3,200,0.0302371196448803,0,1
gemm,tf32,warm,1024,1024,1024,0,12582912,2147483648,12582912,4,200,0.0302268788218498,0,1
gemm,tf32,warm,1024,1024,1024,0,12582912,2147483648,12582912,5,200,0.0302216000854969,0,1
gemm,tf32,warm,1024,1024,1024,0,12582912,2147483648,12582912,6,200,0.0302494410425425,0,1
gemm,tf32,cold,1024,1024,1024,0,12582912,2147483648,12582912,0,1,0.037856001406908,0,1
gemm,tf32,cold,1024,1024,1024,0,12582912,2147483648,12582912,1,1,0.0377600006759167,0,1
gemm,tf32,cold,1024,1024,1024,0,12582912,2147483648,12582912,2,1,0.0376960001885891,0,1
gemm,tf32,cold,1024,1024,1024,0,12582912,2147483648,12582912,3,1,0.0376639999449253,0,1
gemm,tf32,cold,1024,1024,1024,0,12582912,2147483648,12582912,4,1,0.0375359989702702,0,1
gemm,tf32,cold,1024,1024,1024,0,12582912,2147483648,12582912,5,1,0.0376960001885891,0,1
gemm,tf32,cold,1024,1024,1024,0,12582912,2147483648,12582912,6,1,0.0373760014772415,0,1
gemm,tf32,warm,2048,2048,2048,0,50331648,17179869184,50331648,0,156,0.120470367372036,0,1
gemm,tf32,warm,2048,2048,2048,0,50331648,17179869184,50331648,1,156,0.120901331305504,0,1
gemm,tf32,warm,2048,2048,2048,0,50331648,17179869184,50331648,2,156,0.120878159999847,0,1
gemm,tf32,warm,2048,2048,2048,0,50331648,17179869184,50331648,3,156,0.121064409613609,0,1
gemm,tf32,warm,2048,2048,2048,0,50331648,17179869184,50331648,4,156,0.120993427932262,0,1
gemm,tf32,warm,2048,2048,2048,0,50331648,17179869184,50331648,5,156,0.120939277112484,0,1
gemm,tf32,warm,2048,2048,2048,0,50331648,17179869184,50331648,6,156,0.120678558945656,0,1
gemm,tf32,cold,2048,2048,2048,0,50331648,17179869184,50331648,0,1,0.12950399518013,0,1
gemm,tf32,cold,2048,2048,2048,0,50331648,17179869184,50331648,1,1,0.129792004823685,0,1
gemm,tf32,cold,2048,2048,2048,0,50331648,17179869184,50331648,2,1,0.130431994795799,0,1
gemm,tf32,cold,2048,2048,2048,0,50331648,17179869184,50331648,3,1,0.128895998001099,0,1
gemm,tf32,cold,2048,2048,2048,0,50331648,17179869184,50331648,4,1,0.129536002874374,0,1
gemm,tf32,cold,2048,2048,2048,0,50331648,17179869184,50331648,5,1,0.127744004130363,0,1
gemm,tf32,cold,2048,2048,2048,0,50331648,17179869184,50331648,6,1,0.128128007054329,0,1
gemm,tf32,warm,4096,4096,4096,0,201326592,137438953472,201326592,0,24,0.797105312347412,0,1
gemm,tf32,warm,4096,4096,4096,0,201326592,137438953472,201326592,1,24,0.796974658966064,0,1
gemm,tf32,warm,4096,4096,4096,0,201326592,137438953472,201326592,2,24,0.797342717647552,0,1
gemm,tf32,warm,4096,4096,4096,0,201326592,137438953472,201326592,3,24,0.797126710414886,0,1
gemm,tf32,warm,4096,4096,4096,0,201326592,137438953472,201326592,4,24,0.796766698360443,0,1
gemm,tf32,warm,4096,4096,4096,0,201326592,137438953472,201326592,5,24,0.797127962112427,0,1
gemm,tf32,warm,4096,4096,4096,0,201326592,137438953472,201326592,6,24,0.798681318759918,0,1
gemm,tf32,warm,8192,8192,8192,0,805306368,1099511627776,805306368,0,3,5.15657615661621,0,1
gemm,tf32,warm,8192,8192,8192,0,805306368,1099511627776,805306368,1,3,5.15941333770752,0,1
gemm,tf32,warm,8192,8192,8192,0,805306368,1099511627776,805306368,2,3,5.15918922424316,0,1
gemm,tf32,warm,8192,8192,8192,0,805306368,1099511627776,805306368,3,3,5.15793085098267,0,1
gemm,tf32,warm,8192,8192,8192,0,805306368,1099511627776,805306368,4,3,5.16305065155029,0,1
gemm,tf32,warm,8192,8192,8192,0,805306368,1099511627776,805306368,5,3,5.15623474121094,0,1
gemm,tf32,warm,8192,8192,8192,0,805306368,1099511627776,805306368,6,3,5.16244268417358,0,1
gemm,tf32,warm,1,8192,8192,0,268500992,134217728,268500992,0,129,0.123051658272743,0,1
gemm,tf32,warm,1,8192,8192,0,268500992,134217728,268500992,1,129,0.122236773371696,0,1
gemm,tf32,warm,1,8192,8192,0,268500992,134217728,268500992,2,129,0.122243970632553,0,1
gemm,tf32,warm,1,8192,8192,0,268500992,134217728,268500992,3,129,0.122310698032379,0,1
gemm,tf32,warm,1,8192,8192,0,268500992,134217728,268500992,4,129,0.122298546135426,0,1
gemm,tf32,warm,1,8192,8192,0,268500992,134217728,268500992,5,129,0.122320868074894,0,1
gemm,tf32,warm,1,8192,8192,0,268500992,134217728,268500992,6,129,0.122299291193485,0,1
gemm,tf32,warm,2,8192,8192,0,268566528,268435456,268566528,0,83,0.235276341438293,0,1
gemm,tf32,warm,2,8192,8192,0,268566528,268435456,268566528,1,83,0.23534919321537,0,1
gemm,tf32,warm,2,8192,8192,0,268566528,268435456,268566528,2,83,0.235344961285591,0,1
gemm,tf32,warm,2,8192,8192,0,268566528,268435456,268566528,3,83,0.235484912991524,0,1
gemm,tf32,warm,2,8192,8192,0,268566528,268435456,268566528,4,83,0.235908627510071,0,1
gemm,tf32,warm,2,8192,8192,0,268566528,268435456,268566528,5,83,0.235893979668617,0,1
gemm,tf32,warm,2,8192,8192,0,268566528,268435456,268566528,6,83,0.235880866646767,0,1
gemm,tf32,warm,4,8192,8192,0,268697600,536870912,268697600,0,122,0.160041451454163,0,1
gemm,tf32,warm,4,8192,8192,0,268697600,536870912,268697600,1,122,0.159837648272514,0,1
gemm,tf32,warm,4,8192,8192,0,268697600,536870912,268697600,2,122,0.159585580229759,0,1
gemm,tf32,warm,4,8192,8192,0,268697600,536870912,268697600,3,122,0.159774959087372,0,1
gemm,tf32,warm,4,8192,8192,0,268697600,536870912,268697600,4,122,0.159688383340836,0,1
gemm,tf32,warm,4,8192,8192,0,268697600,536870912,268697600,5,122,0.159777581691742,0,1
gemm,tf32,warm,4,8192,8192,0,268697600,536870912,268697600,6,122,0.159708857536316,0,1
gemm,tf32,warm,8,8192,8192,0,268959744,1073741824,268959744,0,124,0.16011406481266,0,1
gemm,tf32,warm,8,8192,8192,0,268959744,1073741824,268959744,1,124,0.160083621740341,0,1
gemm,tf32,warm,8,8192,8192,0,268959744,1073741824,268959744,2,124,0.160181418061256,0,1
gemm,tf32,warm,8,8192,8192,0,268959744,1073741824,268959744,3,124,0.160018056631088,0,1
gemm,tf32,warm,8,8192,8192,0,268959744,1073741824,268959744,4,124,0.159990191459656,0,1
gemm,tf32,warm,8,8192,8192,0,268959744,1073741824,268959744,5,124,0.159796133637428,0,1
gemm,tf32,warm,8,8192,8192,0,268959744,1073741824,268959744,6,124,0.159874573349953,0,1
gemm,tf32,warm,16,8192,8192,0,269484032,2147483648,269484032,0,121,0.160537660121918,0,1
gemm,tf32,warm,16,8192,8192,0,269484032,2147483648,269484032,1,121,0.160497188568115,0,1
gemm,tf32,warm,16,8192,8192,0,269484032,2147483648,269484032,2,121,0.160597681999207,0,1
gemm,tf32,warm,16,8192,8192,0,269484032,2147483648,269484032,3,121,0.16073203086853,0,1
gemm,tf32,warm,16,8192,8192,0,269484032,2147483648,269484032,4,121,0.160774871706963,0,1
gemm,tf32,warm,16,8192,8192,0,269484032,2147483648,269484032,5,121,0.160751342773438,0,1
gemm,tf32,warm,16,8192,8192,0,269484032,2147483648,269484032,6,121,0.160791009664536,0,1
gemm,tf32,warm,32,8192,8192,0,270532608,4294967296,270532608,0,121,0.161846473813057,0,1
gemm,tf32,warm,32,8192,8192,0,270532608,4294967296,270532608,1,121,0.16172456741333,0,1
gemm,tf32,warm,32,8192,8192,0,270532608,4294967296,270532608,2,121,0.161677226424217,0,1
gemm,tf32,warm,32,8192,8192,0,270532608,4294967296,270532608,3,121,0.16167987883091,0,1
gemm,tf32,warm,32,8192,8192,0,270532608,4294967296,270532608,4,121,0.161827430129051,0,1
gemm,tf32,warm,32,8192,8192,0,270532608,4294967296,270532608,5,121,0.161902546882629,0,1
gemm,tf32,warm,32,8192,8192,0,270532608,4294967296,270532608,6,121,0.161917343735695,0,1
gemm,tf32,warm,64,8192,8192,0,272629760,8589934592,272629760,0,82,0.235856771469116,0,1
gemm,tf32,warm,64,8192,8192,0,272629760,8589934592,272629760,1,82,0.235800191760063,0,1
gemm,tf32,warm,64,8192,8192,0,272629760,8589934592,272629760,2,82,0.235843524336815,0,1
gemm,tf32,warm,64,8192,8192,0,272629760,8589934592,272629760,3,82,0.235841572284698,0,1
gemm,tf32,warm,64,8192,8192,0,272629760,8589934592,272629760,4,82,0.235591799020767,0,1
gemm,tf32,warm,64,8192,8192,0,272629760,8589934592,272629760,5,82,0.235795512795448,0,1
gemm,tf32,warm,64,8192,8192,0,272629760,8589934592,272629760,6,82,0.235736981034279,0,1
gemm,tf32,warm,128,8192,8192,0,276824064,17179869184,276824064,0,108,0.178800597786903,0,1
gemm,tf32,warm,128,8192,8192,0,276824064,17179869184,276824064,1,108,0.1788399964571,0,1
gemm,tf32,warm,128,8192,8192,0,276824064,17179869184,276824064,2,108,0.178869634866714,0,1
gemm,tf32,warm,128,8192,8192,0,276824064,17179869184,276824064,3,108,0.178761184215546,0,1
gemm,tf32,warm,128,8192,8192,0,276824064,17179869184,276824064,4,108,0.178730368614197,0,1
gemm,tf32,warm,128,8192,8192,0,276824064,17179869184,276824064,5,108,0.178849786520004,0,1
gemm,tf32,warm,128,8192,8192,0,276824064,17179869184,276824064,6,108,0.178715258836746,0,1
gemm,tf32,warm,256,8192,8192,0,285212672,34359738368,285212672,0,93,0.207062363624573,0,1
gemm,tf32,warm,256,8192,8192,0,285212672,34359738368,285212672,1,93,0.206909939646721,0,1
gemm,tf32,warm,256,8192,8192,0,285212672,34359738368,285212672,2,93,0.207031399011612,0,1
gemm,tf32,warm,256,8192,8192,0,285212672,34359738368,285212672,3,93,0.20715905725956,0,1
gemm,tf32,warm,256,8192,8192,0,285212672,34359738368,285212672,4,93,0.206958442926407,0,1
gemm,tf32,warm,256,8192,8192,0,285212672,34359738368,285212672,5,93,0.207164213061333,0,1
gemm,tf32,warm,256,8192,8192,0,285212672,34359738368,285212672,6,93,0.207513809204102,0,1
gemm,tf32,warm,512,8192,8192,0,301989888,68719476736,301989888,0,52,0.375393241643906,0,1
gemm,tf32,warm,512,8192,8192,0,301989888,68719476736,301989888,1,52,0.375592023134232,0,1
gemm,tf32,warm,512,8192,8192,0,301989888,68719476736,301989888,2,52,0.374746471643448,0,1
gemm,tf32,warm,512,8192,8192,0,301989888,68719476736,301989888,3,52,0.37461045384407,0,1
gemm,tf32,warm,512,8192,8192,0,301989888,68719476736,301989888,4,52,0.374901562929153,0,1
gemm,tf32,warm,512,8192,8192,0,301989888,68719476736,301989888,5,52,0.374882489442825,0,1
gemm,tf32,warm,512,8192,8192,0,301989888,68719476736,301989888,6,52,0.374166786670685,0,1
gemm,tf32,warm,1024,8192,8192,0,335544320,137438953472,335544320,0,29,0.677843868732452,0,1
gemm,tf32,warm,1024,8192,8192,0,335544320,137438953472,335544320,1,29,0.678568780422211,0,1
gemm,tf32,warm,1024,8192,8192,0,335544320,137438953472,335544320,2,29,0.680171072483063,0,1
gemm,tf32,warm,1024,8192,8192,0,335544320,137438953472,335544320,3,29,0.67800498008728,0,1
gemm,tf32,warm,1024,8192,8192,0,335544320,137438953472,335544320,4,29,0.678779602050781,0,1
gemm,tf32,warm,1024,8192,8192,0,335544320,137438953472,335544320,5,29,0.678323864936829,0,1
gemm,tf32,warm,1024,8192,8192,0,335544320,137438953472,335544320,6,29,0.676097095012665,0,1
gemm,tf32,warm,2048,8192,8192,0,402653184,274877906944,402653184,0,14,1.35454857349396,0,1
gemm,tf32,warm,2048,8192,8192,0,402653184,274877906944,402653184,1,14,1.35432457923889,0,1
gemm,tf32,warm,2048,8192,8192,0,402653184,274877906944,402653184,2,14,1.35457599163055,0,1
gemm,tf32,warm,2048,8192,8192,0,402653184,274877906944,402653184,3,14,1.35915434360504,0,1
gemm,tf32,warm,2048,8192,8192,0,402653184,274877906944,402653184,4,14,1.35779654979706,0,1
gemm,tf32,warm,2048,8192,8192,0,402653184,274877906944,402653184,5,14,1.35739207267761,0,1
gemm,tf32,warm,2048,8192,8192,0,402653184,274877906944,402653184,6,14,1.35925257205963,0,1
