batch,prompt_length,repeat,step,gpu_decode_ms,wall_decode_ms
1,128,0,1,11.573504447937012,11.597754957620054
1,128,0,2,11.553536415100098,11.577464989386499
1,128,0,3,11.515711784362793,11.538904043845832
1,128,0,4,11.531200408935547,11.55451696831733
1,128,0,5,11.540191650390625,11.56451104907319
1,128,0,6,11.590239524841309,11.614386981818825
1,128,0,7,11.662015914916992,11.685136996675283
1,128,0,8,11.539008140563965,11.56283199088648
1,128,0,9,11.580831527709961,11.610462970566005
1,128,0,10,11.650879859924316,11.674704030156136
1,128,0,11,11.69871997833252,11.722755036316812
1,128,0,12,11.78428840637207,11.808531009592116
1,128,0,13,11.65881633758545,11.682522017508745
1,128,0,14,11.799839973449707,11.824125016573817
1,128,0,15,11.763487815856934,11.787663970608264
1,128,0,16,11.965408325195312,11.989585997071117
1,128,0,17,11.713472366333008,11.738046014215797
1,128,0,18,11.661600112915039,11.685944977216423
1,128,0,19,11.541536331176758,11.566334986127913
1,128,0,20,11.721535682678223,11.745046998839825
1,128,0,21,11.713791847229004,11.73776003997773
1,128,0,22,11.679871559143066,11.703563970513642
1,128,0,23,11.62281608581543,11.647116974927485
1,128,0,24,11.614368438720703,11.638511961791664
1,128,0,25,11.610207557678223,11.633778980467469
1,128,0,26,11.677023887634277,11.70132600236684
1,128,0,27,11.782336235046387,11.806743044871837
1,128,0,28,11.775712013244629,11.799762025475502
1,128,0,29,11.83129596710205,11.855090968310833
1,128,0,30,11.809856414794922,11.834433011244982
1,128,0,31,11.65932846069336,11.683229997288436
1,128,0,32,11.67734432220459,11.701592011377215
1,128,0,33,11.620896339416504,11.645336053334177
1,128,0,34,11.749728202819824,11.778792948462069
1,128,0,35,11.636896133422852,11.660475051030517
1,128,0,36,11.527615547180176,11.552025971468538
1,128,0,37,11.622207641601562,11.645935999695212
1,128,0,38,11.605792045593262,11.630168999545276
1,128,0,39,11.694623947143555,11.718893016222864
1,128,0,40,11.71350383758545,11.73841900890693
1,128,0,41,11.703424453735352,11.727878998499364
1,128,0,42,11.596575736999512,11.620261007919908
1,128,0,43,11.793855667114258,11.818084982223809
1,128,0,44,11.633952140808105,11.659128998871893
1,128,0,45,11.585472106933594,11.609151028096676
1,128,0,46,11.725279808044434,11.749688012059778
1,128,0,47,11.81545639038086,11.839483981020749
1,128,0,48,11.793279647827148,11.818047030828893
1,128,0,49,11.70793628692627,11.734172003343701
1,128,0,50,11.577216148376465,11.601550970226526
1,128,0,51,11.600192070007324,11.624222039245069
1,128,0,52,11.636799812316895,11.661556956823915
1,128,0,53,11.558943748474121,11.583242972847074
1,128,0,54,11.593343734741211,11.61767600569874
1,128,0,55,11.63548755645752,11.659551004413515
1,128,0,56,11.592448234558105,11.616386007517576
1,128,0,57,11.54758358001709,11.576702003367245
1,128,0,58,11.594079971313477,11.618777003604919
1,128,0,59,11.561280250549316,11.585122032556683
1,128,0,60,11.57372760772705,11.597204022109509
1,128,0,61,11.552672386169434,11.577304976526648
1,128,0,62,11.605440139770508,11.630021966993809
1,128,0,63,11.637760162353516,11.662708013318479
1,128,1,1,11.78435230255127,11.80838601430878
1,128,1,2,11.654496192932129,11.678386013954878
1,128,1,3,11.562623977661133,11.587966000661254
1,128,1,4,11.60371208190918,11.6278370260261
1,128,1,5,11.577792167663574,11.60224701743573
1,128,1,6,11.47929573059082,11.50333002442494
1,128,1,7,11.529760360717773,11.553885007742792
1,128,1,8,11.48147201538086,11.506080045364797
1,128,1,9,11.400639533996582,11.424428026657552
1,128,1,10,11.435168266296387,11.459142027888447
1,128,1,11,11.4453763961792,11.46945997606963
1,128,1,12,11.41478443145752,11.439265043009073
1,128,1,13,11.45628833770752,11.479948007036
1,128,1,14,11.476320266723633,11.499998974613845
1,128,1,15,11.465791702270508,11.489336029626429
1,128,1,16,11.50812816619873,11.531780997756869
1,128,1,17,11.494720458984375,11.518799990881234
1,128,1,18,11.429920196533203,11.454425984993577
1,128,1,19,11.618335723876953,11.641933990176767
1,128,1,20,11.583935737609863,11.608643981162459
1,128,1,21,11.545503616333008,11.569269001483917
1,128,1,22,11.394975662231445,11.418879963457584
1,128,1,23,11.425024032592773,11.44842099165544
1,128,1,24,11.470111846923828,11.493993981275707
1,128,1,25,11.499967575073242,11.523837980348617
1,128,1,26,11.481311798095703,11.504376016091555
1,128,1,27,11.433568000793457,11.45751099102199
1,128,1,28,11.526528358459473,11.554033029824495
1,128,1,29,11.550016403198242,11.574158968869597
1,128,1,30,11.425408363342285,11.449929035734385
1,128,1,31,11.480031967163086,11.50384300854057
1,128,1,32,11.52070426940918,11.544818989932537
1,128,1,33,11.459039688110352,11.482795991469175
1,128,1,34,11.467616081237793,11.491238954477012
1,128,1,35,11.542847633361816,11.566368979401886
1,128,1,36,11.409664154052734,11.433086998295039
1,128,1,37,11.518176078796387,11.542241962160915
1,128,1,38,11.463232040405273,11.488506977912039
1,128,1,39,11.370559692382812,11.394241009838879
1,128,1,40,11.448127746582031,11.471579025965184
1,128,1,41,11.473343849182129,11.496872000861913
1,128,1,42,11.447232246398926,11.471219011582434
1,128,1,43,11.468064308166504,11.492652993183583
1,128,1,44,11.448127746582031,11.47259899880737
1,128,1,45,11.449888229370117,11.473935970570892
1,128,1,46,11.470815658569336,11.495131999254227
1,128,1,47,11.419103622436523,11.44355395808816
1,128,1,48,11.456671714782715,11.481455992907286
1,128,1,49,11.458239555358887,11.483160022180527
1,128,1,50,11.450240135192871,11.47351594408974
1,128,1,51,11.554719924926758,11.579337995499372
1,128,1,52,11.498368263244629,11.522574990522116
1,128,1,53,11.451264381408691,11.47554098861292
1,128,1,54,11.415807723999023,11.439991008955985
1,128,1,55,11.495936393737793,11.519455001689494
1,128,1,56,11.451647758483887,11.47675100946799
1,128,1,57,11.484319686889648,11.508168012369424
1,128,1,58,11.400992393493652,11.425001022871584
1,128,1,59,11.402912139892578,11.42688503023237
1,128,1,60,11.44985580444336,11.473285965621471
1,128,1,61,11.377087593078613,11.401235009543598
1,128,1,62,11.4900484085083,11.513722012750804
1,128,1,63,11.462240219116211,11.485702998470515
1,128,2,1,11.487968444824219,11.517194041516632
1,128,2,2,11.54470443725586,11.568501009605825
1,128,2,3,11.4584321975708,11.482622008770704
1,128,2,4,11.441184043884277,11.465848016086966
1,128,2,5,11.4169921875,11.441116977948695
1,128,2,6,11.496992111206055,11.520890053361654
1,128,2,7,11.449407577514648,11.473027989268303
1,128,2,8,11.5665283203125,11.590892041567713
1,128,2,9,11.461695671081543,11.485418013762683
1,128,2,10,11.377951622009277,11.402259988244623
1,128,2,11,11.38099193572998,11.405700992327183
1,128,2,12,11.390239715576172,11.413691972848028
1,128,2,13,11.479616165161133,11.503094050567597
1,128,2,14,11.50716781616211,11.530671967193484
1,128,2,15,11.395903587341309,11.420190974604338
1,128,2,16,11.434080123901367,11.45828899461776
1,128,2,17,11.503007888793945,11.52647502021864
1,128,2,18,11.44489574432373,11.46860100561753
1,128,2,19,11.458368301391602,11.48177101276815
1,128,2,20,11.470047950744629,11.495326994918287
1,128,2,21,11.462847709655762,11.486662027891725
1,128,2,22,11.49187183380127,11.515907011926174
1,128,2,23,11.457535743713379,11.481430032290518
1,128,2,24,11.420448303222656,11.44467998528853
1,128,2,25,11.50160026550293,11.525696027092636
1,128,2,26,11.474047660827637,11.498447973281145
1,128,2,27,11.56339168548584,11.587954999413341
1,128,2,28,11.49449634552002,11.518155981320888
1,128,2,29,11.564703941345215,11.588557972572744
1,128,2,30,11.519231796264648,11.543076019734144
1,128,2,31,11.538944244384766,11.563458014279604
1,128,2,32,11.574496269226074,11.598440003581345
1,128,2,33,11.453856468200684,11.478055035695434
1,128,2,34,11.497759819030762,11.521524982526898
1,128,2,35,11.510527610778809,11.53423497453332
1,128,2,36,11.519295692443848,11.543889995664358
1,128,2,37,11.5349760055542,11.559264035895467
1,128,2,38,11.5283203125,11.552775977179408
1,128,2,39,11.510848045349121,11.534810008015484
1,128,2,40,11.491135597229004,11.515297985170037
1,128,2,41,11.53990364074707,11.563410982489586
1,128,2,42,11.48249626159668,11.505838949233294
1,128,2,43,11.504575729370117,11.528339004144073
1,128,2,44,11.494272232055664,11.517442995682359
1,128,2,45,11.650976181030273,11.67472603265196
1,128,2,46,11.458592414855957,11.482802976388484
1,128,2,47,11.47059154510498,11.494158999994397
1,128,2,48,11.460512161254883,11.48444099817425
1,128,2,49,11.413920402526855,11.437456007115543
1,128,2,50,11.552543640136719,11.576054035685956
1,128,2,51,11.53219223022461,11.55593799194321
1,128,2,52,11.5250244140625,11.549176007974893
1,128,2,53,11.507391929626465,11.531085998285562
1,128,2,54,11.452768325805664,11.47667202167213
1,128,2,55,11.500639915466309,11.52485201600939
1,128,2,56,11.440287590026855,11.46433298708871
1,128,2,57,11.481887817382812,11.50585396680981
1,128,2,58,11.551424026489258,11.574726027902216
1,128,2,59,11.428704261779785,11.45216601435095
1,128,2,60,11.458527565002441,11.4821310271509
1,128,2,61,11.420384407043457,11.444559029769152
1,128,2,62,11.49283218383789,11.516547005157918
1,128,2,63,11.611104011535645,11.635429982561618
1,128,3,1,11.512895584106445,11.536393954884261
1,128,3,2,11.600895881652832,11.624984967056662
1,128,3,3,11.481504440307617,11.505646980367601
1,128,3,4,11.461248397827148,11.485200026072562
1,128,3,5,11.53007984161377,11.554617958609015
1,128,3,6,11.599743843078613,11.623206955846399
1,128,3,7,11.474080085754395,11.497753963340074
1,128,3,8,11.435456275939941,11.45899697439745
1,128,3,9,11.510527610778809,11.534728051628917
1,128,3,10,11.496607780456543,11.520573985762894
1,128,3,11,11.448991775512695,11.47236698307097
1,128,3,12,11.416864395141602,11.441386013757437
1,128,3,13,11.528160095214844,11.551660019904375
1,128,3,14,11.47100830078125,11.494449980091304
1,128,3,15,11.536831855773926,11.560467013623565
1,128,3,16,11.443103790283203,11.466935044154525
1,128,3,17,11.605055809020996,11.62922999355942
1,128,3,18,11.479328155517578,11.503526999149472
1,128,3,19,11.40719985961914,11.430640006437898
1,128,3,20,11.43932819366455,11.463091999758035
1,128,3,21,11.967616081237793,11.991014005616307
1,128,3,22,11.406911849975586,11.431258986704051
1,128,3,23,11.488832473754883,11.512855999171734
1,128,3,24,11.364447593688965,11.389125022105873
1,128,3,25,11.451552391052246,11.475469975266606
1,128,3,26,11.441120147705078,11.465143994428217
1,128,3,27,11.462400436401367,11.487249983474612
1,128,3,28,11.512255668640137,11.536021018400788
1,128,3,29,11.508959770202637,11.532808013726026
1,128,3,30,11.43887996673584,11.463540024124086
1,128,3,31,11.61513614654541,11.639136006124318
1,128,3,32,11.594976425170898,11.619293014518917
1,128,3,33,11.481887817382812,11.506196984555572
1,128,3,34,11.444416046142578,11.473539052531123
1,128,3,35,11.598176002502441,11.621725978329778
1,128,3,36,11.42956829071045,11.45371695747599
1,128,3,37,11.450112342834473,11.474254017230123
1,128,3,38,11.468607902526855,11.49269100278616
1,128,3,39,11.459263801574707,11.482578003779054
1,128,3,40,11.47708797454834,11.500746011734009
1,128,3,41,11.497247695922852,11.521123989950866
1,128,3,42,11.400511741638184,11.424565047491342
1,128,3,43,11.509087562561035,11.532859003636986
1,128,3,44,11.504672050476074,11.528373986948282
1,128,3,45,11.49830436706543,11.521910026203841
1,128,3,46,11.512864112854004,11.536385980434716
1,128,3,47,11.463264465332031,11.487951967865229
1,128,3,48,11.491328239440918,11.514919984620064
1,128,3,49,11.460864067077637,11.484265967737883
1,128,3,50,11.480863571166992,11.504976951982826
1,128,3,51,11.551072120666504,11.574367003049701
1,128,3,52,11.400351524353027,11.42430497566238
1,128,3,53,11.54969596862793,11.57310395501554
1,128,3,54,11.452287673950195,11.476423998828977
1,128,3,55,11.681056022644043,11.704832024406642
1,128,3,56,11.426495552062988,11.450205987785012
1,128,3,57,11.541119575500488,11.564738000743091
1,128,3,58,11.583040237426758,11.607019056100398
1,128,3,59,11.578399658203125,11.602226994000375
1,128,3,60,11.594976425170898,11.619278986472636
1,128,3,61,11.603391647338867,11.62754005054012
1,128,3,62,11.596960067749023,11.621272016782314
1,128,3,63,11.544575691223145,11.569441994652152
1,128,4,1,11.495903968811035,11.51934202061966
1,128,4,2,11.41539192199707,11.43875002162531
1,128,4,3,11.378047943115234,11.401625990401953
1,128,4,4,11.457280158996582,11.48008502786979
1,128,4,5,11.417471885681152,11.440686008427292
1,128,4,6,11.411231994628906,11.434937012381852
1,128,4,7,11.5664644241333,11.590083013288677
1,128,4,8,11.447296142578125,11.470139026641846
1,128,4,9,11.44707202911377,11.470757017377764
1,128,4,10,11.462944030761719,11.486442002933472
1,128,4,11,11.47094440460205,11.493775004055351
1,128,4,12,11.4552640914917,11.478548985905945
1,128,4,13,11.493280410766602,11.516646016389132
1,128,4,14,11.486720085144043,11.510333977639675
1,128,4,15,11.524191856384277,11.547280999366194
1,128,4,16,11.534815788269043,11.558422993402928
1,128,4,17,11.481951713562012,11.505424045026302
1,128,4,18,11.447263717651367,11.47104101255536
1,128,4,19,11.417823791503906,11.44127402221784
1,128,4,20,11.500448226928711,11.524208006449044
1,128,4,21,11.466367721557617,11.489599011838436
1,128,4,22,11.455967903137207,11.479237989988178
1,128,4,23,11.431743621826172,11.45510096102953
1,128,4,24,11.450719833374023,11.475084000267088
1,128,4,25,11.566944122314453,11.590982030611485
1,128,4,26,11.526240348815918,11.550524970516562
1,128,4,27,11.461631774902344,11.48519100388512
1,128,4,28,11.543807983398438,11.568011017516255
1,128,4,29,11.543231964111328,11.566839995793998
1,128,4,30,11.451295852661133,11.474838014692068
1,128,4,31,11.523520469665527,11.546735011506826
1,128,4,32,11.501503944396973,11.52977900346741
1,128,4,33,11.456352233886719,11.480471002869308
1,128,4,34,11.401311874389648,11.424753989558667
1,128,4,35,11.464256286621094,11.487573967315257
1,128,4,36,11.460127830505371,11.48319902131334
1,128,4,37,11.423135757446289,11.452328995801508
1,128,4,38,11.419103622436523,11.44258095882833
1,128,4,39,11.455167770385742,11.47805800428614
1,128,4,40,11.507231712341309,11.530743970070034
1,128,4,41,11.424927711486816,11.453423998318613
1,128,4,42,11.471872329711914,11.495220009237528
1,128,4,43,11.5829439163208,11.606264975853264
1,128,4,44,11.49779224395752,11.52136898599565
1,128,4,45,11.508768081665039,11.533011973369867
1,128,4,46,11.59449577331543,11.618010990787297
1,128,4,47,11.614591598510742,11.638169002253562
1,128,4,48,11.621376037597656,11.645770980976522
1,128,4,49,11.51801586151123,11.541735962964594
1,128,4,50,11.55519962310791,11.57870894530788
1,128,4,51,11.550080299377441,11.572732997592539
1,128,4,52,11.543487548828125,11.56819297466427
1,128,4,53,11.552607536315918,11.57682598568499
1,128,4,54,11.477375984191895,11.501374014187604
1,128,4,55,11.376799583435059,11.400607007090002
1,128,4,56,11.483839988708496,11.507907009217888
1,128,4,57,11.479071617126465,11.503209010697901
1,128,4,58,11.39635181427002,11.420163966249675
1,128,4,59,11.406720161437988,11.430710030253977
1,128,4,60,11.433055877685547,11.462200025562197
1,128,4,61,11.510848045349121,11.536042031366378
1,128,4,62,11.495360374450684,11.518825020175427
1,128,4,63,11.472991943359375,11.4965500542894
1,128,5,1,11.477151870727539,11.5012539899908
1,128,5,2,11.560064315795898,11.58410997595638
1,128,5,3,11.446880340576172,11.47145894356072
1,128,5,4,11.423680305480957,11.448056029621512
1,128,5,5,11.468352317810059,11.492329998873174
1,128,5,6,11.508223533630371,11.532418022397906
1,128,5,7,11.446144104003906,11.469529010355473
1,128,5,8,11.430463790893555,11.454265972133726
1,128,5,9,11.431872367858887,11.455852014478296
1,128,5,10,11.449760437011719,11.47425000090152
1,128,5,11,11.426464080810547,11.451350001152605
1,128,5,12,11.499168395996094,11.524068017024547
1,128,5,13,11.474687576293945,11.499206011649221
1,128,5,14,11.497183799743652,11.521785985678434
1,128,5,15,11.537055969238281,11.560418992303312
1,128,5,16,11.48639965057373,11.51030301116407
1,128,5,17,11.49772834777832,11.521510954480618
1,128,5,18,11.480863571166992,11.504811991471797
1,128,5,19,11.488415718078613,11.511871009133756
1,128,5,20,11.45628833770752,11.480715998914093
1,128,5,21,11.523391723632812,11.546907015144825
1,128,5,22,11.49459171295166,11.518474027980119
1,128,5,23,11.483360290527344,11.507373012136668
1,128,5,24,11.381952285766602,11.406381032429636
1,128,5,25,11.500800132751465,11.525429028552026
1,128,5,26,11.58995246887207,11.613866954576224
1,128,5,27,11.553407669067383,11.578076984733343
1,128,5,28,11.631072044372559,11.65533100720495
1,128,5,29,11.685248374938965,11.709304992109537
1,128,5,30,11.597503662109375,11.621954035945237
1,128,5,31,11.572832107543945,11.596908036153764
1,128,5,32,11.528544425964355,11.552394949831069
1,128,5,33,11.626879692077637,11.650873988401145
1,128,5,34,11.516927719116211,11.540295032318681
1,128,5,35,11.534784317016602,11.55861496226862
1,128,5,36,11.489312171936035,11.512711993418634
1,128,5,37,11.512096405029297,11.535704019479454
1,128,5,38,11.465439796447754,11.495139973703772
1,128,5,39,11.478143692016602,11.502558016218245
1,128,5,40,11.45577621459961,11.480188986752182
1,128,5,41,11.530176162719727,11.553926044143736
1,128,5,42,11.538047790527344,11.562826985027641
1,128,5,43,11.569952011108398,11.594806041102856
1,128,5,44,11.451744079589844,11.475510953459889
1,128,5,45,11.475584030151367,11.499142972752452
1,128,5,46,11.508031845092773,11.531311960425228
1,128,5,47,11.472448348999023,11.495806043967605
1,128,5,48,11.394111633300781,11.418314999900758
1,128,5,49,11.483839988708496,11.510891024954617
1,128,5,50,11.436127662658691,11.460701003670692
1,128,5,51,11.580415725708008,11.604494997300208
1,128,5,52,11.40287971496582,11.426580022089183
1,128,5,53,11.470463752746582,11.494036996737123
1,128,5,54,11.424192428588867,11.448181990999728
1,128,5,55,11.408191680908203,11.43298699753359
1,128,5,56,11.470335960388184,11.494298989418894
1,128,5,57,11.4235200881958,11.44704397302121
1,128,5,58,11.371199607849121,11.395515000913292
1,128,5,59,11.371135711669922,11.395311972592026
1,128,5,60,11.42841625213623,11.45276299212128
1,128,5,61,11.460351943969727,11.484157992526889
1,128,5,62,11.466048240661621,11.490184988360852
1,128,5,63,11.476863861083984,11.501319007948041
1,128,6,1,11.478752136230469,11.501731001771986
1,128,6,2,11.457247734069824,11.483019043225795
1,128,6,3,11.36348819732666,11.387274018488824
1,128,6,4,11.338335990905762,11.361581040546298
1,128,6,5,11.535615921020508,11.559291975572705
1,128,6,6,11.417407989501953,11.440419999416918
1,128,6,7,11.549663543701172,11.573116993531585
1,128,6,8,11.372447967529297,11.395180015824735
1,128,6,9,11.573344230651855,11.59690401982516
1,128,6,10,11.45910358428955,11.4822470350191
1,128,6,11,11.452256202697754,11.476350016891956
1,128,6,12,11.384896278381348,11.408163991291076
1,128,6,13,11.447680473327637,11.471343983430415
1,128,6,14,11.770400047302246,11.793844983913004
1,128,6,15,11.505696296691895,11.528558970894665
1,128,6,16,11.468735694885254,11.492212011944503
1,128,6,17,11.556447982788086,11.579899990465492
1,128,6,18,11.420160293579102,11.443442024756223
1,128,6,19,11.412480354309082,11.43565698293969
1,128,6,20,11.418496131896973,11.446955963037908
1,128,6,21,11.450783729553223,11.474503960926086
1,128,6,22,11.517760276794434,11.542686959728599
1,128,6,23,11.635583877563477,11.66041404940188
1,128,6,24,11.510848045349121,11.53600902762264
1,128,6,25,11.45580768585205,11.47989701712504
1,128,6,26,11.630720138549805,11.654729023575783
1,128,6,27,11.61616039276123,11.640652024652809
1,128,6,28,11.6145601272583,11.638197000138462
1,128,6,29,11.582304000854492,11.605837033130229
1,128,6,30,11.509632110595703,11.5329580148682
1,128,6,31,11.546079635620117,11.569197988137603
1,128,6,32,11.551008224487305,11.574014031793922
1,128,6,33,11.446175575256348,11.469277960713953
1,128,6,34,11.513792037963867,11.537278012838215
1,128,6,35,11.520159721374512,11.54412399046123
1,128,6,36,11.40339183807373,11.427994992118329
1,128,6,37,11.344832420349121,11.368277948349714
1,128,6,38,11.470463752746582,11.494419013615698
1,128,6,39,11.41977596282959,11.443293013144284
1,128,6,40,11.470175743103027,11.493958998471498
1,128,6,41,11.480992317199707,11.50414498988539
1,128,6,42,11.391072273254395,11.414988024625927
1,128,6,43,11.4782075881958,11.50079001672566
1,128,6,44,11.544992446899414,11.568338028155267
1,128,6,45,11.450528144836426,11.473882012069225
1,128,6,46,11.375136375427246,11.398962989915162
1,128,6,47,11.44428825378418,11.467497970443219
1,128,6,48,11.48038387298584,11.50429097469896
1,128,6,49,11.452704429626465,11.475959967356175
1,128,6,50,11.470751762390137,11.500732973217964
1,128,6,51,11.522175788879395,11.545322951860726
1,128,6,52,11.469887733459473,11.494044971186668
1,128,6,53,11.405728340148926,11.42930204514414
1,128,6,54,11.409664154052734,11.433295963797718
1,128,6,55,11.429887771606445,11.45316701149568
1,128,6,56,11.448127746582031,11.472511978354305
1,128,6,57,11.428607940673828,11.451322003267705
1,128,6,58,11.459839820861816,11.483216017950326
1,128,6,59,11.433792114257812,11.45699602784589
1,128,6,60,11.489919662475586,11.513257981278002
1,128,6,61,11.447680473327637,11.470630997791886
1,128,6,62,11.5032320022583,11.526276008225977
1,128,6,63,11.466015815734863,11.493266967590898
1,1024,0,1,11.534432411193848,11.557327001355588
1,1024,0,2,11.426624298095703,11.449875950347632
1,1024,0,3,11.415776252746582,11.438535002525896
1,1024,0,4,11.461952209472656,11.485113005619496
1,1024,0,5,11.377599716186523,11.400859977584332
1,1024,0,6,11.454591751098633,11.477230989839882
1,1024,0,7,11.404288291931152,11.42737700138241
1,1024,0,8,11.39459228515625,11.417645029723644
1,1024,0,9,11.48624038696289,11.50988700101152
1,1024,0,10,11.437952041625977,11.461430985946208
1,1024,0,11,11.49619197845459,11.51981099974364
1,1024,0,12,11.399328231811523,11.423343967180699
1,1024,0,13,11.37929630279541,11.403846961911768
1,1024,0,14,11.405599594116211,11.42953900853172
1,1024,0,15,11.41260814666748,11.437100998591632
1,1024,0,16,11.373920440673828,11.3973060506396
1,1024,0,17,11.3920316696167,11.415532033424824
1,1024,0,18,11.346015930175781,11.36911503272131
1,1024,0,19,11.424736022949219,11.447830009274185
1,1024,0,20,11.398847579956055,11.422379000578076
1,1024,0,21,11.354816436767578,11.378661962226033
1,1024,0,22,11.37673568725586,11.400102986954153
1,1024,0,23,11.353792190551758,11.37696101795882
1,1024,0,24,11.451295852661133,11.474827013444155
1,1024,0,25,11.376128196716309,11.399517010431737
1,1024,0,26,11.409248352050781,11.432005965616554
1,1024,0,27,11.454784393310547,11.479089967906475
1,1024,0,28,11.340224266052246,11.363944038748741
1,1024,0,29,11.389984130859375,11.414100998081267
1,1024,0,30,11.367615699768066,11.391377018298954
1,1024,0,31,11.291616439819336,11.314507981296629
1,1024,0,32,11.401727676391602,11.425413948018104
1,1024,0,33,11.41049575805664,11.434198007918894
1,1024,0,34,11.410112380981445,11.433313018642366
1,1024,0,35,11.33574390411377,11.35902397800237
1,1024,0,36,11.60591983795166,11.628706008195877
1,1024,0,37,11.367487907409668,11.390927014872432
1,1024,0,38,11.39299201965332,11.415999964810908
1,1024,0,39,11.401984214782715,11.424877040553838
1,1024,0,40,11.309375762939453,11.332336987834424
1,1024,0,41,11.324992179870605,11.347600957378745
1,1024,0,42,11.352352142333984,11.375371017493308
1,1024,0,43,11.300736427307129,11.323946993798018
1,1024,0,44,11.326687812805176,11.34938799077645
1,1024,0,45,11.563167572021484,11.585703992750496
1,1024,0,46,11.401856422424316,11.42439100658521
1,1024,0,47,11.34438419342041,11.367828992661089
1,1024,0,48,11.330816268920898,11.353673005942255
1,1024,0,49,11.464735984802246,11.488297954201698
1,1024,0,50,11.368255615234375,11.392001004423946
1,1024,0,51,11.308927536010742,11.332592985127121
1,1024,0,52,11.346559524536133,11.369958985596895
1,1024,0,53,11.305215835571289,11.327754997182637
1,1024,0,54,11.290687561035156,11.314277013298124
1,1024,0,55,11.363648414611816,11.386823025532067
1,1024,0,56,11.353216171264648,11.37605297844857
1,1024,0,57,11.329504013061523,11.353172012604773
1,1024,0,58,11.283583641052246,11.30644604563713
1,1024,0,59,11.398591995239258,11.422044015489519
1,1024,0,60,11.370112419128418,11.39356498606503
1,1024,0,61,11.426527976989746,11.449232988525182
1,1024,0,62,11.380864143371582,11.403967975638807
1,1024,0,63,11.437824249267578,11.46061799954623
1,1024,1,1,11.530112266540527,11.5540039842017
1,1024,1,2,11.364288330078125,11.388361977878958
1,1024,1,3,11.38377571105957,11.407434998545796
1,1024,1,4,11.402624130249023,11.426608019974083
1,1024,1,5,11.40278434753418,11.426403012592345
1,1024,1,6,11.494815826416016,11.518324026837945
1,1024,1,7,11.418399810791016,11.441632988862693
1,1024,1,8,11.391615867614746,11.414353968575597
1,1024,1,9,11.373791694641113,11.397549998946488
1,1024,1,10,11.404319763183594,11.426903016399592
1,1024,1,11,11.50278377532959,11.526787013281137
1,1024,1,12,11.413375854492188,11.436676024459302
1,1024,1,13,11.39072036743164,11.41357800224796
1,1024,1,14,11.407872200012207,11.430821032263339
1,1024,1,15,11.461759567260742,11.484943970572203
1,1024,1,16,11.479488372802734,11.503344983793795
1,1024,1,17,11.390336036682129,11.413334985263646
1,1024,1,18,11.430560111999512,11.45377301145345
1,1024,1,19,11.377280235290527,11.400663992390037
1,1024,1,20,11.337632179260254,11.36098604183644
1,1024,1,21,11.427328109741211,11.450014018919319
1,1024,1,22,11.37775993347168,11.400732037145644
1,1024,1,23,11.41215991973877,11.4349210052751
1,1024,1,24,11.453311920166016,11.476473999209702
1,1024,1,25,11.362879753112793,11.386174010112882
1,1024,1,26,11.436384201049805,11.459667002782226
1,1024,1,27,11.432671546936035,11.455928033683449
1,1024,1,28,11.463168144226074,11.48677000310272
1,1024,1,29,11.427583694458008,11.451577011030167
1,1024,1,30,11.403327941894531,11.426213954109699
1,1024,1,31,11.338591575622559,11.36143400799483
1,1024,1,32,11.463104248046875,11.486641014926136
1,1024,1,33,11.395936012268066,11.42010500188917
1,1024,1,34,11.487263679504395,11.510793003253639
1,1024,1,35,11.416831970214844,11.43982500070706
1,1024,1,36,11.35206413269043,11.374772002454847
1,1024,1,37,11.440640449523926,11.463808012194932
1,1024,1,38,11.394271850585938,11.417115980293602
1,1024,1,39,11.360416412353516,11.383724049665034
1,1024,1,40,11.375904083251953,11.399086040910333
1,1024,1,41,11.374015808105469,11.397764959838241
1,1024,1,42,11.40668773651123,11.43079303437844
1,1024,1,43,11.206624031066895,11.2301170011051
1,1024,1,44,11.357215881347656,11.380771989934146
1,1024,1,45,11.379136085510254,11.402780015487224
1,1024,1,46,11.342559814453125,11.365643993485719
1,1024,1,47,11.400256156921387,11.423508985899389
1,1024,1,48,11.324671745300293,11.348408996127546
1,1024,1,49,11.368415832519531,11.391709966119379
1,1024,1,50,11.359007835388184,11.382459953892976
1,1024,1,51,11.324576377868652,11.347649968229234
1,1024,1,52,11.41539192199707,11.43864297773689
1,1024,1,53,11.339391708374023,11.362912016920745
1,1024,1,54,11.28553581237793,11.30913698580116
1,1024,1,55,11.325152397155762,11.34885399369523
1,1024,1,56,11.371583938598633,11.394650966394693
1,1024,1,57,11.340224266052246,11.36369799496606
1,1024,1,58,11.312416076660156,11.336403957102448
1,1024,1,59,11.366016387939453,11.389506049454212
1,1024,1,60,11.375264167785645,11.398372997064143
1,1024,1,61,11.381631851196289,11.405260011088103
1,1024,1,62,11.375295639038086,11.398488946724683
1,1024,1,63,11.334752082824707,11.358154006302357
1,1024,2,1,11.523232460021973,11.54712203424424
1,1024,2,2,11.383935928344727,11.407849029637873
1,1024,2,3,11.360992431640625,11.38368499232456
1,1024,2,4,11.49283218383789,11.516673024743795
1,1024,2,5,11.395423889160156,11.41927798744291
1,1024,2,6,11.364288330078125,11.38853101292625
1,1024,2,7,11.487615585327148,11.510920012369752
1,1024,2,8,11.411423683166504,11.43494196003303
1,1024,2,9,11.367263793945312,11.390179977752268
1,1024,2,10,11.375807762145996,11.399984010495245
1,1024,2,11,11.440671920776367,11.464338982477784
1,1024,2,12,11.358016014099121,11.382244993001223
1,1024,2,13,11.371071815490723,11.394428031053394
1,1024,2,14,11.342111587524414,11.366307968273759
1,1024,2,15,11.37116813659668,11.39450800837949
1,1024,2,16,11.339455604553223,11.362645018380135
1,1024,2,17,11.432191848754883,11.456101026851684
1,1024,2,18,11.41648006439209,11.440436006523669
1,1024,2,19,11.389663696289062,11.41419995110482
1,1024,2,20,11.35689640045166,11.381139978766441
1,1024,2,21,11.345088005065918,11.368998035322875
1,1024,2,22,11.512672424316406,11.536341975443065
1,1024,2,23,11.349920272827148,11.3738959771581
1,1024,2,24,11.335616111755371,11.359555996023118
1,1024,2,25,11.37279987335205,11.397280031815171
1,1024,2,26,11.33523178100586,11.359132011421025
1,1024,2,27,11.340736389160156,11.36389299063012
1,1024,2,28,11.284735679626465,11.308268003631383
1,1024,2,29,11.442496299743652,11.465873045381159
1,1024,2,30,11.423871994018555,11.446811025962234
1,1024,2,31,11.369759559631348,11.393495951779187
1,1024,2,32,11.431520462036133,11.454663006588817
1,1024,2,33,11.45036792755127,11.473608028609306
1,1024,2,34,11.386176109313965,11.40968402614817
1,1024,2,35,11.412832260131836,11.436145985499024
1,1024,2,36,11.357151985168457,11.379325005691499
1,1024,2,37,11.423359870910645,11.446539021562785
1,1024,2,38,11.337151527404785,11.360003962181509
1,1024,2,39,11.400223731994629,11.423796007875353
1,1024,2,40,11.471039772033691,11.495218030177057
1,1024,2,41,11.35200023651123,11.375365022104234
1,1024,2,42,11.417759895324707,11.44097704673186
1,1024,2,43,11.350496292114258,11.373827990610152
1,1024,2,44,11.403136253356934,11.425548989791423
1,1024,2,45,11.416128158569336,11.439875001087785
1,1024,2,46,11.412192344665527,11.435253953095526
1,1024,2,47,11.349599838256836,11.372258013579994
1,1024,2,48,11.348959922790527,11.372668959666044
1,1024,2,49,11.389216423034668,11.412291962187737
1,1024,2,50,11.322463989257812,11.345664970576763
1,1024,2,51,11.342240333557129,11.37041999027133
1,1024,2,52,11.351008415222168,11.374744004569948
1,1024,2,53,11.338047981262207,11.361646989826113
1,1024,2,54,11.378496170043945,11.402046016883105
1,1024,2,55,11.356863975524902,11.379586008843035
1,1024,2,56,11.28774356842041,11.3153739948757
1,1024,2,57,11.307168006896973,11.330228007864207
1,1024,2,58,11.6943998336792,11.718209949322045
1,1024,2,59,11.713824272155762,11.738037981558591
1,1024,2,60,11.371968269348145,11.395333975087851
1,1024,2,61,11.393631935119629,11.41725096385926
1,1024,2,62,11.408063888549805,11.431418999563903
1,1024,2,63,11.39686393737793,11.419704009313136
1,1024,3,1,11.354816436767578,11.378919996786863
1,1024,3,2,11.336064338684082,11.35909097502008
1,1024,3,3,11.220864295959473,11.244806984905154
1,1024,3,4,11.368351936340332,11.391879001166672
1,1024,3,5,11.408576011657715,11.432018945924938
1,1024,3,6,11.476479530334473,11.500174994580448
1,1024,3,7,11.397088050842285,11.42026495654136
1,1024,3,8,11.441696166992188,11.46528497338295
1,1024,3,9,11.428544044494629,11.453370039816946
1,1024,3,10,11.460576057434082,11.488762043882161
1,1024,3,11,11.39254379272461,11.416432971600443
1,1024,3,12,11.387711524963379,11.41193596413359
1,1024,3,13,11.369183540344238,11.392240994609892
1,1024,3,14,11.476639747619629,11.499771964736283
1,1024,3,15,11.462016105651855,11.484854039736092
1,1024,3,16,11.378080368041992,11.400732968468219
1,1024,3,17,11.367648124694824,11.390828003641218
1,1024,3,18,11.317631721496582,11.341247998643667
1,1024,3,19,11.392383575439453,11.415473010856658
1,1024,3,20,11.344256401062012,11.3666329998523
1,1024,3,21,11.424320220947266,11.446950025856495
1,1024,3,22,11.402400016784668,11.425146949477494
1,1024,3,23,11.39510440826416,11.41798699973151
1,1024,3,24,11.372320175170898,11.395086999982595
1,1024,3,25,11.339967727661133,11.363552010152489
1,1024,3,26,11.371423721313477,11.39489299384877
1,1024,3,27,11.389568328857422,11.412160994950682
1,1024,3,28,11.509663581848145,11.532586999237537
1,1024,3,29,11.416607856750488,11.439756955951452
1,1024,3,30,11.763968467712402,11.792110977694392
1,1024,3,31,11.522144317626953,11.5453340113163
1,1024,3,32,11.588064193725586,11.611697031185031
1,1024,3,33,11.517919540405273,11.541412037331611
1,1024,3,34,11.530143737792969,11.553935008123517
1,1024,3,35,11.5032320022583,11.526933987624943
1,1024,3,36,11.440256118774414,11.463737988378853
1,1024,3,37,11.441184043884277,11.464784038253129
1,1024,3,38,11.506976127624512,11.530911026056856
1,1024,3,39,11.476896286010742,11.500561027787626
1,1024,3,40,11.453184127807617,11.47709903307259
1,1024,3,41,11.506112098693848,11.529812007211149
1,1024,3,42,11.493439674377441,11.517363018356264
1,1024,3,43,11.459839820861816,11.483673995826393
1,1024,3,44,11.543840408325195,11.567145003937185
1,1024,3,45,11.496064186096191,11.519179970491678
1,1024,3,46,11.662976264953613,11.690890998579562
1,1024,3,47,11.559776306152344,11.583171028178185
1,1024,3,48,11.609951972961426,11.633565998636186
1,1024,3,49,11.51740837097168,11.540822044480592
1,1024,3,50,11.54252815246582,11.566281027626246
1,1024,3,51,11.585151672363281,11.60842296667397
1,1024,3,52,11.632991790771484,11.65596500504762
1,1024,3,53,11.657600402832031,11.682056006975472
1,1024,3,54,11.700927734375,11.724232987035066
1,1024,3,55,11.532383918762207,11.555990029592067
1,1024,3,56,11.77513599395752,11.80008501978591
1,1024,3,57,11.575743675231934,11.599619989283383
1,1024,3,58,11.608384132385254,11.632776004262269
1,1024,3,59,11.67404842376709,11.697751004248857
1,1024,3,60,11.564448356628418,11.588028981350362
1,1024,3,61,11.666655540466309,11.691187974065542
1,1024,3,62,11.615584373474121,11.639685020782053
1,1024,3,63,11.552160263061523,11.575978947803378
1,1024,4,1,14.423711776733398,14.450435002800077
1,1024,4,2,11.75171184539795,11.777312029153109
1,1024,4,3,11.599935531616211,11.623665981460363
1,1024,4,4,11.603584289550781,11.627571017015725
1,1024,4,5,11.650527954101562,11.674706009216607
1,1024,4,6,11.5480318069458,11.572601972147822
1,1024,4,7,11.66483211517334,11.689583014231175
1,1024,4,8,11.635871887207031,11.659553973004222
1,1024,4,9,11.623711585998535,11.647003993857652
1,1024,4,10,11.579456329345703,11.603150982409716
1,1024,4,11,11.65062427520752,11.673594010062516
1,1024,4,12,11.61622428894043,11.640248005278409
1,1024,4,13,11.564160346984863,11.588215013034642
1,1024,4,14,11.690912246704102,11.714580992702395
1,1024,4,15,11.700384140014648,11.724378040526062
1,1024,4,16,11.611968040466309,11.63471199106425
1,1024,4,17,11.618464469909668,11.64213998708874
1,1024,4,18,11.760255813598633,11.783863010350615
1,1024,4,19,11.6179838180542,11.642050987575203
1,1024,4,20,11.603455543518066,11.627714964561164
1,1024,4,21,11.586655616760254,11.609815992414951
1,1024,4,22,11.654720306396484,11.678297014441341
1,1024,4,23,11.539520263671875,11.563735024537891
1,1024,4,24,11.601183891296387,11.624842998571694
1,1024,4,25,11.510239601135254,11.532651027664542
1,1024,4,26,11.556960105895996,11.580428981687874
1,1024,4,27,11.564607620239258,11.58764399588108
1,1024,4,28,11.580639839172363,11.604559957049787
1,1024,4,29,11.574591636657715,11.59775402629748
1,1024,4,30,11.557503700256348,11.580630962271243
1,1024,4,31,11.520383834838867,11.544616019818932
1,1024,4,32,11.693535804748535,11.716545035596937
1,1024,4,33,11.571423530578613,11.594746029004455
1,1024,4,34,11.613439559936523,11.636901996098459
1,1024,4,35,11.520031929016113,11.544189997948706
1,1024,4,36,11.48624038696289,11.509508010931313
1,1024,4,37,11.544159889221191,11.567155946977437
1,1024,4,38,11.568063735961914,11.591285991016775
1,1024,4,39,11.537247657775879,11.560234008356929
1,1024,4,40,11.426239967346191,11.44888496492058
1,1024,4,41,11.569439888000488,11.592007998842746
1,1024,4,42,11.477151870727539,11.500975000672042
1,1024,4,43,11.395584106445312,11.419163958635181
1,1024,4,44,11.415552139282227,11.439205962233245
1,1024,4,45,11.418208122253418,11.446819000411779
1,1024,4,46,11.44758415222168,11.470627970993519
1,1024,4,47,11.430912017822266,11.45378197543323
1,1024,4,48,11.41817569732666,11.44163601566106
1,1024,4,49,11.45952033996582,11.482967005576938
1,1024,4,50,11.549440383911133,11.57238899031654
1,1024,4,51,11.443519592285156,11.466519034001976
1,1024,4,52,11.472415924072266,11.49524498032406
1,1024,4,53,11.48300838470459,11.506831971928477
1,1024,4,54,11.506367683410645,11.52983499923721
1,1024,4,55,11.406271934509277,11.429484991822392
1,1024,4,56,11.345696449279785,11.368515028152615
1,1024,4,57,11.347840309143066,11.370808992069215
1,1024,4,58,11.25932788848877,11.282115010544658
1,1024,4,59,11.347904205322266,11.371737986337394
1,1024,4,60,11.321087837219238,11.344411002937704
1,1024,4,61,11.385567665100098,11.408792983274907
1,1024,4,62,11.393183708190918,11.416047986131161
1,1024,4,63,11.366432189941406,11.389905994292349
1,1024,5,1,13.087424278259277,13.112385990098119
1,1024,5,2,12.898143768310547,12.922779016662389
1,1024,5,3,12.052831649780273,12.076879036612809
1,1024,5,4,11.499584197998047,11.523526976816356
1,1024,5,5,11.489472389221191,11.513678007759154
1,1024,5,6,11.481856346130371,11.505756003316492
1,1024,5,7,11.510144233703613,11.534382996615022
1,1024,5,8,11.434816360473633,11.459861998446286
1,1024,5,9,11.473407745361328,11.497211002279073
1,1024,5,10,11.408576011657715,11.432002007495612
1,1024,5,11,11.413472175598145,11.437123990617692
1,1024,5,12,11.41209602355957,11.435622000135481
1,1024,5,13,11.447456359863281,11.470756027847528
1,1024,5,14,11.404928207397461,11.42853801138699
1,1024,5,15,11.41875171661377,11.442287010140717
1,1024,5,16,11.411487579345703,11.43551297718659
1,1024,5,17,11.408608436584473,11.432714003603905
1,1024,5,18,11.415871620178223,11.439844034612179
1,1024,5,19,11.510720252990723,11.5349690313451
1,1024,5,20,11.401151657104492,11.425281991250813
1,1024,5,21,11.40236759185791,11.425718024838716
1,1024,5,22,11.443231582641602,11.467482021544129
1,1024,5,23,11.423583984375,11.449728976003826
1,1024,5,24,11.435232162475586,11.459547036793083
1,1024,5,25,11.350879669189453,11.374895984772593
1,1024,5,26,11.459263801574707,11.482805013656616
1,1024,5,27,11.412927627563477,11.43641903763637
1,1024,5,28,11.42307186126709,11.446545016951859
1,1024,5,29,11.443840026855469,11.46760699339211
1,1024,5,30,11.413344383239746,11.437234003096819
1,1024,5,31,11.381855964660645,11.406583013013005
1,1024,5,32,11.468064308166504,11.492043966427445
1,1024,5,33,11.492799758911133,11.516850034240633
1,1024,5,34,11.439583778381348,11.46379200508818
1,1024,5,35,11.433247566223145,11.456676002126187
1,1024,5,36,11.32755184173584,11.351673980243504
1,1024,5,37,11.467231750488281,11.491034994833171
1,1024,5,38,11.416128158569336,11.439981055445969
1,1024,5,39,11.365663528442383,11.38927199644968
1,1024,5,40,11.345120429992676,11.36965403566137
1,1024,5,41,11.325599670410156,11.348987987730652
1,1024,5,42,11.342592239379883,11.366003949660808
1,1024,5,43,11.344320297241211,11.367934988811612
1,1024,5,44,11.374048233032227,11.397933994885534
1,1024,5,45,11.30793571472168,11.331137968227267
1,1024,5,46,11.332320213317871,11.355097987689078
1,1024,5,47,11.41590404510498,11.439296999014914
1,1024,5,48,11.375040054321289,11.399776034522802
1,1024,5,49,11.60035228729248,11.624059989117086
1,1024,5,50,11.419903755187988,11.443352967035025
1,1024,5,51,11.262880325317383,11.286686989478767
1,1024,5,52,11.405823707580566,11.429254023823887
1,1024,5,53,11.356415748596191,11.379973031580448
1,1024,5,54,11.381024360656738,11.403916985727847
1,1024,5,55,11.455936431884766,11.479070002678782
1,1024,5,56,11.369664192199707,11.392746993806213
1,1024,5,57,11.367584228515625,11.390639003366232
1,1024,5,58,11.302816390991211,11.326298990752548
1,1024,5,59,11.420191764831543,11.444244009908289
1,1024,5,60,11.39305591583252,11.416617955546826
1,1024,5,61,11.446240425109863,11.470152996480465
1,1024,5,62,11.407967567443848,11.433164007030427
1,1024,5,63,11.296640396118164,11.320881021674722
1,1024,6,1,11.804991722106934,11.837615049444139
1,1024,6,2,11.59228801727295,11.615939962211996
1,1024,6,3,11.397503852844238,11.42056001117453
1,1024,6,4,11.401535987854004,11.425376986153424
1,1024,6,5,11.443039894104004,11.467100004665554
1,1024,6,6,11.501440048217773,11.52442500460893
1,1024,6,7,11.862239837646484,11.885869957040995
1,1024,6,8,11.511455535888672,11.535048019140959
1,1024,6,9,11.504192352294922,11.527861002832651
1,1024,6,10,11.609375953674316,11.6323460242711
1,1024,6,11,11.545023918151855,11.568485002499074
1,1024,6,12,11.569503784179688,11.592997005209327
1,1024,6,13,11.508959770202637,11.532493983395398
1,1024,6,14,11.435296058654785,11.458972992841154
1,1024,6,15,11.5217924118042,11.545150016900152
1,1024,6,16,11.512288093566895,11.53581403195858
1,1024,6,17,11.479999542236328,11.503374029416591
1,1024,6,18,11.442239761352539,11.465294985100627
1,1024,6,19,11.565247535705566,11.588537017814815
1,1024,6,20,11.495552062988281,11.518934974446893
1,1024,6,21,11.542400360107422,11.565662978682667
1,1024,6,22,11.506879806518555,11.53087301645428
1,1024,6,23,11.489279747009277,11.512704018969089
1,1024,6,24,11.532735824584961,11.556526995263994
1,1024,6,25,11.592864036560059,11.61632698494941
1,1024,6,26,11.547616004943848,11.5708889788948
1,1024,6,27,11.496159553527832,11.519610008690506
1,1024,6,28,11.508928298950195,11.532206961419433
1,1024,6,29,11.575615882873535,11.599123012274504
1,1024,6,30,11.575103759765625,11.59926800755784
1,1024,6,31,11.438624382019043,11.461501999292523
1,1024,6,32,11.50153636932373,11.525288980919868
1,1024,6,33,11.559871673583984,11.583166022319347
1,1024,6,34,11.568384170532227,11.591308983042836
1,1024,6,35,11.539072036743164,11.56246301252395
1,1024,6,36,11.463104248046875,11.487030948046595
1,1024,6,37,11.498623847961426,11.521809035912156
1,1024,6,38,11.45798397064209,11.481257970444858
1,1024,6,39,11.425600051879883,11.449456971604377
1,1024,6,40,11.457183837890625,11.48031500633806
1,1024,6,41,11.475808143615723,11.499079002533108
1,1024,6,42,11.527935981750488,11.551135976333171
1,1024,6,43,11.56067180633545,11.583873012568802
1,1024,6,44,11.478912353515625,11.502513953018934
1,1024,6,45,11.464096069335938,11.487797019071877
1,1024,6,46,11.49443244934082,11.517477978486568
1,1024,6,47,11.471776008605957,11.495118960738182
1,1024,6,48,11.449440002441406,11.472786020021886
1,1024,6,49,11.485631942749023,11.508839030284435
1,1024,6,50,11.52678394317627,11.550096969585866
1,1024,6,51,11.386943817138672,11.416403984185308
1,1024,6,52,11.460960388183594,11.4846850046888
1,1024,6,53,11.39129638671875,11.41500601079315
1,1024,6,54,11.46332836151123,11.485800961963832
1,1024,6,55,11.452896118164062,11.475823004730046
1,1024,6,56,11.441184043884277,11.464765993878245
1,1024,6,57,11.480511665344238,11.503953021019697
1,1024,6,58,11.694175720214844,11.717599991243333
1,1024,6,59,11.508511543273926,11.533207958564162
1,1024,6,60,11.524031639099121,11.547126981895417
1,1024,6,61,11.774463653564453,11.798098043072969
1,1024,6,62,11.626591682434082,11.650602973531932
1,1024,6,63,11.512639999389648,11.536011996213347
1,4096,0,1,19.563039779663086,19.589775009080768
1,4096,0,2,16.71251106262207,16.737852012738585
1,4096,0,3,16.823488235473633,16.84961299179122
1,4096,0,4,13.206496238708496,13.233978999778628
1,4096,0,5,16.030176162719727,16.054964973591268
1,4096,0,6,18.118879318237305,18.14260403625667
1,4096,0,7,18.2542724609375,18.277746974490583
1,4096,0,8,18.567359924316406,18.591374973766506
1,4096,0,9,18.540607452392578,18.565081991255283
1,4096,0,10,18.52617645263672,18.55167798930779
1,4096,0,11,18.13363265991211,18.159130006097257
1,4096,0,12,17.829408645629883,17.854468955192715
1,4096,0,13,17.6810245513916,17.705762991681695
1,4096,0,14,17.71753692626953,17.741971998475492
1,4096,0,15,17.81737518310547,17.84207095624879
1,4096,0,16,17.755680084228516,17.78013404691592
1,4096,0,17,17.570783615112305,17.595626995898783
1,4096,0,18,17.438688278198242,17.467394995037466
1,4096,0,19,17.441280364990234,17.46543199988082
1,4096,0,20,17.24118423461914,17.265722039155662
1,4096,0,21,17.007328033447266,17.03167997766286
1,4096,0,22,17.459487915039062,17.484145995695144
1,4096,0,23,17.582719802856445,17.60740199824795
1,4096,0,24,17.725248336791992,17.75472902227193
1,4096,0,25,17.672832489013672,17.697280971333385
1,4096,0,26,17.261152267456055,17.28563103824854
1,4096,0,27,17.081727981567383,17.1059780404903
1,4096,0,28,16.71855926513672,16.742415027692914
1,4096,0,29,16.3687686920166,16.39315695501864
1,4096,0,30,16.320127487182617,16.34455198654905
1,4096,0,31,16.222848892211914,16.24749496113509
1,4096,0,32,16.317087173461914,16.346674994565547
1,4096,0,33,16.835872650146484,16.86085801338777
1,4096,0,34,16.781951904296875,16.806043044198304
1,4096,0,35,16.514944076538086,16.539755044505
1,4096,0,36,16.513856887817383,16.539464006200433
1,4096,0,37,16.356351852416992,16.380704997573048
1,4096,0,38,16.085407257080078,16.109510033857077
1,4096,0,39,16.51865577697754,16.543380974326283
1,4096,0,40,16.181184768676758,16.205847961828113
1,4096,0,41,15.877375602722168,15.901367005426437
1,4096,0,42,16.057600021362305,16.081686015240848
1,4096,0,43,16.1362247467041,16.161044011823833
1,4096,0,44,16.06172752380371,16.086401999928057
1,4096,0,45,15.692031860351562,15.716744994278997
1,4096,0,46,15.60313606262207,15.627824002876878
1,4096,0,47,15.505472183227539,15.531096025370061
1,4096,0,48,15.462240219116211,15.487933997064829
1,4096,0,49,15.65833568572998,15.68346400745213
1,4096,0,50,15.559040069580078,15.583349973894656
1,4096,0,51,15.610976219177246,15.634775976650417
1,4096,0,52,15.612832069396973,15.638092008884996
1,4096,0,53,15.56777572631836,15.592454990837723
1,4096,0,54,15.276800155639648,15.301519015338272
1,4096,0,55,15.144767761230469,15.170162019785494
1,4096,0,56,15.168095588684082,15.192158985882998
1,4096,0,57,14.978367805480957,15.00255597056821
1,4096,0,58,15.015135765075684,15.039624006021768
1,4096,0,59,14.979392051696777,15.004165994469076
1,4096,0,60,15.01587200164795,15.04044997273013
1,4096,0,61,14.991999626159668,15.016624995041639
1,4096,0,62,15.01142406463623,15.036184980999678
1,4096,0,63,15.00160026550293,15.026968030724674
1,4096,1,1,28.17804718017578,28.207630035467446
1,4096,1,2,19.371360778808594,19.3968890234828
1,4096,1,3,16.47577667236328,16.50047698058188
1,4096,1,4,13.30515193939209,13.329377048648894
1,4096,1,5,12.449024200439453,12.47335399966687
1,4096,1,6,11.66703987121582,11.690924991853535
1,4096,1,7,11.586560249328613,11.609207023866475
1,4096,1,8,11.456928253173828,11.481177003588527
1,4096,1,9,11.44048023223877,11.464103998150676
1,4096,1,10,11.473664283752441,11.497176019474864
1,4096,1,11,11.435551643371582,11.459174973424524
1,4096,1,12,11.430591583251953,11.453428014647216
1,4096,1,13,11.409119606018066,11.431895021814853
1,4096,1,14,11.481056213378906,11.507866031024605
1,4096,1,15,11.393664360046387,11.416235996875912
1,4096,1,16,11.445088386535645,11.469296994619071
1,4096,1,17,11.594016075134277,11.617378972005099
1,4096,1,18,11.476832389831543,11.500787979457527
1,4096,1,19,11.43075180053711,11.454333027359098
1,4096,1,20,11.495295524597168,11.51808799477294
1,4096,1,21,11.445504188537598,11.468860961031169
1,4096,1,22,11.508576393127441,11.531707015819848
1,4096,1,23,11.426207542419434,11.449317971710116
1,4096,1,24,11.453856468200684,11.476952000521123
1,4096,1,25,11.442975997924805,11.46580302156508
1,4096,1,26,11.457344055175781,11.4806400379166
1,4096,1,27,11.696800231933594,11.720613983925432
1,4096,1,28,11.428832054138184,11.452334991190583
1,4096,1,29,11.391615867614746,11.414426029659808
1,4096,1,30,11.419872283935547,11.443577008321881
1,4096,1,31,11.405599594116211,11.428483994677663
1,4096,1,32,11.41097640991211,11.434668966103345
1,4096,1,33,11.457632064819336,11.480982997454703
1,4096,1,34,11.502304077148438,11.525649984832853
1,4096,1,35,11.541407585144043,11.565898021217436
1,4096,1,36,11.895551681518555,11.92225405247882
1,4096,1,37,11.370400428771973,11.395917041227221
1,4096,1,38,11.434944152832031,11.457766988314688
1,4096,1,39,11.328160285949707,11.351477005518973
1,4096,1,40,11.568320274353027,11.592080001719296
1,4096,1,41,11.61900806427002,11.642235971521586
1,4096,1,42,11.7225923538208,11.746244970709085
1,4096,1,43,11.635552406311035,11.659029987640679
1,4096,1,44,11.698623657226562,11.72224699985236
1,4096,1,45,11.628288269042969,11.652516026515514
1,4096,1,46,11.668160438537598,11.691447987686843
1,4096,1,47,11.650336265563965,11.67267601704225
1,4096,1,48,11.649087905883789,11.672385036945343
1,4096,1,49,11.68387222290039,11.706931982189417
1,4096,1,50,11.63036823272705,11.653327033855021
1,4096,1,51,11.686623573303223,11.709414015058428
1,4096,1,52,11.667712211608887,11.690808983985335
1,4096,1,53,11.588479995727539,11.612169968429953
1,4096,1,54,11.689184188842773,11.71342097222805
1,4096,1,55,11.66652774810791,11.690065963193774
1,4096,1,56,11.685983657836914,11.70994498534128
1,4096,1,57,11.855039596557617,11.8786710081622
1,4096,1,58,12.047712326049805,12.071128003299236
1,4096,1,59,12.01193618774414,12.03566900221631
1,4096,1,60,12.886015892028809,12.91506498819217
1,4096,1,61,12.156895637512207,12.1815400198102
1,4096,1,62,12.043071746826172,12.06767198164016
1,4096,1,63,12.034111976623535,12.057721032761037
1,4096,2,1,19.478944778442383,19.51030403142795
1,4096,2,2,16.340160369873047,16.364618961233646
1,4096,2,3,14.500927925109863,14.525794016662985
1,4096,2,4,13.870240211486816,13.894575997255743
1,4096,2,5,13.517279624938965,13.542088971007615
1,4096,2,6,13.191712379455566,13.216255989391357
1,4096,2,7,13.87769603729248,13.90281697968021
1,4096,2,8,14.05014419555664,14.074468985199928
1,4096,2,9,14.19711971282959,14.221694029401988
1,4096,2,10,14.437727928161621,14.462098013609648
1,4096,2,11,14.448063850402832,14.472469978500158
1,4096,2,12,14.461759567260742,14.486948028206825
1,4096,2,13,14.430496215820312,14.455067983362824
1,4096,2,14,14.48095989227295,14.505987986922264
1,4096,2,15,14.45849609375,14.483317034319043
1,4096,2,16,14.369600296020508,14.394169964361936
1,4096,2,17,14.332063674926758,14.356037019751966
1,4096,2,18,14.339200019836426,14.363423979375511
1,4096,2,19,14.32367992401123,14.347874035593122
1,4096,2,20,14.367712020874023,14.392267970833927
1,4096,2,21,14.298368453979492,14.323055977001786
1,4096,2,22,14.350432395935059,14.375024009495974
1,4096,2,23,14.331775665283203,14.356278988998383
1,4096,2,24,14.403648376464844,14.427846996113658
1,4096,2,25,14.359552383422852,14.38324002083391
1,4096,2,26,14.37996768951416,14.40449000801891
1,4096,2,27,14.226048469543457,14.250132022425532
1,4096,2,28,14.3090238571167,14.333255006931722
1,4096,2,29,14.271488189697266,14.296376961283386
1,4096,2,30,14.217951774597168,14.242323988582939
1,4096,2,31,14.187583923339844,14.212656009476632
1,4096,2,32,14.145919799804688,14.170590962748975
1,4096,2,33,14.158687591552734,14.183282037265599
1,4096,2,34,14.273759841918945,14.298124006018043
1,4096,2,35,14.213343620300293,14.23803495708853
1,4096,2,36,14.272895812988281,14.299686008598655
1,4096,2,37,14.335776329040527,14.36275098240003
1,4096,2,38,14.370976448059082,14.395910955499858
1,4096,2,39,14.297087669372559,14.322558999992907
1,4096,2,40,14.349472045898438,14.3745859968476
1,4096,2,41,14.286591529846191,14.311681035906076
1,4096,2,42,14.339872360229492,14.363928989041597
1,4096,2,43,14.320063591003418,14.344775001518428
1,4096,2,44,14.447487831115723,14.472845999989659
1,4096,2,45,14.2489595413208,14.273715030867606
1,4096,2,46,14.29372787475586,14.317958964966238
1,4096,2,47,14.263903617858887,14.288628997746855
1,4096,2,48,14.182592391967773,14.20699100708589
1,4096,2,49,14.265791893005371,14.290413004346192
1,4096,2,50,14.26211166381836,14.286503021139652
1,4096,2,51,14.250880241394043,14.275051013100892
1,4096,2,52,14.177023887634277,14.2017180332914
1,4096,2,53,14.267999649047852,14.292969019152224
1,4096,2,54,14.251903533935547,14.27606400102377
1,4096,2,55,14.261119842529297,14.285087992902845
1,4096,2,56,14.329983711242676,14.354215003550053
1,4096,2,57,14.28486442565918,14.309680031146854
1,4096,2,58,14.496479988098145,14.521168021019548
1,4096,2,59,14.460479736328125,14.484364015515894
1,4096,2,60,14.489567756652832,14.514112961478531
1,4096,2,61,14.400575637817383,14.424457040149719
1,4096,2,62,14.331744194030762,14.35647503240034
1,4096,2,63,14.340991973876953,14.366815972607583
1,4096,3,1,27.740991592407227,27.767463005147874
1,4096,3,2,19.27350425720215,19.297785009257495
1,4096,3,3,16.13372802734375,16.16127701709047
1,4096,3,4,15.813504219055176,15.839632018469274
1,4096,3,5,14.642911911010742,14.668232994154096
1,4096,3,6,14.363103866577148,14.387473987881094
1,4096,3,7,14.070143699645996,14.094682002905756
1,4096,3,8,13.966431617736816,13.991294021252543
1,4096,3,9,13.85865592956543,13.882994011510164
1,4096,3,10,13.861056327819824,13.885890017263591
1,4096,3,11,13.82198429107666,13.846919988282025
1,4096,3,12,13.851615905761719,13.875985983759165
1,4096,3,13,13.834912300109863,13.859911996405572
1,4096,3,14,13.764543533325195,13.788627984467894
1,4096,3,15,13.846240043640137,13.86999897658825
1,4096,3,16,13.847871780395508,13.872955983970314
1,4096,3,17,13.842720031738281,13.866484980098903
1,4096,3,18,13.828543663024902,13.852189003955573
1,4096,3,19,13.827168464660645,13.85176699841395
1,4096,3,20,13.782400131225586,13.806467002723366
1,4096,3,21,13.66643238067627,13.690742023754865
1,4096,3,22,13.72009563446045,13.744257972575724
1,4096,3,23,13.696224212646484,13.720886025112122
1,4096,3,24,13.782976150512695,13.807762006763369
1,4096,3,25,13.7259521484375,13.750231999438256
1,4096,3,26,13.766719818115234,13.79095099400729
1,4096,3,27,13.712063789367676,13.736783992499113
1,4096,3,28,13.788479804992676,13.813292956911027
1,4096,3,29,13.812288284301758,13.837712991517037
1,4096,3,30,13.860896110534668,13.886339031159878
1,4096,3,31,13.798687934875488,13.822848966810852
1,4096,3,32,13.82595157623291,13.850134040694684
1,4096,3,33,13.829919815063477,13.85494600981474
1,4096,3,34,13.877440452575684,13.902672042604536
1,4096,3,35,13.77683162689209,13.802210974972695
1,4096,3,36,13.728927612304688,13.753217994235456
1,4096,3,37,13.684800148010254,13.708901009522378
1,4096,3,38,13.700096130371094,13.724557997193187
1,4096,3,39,13.61952018737793,13.644176011439413
1,4096,3,40,13.67955207824707,13.704053999390453
1,4096,3,41,13.670623779296875,13.694958004634827
1,4096,3,42,13.744928359985352,13.768985983915627
1,4096,3,43,13.693599700927734,13.717736990656704
1,4096,3,44,13.731488227844238,13.755361025687307
1,4096,3,45,13.693568229675293,13.717901019845158
1,4096,3,46,13.72326374053955,13.747268007136881
1,4096,3,47,13.72771167755127,13.752477010712028
1,4096,3,48,13.717087745666504,13.741620990913361
1,4096,3,49,13.740447998046875,13.765539973974228
1,4096,3,50,13.705535888671875,13.72935000108555
1,4096,3,51,13.648032188415527,13.67294997908175
1,4096,3,52,13.534367561340332,13.559432001784444
1,4096,3,53,13.53878402709961,13.563143031205982
1,4096,3,54,13.546431541442871,13.570782961323857
1,4096,3,55,13.57040023803711,13.59481003601104
1,4096,3,56,13.583488464355469,13.608186040073633
1,4096,3,57,13.596863746643066,13.621233985759318
1,4096,3,58,13.617440223693848,13.641545025166124
1,4096,3,59,13.640128135681152,13.66463303565979
1,4096,3,60,13.745344161987305,13.76992801669985
1,4096,3,61,13.840800285339355,13.864753011148423
1,4096,3,62,13.837920188903809,13.861773011740297
1,4096,3,63,13.701727867126465,13.726337987463921
1,4096,4,1,21.293216705322266,21.3196849799715
1,4096,4,2,17.745344161987305,17.77005899930373
1,4096,4,3,15.58681583404541,15.611575974617153
1,4096,4,4,14.523520469665527,14.547863975167274
1,4096,4,5,13.91823959350586,13.942812976893038
1,4096,4,6,13.969599723815918,13.993427040986717
1,4096,4,7,13.65459156036377,13.678879011422396
1,4096,4,8,13.548992156982422,13.573030999395996
1,4096,4,9,13.378399848937988,13.402619049884379
1,4096,4,10,13.356224060058594,13.381064985878766
1,4096,4,11,13.226207733154297,13.251386990305036
1,4096,4,12,13.271903991699219,13.296163990162313
1,4096,4,13,13.240991592407227,13.265913003124297
1,4096,4,14,13.266271591186523,13.291106035467237
1,4096,4,15,13.251296043395996,13.275909994263202
1,4096,4,16,13.298399925231934,13.32306198310107
1,4096,4,17,13.305312156677246,13.329976995009929
1,4096,4,18,13.30457592010498,13.328390021342784
1,4096,4,19,13.282560348510742,13.307422981597483
1,4096,4,20,13.302207946777344,13.326379004865885
1,4096,4,21,13.221823692321777,13.246388989500701
1,4096,4,22,13.340928077697754,13.364992977585644
1,4096,4,23,13.255616188049316,13.280389015562832
1,4096,4,24,13.38419246673584,13.409023988060653
1,4096,4,25,13.289119720458984,13.31386697711423
1,4096,4,26,13.248703956604004,13.272735988721251
1,4096,4,27,13.177984237670898,13.202261994592845
1,4096,4,28,13.226335525512695,13.250429008621722
1,4096,4,29,13.200384140014648,13.225678005255759
1,4096,4,30,13.20041561126709,13.224983005784452
1,4096,4,31,13.141568183898926,13.166074000764638
1,4096,4,32,13.19702434539795,13.221761037129909
1,4096,4,33,13.21123218536377,13.239442021586001
1,4096,4,34,13.300800323486328,13.324934989213943
1,4096,4,35,13.152000427246094,13.175943051464856
1,4096,4,36,13.237919807434082,13.262477004900575
1,4096,4,37,13.209152221679688,13.233256002422422
1,4096,4,38,13.279359817504883,13.303986983373761
1,4096,4,39,13.225343704223633,13.249384006485343
1,4096,4,40,13.280223846435547,13.30488600069657
1,4096,4,41,13.141632080078125,13.166157994419336
1,4096,4,42,13.24841594696045,13.272201002109796
1,4096,4,43,13.218591690063477,13.242196990177035
1,4096,4,44,13.293439865112305,13.317464967258275
1,4096,4,45,13.204480171203613,13.228516967501491
1,4096,4,46,13.279999732971191,13.304083026014268
1,4096,4,47,13.279295921325684,13.303198968060315
1,4096,4,48,13.286080360412598,13.310940994415432
1,4096,4,49,13.312959671020508,13.336941017769277
1,4096,4,50,13.226752281188965,13.250955962575972
1,4096,4,51,13.24015998840332,13.264295004773885
1,4096,4,52,13.218239784240723,13.242434011772275
1,4096,4,53,13.27939224243164,13.303930987603962
1,4096,4,54,13.244959831237793,13.270064955577254
1,4096,4,55,13.2161283493042,13.24089796980843
1,4096,4,56,13.282624244689941,13.306758017279208
1,4096,4,57,13.27791976928711,13.301968981977552
1,4096,4,58,13.336928367614746,13.360874028876424
1,4096,4,59,13.292608261108398,13.317623001057655
1,4096,4,60,13.28883171081543,13.31354200374335
1,4096,4,61,13.261983871459961,13.286361005157232
1,4096,4,62,13.296735763549805,13.321515987627208
1,4096,4,63,13.302751541137695,13.327349966857582
1,4096,5,1,21.66281509399414,21.69044502079487
1,4096,5,2,17.682239532470703,17.706933023873717
1,4096,5,3,15.520480155944824,15.545486996416003
1,4096,5,4,14.393312454223633,14.418584003578871
1,4096,5,5,14.242464065551758,14.267185004428029
1,4096,5,6,13.836383819580078,13.861309038475156
1,4096,5,7,13.640640258789062,13.66516697453335
1,4096,5,8,13.542240142822266,13.567663030698895
1,4096,5,9,13.408960342407227,13.433308980893344
1,4096,5,10,13.401951789855957,13.426640012767166
1,4096,5,11,13.345855712890625,13.370109023526311
1,4096,5,12,13.364831924438477,13.388948980718851
1,4096,5,13,13.316384315490723,13.34077405044809
1,4096,5,14,13.362272262573242,13.385594997089356
1,4096,5,15,13.335328102111816,13.361833989620209
1,4096,5,16,13.369983673095703,13.393987028393894
1,4096,5,17,13.17683219909668,13.201023044530302
1,4096,5,18,13.241920471191406,13.265779009088874
1,4096,5,19,13.262304306030273,13.286657980643213
1,4096,5,20,13.293120384216309,13.317585049662739
1,4096,5,21,13.19660758972168,13.221440021879971
1,4096,5,22,13.267200469970703,13.291470997501165
1,4096,5,23,13.277312278747559,13.3018140331842
1,4096,5,24,13.365440368652344,13.389874016866088
1,4096,5,25,13.264512062072754,13.28839099733159
1,4096,5,26,13.28649616241455,13.310599024407566
1,4096,5,27,13.245247840881348,13.268798007629812
1,4096,5,28,13.333600044250488,13.35724297678098
1,4096,5,29,13.329952239990234,13.354140042793006
1,4096,5,30,13.332511901855469,13.357000018004328
1,4096,5,31,13.259552001953125,13.284106040373445
1,4096,5,32,13.230239868164062,13.255044992547482
1,4096,5,33,13.262656211853027,13.286974979564548
1,4096,5,34,13.381728172302246,13.406997022684664
1,4096,5,35,13.293472290039062,13.318309967871755
1,4096,5,36,13.350336074829102,13.377087016124278
1,4096,5,37,13.2957763671875,13.32034298684448
1,4096,5,38,13.347423553466797,13.372033019550145
1,4096,5,39,13.293439865112305,13.318081037141383
1,4096,5,40,13.368224143981934,13.392698019742966
1,4096,5,41,13.30515193939209,13.330048997886479
1,4096,5,42,13.385567665100098,13.410218001808971
1,4096,5,43,13.33017635345459,13.354950991924852
1,4096,5,44,13.361599922180176,13.386584992986172
1,4096,5,45,13.293184280395508,13.317281031049788
1,4096,5,46,13.334815979003906,13.359137054067105
1,4096,5,47,13.363743782043457,13.388752995524555
1,4096,5,48,13.379712104797363,13.405341014731675
1,4096,5,49,13.357439994812012,13.382063014432788
1,4096,5,50,13.339103698730469,13.36391898803413
1,4096,5,51,13.347519874572754,13.37302103638649
1,4096,5,52,13.31987190246582,13.345379033125937
1,4096,5,53,13.310976028442383,13.337142998352647
1,4096,5,54,13.38969612121582,13.41559097636491
1,4096,5,55,13.405887603759766,13.431893021333963
1,4096,5,56,13.431424140930176,13.456657994538546
1,4096,5,57,13.361408233642578,13.387395010795444
1,4096,5,58,13.623488426208496,13.649343978613615
1,4096,5,59,13.41312026977539,13.437607034575194
1,4096,5,60,13.377792358398438,13.402985001448542
1,4096,5,61,13.373984336853027,13.398631010204554
1,4096,5,62,13.406144142150879,13.431582017801702
1,4096,5,63,13.368032455444336,13.393211993388832
1,4096,6,1,23.690208435058594,23.719984979834408
1,4096,6,2,20.319040298461914,20.34482400631532
1,4096,6,3,15.758336067199707,15.784296963829547
1,4096,6,4,14.847007751464844,14.872189029119909
1,4096,6,5,14.030688285827637,14.056510990485549
1,4096,6,6,13.904767990112305,13.92955397022888
1,4096,6,7,13.727392196655273,13.751616002991796
1,4096,6,8,13.667872428894043,13.692851003725082
1,4096,6,9,13.60489559173584,13.628829037770629
1,4096,6,10,13.6146240234375,13.639751996379346
1,4096,6,11,13.536735534667969,13.561338011641055
1,4096,6,12,13.580160140991211,13.603988976683468
1,4096,6,13,13.551839828491211,13.576259952969849
1,4096,6,14,13.573439598083496,13.59783997759223
1,4096,6,15,13.576064109802246,13.60022003063932
1,4096,6,16,13.585887908935547,13.60996498260647
1,4096,6,17,13.565759658813477,13.590565009508282
1,4096,6,18,13.55174446105957,13.576704019214958
1,4096,6,19,13.57919979095459,13.603397004771978
1,4096,6,20,13.575072288513184,13.611503003630787
1,4096,6,21,13.647680282592773,13.692372012883425
1,4096,6,22,13.565471649169922,13.588804984465241
1,4096,6,23,13.554400444030762,13.578812999185175
1,4096,6,24,13.63152027130127,13.655807997565717
1,4096,6,25,13.546943664550781,13.570590992458165
1,4096,6,26,13.600895881652832,13.62522697309032
1,4096,6,27,13.588159561157227,13.612470007501543
1,4096,6,28,13.635519981384277,13.659686024766415
1,4096,6,29,13.60752010345459,13.631236040964723
1,4096,6,30,13.626432418823242,13.65384500240907
1,4096,6,31,13.609855651855469,13.633469003252685
1,4096,6,32,13.594752311706543,13.62005400005728
1,4096,6,33,13.611424446105957,13.635840034112334
1,4096,6,34,13.652704238891602,13.676144008059055
1,4096,6,35,13.591520309448242,13.615758973173797
1,4096,6,36,13.636063575744629,13.660783995874226
1,4096,6,37,13.590239524841309,13.613998016808182
1,4096,6,38,13.624959945678711,13.649083964992315
1,4096,6,39,13.579487800598145,13.605439977254719
1,4096,6,40,13.637727737426758,13.66187201347202
1,4096,6,41,13.590720176696777,13.615162984933704
1,4096,6,42,13.663455963134766,13.687622034922242
1,4096,6,43,13.629664421081543,13.653821020852774
1,4096,6,44,13.673151969909668,13.697057031095028
1,4096,6,45,13.612256050109863,13.636537012644112
1,4096,6,46,13.650912284851074,13.675390044227242
1,4096,6,47,13.68899154663086,13.712696032598615
1,4096,6,48,13.643199920654297,13.667069026269019
1,4096,6,49,13.62604808807373,13.650308013893664
1,4096,6,50,13.60643196105957,13.630136963911355
1,4096,6,51,13.6212158203125,13.6458549532108
1,4096,6,52,13.59721565246582,13.62148899352178
1,4096,6,53,13.632736206054688,13.656771974638104
1,4096,6,54,13.598912239074707,13.622905011288822
1,4096,6,55,13.641280174255371,13.665197999216616
1,4096,6,56,13.690303802490234,13.71504197595641
1,4096,6,57,13.656224250793457,13.680247007869184
1,4096,6,58,13.683551788330078,13.707997975870967
1,4096,6,59,13.660415649414062,13.685084995813668
1,4096,6,60,13.703455924987793,13.727242010645568
1,4096,6,61,13.680928230285645,13.705241028219461
1,4096,6,62,13.719103813171387,13.74412002041936
1,4096,6,63,13.70252799987793,13.727000972721726
8,128,0,1,21.591039657592773,21.61581302061677
8,128,0,2,16.724960327148438,16.749322006944567
8,128,0,3,14.266016006469727,14.28944303188473
8,128,0,4,13.011391639709473,13.035297975875437
8,128,0,5,12.464096069335938,12.490386026911438
8,128,0,6,12.203359603881836,12.227061961311847
8,128,0,7,11.926527976989746,11.950667016208172
8,128,0,8,11.918432235717773,11.942502052988857
8,128,0,9,11.86787223815918,11.891690024640411
8,128,0,10,11.811455726623535,11.835262004751712
8,128,0,11,11.768863677978516,11.793128040153533
8,128,0,12,11.765503883361816,11.790263990405947
8,128,0,13,11.776927947998047,11.800189036875963
8,128,0,14,11.795552253723145,11.818478989880532
8,128,0,15,11.788415908813477,11.811553034931421
8,128,0,16,11.808768272399902,11.833150987513363
8,128,0,17,11.811712265014648,11.83585001854226
8,128,0,18,11.778400421142578,11.802720022387803
8,128,0,19,11.774911880493164,11.798616033047438
8,128,0,20,11.868127822875977,11.891682050190866
8,128,0,21,11.854368209838867,11.877713957801461
8,128,0,22,11.76643180847168,11.789946001954377
8,128,0,23,11.836735725402832,11.860973958391696
8,128,0,24,11.802080154418945,11.826294008642435
8,128,0,25,11.81123161315918,11.835594021249563
8,128,0,26,11.784543991088867,11.808229959569871
8,128,0,27,12.010272026062012,12.034428014885634
8,128,0,28,11.866496086120605,11.890683032106608
8,128,0,29,11.873408317565918,11.897213000338525
8,128,0,30,11.917728424072266,11.94211101392284
8,128,0,31,11.866944313049316,11.890744033735245
8,128,0,32,11.917728424072266,11.941711010877043
8,128,0,33,11.856127738952637,11.879577999934554
8,128,0,34,11.858495712280273,11.882595019415021
8,128,0,35,11.923711776733398,11.94716797908768
8,128,0,36,11.907872200012207,11.931454995647073
8,128,0,37,11.91971206665039,11.94320002105087
8,128,0,38,11.872159957885742,11.895904957782477
8,128,0,39,11.917023658752441,11.941173986997455
8,128,0,40,11.880224227905273,11.904581973794848
8,128,0,41,11.944255828857422,11.968103994149715
8,128,0,42,11.956192016601562,11.97985903127119
8,128,0,43,11.970175743103027,11.993584979791194
8,128,0,44,11.929471969604492,11.953371984418482
8,128,0,45,12.009535789489746,12.033683015033603
8,128,0,46,11.933504104614258,11.956915026530623
8,128,0,47,11.992064476013184,12.015648011583835
8,128,0,48,11.968576431274414,11.99228799669072
8,128,0,49,12.036447525024414,12.060009990818799
8,128,0,50,12.006912231445312,12.030948011670262
8,128,0,51,11.97372817993164,11.998080997727811
8,128,0,52,12.02131175994873,12.04537897137925
8,128,0,53,11.99516773223877,12.019180983770639
8,128,0,54,12.032447814941406,12.056350999046117
8,128,0,55,11.969247817993164,11.992679035756737
8,128,0,56,12.023712158203125,12.047429976519197
8,128,0,57,11.964927673339844,11.988744023256004
8,128,0,58,12.012960433959961,12.036270054522902
8,128,0,59,12.026975631713867,12.050278019160032
8,128,0,60,12.031840324401855,12.055790983140469
8,128,0,61,12.020607948303223,12.044064002111554
8,128,0,62,12.129887580871582,12.154077994637191
8,128,0,63,12.168448448181152,12.192559021059424
8,128,1,1,20.660192489624023,20.686536037828773
8,128,1,2,17.226560592651367,17.251007026061416
8,128,1,3,14.105952262878418,14.130220981314778
8,128,1,4,13.205504417419434,13.230241020210087
8,128,1,5,12.894463539123535,12.918715015985072
8,128,1,6,12.557855606079102,12.582144001498818
8,128,1,7,12.051424026489258,12.074672966264188
8,128,1,8,12.042176246643066,12.065664981491864
8,128,1,9,11.868864059448242,11.892760987393558
8,128,1,10,11.888832092285156,11.912672023754567
8,128,1,11,11.86796760559082,11.891346017364413
8,128,1,12,11.84607982635498,11.870263027958572
8,128,1,13,11.923904418945312,11.947910010349005
8,128,1,14,11.81379222869873,11.836622026748955
8,128,1,15,11.72265625,11.747154989279807
8,128,1,16,11.756896018981934,11.780853965319693
8,128,1,17,11.800992012023926,11.82483701268211
8,128,1,18,11.790592193603516,11.814641009550542
8,128,1,19,11.79315185546875,11.816186015494168
8,128,1,20,11.842720031738281,11.866245011333376
8,128,1,21,11.825759887695312,11.848787020426244
8,128,1,22,11.798175811767578,11.822671978734434
8,128,1,23,11.827808380126953,11.851248040329665
8,128,1,24,11.799391746520996,11.823244974948466
8,128,1,25,11.857952117919922,11.881332960911095
8,128,1,26,11.795904159545898,11.81987504241988
8,128,1,27,11.811712265014648,11.835351993795484
8,128,1,28,11.887935638427734,11.911476030945778
8,128,1,29,11.836352348327637,11.859863996505737
8,128,1,30,11.904191970825195,11.928708001505584
8,128,1,31,11.860608100891113,11.884538049343973
8,128,1,32,11.897503852844238,11.921755969524384
8,128,1,33,11.852031707763672,11.876375006977469
8,128,1,34,11.861632347106934,11.886045977007598
8,128,1,35,11.912384033203125,11.936519993469119
8,128,1,36,11.882719993591309,11.906837986316532
8,128,1,37,11.925663948059082,11.949224979616702
8,128,1,38,11.87286376953125,11.896582029294223
8,128,1,39,11.938559532165527,11.961562966462225
8,128,1,40,11.892064094543457,11.915381997823715
8,128,1,41,11.985312461853027,12.00927299214527
8,128,1,42,12.016863822937012,12.040157977025956
8,128,1,43,11.982080459594727,12.006125994957983
8,128,1,44,11.999008178710938,12.022915005218238
8,128,1,45,12.018976211547852,12.042377959005535
8,128,1,46,11.983039855957031,12.006714008748531
8,128,1,47,12.045248031616211,12.069299002178013
8,128,1,48,11.996864318847656,12.020877038594335
8,128,1,49,12.117471694946289,12.141296989284456
8,128,1,50,12.067839622497559,12.092227989342064
8,128,1,51,11.990592002868652,12.014999985694885
8,128,1,52,11.988448143005371,12.012620980385691
8,128,1,53,11.991552352905273,12.01572100399062
8,128,1,54,12.005536079406738,12.02976395143196
8,128,1,55,12.007840156555176,12.03254098072648
8,128,1,56,12.051103591918945,12.075178965460509
8,128,1,57,12.031392097473145,12.054867984261364
8,128,1,58,12.082079887390137,12.105204979889095
8,128,1,59,12.148608207702637,12.172904040198773
8,128,1,60,12.116543769836426,12.140376027673483
8,128,1,61,12.130111694335938,12.153624964412302
8,128,1,62,12.172160148620605,12.196185998618603
8,128,1,63,12.17580795288086,12.199335964396596
8,128,2,1,22.305696487426758,22.333010041620582
8,128,2,2,16.33612823486328,16.3601899985224
8,128,2,3,15.83238410949707,15.856774989515543
8,128,2,4,13.123040199279785,13.1475770031102
8,128,2,5,12.778752326965332,12.802983983419836
8,128,2,6,12.024736404418945,12.049290991853923
8,128,2,7,12.007840156555176,12.031485966872424
8,128,2,8,11.868032455444336,11.892131995409727
8,128,2,9,11.79372787475586,11.817771999631077
8,128,2,10,11.819071769714355,11.843397980555892
8,128,2,11,11.734848022460938,11.758679989725351
8,128,2,12,11.766655921936035,11.790375981945544
8,128,2,13,11.7675199508667,11.790885997470468
8,128,2,14,11.74886417388916,11.77243998972699
8,128,2,15,11.758399963378906,11.782980000134557
8,128,2,16,11.75062370300293,11.774541984777898
8,128,2,17,11.760448455810547,11.784185015130788
8,128,2,18,11.788384437561035,11.812477023340762
8,128,2,19,11.758463859558105,11.782491987105459
8,128,2,20,11.821855545043945,11.845757020637393
8,128,2,21,11.818655967712402,11.842454026918858
8,128,2,22,11.766495704650879,11.790124990511686
8,128,2,23,11.850367546081543,11.873840005137026
8,128,2,24,11.840831756591797,11.865295993629843
8,128,2,25,11.844703674316406,11.868719011545181
8,128,2,26,11.87936019897461,11.903928010724485
8,128,2,27,11.899807929992676,11.924364953301847
8,128,2,28,11.959296226501465,11.983371980022639
8,128,2,29,11.900351524353027,11.923396959900856
8,128,2,30,11.952896118164062,11.977175017818809
8,128,2,31,11.868160247802734,11.892759008333087
8,128,2,32,11.911295890808105,11.935383023228496
8,128,2,33,11.881759643554688,11.906125000678003
8,128,2,34,11.874879837036133,11.89960294868797
8,128,2,35,11.966015815734863,11.990131984930485
8,128,2,36,11.932000160217285,11.9565439526923
8,128,2,37,11.975872039794922,11.999478039797395
8,128,2,38,11.91545581817627,11.939454008825123
8,128,2,39,11.96560001373291,11.988983023911715
8,128,2,40,11.883328437805176,11.911259964108467
8,128,2,41,11.936384201049805,11.960547999478877
8,128,2,42,11.988608360290527,12.012917955871671
8,128,2,43,11.951583862304688,11.975665984209627
8,128,2,44,11.890015602111816,11.914140020962805
8,128,2,45,11.962271690368652,11.98580302298069
8,128,2,46,11.9235200881958,11.952375003602356
8,128,2,47,12.00915241241455,12.036519998218864
8,128,2,48,11.986656188964844,12.011259037535638
8,128,2,49,12.014176368713379,12.038160988595337
8,128,2,50,11.995712280273438,12.020463997032493
8,128,2,51,12.082464218139648,12.10726803401485
8,128,2,52,12.076448440551758,12.100974039640278
8,128,2,53,12.090496063232422,12.114178971387446
8,128,2,54,12.057855606079102,12.082236993592232
8,128,2,55,12.01638412475586,12.040108034852892
8,128,2,56,12.113823890686035,12.137568031903356
8,128,2,57,12.074272155761719,12.098654988221824
8,128,2,58,12.06595230102539,12.090155971236527
8,128,2,59,12.108896255493164,12.13307201396674
8,128,2,60,12.072447776794434,12.096518999896944
8,128,2,61,12.084192276000977,12.108185968827456
8,128,2,62,12.072992324829102,12.096449034288526
8,128,2,63,12.114527702331543,12.138304999098182
8,128,3,1,22.31078338623047,22.33511401573196
8,128,3,2,17.14022445678711,17.164044955279678
8,128,3,3,14.575712203979492,14.599515008740127
8,128,3,4,13.477472305297852,13.501774985343218
8,128,3,5,12.72985553741455,12.754301016684622
8,128,3,6,12.396672248840332,12.420888000633568
8,128,3,7,12.069375991821289,12.093744007870555
8,128,3,8,12.04911994934082,12.073583959136158
8,128,3,9,11.834303855895996,11.858049954753369
8,128,3,10,11.75385570526123,11.778765998315066
8,128,3,11,11.809311866760254,11.832847027108073
8,128,3,12,11.789024353027344,11.812408978585154
8,128,3,13,11.774527549743652,11.798012012150139
8,128,3,14,11.775679588317871,11.800065985880792
8,128,3,15,11.73459243774414,11.759267013985664
8,128,3,16,11.795519828796387,11.824774031993002
8,128,3,17,11.798399925231934,11.821541003882885
8,128,3,18,11.788543701171875,11.811983014922589
8,128,3,19,11.809087753295898,11.832884978502989
8,128,3,20,11.815360069274902,11.839293991215527
8,128,3,21,11.85865592956543,11.882470978889614
8,128,3,22,11.838784217834473,11.862465005833656
8,128,3,23,11.907903671264648,11.93209900520742
8,128,3,24,11.875743865966797,11.899507022462785
8,128,3,25,11.8887357711792,11.91915397066623
8,128,3,26,11.812064170837402,11.835508979856968
8,128,3,27,11.83836841583252,11.861592007335275
8,128,3,28,11.855744361877441,11.879037017934024
8,128,3,29,11.848640441894531,11.871800001244992
8,128,3,30,11.907520294189453,11.931324028410017
8,128,3,31,11.861568450927734,11.885648011229932
8,128,3,32,11.885663986206055,11.910044006071985
8,128,3,33,11.865599632263184,11.889984016306698
8,128,3,34,11.863424301147461,11.88728999113664
8,128,3,35,11.939423561096191,11.963323049712926
8,128,3,36,11.89145565032959,11.915632989257574
8,128,3,37,11.916031837463379,11.940500990021974
8,128,3,38,11.952799797058105,11.976546025834978
8,128,3,39,12.005727767944336,12.029709003400058
8,128,3,40,11.923711776733398,11.94836397189647
8,128,3,41,11.95462417602539,11.97886496083811
8,128,3,42,12.031999588012695,12.055752973537892
8,128,3,43,12.011103630065918,12.034995015710592
8,128,3,44,11.912063598632812,11.935662012547255
8,128,3,45,12.023039817810059,12.046799005474895
8,128,3,46,12.005056381225586,12.02873099828139
8,128,3,47,12.038399696350098,12.061978981364518
8,128,3,48,12.002592086791992,12.02640199335292
8,128,3,49,12.037440299987793,12.061076005920768
8,128,3,50,12.041600227355957,12.065496004652232
8,128,3,51,12.013471603393555,12.037318025249988
8,128,3,52,12.029984474182129,12.053519021719694
8,128,3,53,12.045087814331055,12.068298005033284
8,128,3,54,12.057056427001953,12.080997053999454
8,128,3,55,12.023807525634766,12.04718800727278
8,128,3,56,12.060735702514648,12.084662972483784
8,128,3,57,12.018655776977539,12.042794027365744
8,128,3,58,12.017888069152832,12.042010959703475
8,128,3,59,12.136672019958496,12.160799989942461
8,128,3,60,12.069087982177734,12.093741039279848
8,128,3,61,12.009663581848145,12.034334999043494
8,128,3,62,12.052960395812988,12.077540974132717
8,128,3,63,12.095775604248047,12.12058903183788
8,128,4,1,21.05116844177246,21.07527299085632
8,128,4,2,15.650879859924316,15.675016969908029
8,128,4,3,13.013504028320312,13.037142984103411
8,128,4,4,12.516511917114258,12.540273950435221
8,128,4,5,11.991104125976562,12.015081010758877
8,128,4,6,11.98806381225586,12.011527025606483
8,128,4,7,11.566495895385742,11.589728994295001
8,128,4,8,11.641599655151367,11.665327998343855
8,128,4,9,11.630175590515137,11.653141002170742
8,128,4,10,11.694175720214844,11.717857967596501
8,128,4,11,11.668031692504883,11.691860971041024
8,128,4,12,11.655072212219238,11.67765399441123
8,128,4,13,11.62326431274414,11.646789964288473
8,128,4,14,11.657695770263672,11.680638010147959
8,128,4,15,11.649984359741211,11.673064029309899
8,128,4,16,11.609536170959473,11.63280796026811
8,128,4,17,11.633888244628906,11.657294991891831
8,128,4,18,11.610624313354492,11.634225957095623
8,128,4,19,11.693087577819824,11.717248009517789
8,128,4,20,11.61673641204834,11.640313954558223
8,128,4,21,11.695584297180176,11.718902038410306
8,128,4,22,11.705216407775879,11.72886195126921
8,128,4,23,11.635616302490234,11.659049952868372
8,128,4,24,11.676799774169922,11.700854985974729
8,128,4,25,11.641568183898926,11.66511996416375
8,128,4,26,11.600447654724121,11.624554987065494
8,128,4,27,11.66710376739502,11.690836981870234
8,128,4,28,11.644767761230469,11.668840947095305
8,128,4,29,11.642784118652344,11.666768987197429
8,128,4,30,11.54531192779541,11.56890601851046
8,128,4,31,11.585472106933594,11.609181994572282
8,128,4,32,11.527775764465332,11.551420029718429
8,128,4,33,11.571328163146973,11.595269956160337
8,128,4,34,11.611167907714844,11.634578986559063
8,128,4,35,11.57750415802002,11.601366975810379
8,128,4,36,11.662912368774414,11.685861041769385
8,128,4,37,11.600128173828125,11.623440019320697
8,128,4,38,11.639519691467285,11.662949982564896
8,128,4,39,11.686559677124023,11.709352023899555
8,128,4,40,11.660415649414062,11.68417203007266
8,128,4,41,11.655776023864746,11.679292016196996
8,128,4,42,11.677408218383789,11.70144701609388
8,128,4,43,11.658495903015137,11.682034004479647
8,128,4,44,11.693568229675293,11.717932997271419
8,128,4,45,11.634559631347656,11.658039991743863
8,128,4,46,11.571647644042969,11.595616990234703
8,128,4,47,11.663423538208008,11.686765996273607
8,128,4,48,11.6876802444458,11.711249011568725
8,128,4,49,11.62764835357666,11.651417997200042
8,128,4,50,11.560223579406738,11.583976971451193
8,128,4,51,11.743616104125977,11.767155025154352
8,128,4,52,11.722047805786133,11.745315976440907
8,128,4,53,11.663392066955566,11.687393009196967
8,128,4,54,11.860480308532715,11.884142004419118
8,128,4,55,11.837247848510742,11.862178973387927
8,128,4,56,11.875904083251953,11.899720993824303
8,128,4,57,11.850111961364746,11.873928015120327
8,128,4,58,11.848416328430176,11.872340983245522
8,128,4,59,11.876319885253906,11.900599987711757
8,128,4,60,11.887136459350586,11.91098801791668
8,128,4,61,12.012479782104492,12.036892003379762
8,128,4,62,12.021087646484375,12.044653994962573
8,128,4,63,12.011327743530273,12.034425977617502
8,128,5,1,20.067487716674805,20.092413993552327
8,128,5,2,18.29587173461914,18.32083601038903
8,128,5,3,15.276320457458496,15.300486993510276
8,128,5,4,13.476736068725586,13.501312991138548
8,128,5,5,13.498335838317871,13.522338995244354
8,128,5,6,12.811039924621582,12.83545303158462
8,128,5,7,12.191200256347656,12.214809015858918
8,128,5,8,12.14352035522461,12.167351960670203
8,128,5,9,12.018719673156738,12.042813992593437
8,128,5,10,11.969696044921875,11.993566004093736
8,128,5,11,11.931679725646973,11.955734982620925
8,128,5,12,11.865344047546387,11.88930298667401
8,128,5,13,11.880255699157715,11.903839011210948
8,128,5,14,11.867103576660156,11.89404702745378
8,128,5,15,11.80076789855957,11.824186018202454
8,128,5,16,11.876192092895508,11.899104982148856
8,128,5,17,12.123744010925293,12.14740501018241
8,128,5,18,12.024831771850586,12.047994008753449
8,128,5,19,12.042143821716309,12.065503979101777
8,128,5,20,12.133695602416992,12.158124998677522
8,128,5,21,12.134367942810059,12.158508005086333
8,128,5,22,12.075455665588379,12.098853010684252
8,128,5,23,12.139391899108887,12.163079984020442
8,128,5,24,12.095808029174805,12.119657010771334
8,128,5,25,12.142911911010742,12.1667489875108
8,128,5,26,12.037023544311523,12.060548993758857
8,128,5,27,11.983263969421387,12.007580022327602
8,128,5,28,11.990400314331055,12.014460982754827
8,128,5,29,11.948927879333496,11.972845997661352
8,128,5,30,12.005855560302734,12.029994977638125
8,128,5,31,11.969632148742676,11.99377398006618
8,128,5,32,12.091008186340332,12.115855992306024
8,128,5,33,12.005696296691895,12.029631994664669
8,128,5,34,12.015680313110352,12.039698951411992
8,128,5,35,12.086432456970215,12.111035000998527
8,128,5,36,12.059103965759277,12.083930021617562
8,128,5,37,12.097439765930176,12.120710976887494
8,128,5,38,12.074687957763672,12.098653009161353
8,128,5,39,12.143360137939453,12.167256034445018
8,128,5,40,12.201375961303711,12.225940998177975
8,128,5,41,12.2675199508667,12.291421997360885
8,128,5,42,12.222047805786133,12.245780031662434
8,128,5,43,12.222399711608887,12.250891013536602
8,128,5,44,12.179871559143066,12.204528029542416
8,128,5,45,12.250752449035645,12.274311971850693
8,128,5,46,12.178336143493652,12.202429992612451
8,128,5,47,12.183967590332031,12.207896041218191
8,128,5,48,12.176896095275879,12.201693025417626
8,128,5,49,12.256447792053223,12.280320981517434
8,128,5,50,12.2259521484375,12.250572966877371
8,128,5,51,12.235391616821289,12.25944299949333
8,128,5,52,12.260224342346191,12.28478696430102
8,128,5,53,12.184479713439941,12.208386033307761
8,128,5,54,12.173983573913574,12.197941017802805
8,128,5,55,12.214943885803223,12.238617986440659
8,128,5,56,12.284159660339355,12.307889002840966
8,128,5,57,12.245471954345703,12.268857972230762
8,128,5,58,12.339776039123535,12.363639019895345
8,128,5,59,12.36467170715332,12.388443981762975
8,128,5,60,12.343456268310547,12.367337010800838
8,128,5,61,12.377887725830078,12.40218902239576
8,128,5,62,12.393535614013672,12.420158018358052
8,128,5,63,12.421792030334473,12.445373053196818
8,128,6,1,20.784576416015625,20.809377019759268
8,128,6,2,17.64566421508789,17.67065597232431
8,128,6,3,13.23356819152832,13.257014972623438
8,128,6,4,12.779071807861328,12.803319026716053
8,128,6,5,12.013631820678711,12.037473032251
8,128,6,6,11.911999702453613,11.9355259812437
8,128,6,7,11.773504257202148,11.79730601143092
8,128,6,8,11.700639724731445,11.724530020728707
8,128,6,9,11.629311561584473,11.65290700737387
8,128,6,10,11.646112442016602,11.669189960230142
8,128,6,11,11.657119750976562,11.680787021759897
8,128,6,12,11.65071964263916,11.674138018861413
8,128,6,13,11.690624237060547,11.713854968547821
8,128,6,14,11.666912078857422,11.690217012073845
8,128,6,15,11.638015747070312,11.661250959150493
8,128,6,16,11.58409595489502,11.607368011027575
8,128,6,17,11.652576446533203,11.67624001391232
8,128,6,18,11.687520027160645,11.71083701774478
8,128,6,19,11.660639762878418,11.68973499443382
8,128,6,20,11.627167701721191,11.650178988929838
8,128,6,21,11.699263572692871,11.722819996066391
8,128,6,22,11.72771167755127,11.751166020985693
8,128,6,23,11.831680297851562,11.855321994516999
8,128,6,24,11.752767562866211,11.776155035477132
8,128,6,25,11.82256031036377,11.84627297334373
8,128,6,26,11.739295959472656,11.762850976083428
8,128,6,27,11.72009563446045,11.743834998924285
8,128,6,28,11.856415748596191,11.879979982040823
8,128,6,29,11.819519996643066,11.84338703751564
8,128,6,30,11.828160285949707,11.851975985337049
8,128,6,31,11.777215957641602,11.800388980191201
8,128,6,32,11.82579231262207,11.850056005641818
8,128,6,33,11.780832290649414,11.80508901597932
8,128,6,34,11.786656379699707,11.810133000835776
8,128,6,35,12.103872299194336,12.127811030950397
8,128,6,36,11.780735969543457,11.804784997366369
8,128,6,37,11.851903915405273,11.875751020852476
8,128,6,38,11.799263954162598,11.822842003311962
8,128,6,39,11.838624000549316,11.86217402573675
8,128,6,40,11.78217601776123,11.806810973212123
8,128,6,41,11.867327690124512,11.89128600526601
8,128,6,42,11.870528221130371,11.893973976839334
8,128,6,43,11.909152030944824,11.933022004086524
8,128,6,44,11.87718391418457,11.90077798673883
8,128,6,45,11.915679931640625,11.940366995986551
8,128,6,46,11.830080032348633,11.853451025672257
8,128,6,47,11.915424346923828,11.938631010707468
8,128,6,48,11.82089614868164,11.844910972286016
8,128,6,49,11.921952247619629,11.945588048547506
8,128,6,50,11.899776458740234,11.923547019250691
8,128,6,51,11.947872161865234,11.971670028287917
8,128,6,52,11.956128120422363,11.98085700161755
8,128,6,53,12.096223831176758,12.120108003728092
8,128,6,54,12.121312141418457,12.144825013820082
8,128,6,55,12.116767883300781,12.140989012550563
8,128,6,56,12.129792213439941,12.153979972936213
8,128,6,57,12.055359840393066,12.079213978722692
8,128,6,58,12.08191967010498,12.10697996430099
8,128,6,59,12.119903564453125,12.143803993239999
8,128,6,60,12.115360260009766,12.139271013438702
8,128,6,61,12.143712043762207,12.167392007540911
8,128,6,62,12.183551788330078,12.208044994622469
8,128,6,63,12.187264442443848,12.211351946461946
8,1024,0,1,49.519039154052734,49.59353600861505
8,1024,0,2,29.99852752685547,30.0243980018422
8,1024,0,3,27.27350425720215,27.297723980154842
8,1024,0,4,26.866527557373047,26.891225017607212
8,1024,0,5,27.24630355834961,27.270657010376453
8,1024,0,6,28.675743103027344,28.699814982246608
8,1024,0,7,27.76153564453125,27.786248014308512
8,1024,0,8,26.10153579711914,26.12645603949204
8,1024,0,9,25.355968475341797,25.38096299394965
8,1024,0,10,27.80121612548828,27.826258970890194
8,1024,0,11,30.193632125854492,30.220635002478957
8,1024,0,12,28.135072708129883,28.159945970401168
8,1024,0,13,26.35193634033203,26.37697703903541
8,1024,0,14,26.605152130126953,26.63003100315109
8,1024,0,15,26.485919952392578,26.510700990911573
8,1024,0,16,25.88924789428711,25.913657969795167
8,1024,0,17,26.05843162536621,26.082659955136478
8,1024,0,18,24.80451202392578,24.829747970215976
8,1024,0,19,25.509599685668945,25.534996995702386
8,1024,0,20,26.952096939086914,26.977450004778802
8,1024,0,21,26.148319244384766,26.172934973146766
8,1024,0,22,25.054752349853516,25.079832004848868
8,1024,0,23,26.92083168029785,26.94528503343463
8,1024,0,24,27.464096069335938,27.49074000166729
8,1024,0,25,25.450592041015625,25.474631984252483
8,1024,0,26,24.149311065673828,24.173790006898344
8,1024,0,27,23.941280364990234,23.96566199604422
8,1024,0,28,25.31827163696289,25.342940993141383
8,1024,0,29,26.957088470458984,26.980863010976464
8,1024,0,30,25.608352661132812,25.633258977904916
8,1024,0,31,24.264575958251953,24.289769993629307
8,1024,0,32,22.50169563293457,22.529772017151117
8,1024,0,33,21.923391342163086,21.948172012344003
8,1024,0,34,22.179967880249023,22.204439039342105
8,1024,0,35,22.85526466369629,22.879600001033396
8,1024,0,36,23.677440643310547,23.70158297708258
8,1024,0,37,23.779071807861328,23.804301978088915
8,1024,0,38,23.189727783203125,23.21376698091626
8,1024,0,39,23.523168563842773,23.54776399442926
8,1024,0,40,23.15011215209961,23.17596902139485
8,1024,0,41,24.217952728271484,24.241753038950264
8,1024,0,42,24.18124771118164,24.20574997086078
8,1024,0,43,22.990144729614258,23.01437599817291
8,1024,0,44,22.49190330505371,22.5164020084776
8,1024,0,45,22.78473663330078,22.809355054050684
8,1024,0,46,23.244640350341797,23.26897397870198
8,1024,0,47,23.719104766845703,23.743714031297714
8,1024,0,48,22.917919158935547,22.94300199719146
8,1024,0,49,22.870527267456055,22.895700996741652
8,1024,0,50,24.082143783569336,24.10662901820615
8,1024,0,51,23.686527252197266,23.71096203569323
8,1024,0,52,23.34111976623535,23.369657981675118
8,1024,0,53,22.44384002685547,22.46860699960962
8,1024,0,54,23.2390079498291,23.263064038474113
8,1024,0,55,24.188671112060547,24.213061027694494
8,1024,0,56,23.046016693115234,23.070706985890865
8,1024,0,57,23.09503936767578,23.11916003236547
8,1024,0,58,25.204416275024414,25.228768005035818
8,1024,0,59,26.31622314453125,26.34105901233852
8,1024,0,60,24.33568000793457,24.359875009395182
8,1024,0,61,22.677919387817383,22.70264201797545
8,1024,0,62,22.40483283996582,22.429414035286754
8,1024,0,63,23.148000717163086,23.174392990767956
8,1024,1,1,29.447647094726562,29.476813040673733
8,1024,1,2,22.407167434692383,22.43281196570024
8,1024,1,3,19.929216384887695,19.95415100827813
8,1024,1,4,19.053951263427734,19.07807803945616
8,1024,1,5,18.72083282470703,18.74579902505502
8,1024,1,6,18.39254379272461,18.416885985061526
8,1024,1,7,18.07689666748047,18.100722052622586
8,1024,1,8,18.091840744018555,18.11694196658209
8,1024,1,9,17.99945640563965,18.023910000920296
8,1024,1,10,17.983903884887695,18.00861197989434
8,1024,1,11,18.35296058654785,18.377400003373623
8,1024,1,12,18.85887908935547,18.8834480359219
8,1024,1,13,19.06540870666504,19.089681038167328
8,1024,1,14,19.038496017456055,19.063579966314137
8,1024,1,15,19.06163215637207,19.085932057350874
8,1024,1,16,18.965824127197266,18.991152988746762
8,1024,1,17,18.772096633911133,18.797264026943594
8,1024,1,18,18.61039924621582,18.635269021615386
8,1024,1,19,18.623231887817383,18.648205033969134
8,1024,1,20,18.614688873291016,18.638681969605386
8,1024,1,21,18.602720260620117,18.62696697935462
8,1024,1,22,18.958080291748047,18.982738023623824
8,1024,1,23,19.605024337768555,19.629582995548844
8,1024,1,24,19.785856246948242,19.81057005468756
8,1024,1,25,19.586368560791016,19.61083902278915
8,1024,1,26,19.830303192138672,19.854471960570663
8,1024,1,27,19.6856632232666,19.709667016286403
8,1024,1,28,19.66534423828125,19.692683999892324
8,1024,1,29,19.660736083984375,19.68511298764497
8,1024,1,30,19.86319923400879,19.887691014446318
8,1024,1,31,19.821216583251953,19.845793023705482
8,1024,1,32,20.086143493652344,20.110972982365638
8,1024,1,33,22.009599685668945,22.033985995221883
8,1024,1,34,22.35526466369629,22.380526002962142
8,1024,1,35,22.423551559448242,22.448723029810935
8,1024,1,36,22.39321517944336,22.419890970923007
8,1024,1,37,21.988447189331055,22.01366994995624
8,1024,1,38,22.590208053588867,22.614791989326477
8,1024,1,39,22.93008041381836,22.954772983212024
8,1024,1,40,21.95952033996582,21.984369959682226
8,1024,1,41,22.57676887512207,22.601493052206933
8,1024,1,42,26.250272750854492,26.27493895124644
8,1024,1,43,26.669631958007812,26.694903965108097
8,1024,1,44,26.179040908813477,26.204087014775723
8,1024,1,45,25.899999618530273,25.92466794885695
8,1024,1,46,24.875232696533203,24.899701995309442
8,1024,1,47,30.418912887573242,30.44472698820755
8,1024,1,48,29.749343872070312,29.77469499455765
8,1024,1,49,34.22819137573242,34.252919955179095
8,1024,1,50,33.79292678833008,33.81853498285636
8,1024,1,51,32.058048248291016,32.082323043141514
8,1024,1,52,32.63270568847656,32.6579799875617
8,1024,1,53,32.70652770996094,32.73192199412733
8,1024,1,54,32.66793441772461,32.69236296182498
8,1024,1,55,33.52928161621094,33.553640998434275
8,1024,1,56,32.40547180175781,32.43002900853753
8,1024,1,57,31.51702308654785,31.541273987386376
8,1024,1,58,32.388702392578125,32.4131190427579
8,1024,1,59,32.15020751953125,32.17624296667054
8,1024,1,60,31.630048751831055,31.654232006985694
8,1024,1,61,32.781246185302734,32.8059540479444
8,1024,1,62,32.8454704284668,32.87105303024873
8,1024,1,63,33.42534255981445,33.45049201743677
8,1024,2,1,50.18492889404297,50.21244694944471
8,1024,2,2,31.71900749206543,31.74392197979614
8,1024,2,3,29.706207275390625,29.73102399846539
8,1024,2,4,29.329376220703125,29.35466798953712
8,1024,2,5,29.88230323791504,29.907704971265048
8,1024,2,6,29.79804801940918,29.822505021002144
8,1024,2,7,30.326303482055664,30.350809975061566
8,1024,2,8,30.3288631439209,30.35364899551496
8,1024,2,9,29.896991729736328,29.922190005891025
8,1024,2,10,29.554784774780273,29.579348978586495
8,1024,2,11,30.67705535888672,30.701045994646847
8,1024,2,12,30.43391990661621,30.459539964795113
8,1024,2,13,29.826784133911133,29.852022998966277
8,1024,2,14,29.812063217163086,29.83701095217839
8,1024,2,15,29.727807998657227,29.7525460482575
8,1024,2,16,28.81612777709961,28.84076803456992
8,1024,2,17,28.90447998046875,28.928918996825814
8,1024,2,18,28.23855972290039,28.264013002626598
8,1024,2,19,28.61440086364746,28.638946008868515
8,1024,2,20,28.621728897094727,28.646385995671153
8,1024,2,21,28.303552627563477,28.32786604994908
8,1024,2,22,27.748767852783203,27.774492045864463
8,1024,2,23,26.72038459777832,26.744760980363935
8,1024,2,24,27.1810245513916,27.21062197815627
8,1024,2,25,26.99363136291504,27.018171967938542
8,1024,2,26,26.868640899658203,26.893264963291585
8,1024,2,27,27.020448684692383,27.047323004808277
8,1024,2,28,26.71980857849121,26.744688977487385
8,1024,2,29,26.265247344970703,26.29080996848643
8,1024,2,30,27.426912307739258,27.451352041680366
8,1024,2,31,27.534719467163086,27.559123991522938
8,1024,2,32,26.802112579345703,26.82702202582732
8,1024,2,33,27.010400772094727,27.0365159958601
8,1024,2,34,26.832544326782227,26.859064993914217
8,1024,2,35,26.23472023010254,26.26198995858431
8,1024,2,36,26.87455940246582,26.899336953647435
8,1024,2,37,26.5644474029541,26.5890599694103
8,1024,2,38,25.597375869750977,25.62236599624157
8,1024,2,39,26.72617530822754,26.75048803212121
8,1024,2,40,26.84931182861328,26.874817034695297
8,1024,2,41,26.646560668945312,26.671389990951866
8,1024,2,42,26.299936294555664,26.324442005716264
8,1024,2,43,26.88559913635254,26.910635002423078
8,1024,2,44,26.691200256347656,26.716599997598678
8,1024,2,45,26.417984008789062,26.44261799287051
8,1024,2,46,26.4171199798584,26.44187305122614
8,1024,2,47,25.868896484375,25.893466954585165
8,1024,2,48,25.242752075195312,25.267879012972116
8,1024,2,49,24.428224563598633,24.452593992464244
8,1024,2,50,24.346464157104492,24.370928993448615
8,1024,2,51,24.10963249206543,24.135042971465737
8,1024,2,52,23.994720458984375,24.02226603589952
8,1024,2,53,26.501344680786133,26.52695501456037
8,1024,2,54,26.906591415405273,26.931296044494957
8,1024,2,55,25.892223358154297,25.917191989719868
8,1024,2,56,24.692832946777344,24.71819199854508
8,1024,2,57,24.43289566040039,24.457425985019654
8,1024,2,58,24.304447174072266,24.329566047526896
8,1024,2,59,26.1296329498291,26.15378302289173
8,1024,2,60,28.33443260192871,28.359504998661578
8,1024,2,61,27.109600067138672,27.134008996654302
8,1024,2,62,25.962751388549805,25.986982975155115
8,1024,2,63,25.327104568481445,25.351316027808934
8,1024,3,1,46.31536102294922,46.34506499860436
8,1024,3,2,28.612512588500977,28.637445997446775
8,1024,3,3,25.641183853149414,25.66542598651722
8,1024,3,4,24.557727813720703,24.58185498835519
8,1024,3,5,26.29622459411621,26.321496057789773
8,1024,3,6,25.48796844482422,25.511658983305097
8,1024,3,7,25.266944885253906,25.291181984357536
8,1024,3,8,24.51683235168457,24.546030967030674
8,1024,3,9,24.92838478088379,24.956354987807572
8,1024,3,10,27.260223388671875,27.284402982331812
8,1024,3,11,26.043807983398438,26.068955950904638
8,1024,3,12,24.3154239654541,24.340013042092323
8,1024,3,13,23.941280364990234,23.96587299881503
8,1024,3,14,23.1625919342041,23.186711012385786
8,1024,3,15,24.383264541625977,24.40784702776
8,1024,3,16,26.340255737304688,26.365482015535235
8,1024,3,17,25.6561279296875,25.68075602175668
8,1024,3,18,24.719263076782227,24.7433939948678
8,1024,3,19,23.431232452392578,23.455585003830492
8,1024,3,20,23.306560516357422,23.33086298312992
8,1024,3,21,24.081727981567383,24.1064410074614
8,1024,3,22,26.545024871826172,26.56969998497516
8,1024,3,23,25.96601676940918,25.990744994487613
8,1024,3,24,25.59129524230957,25.61563195195049
8,1024,3,25,25.649728775024414,25.67455597454682
8,1024,3,26,23.993471145629883,24.02098197489977
8,1024,3,27,23.66476821899414,23.68911704979837
8,1024,3,28,23.39664077758789,23.42147199669853
8,1024,3,29,23.406112670898438,23.43110798392445
8,1024,3,30,23.257888793945312,23.28240603674203
8,1024,3,31,24.25369644165039,24.2779899854213
8,1024,3,32,23.6265926361084,23.650916991755366
8,1024,3,33,22.996671676635742,23.020821041427553
8,1024,3,34,27.28985595703125,27.3138849879615
8,1024,3,35,28.818815231323242,28.84291799273342
8,1024,3,36,25.773311614990234,25.79867804888636
8,1024,3,37,24.533695220947266,24.558137985877693
8,1024,3,38,22.708608627319336,22.733199002686888
8,1024,3,39,23.237823486328125,23.262652975972742
8,1024,3,40,25.39910316467285,25.42369399452582
8,1024,3,41,24.890047073364258,24.914244015235454
8,1024,3,42,24.304576873779297,24.331488006282598
8,1024,3,43,24.088287353515625,24.112716026138514
8,1024,3,44,22.66364860534668,22.689025034196675
8,1024,3,45,25.539871215820312,25.563912990037352
8,1024,3,46,28.31679916381836,28.341574012301862
8,1024,3,47,26.913759231567383,26.938214024994522
8,1024,3,48,25.092416763305664,25.117394048720598
8,1024,3,49,25.158079147338867,25.183120975270867
8,1024,3,50,25.72604751586914,25.75051598250866
8,1024,3,51,25.756576538085938,25.781282980460674
8,1024,3,52,25.43062400817871,25.45467996969819
8,1024,3,53,26.41289520263672,26.43805497791618
8,1024,3,54,26.27356719970703,26.29923599306494
8,1024,3,55,25.49625587463379,25.521315983496606
8,1024,3,56,25.529184341430664,25.552503997460008
8,1024,3,57,25.554527282714844,25.5785720073618
8,1024,3,58,25.569055557250977,25.592720950953662
8,1024,3,59,25.09017562866211,25.11484600836411
8,1024,3,60,24.431232452392578,24.45632900344208
8,1024,3,61,27.570816040039062,27.59537100791931
8,1024,3,62,27.03500747680664,27.05892000813037
8,1024,3,63,24.918048858642578,24.942571006249636
8,1024,4,1,49.43539047241211,49.462150025647134
8,1024,4,2,30.676416397094727,30.700800009071827
8,1024,4,3,27.46224021911621,27.487054001539946
8,1024,4,4,26.82899284362793,26.853729970753193
8,1024,4,5,27.117664337158203,27.142420993186533
8,1024,4,6,27.96246337890625,27.986594010144472
8,1024,4,7,28.31452751159668,28.339327953290194
8,1024,4,8,27.532575607299805,27.557145978789777
8,1024,4,9,27.64860725402832,27.67309098271653
8,1024,4,10,27.289152145385742,27.313200989738107
8,1024,4,11,27.577375411987305,27.601453999523073
8,1024,4,12,27.713119506835938,27.737138036172837
8,1024,4,13,27.522207260131836,27.545952994842082
8,1024,4,14,28.119903564453125,28.14424899406731
8,1024,4,15,28.170015335083008,28.19473302224651
8,1024,4,16,27.766496658325195,27.79119001934305
8,1024,4,17,28.23151969909668,28.25564902741462
8,1024,4,18,27.23017692565918,27.254828019067645
8,1024,4,19,26.1759033203125,26.200070045888424
8,1024,4,20,27.205663681030273,27.23058097762987
8,1024,4,21,26.957216262817383,26.981887000147253
8,1024,4,22,26.875200271606445,26.90012997481972
8,1024,4,23,26.985759735107422,27.010225981939584
8,1024,4,24,26.68502426147461,26.70943201519549
8,1024,4,25,26.39116859436035,26.41592698637396
8,1024,4,26,26.790048599243164,26.813914999365807
8,1024,4,27,26.92246437072754,26.94639196852222
8,1024,4,28,26.446847915649414,26.47127996897325
8,1024,4,29,26.36390495300293,26.387765014078468
8,1024,4,30,26.788671493530273,26.813246018718928
8,1024,4,31,26.422304153442383,26.447201962582767
8,1024,4,32,27.93574333190918,27.960593986790627
8,1024,4,33,27.043743133544922,27.067986025940627
8,1024,4,34,26.435487747192383,26.460246997885406
8,1024,4,35,26.654720306396484,26.67883801041171
8,1024,4,36,27.455232620239258,27.479236014187336
8,1024,4,37,27.784639358520508,27.80899900244549
8,1024,4,38,27.42633628845215,27.450368041172624
8,1024,4,39,26.513599395751953,26.53769898461178
8,1024,4,40,26.284992218017578,26.3089090003632
8,1024,4,41,26.9866886138916,27.010268997401
8,1024,4,42,27.174272537231445,27.198912983294576
8,1024,4,43,26.950624465942383,26.975318032782525
8,1024,4,44,26.93065643310547,26.955584005918354
8,1024,4,45,26.611295700073242,26.63554798346013
8,1024,4,46,26.610271453857422,26.63468598620966
8,1024,4,47,27.61347198486328,27.637347986456007
8,1024,4,48,26.971296310424805,26.996051019523293
8,1024,4,49,26.439199447631836,26.463898015208542
8,1024,4,50,26.68057632446289,26.705015974584967
8,1024,4,51,27.284639358520508,27.309034019708633
8,1024,4,52,27.249631881713867,27.274219028186053
8,1024,4,53,26.930240631103516,26.95620700251311
8,1024,4,54,26.305152893066406,26.330005028285086
8,1024,4,55,26.499711990356445,26.525112974923104
8,1024,4,56,27.226144790649414,27.25522796390578
8,1024,4,57,26.692384719848633,26.71620697947219
8,1024,4,58,27.368255615234375,27.393046009819955
8,1024,4,59,27.29929542541504,27.323503978550434
8,1024,4,60,27.13667106628418,27.160173980519176
8,1024,4,61,27.21004867553711,27.234098000917584
8,1024,4,62,27.16579246520996,27.189708955120295
8,1024,4,63,28.158143997192383,28.18214998114854
8,1024,5,1,47.123233795166016,47.14908299501985
8,1024,5,2,29.961280822753906,29.98592599760741
8,1024,5,3,26.799039840698242,26.82293497491628
8,1024,5,4,26.402175903320312,26.426472002640367
8,1024,5,5,26.12428855895996,26.14929701667279
8,1024,5,6,25.85327911376953,25.87672002846375
8,1024,5,7,26.607135772705078,26.630629028659314
8,1024,5,8,27.7675838470459,27.79130794806406
8,1024,5,9,27.605215072631836,27.629969990812242
8,1024,5,10,27.050880432128906,27.076064026914537
8,1024,5,11,27.061792373657227,27.0861960016191
8,1024,5,12,27.38688087463379,27.411836956162006
8,1024,5,13,27.258655548095703,27.28253201348707
8,1024,5,14,27.121919631958008,27.146859967615455
8,1024,5,15,27.39276885986328,27.4166910094209
8,1024,5,16,26.96518325805664,26.991290971636772
8,1024,5,17,26.995328903198242,27.021821995731443
8,1024,5,18,26.007295608520508,26.03185799671337
8,1024,5,19,26.72185516357422,26.747027994133532
8,1024,5,20,27.085599899291992,27.11045299656689
8,1024,5,21,27.245983123779297,27.27035799762234
8,1024,5,22,27.253536224365234,27.278263005428016
8,1024,5,23,26.71811294555664,26.74273302545771
8,1024,5,24,26.427743911743164,26.453439029864967
8,1024,5,25,26.252544403076172,26.277051016222686
8,1024,5,26,27.611391067504883,27.635883016046137
8,1024,5,27,27.032991409301758,27.057645027525723
8,1024,5,28,26.79769515991211,26.82390797417611
8,1024,5,29,26.366304397583008,26.39071800513193
8,1024,5,30,26.791967391967773,26.81684005074203
8,1024,5,31,26.350688934326172,26.376318011898547
8,1024,5,32,26.3558406829834,26.381561998277903
8,1024,5,33,27.49737548828125,27.52229501493275
8,1024,5,34,27.136255264282227,27.160689991433173
8,1024,5,35,27.050016403198242,27.07471401663497
8,1024,5,36,26.70476722717285,26.729725999757648
8,1024,5,37,26.242271423339844,26.26685402356088
8,1024,5,38,26.97804832458496,27.008434990420938
8,1024,5,39,26.976287841796875,27.000424975994974
8,1024,5,40,27.030975341796875,27.054897975176573
8,1024,5,41,27.396480560302734,27.420420956332237
8,1024,5,42,27.173791885375977,27.198576950468123
8,1024,5,43,26.910144805908203,26.935653993859887
8,1024,5,44,26.745920181274414,26.770195981953293
8,1024,5,45,27.152671813964844,27.176875970326364
8,1024,5,46,26.96329689025879,26.988869009073824
8,1024,5,47,27.010271072387695,27.034775004722178
8,1024,5,48,27.234495162963867,27.258399000857025
8,1024,5,49,27.38742446899414,27.411767980083823
8,1024,5,50,27.6080322265625,27.633099001832306
8,1024,5,51,27.188735961914062,27.2133219987154
8,1024,5,52,27.157312393188477,27.18249597819522
8,1024,5,53,27.026655197143555,27.05164602957666
8,1024,5,54,28.175968170166016,28.20117905503139
8,1024,5,55,27.964672088623047,27.98947098199278
8,1024,5,56,27.378368377685547,27.402535022702068
8,1024,5,57,27.35603141784668,27.381077990867198
8,1024,5,58,27.654687881469727,27.679887018166482
8,1024,5,59,27.259647369384766,27.28470496367663
8,1024,5,60,27.815391540527344,27.840042021125555
8,1024,5,61,27.501216888427734,27.525923971552402
8,1024,5,62,27.665855407714844,27.690720045939088
8,1024,5,63,28.04217529296875,28.06678001070395
8,1024,6,1,45.97270584106445,46.001311973668635
8,1024,6,2,30.823135375976562,30.847312998957932
8,1024,6,3,26.5328311920166,26.55643201433122
8,1024,6,4,26.57267189025879,26.596816955134273
8,1024,6,5,27.2357120513916,27.259928989224136
8,1024,6,6,27.005983352661133,27.0307440077886
8,1024,6,7,27.02239990234375,27.047532028518617
8,1024,6,8,26.275007247924805,26.301673031412065
8,1024,6,9,26.122304916381836,26.148777978960425
8,1024,6,10,26.434368133544922,26.45888098049909
8,1024,6,11,27.41539192199707,27.439669996965677
8,1024,6,12,27.377727508544922,27.401913015637547
8,1024,6,13,26.709184646606445,26.73432102892548
8,1024,6,14,27.226816177368164,27.25128596648574
8,1024,6,15,26.84671974182129,26.87059697927907
8,1024,6,16,26.60655975341797,26.63105499232188
8,1024,6,17,26.687360763549805,26.711606013122946
8,1024,6,18,26.443775177001953,26.47034596884623
8,1024,6,19,26.175167083740234,26.19955298723653
8,1024,6,20,27.623104095458984,27.647661976516247
8,1024,6,21,27.152000427246094,27.177056996151805
8,1024,6,22,26.96441650390625,26.987974008079618
8,1024,6,23,27.082111358642578,27.106941968668252
8,1024,6,24,27.386016845703125,27.410559996496886
8,1024,6,25,27.298175811767578,27.322852984070778
8,1024,6,26,26.81510353088379,26.83960198191926
8,1024,6,27,27.72755241394043,27.753007016144693
8,1024,6,28,28.35980796813965,28.384941979311407
8,1024,6,29,27.497888565063477,27.522876975126565
8,1024,6,30,26.8090877532959,26.833987969439477
8,1024,6,31,27.455135345458984,27.47991104843095
8,1024,6,32,27.156736373901367,27.183115016669035
8,1024,6,33,27.090944290161133,27.115506993141025
8,1024,6,34,27.109119415283203,27.134031988680363
8,1024,6,35,27.867935180664062,27.8929760097526
8,1024,6,36,27.165119171142578,27.189063956029713
8,1024,6,37,27.87980842590332,27.904712012968957
8,1024,6,38,26.825727462768555,26.85043803649023
8,1024,6,39,26.346879959106445,26.372122985776514
8,1024,6,40,26.778303146362305,26.80408797459677
8,1024,6,41,27.340383529663086,27.366566995624453
8,1024,6,42,27.127775192260742,27.152522990945727
8,1024,6,43,26.543167114257812,26.56858804402873
8,1024,6,44,26.274463653564453,26.299365039449185
8,1024,6,45,27.471744537353516,27.49663998838514
8,1024,6,46,27.287200927734375,27.312797028571367
8,1024,6,47,27.35036849975586,27.37543697003275
8,1024,6,48,27.194271087646484,27.21818699501455
8,1024,6,49,27.354656219482422,27.378970000427216
8,1024,6,50,27.433408737182617,27.458451979327947
8,1024,6,51,26.507776260375977,26.53225598623976
8,1024,6,52,26.918848037719727,26.944514946080744
8,1024,6,53,28.071456909179688,28.097106027416885
8,1024,6,54,27.656383514404297,27.681268053129315
8,1024,6,55,27.137727737426758,27.164404978975654
8,1024,6,56,26.54310417175293,26.568008004687726
8,1024,6,57,26.54582405090332,26.57001098850742
8,1024,6,58,26.5229434967041,26.54764399630949
8,1024,6,59,27.072832107543945,27.09818899165839
8,1024,6,60,27.57788848876953,27.602197020314634
8,1024,6,61,28.113664627075195,28.13841897295788
8,1024,6,62,27.799264907836914,27.82429102808237
8,1024,6,63,27.610624313354492,27.634983998723328
8,4096,0,1,91.18153381347656,91.21427999343723
8,4096,0,2,61.6847038269043,61.71083904337138
8,4096,0,3,66.65974426269531,66.68496603379026
8,4096,0,4,68.61644744873047,68.64331499673426
8,4096,0,5,69.27113342285156,69.2973310360685
8,4096,0,6,73.58758544921875,73.61284404760227
8,4096,0,7,73.78137969970703,73.80629098042846
8,4096,0,8,74.48604583740234,74.5140599901788
8,4096,0,9,84.02611541748047,84.0581160155125
8,4096,0,10,84.3023681640625,84.32920201448724
8,4096,0,11,85.62032318115234,85.64629999455065
8,4096,0,12,84.0676498413086,84.09365598345175
8,4096,0,13,85.74665832519531,85.77305695507675
8,4096,0,14,83.92499542236328,83.95095699233934
8,4096,0,15,84.23616027832031,84.26281798165292
8,4096,0,16,85.15398406982422,85.17965697683394
8,4096,0,17,84.9653091430664,84.9905940121971
8,4096,0,18,83.13247680664062,83.15791498171166
8,4096,0,19,84.58096313476562,84.60678602568805
8,4096,0,20,82.4776611328125,82.50444004079327
8,4096,0,21,84.6690902709961,84.69580404926091
8,4096,0,22,83.54441833496094,83.57106999028474
8,4096,0,23,83.57100677490234,83.5962460259907
8,4096,0,24,82.63715362548828,82.66289596213028
8,4096,0,25,83.8064956665039,83.83374399272725
8,4096,0,26,82.62684631347656,82.65347796259448
8,4096,0,27,82.89405059814453,82.92067697038874
8,4096,0,28,85.55046081542969,85.57574398582801
8,4096,0,29,84.02812957763672,84.05348303494975
8,4096,0,30,85.99507141113281,86.02417702786624
8,4096,0,31,84.51427459716797,84.54414299922064
8,4096,0,32,84.84671783447266,84.8759519867599
8,4096,0,33,82.97875213623047,83.00567598780617
8,4096,0,34,83.64527893066406,83.67159002227709
8,4096,0,35,84.60822296142578,84.63319501606748
8,4096,0,36,87.34259033203125,87.36846502870321
8,4096,0,37,84.59117126464844,84.61780898505822
8,4096,0,38,84.87913513183594,84.9065330112353
8,4096,0,39,84.76099395751953,84.78763804305345
8,4096,0,40,83.0814437866211,83.10814399737865
8,4096,0,41,76.47500610351562,76.50270801968873
8,4096,0,42,76.01087951660156,76.03575702523813
8,4096,0,43,77.07974243164062,77.10524299181998
8,4096,0,44,77.14653015136719,77.17340299859643
8,4096,0,45,77.4468765258789,77.47390499571338
8,4096,0,46,78.29206085205078,78.31767800962552
8,4096,0,47,78.79618835449219,78.8207320147194
8,4096,0,48,77.99747467041016,78.02329800324515
8,4096,0,49,79.45878601074219,79.4867710210383
8,4096,0,50,79.80697631835938,79.83337400946766
8,4096,0,51,80.01856231689453,80.0446139764972
8,4096,0,52,79.77792358398438,79.80453601339832
8,4096,0,53,78.39078521728516,78.41685204766691
8,4096,0,54,79.06432342529297,79.08984000096098
8,4096,0,55,75.87049865722656,75.89524594368413
8,4096,0,56,76.31289672851562,76.33864803938195
8,4096,0,57,76.48802947998047,76.51542103849351
8,4096,0,58,76.7220458984375,76.75057603046298
8,4096,0,59,76.80060577392578,76.82664698222652
8,4096,0,60,79.29936218261719,79.32471600361168
8,4096,0,61,78.37680053710938,78.40429298812523
8,4096,0,62,78.95024108886719,78.97767203394324
8,4096,0,63,77.8823013305664,77.90952501818538
8,4096,1,1,116.05843353271484,116.09997897176072
8,4096,1,2,91.7001953125,91.72607300570235
8,4096,1,3,93.5,93.5256959637627
8,4096,1,4,94.78387451171875,94.80998304206878
8,4096,1,5,96.68006134033203,96.70610504690558
8,4096,1,6,96.63577270507812,96.66135301813483
8,4096,1,7,98.00188446044922,98.02706999471411
8,4096,1,8,93.57036590576172,93.60017895232886
8,4096,1,9,87.47430419921875,87.5011199968867
8,4096,1,10,90.02547454833984,90.05081199575216
8,4096,1,11,83.75091552734375,83.77621101681143
8,4096,1,12,83.62419128417969,83.64985696971416
8,4096,1,13,80.80429077148438,80.83075599279255
8,4096,1,14,78.59420776367188,78.62164499238133
8,4096,1,15,77.59756469726562,77.6230440242216
8,4096,1,16,74.35017395019531,74.37573798233643
8,4096,1,17,72.88499450683594,72.91049900231883
8,4096,1,18,75.50723266601562,75.53214102517813
8,4096,1,19,74.39689636230469,74.4220579508692
8,4096,1,20,73.60931396484375,73.63462296780199
8,4096,1,21,71.4655990600586,71.49070804007351
8,4096,1,22,75.30242919921875,75.32857899786904
8,4096,1,23,75.8265609741211,75.85259695770219
8,4096,1,24,72.94060516357422,72.9661569930613
8,4096,1,25,74.82806396484375,74.85491700936109
8,4096,1,26,74.43567657470703,74.46253299713135
8,4096,1,27,72.96646118164062,72.99200899433345
8,4096,1,28,74.80694580078125,74.83272603712976
8,4096,1,29,71.51058959960938,71.53606996871531
8,4096,1,30,72.7240982055664,72.75001396192238
8,4096,1,31,75.98700714111328,76.01371995406225
8,4096,1,32,75.80748748779297,75.83373400848359
8,4096,1,33,73.51529693603516,73.54077097261325
8,4096,1,34,75.12899017333984,75.15443698503077
8,4096,1,35,73.94793701171875,73.97293305257335
8,4096,1,36,72.96147155761719,72.98668200382963
8,4096,1,37,74.95065307617188,74.97594499727711
8,4096,1,38,73.35456085205078,73.38056800654158
8,4096,1,39,74.8482894897461,74.87330195726827
8,4096,1,40,73.52374267578125,73.54902400402352
8,4096,1,41,74.15705871582031,74.18332796078175
8,4096,1,42,74.5408935546875,74.56640497548506
8,4096,1,43,74.01273345947266,74.03733499813825
8,4096,1,44,75.26451110839844,75.28944395016879
8,4096,1,45,73.8307876586914,73.85596999665722
8,4096,1,46,75.06159973144531,75.086286989972
8,4096,1,47,76.8572769165039,76.8815380288288
8,4096,1,48,74.79673767089844,74.82321700081229
8,4096,1,49,72.52230072021484,72.54717097384855
8,4096,1,50,72.09632110595703,72.12114898720756
8,4096,1,51,75.2468490600586,75.27132198447362
8,4096,1,52,74.84941101074219,74.87507100449875
8,4096,1,53,75.0709457397461,75.09522599866614
8,4096,1,54,74.61456298828125,74.63875395478681
8,4096,1,55,74.78816223144531,74.8125669779256
8,4096,1,56,74.50492858886719,74.53017000807449
8,4096,1,57,74.63225555419922,74.65754199074581
8,4096,1,58,75.30831909179688,75.33382897963747
8,4096,1,59,75.64585876464844,75.67038905108348
8,4096,1,60,75.18492889404297,75.21051599178463
8,4096,1,61,76.63139343261719,76.65672898292542
8,4096,1,62,74.67938995361328,74.7039900161326
8,4096,1,63,73.2636489868164,73.28848098404706
8,4096,2,1,93.91126251220703,93.94094295566902
8,4096,2,2,67.49791717529297,67.52283294918016
8,4096,2,3,73.72614288330078,73.75197199871764
8,4096,2,4,73.89724731445312,73.92312400043011
8,4096,2,5,72.97740936279297,73.00266803940758
8,4096,2,6,73.083740234375,73.10893398243934
8,4096,2,7,73.12016296386719,73.1457489891909
8,4096,2,8,73.31478118896484,73.34029203047976
8,4096,2,9,72.04150390625,72.06644100369886
8,4096,2,10,72.11392211914062,72.14000099338591
8,4096,2,11,74.42153930664062,74.44763899547979
8,4096,2,12,74.68793487548828,74.71335801528767
8,4096,2,13,73.28431701660156,73.30969796748832
8,4096,2,14,74.44617462158203,74.47103800950572
8,4096,2,15,71.74329376220703,71.76872302079573
8,4096,2,16,73.3848648071289,73.40955198742449
8,4096,2,17,73.5176010131836,73.54267797200009
8,4096,2,18,74.37248229980469,74.39798000268638
8,4096,2,19,74.32294464111328,74.34750400716439
8,4096,2,20,72.49171447753906,72.5169270299375
8,4096,2,21,74.28892517089844,74.31480201194063
8,4096,2,22,73.78838348388672,73.81398300640285
8,4096,2,23,75.19487762451172,75.22035500733182
8,4096,2,24,71.14281463623047,71.16830500308424
8,4096,2,25,73.80879974365234,73.83325800765306
8,4096,2,26,75.8901138305664,75.91544999741018
8,4096,2,27,74.96908569335938,74.99439502134919
8,4096,2,28,75.19107055664062,75.21585101494566
8,4096,2,29,73.63094329833984,73.65833199582994
8,4096,2,30,75.52518463134766,75.55142202181742
8,4096,2,31,70.8526382446289,70.877339981962
8,4096,2,32,74.34611511230469,74.37201699940488
8,4096,2,33,76.84435272216797,76.86926698079333
8,4096,2,34,72.7069091796875,72.73232704028487
8,4096,2,35,71.3248291015625,71.34940300602466
8,4096,2,36,73.9692153930664,73.99471895769238
8,4096,2,37,74.63967895507812,74.66454495443031
8,4096,2,38,74.347900390625,74.37302201287821
8,4096,2,39,73.88864135742188,73.91320902388543
8,4096,2,40,74.36275482177734,74.38802701653913
8,4096,2,41,73.7759017944336,73.80295498296618
8,4096,2,42,73.03443145751953,73.059796995949
8,4096,2,43,73.71049499511719,73.73509905301034
8,4096,2,44,75.03990173339844,75.06497699068859
8,4096,2,45,73.35743713378906,73.38332099607214
8,4096,2,46,74.69961547851562,74.72497900016606
8,4096,2,47,71.27942657470703,71.30458997562528
8,4096,2,48,73.4834213256836,73.50879698060453
8,4096,2,49,70.97273254394531,70.99820696748793
8,4096,2,50,70.3201904296875,70.34664502134547
8,4096,2,51,73.29833221435547,73.32401402527466
8,4096,2,52,73.00447845458984,73.02995101781562
8,4096,2,53,72.65853118896484,72.68382102483884
8,4096,2,54,75.08515167236328,75.11084398720413
8,4096,2,55,73.71903991699219,73.74494202667847
8,4096,2,56,73.10684967041016,73.1325899832882
8,4096,2,57,73.65017700195312,73.67854000767693
8,4096,2,58,70.60169219970703,70.62709797173738
8,4096,2,59,74.74713897705078,74.7735730255954
8,4096,2,60,73.13072204589844,73.15657200524583
8,4096,2,61,72.53327941894531,72.55970302503556
8,4096,2,62,73.69932556152344,73.72463401407003
8,4096,2,63,73.5830078125,73.60835798317567
8,4096,3,1,97.9169921875,97.9922050028108
8,4096,3,2,73.41206359863281,73.43795202905312
8,4096,3,3,77.6522216796875,77.67770398641005
8,4096,3,4,80.35164642333984,80.37747303023934
8,4096,3,5,81.54649353027344,81.5721100079827
8,4096,3,6,81.67887878417969,81.70528296614066
8,4096,3,7,83.68879699707031,83.71504995739087
8,4096,3,8,82.4051513671875,82.43102900451049
8,4096,3,9,81.47644805908203,81.50175597984344
8,4096,3,10,82.23689270019531,82.26211700821295
8,4096,3,11,82.24636840820312,82.2719749994576
8,4096,3,12,82.14409637451172,82.16910902410746
8,4096,3,13,80.79081726074219,80.81658004084602
8,4096,3,14,82.67791748046875,82.7027199557051
8,4096,3,15,82.5436782836914,82.5701029971242
8,4096,3,16,81.3617935180664,81.38659101678059
8,4096,3,17,81.15862274169922,81.1844760319218
8,4096,3,18,81.50067138671875,81.52717602206394
8,4096,3,19,81.10678100585938,81.13192301243544
8,4096,3,20,80.13648223876953,80.16196702374145
8,4096,3,21,81.6329574584961,81.65785198798403
8,4096,3,22,81.59379577636719,81.61882299464196
8,4096,3,23,81.81305694580078,81.83841401478276
8,4096,3,24,81.16767883300781,81.19614998577163
8,4096,3,25,81.6806411743164,81.706072029192
8,4096,3,26,80.06460571289062,80.09044697973877
8,4096,3,27,82.59315490722656,82.61935104383156
8,4096,3,28,81.15238189697266,81.17766497889534
8,4096,3,29,81.55120086669922,81.57743699848652
8,4096,3,30,83.08998107910156,83.11696205055341
8,4096,3,31,81.71334075927734,81.73907903255895
8,4096,3,32,81.66985321044922,81.6986919962801
8,4096,3,33,81.67120361328125,81.69658703263849
8,4096,3,34,80.1661148071289,80.19113604677841
8,4096,3,35,79.9163818359375,79.94237897219136
8,4096,3,36,81.65824127197266,81.68373897206038
8,4096,3,37,81.94656372070312,81.97263500187546
8,4096,3,38,79.95625305175781,79.98157903784886
8,4096,3,39,77.53887939453125,77.56464200792834
8,4096,3,40,77.82546997070312,77.85050600068644
8,4096,3,41,77.41027069091797,77.43597700027749
8,4096,3,42,78.26310729980469,78.28987599350512
8,4096,3,43,77.27958679199219,77.30485498905182
8,4096,3,44,77.09490966796875,77.12029299000278
8,4096,3,45,76.63629150390625,76.66167500428855
8,4096,3,46,76.13426971435547,76.15913002518937
8,4096,3,47,75.0739517211914,75.09969401871786
8,4096,3,48,75.0186538696289,75.04459499614313
8,4096,3,49,75.83580780029297,75.86104399524629
8,4096,3,50,76.29788970947266,76.32413500687107
8,4096,3,51,77.225341796875,77.25184503942728
8,4096,3,52,77.94204711914062,77.97126297373325
8,4096,3,53,77.60160064697266,77.62734597781673
8,4096,3,54,78.25020599365234,78.27562897000462
8,4096,3,55,77.64157104492188,77.66709401039407
8,4096,3,56,77.16604614257812,77.19147601164877
8,4096,3,57,78.01558685302734,78.04104301612824
8,4096,3,58,76.72418975830078,76.75028004450724
8,4096,3,59,77.4217300415039,77.44778698543087
8,4096,3,60,77.97299194335938,77.99888995941728
8,4096,3,61,75.74739074707031,75.77299902914092
8,4096,3,62,76.2465591430664,76.2718350160867
8,4096,3,63,80.16233825683594,80.18747996538877
8,4096,4,1,94.70172882080078,94.73218797938898
8,4096,4,2,68.61974334716797,68.64498695358634
8,4096,4,3,73.61129760742188,73.63720203284174
8,4096,4,4,74.24531555175781,74.27054195431992
8,4096,4,5,73.53091430664062,73.55687802191824
8,4096,4,6,73.635009765625,73.66008299868554
8,4096,4,7,72.20076751708984,72.2253629937768
8,4096,4,8,71.21401977539062,71.2394270231016
8,4096,4,9,73.92304229736328,73.94772703992203
8,4096,4,10,75.6435546875,75.67027502227575
8,4096,4,11,71.99868774414062,72.02443800633773
8,4096,4,12,72.38105773925781,72.4069940042682
8,4096,4,13,74.17453002929688,74.20001999707893
8,4096,4,14,73.50867462158203,73.53396399412304
8,4096,4,15,73.60860443115234,73.63395002903417
8,4096,4,16,71.7807388305664,71.80640404112637
8,4096,4,17,71.25775909423828,71.2867829715833
8,4096,4,18,74.05712127685547,74.08171996939927
8,4096,4,19,69.91069030761719,69.93629998760298
8,4096,4,20,70.81890869140625,70.84384199697524
8,4096,4,21,71.29817962646484,71.32401497801766
8,4096,4,22,74.62067413330078,74.64580895612016
8,4096,4,23,73.36297607421875,73.38786002947018
8,4096,4,24,73.372802734375,73.3985110418871
8,4096,4,25,71.40557098388672,71.4297199738212
8,4096,4,26,73.10355377197266,73.1276820297353
8,4096,4,27,73.73731231689453,73.7619680003263
8,4096,4,28,70.83853149414062,70.86316699860618
8,4096,4,29,73.47977447509766,73.50405398756266
8,4096,4,30,70.74483489990234,70.76887297444046
8,4096,4,31,71.11257934570312,71.13809400470927
8,4096,4,32,70.82067108154297,70.84606500575319
8,4096,4,33,72.05558776855469,72.08071200875565
8,4096,4,34,72.20326232910156,72.22822599578649
8,4096,4,35,71.51734161376953,71.54227700084448
8,4096,4,36,70.38829040527344,70.41304098675027
8,4096,4,37,75.71392059326172,75.73922799201682
8,4096,4,38,72.1025619506836,72.12754798820242
8,4096,4,39,73.97071838378906,73.9969409769401
8,4096,4,40,71.53884887695312,71.56378298532218
8,4096,4,41,70.14720153808594,70.17214701045305
8,4096,4,42,70.17190551757812,70.19631000002846
8,4096,4,43,71.96931457519531,71.99369999580085
8,4096,4,44,74.81107330322266,74.83581796986982
8,4096,4,45,70.88470458984375,70.90957602486014
8,4096,4,46,71.53129577636719,71.55619497643784
8,4096,4,47,73.92137908935547,73.94559803651646
8,4096,4,48,73.54243469238281,73.56739998795092
8,4096,4,49,71.08252716064453,71.10807503340766
8,4096,4,50,73.2311019897461,73.25731997843832
8,4096,4,51,72.2957763671875,72.32041202951223
8,4096,4,52,72.06700897216797,72.09211000008509
8,4096,4,53,74.66729736328125,74.6923370170407
8,4096,4,54,71.80806732177734,71.83237699791789
8,4096,4,55,70.88175964355469,70.9063810063526
8,4096,4,56,73.44137573242188,73.46611202228814
8,4096,4,57,72.40560150146484,72.43035803548992
8,4096,4,58,73.15936279296875,73.18342698272318
8,4096,4,59,75.07360076904297,75.09807898895815
8,4096,4,60,73.08201599121094,73.11286602634937
8,4096,4,61,71.60835266113281,71.63342501735315
8,4096,4,62,73.56070709228516,73.58645100612193
8,4096,4,63,72.37117004394531,72.39881000714377
8,4096,5,1,133.03872680664062,133.06884502526373
8,4096,5,2,118.15958404541016,118.18566999863833
8,4096,5,3,118.07939147949219,118.10519499704242
8,4096,5,4,118.09795379638672,118.12303896294907
8,4096,5,5,120.83296203613281,120.85869896691293
8,4096,5,6,118.4444808959961,118.47086297348142
8,4096,5,7,111.44841766357422,111.47380498005077
8,4096,5,8,107.75897979736328,107.78529196977615
8,4096,5,9,100.15433502197266,100.18058703280985
8,4096,5,10,100.10684967041016,100.13273602817208
8,4096,5,11,95.09481811523438,95.12485400773585
8,4096,5,12,93.08659362792969,93.11415802221745
8,4096,5,13,87.92829132080078,87.95400598319247
8,4096,5,14,88.47148895263672,88.49654800724238
8,4096,5,15,82.57059478759766,82.59586902568117
8,4096,5,16,80.14559936523438,80.1707100472413
8,4096,5,17,81.42550659179688,81.45143400179222
8,4096,5,18,76.96985626220703,76.99521002359688
8,4096,5,19,75.080322265625,75.10608801385388
8,4096,5,20,74.42562866210938,74.45166498655453
8,4096,5,21,72.59846496582031,72.62327999342233
8,4096,5,22,74.66754913330078,74.6925009880215
8,4096,5,23,72.74537658691406,72.7716350229457
8,4096,5,24,71.01654052734375,71.04132504900917
8,4096,5,25,74.54361724853516,74.57025401527062
8,4096,5,26,69.95378875732422,69.98066499363631
8,4096,5,27,74.42489624023438,74.45025496417657
8,4096,5,28,72.88214111328125,72.90691399248317
8,4096,5,29,72.64089965820312,72.66610802616924
8,4096,5,30,71.41232299804688,71.43731095129624
8,4096,5,31,73.21040344238281,73.2352789491415
8,4096,5,32,73.72160339355469,73.74568795785308
8,4096,5,33,73.70342254638672,73.73141701100394
8,4096,5,34,72.39942169189453,72.42470403434709
8,4096,5,35,70.91932678222656,70.94380701892078
8,4096,5,36,71.04412841796875,71.06895395554602
8,4096,5,37,72.6475830078125,72.6724389824085
8,4096,5,38,73.12786865234375,73.15289997495711
8,4096,5,39,73.93859100341797,73.96341598359868
8,4096,5,40,71.66310119628906,71.68824196560308
8,4096,5,41,73.07865905761719,73.10339598916471
8,4096,5,42,73.33174133300781,73.35700199473649
8,4096,5,43,73.66140747070312,73.68601596681401
8,4096,5,44,74.6844482421875,74.7085660113953
8,4096,5,45,74.09990692138672,74.12462501088157
8,4096,5,46,73.3340835571289,73.35919997422025
8,4096,5,47,71.88441467285156,71.90984499175102
8,4096,5,48,71.54230499267578,71.56795804621652
8,4096,5,49,72.8031005859375,72.82812299672514
8,4096,5,50,72.64201354980469,72.66743399668485
8,4096,5,51,71.39574432373047,71.42020098399371
8,4096,5,52,73.11612701416016,73.14134697662666
8,4096,5,53,73.05628967285156,73.08183796703815
8,4096,5,54,74.85497283935547,74.88055096473545
8,4096,5,55,72.3367691040039,72.36258499324322
8,4096,5,56,73.683837890625,73.70909204473719
8,4096,5,57,73.11856079101562,73.14441195921972
8,4096,5,58,71.70985412597656,71.73542695818469
8,4096,5,59,70.62960052490234,70.65509696258232
8,4096,5,60,73.88617706298828,73.91223998274654
8,4096,5,61,73.5516128540039,73.57767695793882
8,4096,5,62,73.09910583496094,73.12450400786474
8,4096,5,63,73.38038635253906,73.40546301566064
8,4096,6,1,133.94937133789062,133.97981802700087
8,4096,6,2,139.77293395996094,139.79856303194538
8,4096,6,3,139.97926330566406,140.00471000326797
8,4096,6,4,140.3668212890625,140.39488800335675
8,4096,6,5,140.42025756835938,140.44806797755882
8,4096,6,6,132.2346954345703,132.26096599828452
8,4096,6,7,120.51868438720703,120.54356600856408
8,4096,6,8,116.2492446899414,116.27526499796659
8,4096,6,9,109.38591766357422,109.41207100404426
8,4096,6,10,104.65020751953125,104.67544198036194
8,4096,6,11,99.92546844482422,99.95132603216916
8,4096,6,12,98.78982543945312,98.81562198279426
8,4096,6,13,92.1032943725586,92.12837199447677
8,4096,6,14,90.19872283935547,90.22340399678797
8,4096,6,15,88.47561645507812,88.50099903065711
8,4096,6,16,84.35628509521484,84.3819709843956
8,4096,6,17,82.59737396240234,82.62316003674641
8,4096,6,18,77.74082946777344,77.76702201226726
8,4096,6,19,79.58477020263672,79.61089903255925
8,4096,6,20,78.1280288696289,78.15366599243134
8,4096,6,21,74.79513549804688,74.82162700034678
8,4096,6,22,75.72294616699219,75.74951997958124
8,4096,6,23,71.4566421508789,71.4835140388459
8,4096,6,24,69.92550659179688,69.95352503145114
8,4096,6,25,69.91324615478516,69.93960798718035
8,4096,6,26,68.51142120361328,68.53734602918848
8,4096,6,27,67.13407897949219,67.16200697701424
8,4096,6,28,67.69647979736328,67.72131600882858
8,4096,6,29,66.93622589111328,66.9606119627133
8,4096,6,30,68.63692474365234,68.66235396591946
8,4096,6,31,68.07778930664062,68.10394499916583
8,4096,6,32,68.18710327148438,68.21252999361604
8,4096,6,33,67.75065612792969,67.77538900496438
8,4096,6,34,67.23238372802734,67.25817202823237
8,4096,6,35,68.4098892211914,68.43546702293679
8,4096,6,36,66.49027252197266,66.51471299119294
8,4096,6,37,67.16751861572266,67.19189300201833
8,4096,6,38,68.2023696899414,68.22719803312793
8,4096,6,39,67.30025482177734,67.32576200738549
8,4096,6,40,67.76739501953125,67.79227597871795
8,4096,6,41,67.07878112792969,67.10412399843335
8,4096,6,42,67.84880065917969,67.87383300252259
8,4096,6,43,68.18621063232422,68.21141502587125
8,4096,6,44,67.28793334960938,67.31355399824679
8,4096,6,45,67.06598663330078,67.0918800169602
8,4096,6,46,66.82713317871094,66.8519310420379
8,4096,6,47,68.43775939941406,68.46431299345568
8,4096,6,48,67.8730239868164,67.89808499161154
8,4096,6,49,66.77410888671875,66.8008920038119
8,4096,6,50,68.17123413085938,68.19718994665891
8,4096,6,51,66.9928970336914,67.01857602456585
8,4096,6,52,66.88674926757812,66.91248499555513
8,4096,6,53,68.22950744628906,68.25525598833337
8,4096,6,54,66.7873306274414,66.81291101267561
8,4096,6,55,69.29942321777344,69.324723968748
8,4096,6,56,69.73596954345703,69.76171402493492
8,4096,6,57,67.89888000488281,67.92408600449562
8,4096,6,58,67.78947448730469,67.81627296004444
8,4096,6,59,68.98381042480469,69.00871300604194
8,4096,6,60,69.06719970703125,69.09162196097896
8,4096,6,61,67.2759017944336,67.29968899162486
8,4096,6,62,68.41011047363281,68.43569595366716
8,4096,6,63,68.33424377441406,68.3593190042302
16,128,0,1,31.914079666137695,31.939513981342316
16,128,0,2,20.983360290527344,21.00766502553597
16,128,0,3,16.935680389404297,16.960256034508348
16,128,0,4,16.016223907470703,16.04121399577707
16,128,0,5,16.180992126464844,16.205154010094702
16,128,0,6,16.415807723999023,16.439193044789135
16,128,0,7,16.159008026123047,16.18468901142478
16,128,0,8,16.043296813964844,16.067043994553387
16,128,0,9,16.05392074584961,16.07798197073862
16,128,0,10,16.39686393737793,16.421956999693066
16,128,0,11,16.783967971801758,16.808923974167556
16,128,0,12,17.18979263305664,17.214011983014643
16,128,0,13,16.904319763183594,16.928985016420484
16,128,0,14,16.799264907836914,16.823870013467968
16,128,0,15,16.828832626342773,16.85292599722743
16,128,0,16,17.459199905395508,17.48347101965919
16,128,0,17,17.593151092529297,17.617453006096184
16,128,0,18,17.43846321105957,17.466188000980765
16,128,0,19,17.267711639404297,17.29104097466916
16,128,0,20,16.950464248657227,16.97462098672986
16,128,0,21,16.2890567779541,16.314175038132817
16,128,0,22,16.743999481201172,16.76848001079634
16,128,0,23,17.322559356689453,17.34610804123804
16,128,0,24,17.56924819946289,17.592770978808403
16,128,0,25,17.343679428100586,17.366982996463776
16,128,0,26,17.148704528808594,17.172935011330992
16,128,0,27,17.0501766204834,17.07431598333642
16,128,0,28,17.059711456298828,17.08362699719146
16,128,0,29,17.088319778442383,17.11202401202172
16,128,0,30,17.051136016845703,17.07462896592915
16,128,0,31,17.33363151550293,17.35768700018525
16,128,0,32,17.54319953918457,17.56750699132681
16,128,0,33,17.198944091796875,17.22328702453524
16,128,0,34,17.182144165039062,17.20650098286569
16,128,0,35,17.18726348876953,17.211082973517478
16,128,0,36,17.061471939086914,17.08478998625651
16,128,0,37,16.95475196838379,16.978900996036828
16,128,0,38,16.749088287353516,16.77293801913038
16,128,0,39,16.515968322753906,16.539751028176397
16,128,0,40,16.815935134887695,16.839789983350784
16,128,0,41,17.3984317779541,17.4218820175156
16,128,0,42,17.388511657714844,17.41255196975544
16,128,0,43,17.31760025024414,17.341368016786873
16,128,0,44,17.34809684753418,17.372183967381716
16,128,0,45,16.957151412963867,16.9807740021497
16,128,0,46,16.706527709960938,16.730160976294428
16,128,0,47,16.686111450195312,16.71006402466446
16,128,0,48,17.113727569580078,17.137132992502302
16,128,0,49,16.73027229309082,16.75405801506713
16,128,0,50,16.778751373291016,16.802157973870635
16,128,0,51,16.7541446685791,16.77787897642702
16,128,0,52,16.79759979248047,16.82134805014357
16,128,0,53,16.779680252075195,16.806275001727045
16,128,0,54,16.91744041442871,16.940784989856184
16,128,0,55,17.274112701416016,17.297826008871198
16,128,0,56,17.286144256591797,17.30986195616424
16,128,0,57,17.623552322387695,17.647202010266483
16,128,0,58,17.93731117248535,17.961498990189284
16,128,0,59,18.005983352661133,18.030002946034074
16,128,0,60,17.919008255004883,17.942990001756698
16,128,0,61,17.738624572753906,17.76203204644844
16,128,0,62,17.589792251586914,17.613779986277223
16,128,0,63,17.40083122253418,17.424853052943945
16,128,1,1,33.246559143066406,33.27122901100665
16,128,1,2,21.76803207397461,21.7924730386585
16,128,1,3,17.98076820373535,18.004848971031606
16,128,1,4,17.927488327026367,17.951707006432116
16,128,1,5,17.922847747802734,17.94781000353396
16,128,1,6,17.94710350036621,17.9707040078938
16,128,1,7,18.30259132385254,18.32644297974184
16,128,1,8,18.41814422607422,18.441881984472275
16,128,1,9,18.18556785583496,18.20933201815933
16,128,1,10,17.93769645690918,17.96280703274533
16,128,1,11,17.76665687561035,17.790772952139378
16,128,1,12,18.16476821899414,18.188839021604508
16,128,1,13,18.35750389099121,18.38164497166872
16,128,1,14,18.37945556640625,18.403157009743154
16,128,1,15,18.372480392456055,18.39677500538528
16,128,1,16,18.419231414794922,18.443576991558075
16,128,1,17,18.4564151763916,18.48099404014647
16,128,1,18,18.651296615600586,18.675694009289145
16,128,1,19,18.646591186523438,18.67032202426344
16,128,1,20,18.636703491210938,18.660973000805825
16,128,1,21,18.8156795501709,18.839800031855702
16,128,1,22,18.862079620361328,18.886276986449957
16,128,1,23,18.321247100830078,18.346179043874145
16,128,1,24,18.094911575317383,18.120038032066077
16,128,1,25,18.33478355407715,18.358590023126453
16,128,1,26,18.094079971313477,18.11838202411309
16,128,1,27,18.098751068115234,18.12216901453212
16,128,1,28,18.101791381835938,18.12581002013758
16,128,1,29,18.132415771484375,18.15640297718346
16,128,1,30,19.707904815673828,19.73177498439327
16,128,1,31,19.607263565063477,19.631722010672092
16,128,1,32,18.93062400817871,18.954233033582568
16,128,1,33,18.714527130126953,18.739044026006013
16,128,1,34,18.371295928955078,18.396330007817596
16,128,1,35,18.253503799438477,18.27691198559478
16,128,1,36,18.683168411254883,18.707331037148833
16,128,1,37,19.34796714782715,19.372056995052844
16,128,1,38,19.16009521484375,19.18348902836442
16,128,1,39,18.631744384765625,18.65658297901973
16,128,1,40,18.376863479614258,18.401006993371993
16,128,1,41,18.631263732910156,18.655561958439648
16,128,1,42,18.650175094604492,18.67447601398453
16,128,1,43,18.910911560058594,18.934961000923067
16,128,1,44,18.996736526489258,19.020668987650424
16,128,1,45,19.007808685302734,19.03208502335474
16,128,1,46,18.783199310302734,18.80744198570028
16,128,1,47,18.832672119140625,18.857725022826344
16,128,1,48,18.720672607421875,18.745617009699345
16,128,1,49,18.901567459106445,18.92613898962736
16,128,1,50,19.073759078979492,19.09828302450478
16,128,1,51,19.33750343322754,19.362277002073824
16,128,1,52,19.774911880493164,19.79951001703739
16,128,1,53,19.61052894592285,19.635464996099472
16,128,1,54,19.4869441986084,19.511491002049297
16,128,1,55,19.403615951538086,19.428925996180624
16,128,1,56,19.416959762573242,19.44196003023535
16,128,1,57,19.390560150146484,19.415966991800815
16,128,1,58,19.456512451171875,19.481249968521297
16,128,1,59,19.28950309753418,19.31418396998197
16,128,1,60,19.066783905029297,19.091290014330298
16,128,1,61,18.47417640686035,18.49934901110828
16,128,1,62,18.221952438354492,18.24645500164479
16,128,1,63,18.25881576538086,18.283270997926593
16,128,2,1,33.612510681152344,33.63888699095696
16,128,2,2,21.697120666503906,21.721446013543755
16,128,2,3,18.442527770996094,18.46698601730168
16,128,2,4,17.177343368530273,17.202244023792446
16,128,2,5,16.835840225219727,16.860377974808216
16,128,2,6,16.794687271118164,16.81898202514276
16,128,2,7,17.053983688354492,17.07832998363301
16,128,2,8,17.361215591430664,17.38544600084424
16,128,2,9,17.612031936645508,17.635785974562168
16,128,2,10,17.60870361328125,17.632323026191443
16,128,2,11,17.60256004333496,17.626549990382046
16,128,2,12,17.656896591186523,17.68272795015946
16,128,2,13,17.646080017089844,17.670100962277502
16,128,2,14,17.37183952331543,17.396578972693533
16,128,2,15,17.071199417114258,17.094797047320753
16,128,2,16,16.962879180908203,16.98704296723008
16,128,2,17,16.98137664794922,17.0051499735564
16,128,2,18,17.018367767333984,17.043216968886554
16,128,2,19,17.437503814697266,17.46145501965657
16,128,2,20,17.786592483520508,17.810763034503907
16,128,2,21,17.597408294677734,17.621832026634365
16,128,2,22,17.85807991027832,17.88325101369992
16,128,2,23,18.034400939941406,18.05871003307402
16,128,2,24,17.756511688232422,17.78140099486336
16,128,2,25,17.545568466186523,17.569668998476118
16,128,2,26,17.46441650390625,17.488995974417776
16,128,2,27,17.486080169677734,17.510483041405678
16,128,2,28,17.188480377197266,17.212004982866347
16,128,2,29,17.320255279541016,17.344287014566362
16,128,2,30,18.17807960510254,18.201903032604605
16,128,2,31,18.260608673095703,18.284574965946376
16,128,2,32,17.9564151763916,17.980097967665642
16,128,2,33,17.654720306396484,17.678648000583053
16,128,2,34,17.739776611328125,17.763746960554272
16,128,2,35,17.9866886138916,18.010145984590054
16,128,2,36,18.108800888061523,18.133343022782356
16,128,2,37,17.788095474243164,17.812106991186738
16,128,2,38,17.66396713256836,17.688085965346545
16,128,2,39,18.10495948791504,18.12910701846704
16,128,2,40,18.099584579467773,18.12342001358047
16,128,2,41,18.191871643066406,18.21763499174267
16,128,2,42,18.134719848632812,18.16059899283573
16,128,2,43,17.884544372558594,17.908838985022157
16,128,2,44,17.918752670288086,17.942887963727117
16,128,2,45,17.91231918334961,17.936396994628012
16,128,2,46,18.276447296142578,18.300800991710275
16,128,2,47,18.46931266784668,18.496014003176242
16,128,2,48,17.94486427307129,17.969553009606898
16,128,2,49,18.329727172851562,18.353750987444073
16,128,2,50,18.52556800842285,18.550047010648996
16,128,2,51,18.511615753173828,18.53520597796887
16,128,2,52,18.526784896850586,18.551277986261994
16,128,2,53,18.589567184448242,18.61385302618146
16,128,2,54,18.58278465270996,18.60729797044769
16,128,2,55,18.665536880493164,18.6896359664388
16,128,2,56,18.66022491455078,18.684048030991107
16,128,2,57,18.43222427368164,18.455983023159206
16,128,2,58,18.16636848449707,18.190156028140336
16,128,2,59,18.01683235168457,18.043421965558082
16,128,2,60,18.200319290161133,18.224880972411484
16,128,2,61,18.231775283813477,18.25581304728985
16,128,2,62,18.233631134033203,18.25793198077008
16,128,2,63,18.687007904052734,18.71251204283908
16,128,3,1,31.633535385131836,31.65999095654115
16,128,3,2,21.207456588745117,21.233124018181115
16,128,3,3,19.361536026000977,19.388478016480803
16,128,3,4,17.098432540893555,17.12321798549965
16,128,3,5,16.767839431762695,16.792361973784864
16,128,3,6,16.296607971191406,16.32105599856004
16,128,3,7,16.518688201904297,16.542700002901256
16,128,3,8,17.122207641601562,17.14630296919495
16,128,3,9,17.15488052368164,17.179864982608706
16,128,3,10,17.154848098754883,17.17974100029096
16,128,3,11,17.19411277770996,17.218475986737758
16,128,3,12,16.988927841186523,17.013649980071932
16,128,3,13,17.130687713623047,17.154939007014036
16,128,3,14,17.3306884765625,17.355440999381244
16,128,3,15,17.379680633544922,17.404303012881428
16,128,3,16,17.38230323791504,17.40727899596095
16,128,3,17,17.431167602539062,17.455110035371035
16,128,3,18,17.328832626342773,17.353432020172477
16,128,3,19,17.083999633789062,17.109104024711996
16,128,3,20,17.119104385375977,17.143603996373713
16,128,3,21,17.317344665527344,17.34234398463741
16,128,3,22,17.22425651550293,17.248199961613864
16,128,3,23,17.52707290649414,17.551525961607695
16,128,3,24,17.55232048034668,17.57717301370576
16,128,3,25,17.600927352905273,17.62521598720923
16,128,3,26,17.540735244750977,17.566744005307555
16,128,3,27,17.478591918945312,17.502159986179322
16,128,3,28,17.90505599975586,17.92924600886181
16,128,3,29,18.138879776000977,18.163171014748514
16,128,3,30,17.952959060668945,17.976400966290385
16,128,3,31,17.645055770874023,17.669027962256223
16,128,3,32,17.77395248413086,17.7988059585914
16,128,3,33,18.175199508666992,18.19984702160582
16,128,3,34,18.221664428710938,18.246043007820845
16,128,3,35,18.237728118896484,18.261507037095726
16,128,3,36,17.834047317504883,17.858239996712655
16,128,3,37,17.769376754760742,17.79343601083383
16,128,3,38,17.711360931396484,17.735849018208683
16,128,3,39,17.6724796295166,17.696738010272384
16,128,3,40,17.6790714263916,17.703047022223473
16,128,3,41,17.718175888061523,17.742355004884303
16,128,3,42,17.71552085876465,17.740248993504792
16,128,3,43,17.721311569213867,17.74522801861167
16,128,3,44,17.78544044494629,17.809771990869194
16,128,3,45,17.771263122558594,17.79459899989888
16,128,3,46,17.9237117767334,17.94770499691367
16,128,3,47,18.715776443481445,18.739871971774846
16,128,3,48,19.010400772094727,19.03436303837225
16,128,3,49,18.51296043395996,18.537054012995213
16,128,3,50,18.833375930786133,18.857612973079085
16,128,3,51,18.891584396362305,18.916304979939014
16,128,3,52,18.53968048095703,18.564498983323574
16,128,3,53,18.42393684387207,18.44849099870771
16,128,3,54,18.16761589050293,18.19235400762409
16,128,3,55,18.123584747314453,18.148138013202697
16,128,3,56,17.996192932128906,18.021048046648502
16,128,3,57,17.995840072631836,18.01979896845296
16,128,3,58,17.73801612854004,17.762411036528647
16,128,3,59,17.773664474487305,17.79966300819069
16,128,3,60,18.683807373046875,18.70783604681492
16,128,3,61,19.19487953186035,19.219173991587013
16,128,3,62,19.024736404418945,19.048645975999534
16,128,3,63,18.560447692871094,18.585276033263654
16,128,4,1,31.721088409423828,31.746057968121022
16,128,4,2,22.118783950805664,22.146329982206225
16,128,4,3,18.72537612915039,18.751161987893283
16,128,4,4,17.46463966369629,17.490371013991535
16,128,4,5,17.061216354370117,17.08594599040225
16,128,4,6,16.89276885986328,16.916655004024506
16,128,4,7,16.818944931030273,16.84327097609639
16,128,4,8,16.820192337036133,16.84472500346601
16,128,4,9,18.035104751586914,18.059584021102637
16,128,4,10,18.08844757080078,18.11246800934896
16,128,4,11,17.766271591186523,17.790798970963806
16,128,4,12,17.674367904663086,17.69976201467216
16,128,4,13,17.343551635742188,17.36821496160701
16,128,4,14,17.379167556762695,17.403568024747074
16,128,4,15,17.72038459777832,17.745506018400192
16,128,4,16,17.424287796020508,17.449177044909447
16,128,4,17,17.446592330932617,17.471288971137255
16,128,4,18,17.6727352142334,17.69690401852131
16,128,4,19,17.88800048828125,17.911911010742188
16,128,4,20,17.920543670654297,17.944790015462786
16,128,4,21,17.74870491027832,17.773538012988865
16,128,4,22,17.539199829101562,17.5639980006963
16,128,4,23,17.449695587158203,17.478046007454395
16,128,4,24,17.419872283935547,17.4445669981651
16,128,4,25,17.573183059692383,17.597307974938303
16,128,4,26,17.604223251342773,17.62941398192197
16,128,4,27,17.839744567871094,17.865094006992877
16,128,4,28,17.9586238861084,17.987251980230212
16,128,4,29,17.998239517211914,18.022703006863594
16,128,4,30,18.017824172973633,18.042605952359736
16,128,4,31,18.011167526245117,18.035744957160205
16,128,4,32,18.02716827392578,18.05203000549227
16,128,4,33,17.675743103027344,17.700256954412907
16,128,4,34,17.886112213134766,17.91081199189648
16,128,4,35,18.222944259643555,18.24756001587957
16,128,4,36,18.14726448059082,18.17529898835346
16,128,4,37,17.81920051574707,17.843623994849622
16,128,4,38,17.9017276763916,17.92633900186047
16,128,4,39,18.159744262695312,18.18497496424243
16,128,4,40,18.281152725219727,18.30620301188901
16,128,4,41,18.207008361816406,18.23189202696085
16,128,4,42,18.215360641479492,18.240117991808802
16,128,4,43,18.200767517089844,18.22516298852861
16,128,4,44,18.265792846679688,18.290335952769965
16,128,4,45,18.14240074157715,18.167158996220678
16,128,4,46,18.253664016723633,18.278122995980084
16,128,4,47,18.29759979248047,18.322460004128516
16,128,4,48,18.635936737060547,18.659972003661096
16,128,4,49,18.93948745727539,18.964221992064267
16,128,4,50,19.116544723510742,19.140990974847227
16,128,4,51,18.03376007080078,18.058273009955883
16,128,4,52,17.906431198120117,17.931238980963826
16,128,4,53,18.158016204833984,18.182468018494546
16,128,4,54,18.87843132019043,18.903561984188855
16,128,4,55,18.93062400817871,18.955393985379487
16,128,4,56,18.936384201049805,18.961007008329034
16,128,4,57,18.505632400512695,18.53006100282073
16,128,4,58,18.544960021972656,18.568961997516453
16,128,4,59,18.516767501831055,18.541413999628276
16,128,4,60,18.58051109313965,18.604950048029423
16,128,4,61,18.584287643432617,18.60823400784284
16,128,4,62,19.59929656982422,19.623363041318953
16,128,4,63,19.382400512695312,19.406966981478035
16,128,5,1,31.28860855102539,31.314293039031327
16,128,5,2,24.152320861816406,24.176538980100304
16,128,5,3,18.48464012145996,18.508528009988368
16,128,5,4,17.154592514038086,17.178585985675454
16,128,5,5,16.73583984375,16.759541002102196
16,128,5,6,17.064512252807617,17.089228029362857
16,128,5,7,17.722431182861328,17.74628204293549
16,128,5,8,17.363679885864258,17.38857402233407
16,128,5,9,16.843135833740234,16.86687598703429
16,128,5,10,16.84329605102539,16.867903992533684
16,128,5,11,17.112895965576172,17.136837996076792
16,128,5,12,17.030975341796875,17.05562201095745
16,128,5,13,16.90355110168457,16.92792901303619
16,128,5,14,17.283647537231445,17.308362992480397
16,128,5,15,17.69580841064453,17.720506992191076
16,128,5,16,17.387840270996094,17.412553948815912
16,128,5,17,17.29136085510254,17.317988036666065
16,128,5,18,17.294015884399414,17.31856499100104
16,128,5,19,17.358112335205078,17.382634978275746
16,128,5,20,17.47590446472168,17.49939500587061
16,128,5,21,17.50271987915039,17.5265779835172
16,128,5,22,17.477760314941406,17.50112895388156
16,128,5,23,17.40550422668457,17.429172003176063
16,128,5,24,17.40070343017578,17.424674006178975
16,128,5,25,17.344608306884766,17.36849400913343
16,128,5,26,17.166847229003906,17.19081902410835
16,128,5,27,17.450336456298828,17.474432999733835
16,128,5,28,17.63916778564453,17.66349101671949
16,128,5,29,17.57574462890625,17.600545019377023
16,128,5,30,17.577823638916016,17.605045984964818
16,128,5,31,17.579103469848633,17.603637010324746
16,128,5,32,18.181472778320312,18.206956970971078
16,128,5,33,18.053728103637695,18.080030975397676
16,128,5,34,17.804447174072266,17.82896602526307
16,128,5,35,17.754047393798828,17.780814960133284
16,128,5,36,17.744768142700195,17.769517027772963
16,128,5,37,17.736127853393555,17.761170049197972
16,128,5,38,17.534879684448242,17.56102603394538
16,128,5,39,17.27292823791504,17.297243990469724
16,128,5,40,17.43903923034668,17.464909004047513
16,128,5,41,17.70083236694336,17.725831014104187
16,128,5,42,17.718975067138672,17.744979995768517
16,128,5,43,17.737279891967773,17.762092989869416
16,128,5,44,17.79408073425293,17.819441971369088
16,128,5,45,18.388479232788086,18.415177008137107
16,128,5,46,18.602399826049805,18.62924301531166
16,128,5,47,18.475936889648438,18.502050021197647
16,128,5,48,18.1976318359375,18.222059996332973
16,128,5,49,17.965696334838867,17.992808017879725
16,128,5,50,17.984607696533203,18.01202300703153
16,128,5,51,18.409696578979492,18.43568799085915
16,128,5,52,18.067583084106445,18.092707032337785
16,128,5,53,18.320863723754883,18.34734797012061
16,128,5,54,18.466175079345703,18.490556976757944
16,128,5,55,18.089984893798828,18.113885016646236
16,128,5,56,18.659488677978516,18.68282101349905
16,128,5,57,18.953983306884766,18.978033971507102
16,128,5,58,18.972576141357422,18.99591804249212
16,128,5,59,18.614816665649414,18.638552981428802
16,128,5,60,18.717824935913086,18.741682986728847
16,128,5,61,18.563968658447266,18.587522965390235
16,128,5,62,18.24291229248047,18.26688996516168
16,128,5,63,18.2541446685791,18.278569041285664
16,128,6,1,26.995712280273438,27.020788984373212
16,128,6,2,19.702272415161133,19.726731989067048
16,128,6,3,16.214336395263672,16.237913980148733
16,128,6,4,15.167840003967285,15.19232103601098
16,128,6,5,14.73862361907959,14.762823993805796
16,128,6,6,14.345600128173828,14.369333977811038
16,128,6,7,14.365568161010742,14.38919798238203
16,128,6,8,14.206144332885742,14.229747001081705
16,128,6,9,14.236063957214355,14.260461030062288
16,128,6,10,14.2291841506958,14.253796951379627
16,128,6,11,14.244799613952637,14.268338971305639
16,128,6,12,14.267647743225098,14.29202500730753
16,128,6,13,14.2807035446167,14.305084012448788
16,128,6,14,14.292320251464844,14.315852022264153
16,128,6,15,14.340319633483887,14.364744012709707
16,128,6,16,14.315775871276855,14.341689995490015
16,128,6,17,14.34995174407959,14.374503982253373
16,128,6,18,14.357536315917969,14.381413988303393
16,128,6,19,14.373727798461914,14.39760799985379
16,128,6,20,14.475520133972168,14.500145975034684
16,128,6,21,14.458271980285645,14.48167598573491
16,128,6,22,14.42956829071045,14.45322297513485
16,128,6,23,14.447327613830566,14.471198024693877
16,128,6,24,14.434399604797363,14.458966965321451
16,128,6,25,14.462112426757812,14.48638696456328
16,128,6,26,14.362591743469238,14.387083007022738
16,128,6,27,14.194975852966309,14.21912998193875
16,128,6,28,14.12816047668457,14.15168697712943
16,128,6,29,14.301568031311035,14.32527502765879
16,128,6,30,14.510272026062012,14.5342749892734
16,128,6,31,14.491488456726074,14.515281945932657
16,128,6,32,14.319392204284668,14.34355997480452
16,128,6,33,14.137408256530762,14.161396014969796
16,128,6,34,14.096256256103516,14.120328007265925
16,128,6,35,14.063263893127441,14.08727397210896
16,128,6,36,14.201824188232422,14.22588701825589
16,128,6,37,14.2806396484375,14.304075972177088
16,128,6,38,14.2609281539917,14.284455042798072
16,128,6,39,14.282143592834473,14.30560601875186
16,128,6,40,14.306048393249512,14.330633042845875
16,128,6,41,14.388928413391113,14.413299039006233
16,128,6,42,14.36854362487793,14.39258799655363
16,128,6,43,14.396063804626465,14.419857994653285
16,128,6,44,14.414719581604004,14.438963029533625
16,128,6,45,14.4203519821167,14.444383035879582
16,128,6,46,14.433856010437012,14.457985002081841
16,128,6,47,14.571200370788574,14.596303983125836
16,128,6,48,14.75487995147705,14.778624987229705
16,128,6,49,14.981344223022461,15.005535038653761
16,128,6,50,15.026240348815918,15.050479967612773
16,128,6,51,15.142911911010742,15.167361998464912
16,128,6,52,15.326208114624023,15.350917994510382
16,128,6,53,15.350720405578613,15.375629998743534
16,128,6,54,15.228768348693848,15.253333025611937
16,128,6,55,15.237600326538086,15.261634020134807
16,128,6,56,15.299615859985352,15.32415795372799
16,128,6,57,15.410816192626953,15.43519296683371
16,128,6,58,15.734175682067871,15.757796005345881
16,128,6,59,15.805215835571289,15.83002699771896
16,128,6,60,16.27519989013672,16.29989896900952
16,128,6,61,16.812255859375,16.836729017086327
16,128,6,62,16.841279983520508,16.865746991243213
16,128,6,63,16.856319427490234,16.880726034287363
16,1024,0,1,63.25347137451172,63.28115897485986
16,1024,0,2,38.098175048828125,38.122581026982516
16,1024,0,3,45.29302215576172,45.31705303816125
16,1024,0,4,45.821983337402344,45.8477110369131
16,1024,0,5,44.70924758911133,44.7351349866949
16,1024,0,6,44.35910415649414,44.38450501766056
16,1024,0,7,44.37705612182617,44.401613995432854
16,1024,0,8,44.96819305419922,44.99181802384555
16,1024,0,9,46.00761413574219,46.03542399127036
16,1024,0,10,45.85308837890625,45.87843897752464
16,1024,0,11,46.433982849121094,46.45891604013741
16,1024,0,12,44.88959884643555,44.955116987694055
16,1024,0,13,44.418270111083984,44.50015799375251
16,1024,0,14,45.75408172607422,45.77835398958996
16,1024,0,15,45.260990142822266,45.28625396778807
16,1024,0,16,45.5148811340332,45.53914500866085
16,1024,0,17,48.563838958740234,48.58820902882144
16,1024,0,18,44.616737365722656,44.64112501591444
16,1024,0,19,45.45475387573242,45.48019100911915
16,1024,0,20,45.79587173461914,45.82000395748764
16,1024,0,21,45.222496032714844,45.24747497634962
16,1024,0,22,46.44063949584961,46.464829007163644
16,1024,0,23,45.680030822753906,45.70459801470861
16,1024,0,24,46.572959899902344,46.598223969340324
16,1024,0,25,45.26540756225586,45.28936301358044
16,1024,0,26,46.02755355834961,46.05219000950456
16,1024,0,27,46.05904006958008,46.08375299721956
16,1024,0,28,45.186622619628906,45.210657990537584
16,1024,0,29,45.86550521850586,45.88933498598635
16,1024,0,30,45.293663024902344,45.31846195459366
16,1024,0,31,45.274559020996094,45.299812976736575
16,1024,0,32,46.48553466796875,46.51033802656457
16,1024,0,33,46.324798583984375,46.35049495846033
16,1024,0,34,45.40227127075195,45.42644298635423
16,1024,0,35,47.15532684326172,47.18044196488336
16,1024,0,36,45.9317741394043,45.95546796917915
16,1024,0,37,45.14796829223633,45.172490004915744
16,1024,0,38,46.14726257324219,46.17155803134665
16,1024,0,39,45.844703674316406,45.869202993344516
16,1024,0,40,46.365760803222656,46.39024700736627
16,1024,0,41,46.85663986206055,46.880782989319414
16,1024,0,42,46.036319732666016,46.060958004090935
16,1024,0,43,46.06150436401367,46.08797299442813
16,1024,0,44,45.3678092956543,45.39368499536067
16,1024,0,45,46.10153579711914,46.125611988827586
16,1024,0,46,44.65708923339844,44.68164703575894
16,1024,0,47,46.83465576171875,46.85886000515893
16,1024,0,48,46.651424407958984,46.67662596330047
16,1024,0,49,48.732479095458984,48.756987031083554
16,1024,0,50,50.04227066040039,50.06680602673441
16,1024,0,51,46.01084899902344,46.03544401470572
16,1024,0,52,46.7248649597168,46.74949898617342
16,1024,0,53,45.708927154541016,45.733089034911245
16,1024,0,54,46.11088180541992,46.1356479790993
16,1024,0,55,47.443359375,47.467470983974636
16,1024,0,56,45.43510437011719,45.45922501711175
16,1024,0,57,47.41408157348633,47.43830702500418
16,1024,0,58,47.757728576660156,47.785514034330845
16,1024,0,59,46.99766540527344,47.02204995555803
16,1024,0,60,46.816158294677734,46.84049898060039
16,1024,0,61,46.11881637573242,46.144146006554365
16,1024,0,62,45.58995056152344,45.61464599100873
16,1024,0,63,45.59734344482422,45.62192299636081
16,1024,1,1,56.78665542602539,56.81320797884837
16,1024,1,2,32.79868698120117,32.82304300228134
16,1024,1,3,31.477567672729492,31.502367986831814
16,1024,1,4,39.22956848144531,39.25412899116054
16,1024,1,5,38.23158264160156,38.255982974078506
16,1024,1,6,37.66636657714844,37.69080404890701
16,1024,1,7,37.44828796386719,37.47189696878195
16,1024,1,8,37.88220977783203,37.907399993855506
16,1024,1,9,44.20316696166992,44.22746296040714
16,1024,1,10,45.299072265625,45.32397002913058
16,1024,1,11,44.23177719116211,44.25700200954452
16,1024,1,12,43.78153610229492,43.807481008116156
16,1024,1,13,48.214847564697266,48.239657015074044
16,1024,1,14,56.10054397583008,56.12548300996423
16,1024,1,15,55.81635284423828,55.84177898708731
16,1024,1,16,55.36604690551758,55.391140980646014
16,1024,1,17,54.73420715332031,54.75878401193768
16,1024,1,18,59.24931335449219,59.27420197986066
16,1024,1,19,59.575775146484375,59.60183002753183
16,1024,1,20,59.33379364013672,59.359035978559405
16,1024,1,21,66.68739318847656,66.71270600054413
16,1024,1,22,64.8256607055664,64.8511530016549
16,1024,1,23,66.06463623046875,66.09289499465376
16,1024,1,24,66.3458251953125,66.37153797782958
16,1024,1,25,65.515869140625,65.5413159984164
16,1024,1,26,66.67443084716797,66.6998969973065
16,1024,1,27,66.76297760009766,66.78841996472329
16,1024,1,28,67.09830474853516,67.12406896986067
16,1024,1,29,68.95033264160156,68.97776405094191
16,1024,1,30,66.89446258544922,66.92029995610937
16,1024,1,31,66.57823944091797,66.603412036784
16,1024,1,32,69.65071868896484,69.6755989920348
16,1024,1,33,64.47206115722656,64.49693103786558
16,1024,1,34,62.770145416259766,62.79537599766627
16,1024,1,35,63.6932487487793,63.718114979565144
16,1024,1,36,59.12131118774414,59.147749037947506
16,1024,1,37,56.337886810302734,56.363422016147524
16,1024,1,38,57.90611267089844,57.931463001295924
16,1024,1,39,58.17542266845703,58.200809988193214
16,1024,1,40,53.30963134765625,53.33535198587924
16,1024,1,41,53.30083084106445,53.326087014283985
16,1024,1,42,52.768672943115234,52.79414699180052
16,1024,1,43,52.770912170410156,52.796125994063914
16,1024,1,44,51.303489685058594,51.329176989383996
16,1024,1,45,50.148414611816406,50.17333198338747
16,1024,1,46,50.17068862915039,50.19649397581816
16,1024,1,47,54.942848205566406,54.967909993138164
16,1024,1,48,47.113121032714844,47.13891999563202
16,1024,1,49,48.09145736694336,48.1171949650161
16,1024,1,50,48.193153381347656,48.21819200878963
16,1024,1,51,46.97555160522461,47.00031201355159
16,1024,1,52,46.91350555419922,46.938554965890944
16,1024,1,53,48.82601547241211,48.851013998501
16,1024,1,54,45.78220748901367,45.8082280238159
16,1024,1,55,45.92630386352539,45.951493026223034
16,1024,1,56,48.675262451171875,48.700293991714716
16,1024,1,57,47.13167953491211,47.15695098275319
16,1024,1,58,46.46531295776367,46.48984002415091
16,1024,1,59,48.32940673828125,48.35800000000745
16,1024,1,60,47.04937744140625,47.073908033780754
16,1024,1,61,48.88195037841797,48.906832991633564
16,1024,1,62,47.52592086791992,47.55053197732195
16,1024,1,63,47.158592224121094,47.18346003210172
16,1024,2,1,67.15609741210938,67.18713801819831
16,1024,2,2,41.09404754638672,41.11897700931877
16,1024,2,3,43.43958282470703,43.46395801985636
16,1024,2,4,42.31740951538086,42.34186903340742
16,1024,2,5,41.90288162231445,41.927711048629135
16,1024,2,6,42.03865432739258,42.06331598106772
16,1024,2,7,43.56675338745117,43.59117295825854
16,1024,2,8,44.757728576660156,44.78243400808424
16,1024,2,9,44.497535705566406,44.52193796169013
16,1024,2,10,44.770591735839844,44.79601595085114
16,1024,2,11,45.35567855834961,45.38132203742862
16,1024,2,12,45.30147171020508,45.32609897432849
16,1024,2,13,44.80588912963867,44.83094095485285
16,1024,2,14,46.519168853759766,46.54344404116273
16,1024,2,15,44.92259216308594,44.947335962206125
16,1024,2,16,46.18627166748047,46.21077299816534
16,1024,2,17,44.984352111816406,45.009931025560945
16,1024,2,18,46.705345153808594,46.73010797705501
16,1024,2,19,48.801761627197266,48.831226013135165
16,1024,2,20,50.37200164794922,50.39836699143052
16,1024,2,21,45.23392105102539,45.2590020140633
16,1024,2,22,47.62547302246094,47.65026899985969
16,1024,2,23,46.33852767944336,46.363683009985834
16,1024,2,24,46.431358337402344,46.45679297391325
16,1024,2,25,46.32921600341797,46.354324964340776
16,1024,2,26,46.35219192504883,46.37706698849797
16,1024,2,27,46.177982330322266,46.20283195981756
16,1024,2,28,46.00419235229492,46.028842974919826
16,1024,2,29,45.362815856933594,45.38798803696409
16,1024,2,30,46.14739227294922,46.173162991181016
16,1024,2,31,46.173118591308594,46.1984210414812
16,1024,2,32,47.28006362915039,47.306047985330224
16,1024,2,33,45.87324905395508,45.89844401925802
16,1024,2,34,46.63542556762695,46.66043596807867
16,1024,2,35,46.51203155517578,46.536925015971065
16,1024,2,36,46.101951599121094,46.12722300225869
16,1024,2,37,46.597503662109375,46.62273998837918
16,1024,2,38,48.97727966308594,49.001920968294144
16,1024,2,39,50.06777572631836,50.09215301834047
16,1024,2,40,47.438880920410156,47.46414901455864
16,1024,2,41,48.042720794677734,48.06763201486319
16,1024,2,42,45.7017936706543,45.72729195933789
16,1024,2,43,47.48371124267578,47.509344993159175
16,1024,2,44,50.33235168457031,50.35764299100265
16,1024,2,45,48.01279830932617,48.03838499356061
16,1024,2,46,45.616737365722656,45.641348988283426
16,1024,2,47,46.12857437133789,46.154554991517216
16,1024,2,48,46.75142288208008,46.77602101583034
16,1024,2,49,46.08729553222656,46.11258499789983
16,1024,2,50,49.70521545410156,49.73048000829294
16,1024,2,51,48.96480178833008,48.990195035003126
16,1024,2,52,50.20182418823242,50.227058003656566
16,1024,2,53,50.53036880493164,50.55567203089595
16,1024,2,54,46.234336853027344,46.259435010142624
16,1024,2,55,45.60374450683594,45.62886100029573
16,1024,2,56,49.11564636230469,49.1404989734292
16,1024,2,57,48.72188949584961,48.74678602209315
16,1024,2,58,45.8078727722168,45.83320504752919
16,1024,2,59,45.884254455566406,45.909059001132846
16,1024,2,60,46.28464126586914,46.309561002999544
16,1024,2,61,45.80918502807617,45.83394300425425
16,1024,2,62,47.16873550415039,47.193587000947446
16,1024,2,63,46.55936050415039,46.584738011006266
16,1024,3,1,69.52301025390625,69.55405400367454
16,1024,3,2,41.03023910522461,41.05460399296135
16,1024,3,3,44.09900665283203,44.12436200072989
16,1024,3,4,43.01011276245117,43.03559102118015
16,1024,3,5,43.03500747680664,43.0600710096769
16,1024,3,6,43.85673522949219,43.88145398115739
16,1024,3,7,44.865150451660156,44.88903400488198
16,1024,3,8,44.36048126220703,44.38541899435222
16,1024,3,9,44.573760986328125,44.59886596305296
16,1024,3,10,44.8480339050293,44.87297998275608
16,1024,3,11,44.894081115722656,44.91886799223721
16,1024,3,12,44.63151931762695,44.656835962086916
16,1024,3,13,45.02809524536133,45.05347699159756
16,1024,3,14,44.589759826660156,44.614841986913234
16,1024,3,15,43.45414352416992,43.4797530178912
16,1024,3,16,45.51737594604492,45.54244497558102
16,1024,3,17,46.83107376098633,46.8565360060893
16,1024,3,18,44.36703872680664,44.392274983692914
16,1024,3,19,44.70259094238281,44.73446198971942
16,1024,3,20,45.83590316772461,45.861234015319496
16,1024,3,21,44.76764678955078,44.79267599526793
16,1024,3,22,44.40707015991211,44.431084010284394
16,1024,3,23,44.99871826171875,45.02379900077358
16,1024,3,24,44.273441314697266,44.29773899028078
16,1024,3,25,43.83123016357422,43.85608294978738
16,1024,3,26,44.356224060058594,44.381587009411305
16,1024,3,27,44.53788757324219,44.56297698197886
16,1024,3,28,46.115264892578125,46.14041798049584
16,1024,3,29,43.737281799316406,43.76232100185007
16,1024,3,30,44.61827087402344,44.6429819567129
16,1024,3,31,44.420894622802734,44.4454470416531
16,1024,3,32,45.151519775390625,45.17762002069503
16,1024,3,33,44.945152282714844,44.97057996923104
16,1024,3,34,45.34204864501953,45.36694602575153
16,1024,3,35,45.84473419189453,45.86999298771843
16,1024,3,36,45.90380859375,45.92794901691377
16,1024,3,37,47.07564926147461,47.10090399021283
16,1024,3,38,46.332801818847656,46.357276965864
16,1024,3,39,46.70979309082031,46.74203199101612
16,1024,3,40,48.1280632019043,48.1526090297848
16,1024,3,41,44.228031158447266,44.25286001060158
16,1024,3,42,44.6646728515625,44.689056056085974
16,1024,3,43,45.289344787597656,45.314107032027096
16,1024,3,44,44.4442253112793,44.468801002949476
16,1024,3,45,45.03548812866211,45.060476986691356
16,1024,3,46,45.22652816772461,45.251396019011736
16,1024,3,47,44.85542297363281,44.8800059966743
16,1024,3,48,44.54345703125,44.568345008883625
16,1024,3,49,43.82108688354492,43.845648993737996
16,1024,3,50,45.07436752319336,45.09920801501721
16,1024,3,51,45.65260696411133,45.67740403581411
16,1024,3,52,44.97795104980469,45.00255297170952
16,1024,3,53,45.562782287597656,45.58894201181829
16,1024,3,54,45.610687255859375,45.635376998689026
16,1024,3,55,44.977569580078125,45.001822989434004
16,1024,3,56,44.9719352722168,44.996710028499365
16,1024,3,57,45.229278564453125,45.25446001207456
16,1024,3,58,45.87731170654297,45.902646030299366
16,1024,3,59,45.57417678833008,45.5990019836463
16,1024,3,60,48.42643356323242,48.45118097728118
16,1024,3,61,46.71526336669922,46.74026696011424
16,1024,3,62,45.823326110839844,45.84804701153189
16,1024,3,63,46.266143798828125,46.29164095968008
16,1024,4,1,68.52998352050781,68.55867599369958
16,1024,4,2,45.5340461730957,45.5580489942804
16,1024,4,3,45.624000549316406,45.648735016584396
16,1024,4,4,49.61360168457031,49.63864997262135
16,1024,4,5,50.09145736694336,50.1160979620181
16,1024,4,6,45.24911880493164,45.27368600247428
16,1024,4,7,49.298912048339844,49.32308703428134
16,1024,4,8,52.73455810546875,52.75973299285397
16,1024,4,9,48.54492950439453,48.56994596775621
16,1024,4,10,50.062400817871094,50.0865179928951
16,1024,4,11,52.36659240722656,52.39129101391882
16,1024,4,12,50.041568756103516,50.066860974766314
16,1024,4,13,48.68409729003906,48.709256981965154
16,1024,4,14,46.51689529418945,46.54214403126389
16,1024,4,15,47.725215911865234,47.75004897965118
16,1024,4,16,47.385982513427734,47.41147696040571
16,1024,4,17,50.09052658081055,50.115560996346176
16,1024,4,18,48.48198318481445,48.50722203264013
16,1024,4,19,50.777950286865234,50.807147985324264
16,1024,4,20,50.401790618896484,50.42607802897692
16,1024,4,21,48.36899185180664,48.3933940413408
16,1024,4,22,49.924224853515625,49.94885699125007
16,1024,4,23,50.07222366333008,50.09731202153489
16,1024,4,24,50.008544921875,50.03304500132799
16,1024,4,25,49.252384185791016,49.27762097213417
16,1024,4,26,46.39360046386719,46.41951899975538
16,1024,4,27,49.483551025390625,49.50880497926846
16,1024,4,28,50.719295501708984,50.74493295978755
16,1024,4,29,47.09065628051758,47.11809102445841
16,1024,4,30,47.057342529296875,47.082371020223945
16,1024,4,31,47.050750732421875,47.07621497800574
16,1024,4,32,51.529598236083984,51.55455996282399
16,1024,4,33,51.16239929199219,51.18974403012544
16,1024,4,34,48.6440315246582,48.669460986275226
16,1024,4,35,47.228031158447266,47.254308010451496
16,1024,4,36,48.80985641479492,48.83833404164761
16,1024,4,37,50.40156936645508,50.42649700772017
16,1024,4,38,50.03059387207031,50.05620198789984
16,1024,4,39,50.73926544189453,50.764504994731396
16,1024,4,40,50.41215896606445,50.437772006262094
16,1024,4,41,48.31270217895508,48.33799198968336
16,1024,4,42,47.21574401855469,47.241239983122796
16,1024,4,43,50.82457733154297,50.850713974796236
16,1024,4,44,51.863616943359375,51.88974499469623
16,1024,4,45,49.1209602355957,49.146147968713194
16,1024,4,46,45.30476760864258,45.33004603581503
16,1024,4,47,45.929439544677734,45.955355977639556
16,1024,4,48,45.48851013183594,45.51421897485852
16,1024,4,49,45.03750228881836,45.06247997051105
16,1024,4,50,46.88409423828125,46.90886597381905
16,1024,4,51,46.22608184814453,46.25165899051353
16,1024,4,52,46.90879821777344,46.93401901749894
16,1024,4,53,46.02070236206055,46.04603402549401
16,1024,4,54,45.97769546508789,46.001984970644116
16,1024,4,55,47.15990447998047,47.18526598298922
16,1024,4,56,47.06496047973633,47.09039500448853
16,1024,4,57,47.884735107421875,47.90943197440356
16,1024,4,58,49.17542266845703,49.2000849917531
16,1024,4,59,46.54265594482422,46.567771991249174
16,1024,4,60,45.88751983642578,45.9129799855873
16,1024,4,61,47.29123306274414,47.31768200872466
16,1024,4,62,46.95711898803711,46.982953033875674
16,1024,4,63,44.399200439453125,44.42465101601556
16,1024,5,1,71.04192352294922,71.07944099698216
16,1024,5,2,42.43376159667969,42.46026597684249
16,1024,5,3,44.07136154174805,44.096076977439225
16,1024,5,4,43.28879928588867,43.314290989656
16,1024,5,5,44.284446716308594,44.30935304844752
16,1024,5,6,44.33440017700195,44.3629160290584
16,1024,5,7,45.626590728759766,45.65306397853419
16,1024,5,8,44.641761779785156,44.66790199512616
16,1024,5,9,43.95391845703125,43.980353977531195
16,1024,5,10,43.450687408447266,43.47636998863891
16,1024,5,11,45.1894416809082,45.21611798554659
16,1024,5,12,45.414337158203125,45.440301997587085
16,1024,5,13,44.315582275390625,44.34098600177094
16,1024,5,14,44.714752197265625,44.74045697133988
16,1024,5,15,47.502559661865234,47.52736003138125
16,1024,5,16,48.53091049194336,48.5568160074763
16,1024,5,17,47.45555114746094,47.48063097940758
16,1024,5,18,45.41769790649414,45.44398101279512
16,1024,5,19,45.60076904296875,45.626124017871916
16,1024,5,20,44.96403121948242,44.989772024564445
16,1024,5,21,44.95724868774414,44.98218098888174
16,1024,5,22,46.836673736572266,46.861959039233625
16,1024,5,23,46.4799690246582,46.50414001662284
16,1024,5,24,45.774593353271484,45.80030404031277
16,1024,5,25,45.31488037109375,45.339956996031106
16,1024,5,26,45.891231536865234,45.91503896517679
16,1024,5,27,45.256126403808594,45.28066999046132
16,1024,5,28,45.95884704589844,45.98332801833749
16,1024,5,29,46.14912033081055,46.17461404995993
16,1024,5,30,45.25056076049805,45.2756269951351
16,1024,5,31,45.59580612182617,45.62186502153054
16,1024,5,32,45.72111892700195,45.7455400028266
16,1024,5,33,44.741249084472656,44.767376966774464
16,1024,5,34,44.99494552612305,45.01928499666974
16,1024,5,35,46.69142532348633,46.71721102204174
16,1024,5,36,48.61884689331055,48.643748043105006
16,1024,5,37,46.30374526977539,46.32853204384446
16,1024,5,38,46.853694915771484,46.8774699838832
16,1024,5,39,47.88470458984375,47.90936497738585
16,1024,5,40,50.99580764770508,51.02060496574268
16,1024,5,41,46.250144958496094,46.279276022687554
16,1024,5,42,46.79283142089844,46.81900702416897
16,1024,5,43,50.298240661621094,50.32194597879425
16,1024,5,44,48.608673095703125,48.63529995782301
16,1024,5,45,44.75187301635742,44.77641498669982
16,1024,5,46,47.3625602722168,47.38811403512955
16,1024,5,47,44.469600677490234,44.4943510228768
16,1024,5,48,44.66169738769531,44.687939051073045
16,1024,5,49,46.05292892456055,46.07672896236181
16,1024,5,50,45.70003128051758,45.726015989203006
16,1024,5,51,47.51116943359375,47.53660399001092
16,1024,5,52,49.08464050292969,49.11153099965304
16,1024,5,53,47.601470947265625,47.62690799543634
16,1024,5,54,49.23817443847656,49.264390021562576
16,1024,5,55,47.31212615966797,47.336017014458776
16,1024,5,56,46.54288101196289,46.567196026444435
16,1024,5,57,45.7935676574707,45.817959995474666
16,1024,5,58,46.24415969848633,46.2678829790093
16,1024,5,59,48.8776969909668,48.90264896675944
16,1024,5,60,49.11801528930664,49.144365009851754
16,1024,5,61,44.51216125488281,44.53824198571965
16,1024,5,62,45.80793762207031,45.83225800888613
16,1024,5,63,45.99068832397461,46.016376989427954
16,1024,6,1,69.24886322021484,69.27832402288914
16,1024,6,2,42.27705764770508,42.30337298940867
16,1024,6,3,42.75849533081055,42.78254695236683
16,1024,6,4,43.030208587646484,43.054651003330946
16,1024,6,5,43.60947036743164,43.63438399741426
16,1024,6,6,42.80918502807617,42.83331299666315
16,1024,6,7,43.42127990722656,43.44981099711731
16,1024,6,8,42.544830322265625,42.56955097662285
16,1024,6,9,42.83113479614258,42.85691399127245
16,1024,6,10,43.8460807800293,43.870949011761695
16,1024,6,11,42.80393600463867,42.82863897969946
16,1024,6,12,43.43782424926758,43.463037989567965
16,1024,6,13,42.91062545776367,42.935342993587255
16,1024,6,14,42.462528228759766,42.4888709676452
16,1024,6,15,43.75334548950195,43.778305989690125
16,1024,6,16,44.33660888671875,44.362994958646595
16,1024,6,17,44.361087799072266,44.38625799957663
16,1024,6,18,43.33232116699219,43.357390037272125
16,1024,6,19,43.35606384277344,43.383013049606234
16,1024,6,20,44.208160400390625,44.23310002312064
16,1024,6,21,43.68403244018555,43.71018602978438
16,1024,6,22,43.236961364746094,43.26219402719289
16,1024,6,23,43.19091033935547,43.217009981162846
16,1024,6,24,43.163230895996094,43.188130017369986
16,1024,6,25,44.2476806640625,44.273521983996034
16,1024,6,26,44.10966491699219,44.13438698975369
16,1024,6,27,44.338687896728516,44.36361399712041
16,1024,6,28,43.74809646606445,43.77307102549821
16,1024,6,29,43.561729431152344,43.586879037320614
16,1024,6,30,42.85251235961914,42.878739011939615
16,1024,6,31,44.36124801635742,44.38670398667455
16,1024,6,32,44.74825668334961,44.7749620070681
16,1024,6,33,44.460384368896484,44.48633803986013
16,1024,6,34,44.15129470825195,44.17792201275006
16,1024,6,35,44.871360778808594,44.897122017573565
16,1024,6,36,43.35036849975586,43.37616596603766
16,1024,6,37,43.189918518066406,43.21681399596855
16,1024,6,38,45.45500946044922,45.48206500476226
16,1024,6,39,47.620704650878906,47.64640796929598
16,1024,6,40,48.380287170410156,48.4057129942812
16,1024,6,41,44.510528564453125,44.53925898997113
16,1024,6,42,44.78358459472656,44.80851202970371
16,1024,6,43,46.31283187866211,46.33919498883188
16,1024,6,44,45.344608306884766,45.36970105255023
16,1024,6,45,44.40576171875,44.43061799975112
16,1024,6,46,44.52646255493164,44.55102700740099
16,1024,6,47,44.774784088134766,44.799907016567886
16,1024,6,48,44.248897552490234,44.277388020418584
16,1024,6,49,45.48672103881836,45.513154997024685
16,1024,6,50,44.20374298095703,44.23200699966401
16,1024,6,51,44.10512161254883,44.13107002619654
16,1024,6,52,44.35033416748047,44.37782795866951
16,1024,6,53,44.11833572387695,44.143231003545225
16,1024,6,54,44.59174346923828,44.616537052206695
16,1024,6,55,44.13983917236328,44.16422301437706
16,1024,6,56,44.40351867675781,44.428516004700214
16,1024,6,57,45.2270393371582,45.25270900921896
16,1024,6,58,44.19945526123047,44.22525700647384
16,1024,6,59,45.13145446777344,45.15794600592926
16,1024,6,60,44.77452850341797,44.80107204290107
16,1024,6,61,45.169471740722656,45.19576602615416
16,1024,6,62,44.555233001708984,44.5805269991979
16,1024,6,63,45.87839889526367,45.90422898763791
16,4096,0,1,141.4318389892578,141.46486797835678
16,4096,0,2,121.13251495361328,121.15911999717355
16,4096,0,3,121.72940826416016,121.75596097949892
16,4096,0,4,137.2072296142578,137.2348020086065
16,4096,0,5,145.7012176513672,145.72879497427493
16,4096,0,6,154.8062744140625,154.83306697569788
16,4096,0,7,170.92739868164062,170.95457698451355
16,4096,0,8,170.16053771972656,170.18782102968544
16,4096,0,9,169.3275146484375,169.35545799788088
16,4096,0,10,169.95257568359375,169.97975297272205
16,4096,0,11,166.77392578125,166.80193302454427
16,4096,0,12,168.30931091308594,168.33665198646486
16,4096,0,13,167.3783416748047,167.40520898019895
16,4096,0,14,171.15525817871094,171.18232499342412
16,4096,0,15,160.644287109375,160.671491001267
16,4096,0,16,154.00137329101562,154.02895800070837
16,4096,0,17,158.0340118408203,158.06172299198806
16,4096,0,18,154.10549926757812,154.13210005499423
16,4096,0,19,149.65557861328125,149.68298695748672
16,4096,0,20,146.99253845214844,147.0186910009943
16,4096,0,21,147.7013397216797,147.7287400048226
16,4096,0,22,143.8645477294922,143.89167702756822
16,4096,0,23,147.99244689941406,148.018293955829
16,4096,0,24,145.58499145507812,145.61228401726112
16,4096,0,25,146.2640380859375,146.2908040266484
16,4096,0,26,144.214599609375,144.2416380159557
16,4096,0,27,145.4503631591797,145.47776500694454
16,4096,0,28,147.2349395751953,147.26241200696677
16,4096,0,29,146.62106323242188,146.64812799310312
16,4096,0,30,148.04112243652344,148.06875097565353
16,4096,0,31,146.23245239257812,146.25956799136475
16,4096,0,32,136.47573852539062,136.50288904318586
16,4096,0,33,140.9187469482422,140.94550703885034
16,4096,0,34,139.97865295410156,140.00575197860599
16,4096,0,35,139.28396606445312,139.31118400068954
16,4096,0,36,138.66802978515625,138.69416597299278
16,4096,0,37,140.76760864257812,140.79488103743643
16,4096,0,38,140.09849548339844,140.12986596208066
16,4096,0,39,139.4468231201172,139.47536301566288
16,4096,0,40,140.4699249267578,140.50021802540869
16,4096,0,41,140.09861755371094,140.12591203209013
16,4096,0,42,139.73545837402344,139.76306800032035
16,4096,0,43,140.4977569580078,140.52486995933577
16,4096,0,44,139.44277954101562,139.47056501638144
16,4096,0,45,140.4105224609375,140.43746696552262
16,4096,0,46,139.1472930908203,139.17427195701748
16,4096,0,47,140.84121704101562,140.86817001225427
16,4096,0,48,140.55897521972656,140.5860809609294
16,4096,0,49,139.98422241210938,140.01133298734203
16,4096,0,50,138.95423889160156,138.98098602658138
16,4096,0,51,138.9254150390625,138.95229599438608
16,4096,0,52,139.26730346679688,139.2959650256671
16,4096,0,53,137.1805419921875,137.20782101154327
16,4096,0,54,140.00399780273438,140.03124501323327
16,4096,0,55,139.56399536132812,139.59119899664074
16,4096,0,56,140.48294067382812,140.5116120004095
16,4096,0,57,139.4454345703125,139.47193598141894
16,4096,0,58,139.6276092529297,139.65536502655596
16,4096,0,59,140.7139129638672,140.7413569977507
16,4096,0,60,140.94834899902344,140.9757140208967
16,4096,0,61,137.96365356445312,137.9905579960905
16,4096,0,62,140.89328002929688,140.92040003743023
16,4096,0,63,137.70962524414062,137.73646898334846
16,4096,1,1,139.99530029296875,140.03077696543187
16,4096,1,2,119.36102294921875,119.39257202902809
16,4096,1,3,124.89817810058594,124.92739001754671
16,4096,1,4,137.2711639404297,137.2986439964734
16,4096,1,5,137.88230895996094,137.9088379908353
16,4096,1,6,141.53634643554688,141.5630559786223
16,4096,1,7,155.38819885253906,155.415837012697
16,4096,1,8,156.77340698242188,156.80105105275288
16,4096,1,9,155.32835388183594,155.3569490206428
16,4096,1,10,155.04745483398438,155.07449000142515
16,4096,1,11,151.71151733398438,151.73882199451327
16,4096,1,12,153.89007568359375,153.91661901958287
16,4096,1,13,153.6195831298828,153.64688797853887
16,4096,1,14,153.10057067871094,153.12803402775899
16,4096,1,15,151.7704620361328,151.79776097647846
16,4096,1,16,154.8186492919922,154.8459090408869
16,4096,1,17,151.41055297851562,151.43706399248913
16,4096,1,18,151.44677734375,151.478411979042
16,4096,1,19,152.2552032470703,152.2869580076076
16,4096,1,20,154.5709686279297,154.59757298231125
16,4096,1,21,153.03587341308594,153.06161297485232
16,4096,1,22,149.0043182373047,149.03091004816815
16,4096,1,23,152.19827270507812,152.22524100681767
16,4096,1,24,149.96298217773438,149.9888360267505
16,4096,1,25,143.57008361816406,143.59567099018022
16,4096,1,26,141.60214233398438,141.6284699807875
16,4096,1,27,142.32147216796875,142.35134102636948
16,4096,1,28,146.67245483398438,146.69849001802504
16,4096,1,29,143.77821350097656,143.8035280443728
16,4096,1,30,141.1282501220703,141.1541779525578
16,4096,1,31,141.63136291503906,141.6594940237701
16,4096,1,32,142.2604522705078,142.28817098774016
16,4096,1,33,140.65858459472656,140.6849580234848
16,4096,1,34,141.4439697265625,141.4700199966319
16,4096,1,35,141.81715393066406,141.84235205175355
16,4096,1,36,146.29647827148438,146.3224779581651
16,4096,1,37,142.89024353027344,142.91598100680858
16,4096,1,38,141.12733459472656,141.15326397586614
16,4096,1,39,141.58169555664062,141.60756301134825
16,4096,1,40,144.0207061767578,144.04739497695118
16,4096,1,41,142.29737854003906,142.32267398620024
16,4096,1,42,142.297119140625,142.3223430174403
16,4096,1,43,141.66502380371094,141.69021794805303
16,4096,1,44,140.52879333496094,140.55464701959863
16,4096,1,45,143.38076782226562,143.4064219938591
16,4096,1,46,144.65863037109375,144.68432101421058
16,4096,1,47,143.98678588867188,144.0126959932968
16,4096,1,48,143.7186279296875,143.74387304997072
16,4096,1,49,143.123046875,143.14873004332185
16,4096,1,50,144.3560333251953,144.3817889667116
16,4096,1,51,140.4470672607422,140.47273300820962
16,4096,1,52,145.37510681152344,145.40098700672388
16,4096,1,53,143.21693420410156,143.24263198068365
16,4096,1,54,139.26358032226562,139.289484010078
16,4096,1,55,142.787353515625,142.81354402191937
16,4096,1,56,143.4140167236328,143.4402100276202
16,4096,1,57,145.96726989746094,145.99393401294947
16,4096,1,58,144.0629119873047,144.08985601039603
16,4096,1,59,144.85968017578125,144.8854620102793
16,4096,1,60,143.85299682617188,143.8787950319238
16,4096,1,61,141.9619903564453,141.98870898690075
16,4096,1,62,144.6709442138672,144.6981529588811
16,4096,1,63,144.8276824951172,144.85331799369305
16,4096,2,1,155.10940551757812,155.14145902125165
16,4096,2,2,130.2513885498047,130.27625996619463
16,4096,2,3,140.91183471679688,140.93795500230044
16,4096,2,4,151.33282470703125,151.36036300100386
16,4096,2,5,156.58029174804688,156.60545299760997
16,4096,2,6,157.94883728027344,157.9741410096176
16,4096,2,7,155.0155792236328,155.0417260150425
16,4096,2,8,154.02755737304688,154.05416500288993
16,4096,2,9,153.1261749267578,153.15399901010096
16,4096,2,10,152.2236785888672,152.25144900614396
16,4096,2,11,156.05197143554688,156.07762901345268
16,4096,2,12,151.71875,151.7437809961848
16,4096,2,13,153.198974609375,153.22492399718612
16,4096,2,14,151.98988342285156,152.0158700295724
16,4096,2,15,156.0028533935547,156.02843696251512
16,4096,2,16,152.81190490722656,152.83784200437367
16,4096,2,17,153.82339477539062,153.84927799459547
16,4096,2,18,153.96246337890625,153.98843702860177
16,4096,2,19,143.5431365966797,143.5692409868352
16,4096,2,20,141.9435577392578,141.9692580238916
16,4096,2,21,143.6475830078125,143.67397199384868
16,4096,2,22,145.1862030029297,145.216828037519
16,4096,2,23,141.06668090820312,141.09422697219998
16,4096,2,24,144.8006134033203,144.82739800587296
16,4096,2,25,143.85443115234375,143.88060005148873
16,4096,2,26,140.36239624023438,140.388272004202
16,4096,2,27,143.81581115722656,143.8415699522011
16,4096,2,28,141.26039123535156,141.2867329781875
16,4096,2,29,143.6194305419922,143.6449739849195
16,4096,2,30,140.9396209716797,140.96524199703708
16,4096,2,31,145.42066955566406,145.44622402172536
16,4096,2,32,142.68917846679688,142.71446299972013
16,4096,2,33,143.71334838867188,143.73872301075608
16,4096,2,34,145.55267333984375,145.57825302472338
16,4096,2,35,142.2716827392578,142.2975339810364
16,4096,2,36,145.06153869628906,145.08855302119628
16,4096,2,37,144.17904663085938,144.20571096707135
16,4096,2,38,140.91600036621094,140.9423120203428
16,4096,2,39,145.1293487548828,145.15516901155934
16,4096,2,40,140.78005981445312,140.80616703722626
16,4096,2,41,136.42083740234375,136.44652400398627
16,4096,2,42,136.22451782226562,136.25083398073912
16,4096,2,43,136.15843200683594,136.18366699665785
16,4096,2,44,137.09837341308594,137.12502497946844
16,4096,2,45,136.94422912597656,136.970471998211
16,4096,2,46,134.68844604492188,134.71412903163582
16,4096,2,47,134.6982421875,134.72308800555766
16,4096,2,48,137.0517120361328,137.07788399187848
16,4096,2,49,136.65977478027344,136.68571296148002
16,4096,2,50,139.8633270263672,139.88959701964632
16,4096,2,51,137.24742126464844,137.27308996021748
16,4096,2,52,136.2288360595703,136.2546519958414
16,4096,2,53,136.6131134033203,136.64003799203783
16,4096,2,54,135.59356689453125,135.61976799974218
16,4096,2,55,138.82614135742188,138.8519310276024
16,4096,2,56,135.79315185546875,135.81929000793025
16,4096,2,57,138.6585235595703,138.68409499991685
16,4096,2,58,134.7776336669922,134.80297499336302
16,4096,2,59,136.96456909179688,136.99039799394086
16,4096,2,60,136.2838134765625,136.30965998163447
16,4096,2,61,136.734619140625,136.7600469966419
16,4096,2,62,136.10540771484375,136.13139098742977
16,4096,2,63,139.4831085205078,139.5085749682039
16,4096,3,1,194.50860595703125,194.54361399402842
16,4096,3,2,171.30067443847656,171.32691101869568
16,4096,3,3,174.68727111816406,174.71356596797705
16,4096,3,4,173.96957397460938,173.99582598591223
16,4096,3,5,172.7313232421875,172.75788402184844
16,4096,3,6,170.42623901367188,170.45276198768988
16,4096,3,7,167.57891845703125,167.60510398307815
16,4096,3,8,155.5755157470703,155.60177701991051
16,4096,3,9,148.28848266601562,148.31524499459192
16,4096,3,10,150.17027282714844,150.19739797571674
16,4096,3,11,146.383544921875,146.409860055428
16,4096,3,12,152.36154174804688,152.38721598871052
16,4096,3,13,151.730712890625,151.75710897892714
16,4096,3,14,144.5185546875,144.54514399403706
16,4096,3,15,144.35452270507812,144.38213501125574
16,4096,3,16,138.19686889648438,138.22518900269642
16,4096,3,17,139.69827270507812,139.73199797328562
16,4096,3,18,140.5223388671875,140.5499249813147
16,4096,3,19,140.51327514648438,140.53930703084916
16,4096,3,20,138.44735717773438,138.47757101757452
16,4096,3,21,139.04678344726562,139.07947001280263
16,4096,3,22,142.7816619873047,142.80777500243858
16,4096,3,23,140.18453979492188,140.21093299379572
16,4096,3,24,139.73175048828125,139.759365003556
16,4096,3,25,139.8206787109375,139.84767301008105
16,4096,3,26,137.24082946777344,137.27011700393632
16,4096,3,27,140.55625915527344,140.58254403062165
16,4096,3,28,139.99853515625,140.02498297486454
16,4096,3,29,139.8144989013672,139.840861025732
16,4096,3,30,142.50143432617188,142.53249001922086
16,4096,3,31,139.32742309570312,139.3540059798397
16,4096,3,32,137.986083984375,138.01577599951997
16,4096,3,33,140.8431396484375,140.86966501781717
16,4096,3,34,143.7073211669922,143.73360999161378
16,4096,3,35,141.508544921875,141.5347970323637
16,4096,3,36,139.7200927734375,139.74666001740843
16,4096,3,37,139.63392639160156,139.66058602090925
16,4096,3,38,143.68170166015625,143.70829600375146
16,4096,3,39,140.93142700195312,140.9573300043121
16,4096,3,40,141.3634490966797,141.3903260254301
16,4096,3,41,138.58998107910156,138.6166189913638
16,4096,3,42,140.0997772216797,140.12617705157027
16,4096,3,43,139.896484375,139.92262596730143
16,4096,3,44,140.87046813964844,140.89652599068359
16,4096,3,45,140.1694793701172,140.19629202084616
16,4096,3,46,139.6204833984375,139.64764395495877
16,4096,3,47,140.5214080810547,140.54906397359446
16,4096,3,48,137.9654998779297,137.99255102640018
16,4096,3,49,141.9580841064453,141.98400999885052
16,4096,3,50,138.8085174560547,138.8347260071896
16,4096,3,51,140.58335876464844,140.60973800951615
16,4096,3,52,142.60733032226562,142.63874798780307
16,4096,3,53,142.29017639160156,142.31918600853533
16,4096,3,54,140.23146057128906,140.259332023561
16,4096,3,55,142.3624267578125,142.3898129723966
16,4096,3,56,141.77395629882812,141.80051302537322
16,4096,3,57,140.1078643798828,140.13491396326572
16,4096,3,58,139.3057861328125,139.33188503142446
16,4096,3,59,142.5010528564453,142.5299569964409
16,4096,3,60,140.0533447265625,140.07989899255335
16,4096,3,61,144.32806396484375,144.355392025318
16,4096,3,62,144.3984375,144.4241979625076
16,4096,3,63,144.63487243652344,144.66118399286643
16,4096,4,1,161.7763214111328,161.81892401073128
16,4096,4,2,140.11708068847656,140.14290395425633
16,4096,4,3,153.2704620361328,153.29587599262595
16,4096,4,4,157.1261749267578,157.15197304962203
16,4096,4,5,157.62188720703125,157.64816297451034
16,4096,4,6,158.3302764892578,158.35665399208665
16,4096,4,7,155.1531524658203,155.17888503381982
16,4096,4,8,155.07379150390625,155.1006410154514
16,4096,4,9,155.34019470214844,155.3683669771999
16,4096,4,10,156.14247131347656,156.1708110384643
16,4096,4,11,155.19097900390625,155.21687199361622
16,4096,4,12,155.4027862548828,155.4292759974487
16,4096,4,13,154.6007080078125,154.62630795082077
16,4096,4,14,156.99224853515625,157.0182800060138
16,4096,4,15,146.15408325195312,146.18009998230264
16,4096,4,16,142.55728149414062,142.5833150278777
16,4096,4,17,138.455322265625,138.48153298022225
16,4096,4,18,139.4857940673828,139.51263099443167
16,4096,4,19,140.5111083984375,140.53765899734572
16,4096,4,20,140.46844482421875,140.495453029871
16,4096,4,21,139.83126831054688,139.85911197960377
16,4096,4,22,137.78012084960938,137.80655997106805
16,4096,4,23,137.31878662109375,137.34447996830568
16,4096,4,24,137.94406127929688,137.96991703566164
16,4096,4,25,138.40867614746094,138.43627902679145
16,4096,4,26,138.3456268310547,138.37206800235435
16,4096,4,27,138.92947387695312,138.9551050378941
16,4096,4,28,139.9767303466797,140.00264497008175
16,4096,4,29,141.94796752929688,141.97376801166683
16,4096,4,30,139.8092803955078,139.8343790206127
16,4096,4,31,139.33078002929688,139.35654901433736
16,4096,4,32,137.48976135253906,137.51505000982434
16,4096,4,33,136.84349060058594,136.86848699580878
16,4096,4,34,140.37359619140625,140.40159701835364
16,4096,4,35,140.1195831298828,140.14504995429888
16,4096,4,36,139.93898010253906,139.96410503750667
16,4096,4,37,139.1321258544922,139.15762497344986
16,4096,4,38,140.66844177246094,140.69481601472944
16,4096,4,39,139.83328247070312,139.8586930008605
16,4096,4,40,140.2286376953125,140.25564200710505
16,4096,4,41,138.10511779785156,138.13137903343886
16,4096,4,42,139.40882873535156,139.43429401842877
16,4096,4,43,137.7838134765625,137.80963403405622
16,4096,4,44,139.64854431152344,139.67444200534374
16,4096,4,45,138.76019287109375,138.78580904565752
16,4096,4,46,139.951171875,139.97721299529076
16,4096,4,47,140.28367614746094,140.30906098196283
16,4096,4,48,138.6227264404297,138.64821899915114
16,4096,4,49,136.7626190185547,136.7893209680915
16,4096,4,50,139.40707397460938,139.43334500072524
16,4096,4,51,140.73260498046875,140.75885800411925
16,4096,4,52,140.0960693359375,140.12188697233796
16,4096,4,53,139.491943359375,139.51847702264786
16,4096,4,54,139.23228454589844,139.25923698116094
16,4096,4,55,140.634521484375,140.66039898898453
16,4096,4,56,138.74082946777344,138.76647799042985
16,4096,4,57,138.2731170654297,138.2989739649929
16,4096,4,58,136.42608642578125,136.4515139721334
16,4096,4,59,136.1295928955078,136.15499396109954
16,4096,4,60,137.77615356445312,137.80240702908486
16,4096,4,61,136.2493133544922,136.27583702327684
16,4096,4,62,138.02182006835938,138.0479900399223
16,4096,4,63,138.29420471191406,138.32028600154445
16,4096,5,1,138.53475952148438,138.56687903171405
16,4096,5,2,120.0249252319336,120.05143897840753
16,4096,5,3,122.76351928710938,122.79070302611217
16,4096,5,4,124.60623931884766,124.6343880193308
16,4096,5,5,129.87062072753906,129.89980302518234
16,4096,5,6,144.70889282226562,144.73457698477432
16,4096,5,7,154.16455078125,154.1901570162736
16,4096,5,8,156.608642578125,156.6351790097542
16,4096,5,9,157.7316436767578,157.76002401253209
16,4096,5,10,157.47634887695312,157.5033330009319
16,4096,5,11,159.0627899169922,159.08917400520295
16,4096,5,12,156.5912322998047,156.61681001074612
16,4096,5,13,156.20169067382812,156.22775099473074
16,4096,5,14,156.50965881347656,156.5368539886549
16,4096,5,15,157.3140106201172,157.34088799217716
16,4096,5,16,156.5928955078125,156.61929303314537
16,4096,5,17,158.52182006835938,158.54768099961802
16,4096,5,18,158.69354248046875,158.7185770040378
16,4096,5,19,158.01315307617188,158.03922503255308
16,4096,5,20,146.33926391601562,146.36583300307393
16,4096,5,21,147.158203125,147.18409400666133
16,4096,5,22,150.49267578125,150.5184360430576
16,4096,5,23,147.32733154296875,147.35391398426145
16,4096,5,24,145.53497314453125,145.56142297806218
16,4096,5,25,145.8172149658203,145.84324299357831
16,4096,5,26,145.8468780517578,145.87367500644177
16,4096,5,27,146.82908630371094,146.8554720049724
16,4096,5,28,146.33847045898438,146.36509300908074
16,4096,5,29,147.55126953125,147.57705596275628
16,4096,5,30,138.4851531982422,138.5107259848155
16,4096,5,31,135.8321990966797,135.8581039821729
16,4096,5,32,139.67581176757812,139.70231101848185
16,4096,5,33,140.4622344970703,140.48832200933248
16,4096,5,34,139.3646697998047,139.3912680214271
16,4096,5,35,139.60751342773438,139.63433902245015
16,4096,5,36,139.11888122558594,139.14470397867262
16,4096,5,37,138.7989501953125,138.82491999538615
16,4096,5,38,137.64434814453125,137.66982196830213
16,4096,5,39,139.55538940429688,139.58104397170246
16,4096,5,40,140.7178497314453,140.74394199997187
16,4096,5,41,138.09219360351562,138.11775500653312
16,4096,5,42,138.14492797851562,138.17102799657732
16,4096,5,43,137.6967315673828,137.72237801458687
16,4096,5,44,137.77587890625,137.80126598430797
16,4096,5,45,136.94204711914062,136.96840597549453
16,4096,5,46,139.97152709960938,139.99663502909243
16,4096,5,47,140.5999755859375,140.62645100057125
16,4096,5,48,138.4534454345703,138.47909803735092
16,4096,5,49,139.87350463867188,139.8994110058993
16,4096,5,50,141.21807861328125,141.24632300809026
16,4096,5,51,140.408447265625,140.434329980053
16,4096,5,52,138.36102294921875,138.38785496773198
16,4096,5,53,141.49404907226562,141.52016898151487
16,4096,5,54,139.52774047851562,139.55419702688232
16,4096,5,55,141.0955810546875,141.12188399303705
16,4096,5,56,138.70687866210938,138.73379002325237
16,4096,5,57,140.4771270751953,140.50350099569187
16,4096,5,58,139.14956665039062,139.17599502019584
16,4096,5,59,141.21229553222656,141.23804302653298
16,4096,5,60,138.987548828125,139.0136510017328
16,4096,5,61,138.5515899658203,138.57864803867415
16,4096,5,62,135.91046142578125,135.93703601509333
16,4096,5,63,140.048828125,140.07588400272653
16,4096,6,1,151.13119506835938,151.16354601923376
16,4096,6,2,129.025634765625,129.05219901585951
16,4096,6,3,132.97158813476562,132.9975810367614
16,4096,6,4,145.68162536621094,145.707460003905
16,4096,6,5,144.8231964111328,144.84932099003345
16,4096,6,6,141.47056579589844,141.49654703214765
16,4096,6,7,147.62136840820312,147.64764695428312
16,4096,6,8,145.77037048339844,145.79770300770178
16,4096,6,9,145.6879425048828,145.71433200035244
16,4096,6,10,145.81674194335938,145.84318303968757
16,4096,6,11,144.3745574951172,144.4005789817311
16,4096,6,12,144.17747497558594,144.20425303978845
16,4096,6,13,143.74105834960938,143.7672339961864
16,4096,6,14,145.65689086914062,145.68364102160558
16,4096,6,15,146.37571716308594,146.40206098556519
16,4096,6,16,144.21302795410156,144.2399569787085
16,4096,6,17,145.5870361328125,145.61263902578503
16,4096,6,18,147.476318359375,147.503559011966
16,4096,6,19,143.00486755371094,143.03041697712615
16,4096,6,20,145.95242309570312,145.9796290146187
16,4096,6,21,147.88914489746094,147.9165990022011
16,4096,6,22,146.21238708496094,146.23847499024123
16,4096,6,23,145.05810546875,145.08326799841598
16,4096,6,24,147.56285095214844,147.5885459803976
16,4096,6,25,147.0560302734375,147.08148001227528
16,4096,6,26,147.65927124023438,147.6860570255667
16,4096,6,27,144.5832061767578,144.60910600610077
16,4096,6,28,141.97903442382812,142.00458797859028
16,4096,6,29,143.61801147460938,143.64418695913628
16,4096,6,30,146.45516967773438,146.48083795327693
16,4096,6,31,146.2079315185547,146.23383694561198
16,4096,6,32,145.0806427001953,145.10769495973364
16,4096,6,33,144.34291076660156,144.3686030106619
16,4096,6,34,142.85577392578125,142.88183499593288
16,4096,6,35,140.2830047607422,140.310054004658
16,4096,6,36,146.252197265625,146.27869299147278
16,4096,6,37,144.41952514648438,144.44491401081905
16,4096,6,38,141.04920959472656,141.07569301268086
16,4096,6,39,144.43609619140625,144.4624529685825
16,4096,6,40,143.6499786376953,143.67763098562136
16,4096,6,41,141.99203491210938,142.01784401666373
16,4096,6,42,146.4500732421875,146.4766880380921
16,4096,6,43,142.3706817626953,142.39763101795688
16,4096,6,44,143.1002197265625,143.12634500674903
16,4096,6,45,139.06886291503906,139.09450400387868
16,4096,6,46,144.69715881347656,144.72333004232496
16,4096,6,47,141.8625946044922,141.88858302077278
16,4096,6,48,140.24496459960938,140.27111895848066
16,4096,6,49,145.1612091064453,145.18872497137636
16,4096,6,50,144.0418243408203,144.0690890303813
16,4096,6,51,140.79991149902344,140.82648302428424
16,4096,6,52,140.92076110839844,140.9469050122425
16,4096,6,53,142.67494201660156,142.7014580112882
16,4096,6,54,140.4126739501953,140.4391240212135
16,4096,6,55,145.91004943847656,145.93665901338682
16,4096,6,56,143.5968017578125,143.62351899035275
16,4096,6,57,143.9759063720703,144.00282298447564
16,4096,6,58,143.5164794921875,143.54233001358807
16,4096,6,59,142.48562622070312,142.5120170461014
16,4096,6,60,140.72921752929688,140.7549760187976
16,4096,6,61,141.84844970703125,141.87456399668008
16,4096,6,62,143.001953125,143.02741596475244
16,4096,6,63,145.77369689941406,145.79979999689385
