family,dtype,cache,m,n,k,reps,bytes,flops,footprint_bytes,target,median_ms,p10_ms,p90_ms,iqr_ratio,gb_s,tflop_s,ai,max_error,l2_bytes,device
copy,fp32,warm,0.0,1024.0,0.0,0.0,8192.0,0.0,8192.0,v100-16,0.0020438400097191,0.0020382400602102,0.0020546560641378,0.0038359117206571,4.008141518438015,0.0,0.0,0.0,6291456,Tesla V100-SXM2-16GB
add,fp32,warm,0.0,1024.0,0.0,0.0,12288.0,1024.0,12288.0,v100-16,0.0021419199183583,0.0020711040589958,0.0022506560198962,0.0528871427024794,5.736909160179113,0.0004780757633482,0.0833333333333333,0.0,6291456,Tesla V100-SXM2-16GB
triad,fp32,warm,0.0,1024.0,0.0,0.0,12288.0,2048.0,12288.0,v100-16,0.0020476800855249,0.0020416640210896,0.002389792073518,0.0805203668246805,6.000937395867669,0.0010001562326446,0.1666666666666666,0.0,6291456,Tesla V100-SXM2-16GB
copy,fp32,warm,0.0,16384.0,0.0,0.0,131072.0,0.0,131072.0,v100-16,0.0021417599637061,0.0021336640696972,0.0022340479306876,0.0135215624578429,61.19826788301273,0.0,0.0,0.0,6291456,Tesla V100-SXM2-16GB
add,fp32,warm,0.0,16384.0,0.0,0.0,196608.0,16384.0,196608.0,v100-16,0.0022400000598281,0.0022350720129907,0.0024238401092588,0.0440714095722696,87.77142622714155,0.0073142855189284,0.0833333333333333,0.0,6291456,Tesla V100-SXM2-16GB
triad,fp32,warm,0.0,16384.0,0.0,0.0,196608.0,32768.0,196608.0,v100-16,0.0022425600327551,0.0022207680623978,0.0023239359725266,0.0207262522734771,87.67123159617425,0.0146118719326957,0.1666666666666666,0.0,6291456,Tesla V100-SXM2-16GB
copy,fp32,warm,0.0,262144.0,0.0,0.0,2097152.0,0.0,2097152.0,v100-16,0.0037924798671156,0.0037894721608608,0.0039269120432436,0.0283719381993899,552.9764358630582,0.0,0.0,0.0,6291456,Tesla V100-SXM2-16GB
add,fp32,warm,0.0,262144.0,0.0,0.0,3145728.0,262144.0,3145728.0,v100-16,0.0039687999524176,0.003898240160197,0.0040707198902964,0.0261842372807581,792.6144017623683,0.066051200146864,0.0833333333333333,0.0,6291456,Tesla V100-SXM2-16GB
triad,fp32,warm,0.0,262144.0,0.0,0.0,3145728.0,524288.0,3145728.0,v100-16,0.0039399997331202,0.0038728959858417,0.004024863988161,0.0234923771596675,798.4081759083792,0.1330680293180632,0.1666666666666666,0.0,6291456,Tesla V100-SXM2-16GB
copy,fp32,warm,0.0,1048576.0,0.0,0.0,8388608.0,0.0,8388608.0,v100-16,0.0124963195994496,0.0124531837180257,0.0125839043408632,0.0058961510963632,671.2862881939636,0.0,0.0,0.0,6291456,Tesla V100-SXM2-16GB
add,fp32,warm,0.0,1048576.0,0.0,0.0,12582912.0,1048576.0,12582912.0,v100-16,0.0181238409131765,0.0180836152285337,0.0181808955967426,0.0025646024634962,694.2740261448608,0.057856168845405,0.0833333333333333,0.0,6291456,Tesla V100-SXM2-16GB
triad,fp32,warm,0.0,1048576.0,0.0,0.0,12582912.0,2097152.0,12582912.0,v100-16,0.0179132800549269,0.0178567040711641,0.0179356481879949,0.0032780607165213,702.4348394831896,0.1170724732471982,0.1666666666666666,0.0,6291456,Tesla V100-SXM2-16GB
copy,fp32,warm,0.0,4194304.0,0.0,0.0,33554432.0,0.0,33554432.0,v100-16,0.0448457635939121,0.0447585292160511,0.0449399679899215,0.0014252969694038,748.218545319966,0.0,0.0,0.0,6291456,Tesla V100-SXM2-16GB
add,fp32,warm,0.0,4194304.0,0.0,0.0,50331648.0,4194304.0,50331648.0,v100-16,0.0636265575885773,0.0636157721281051,0.0636694088578224,0.0002351339818717,791.0477936816104,0.0659206494734675,0.0833333333333333,0.0,6291456,Tesla V100-SXM2-16GB
triad,fp32,warm,0.0,4194304.0,0.0,0.0,50331648.0,8388608.0,50331648.0,v100-16,0.0635988786816597,0.0635190054774284,0.0636432647705078,0.0011107535446239,791.39206607607,0.131898677679345,0.1666666666666666,0.0,6291456,Tesla V100-SXM2-16GB
copy,fp32,warm,0.0,16777216.0,0.0,0.0,134217728.0,0.0,134217728.0,v100-16,0.171208411455154,0.1711730480194088,0.171216222643852,0.0001664548519623,783.9435391009205,0.0,0.0,0.0,6291456,Tesla V100-SXM2-16GB
add,fp32,warm,0.0,16777216.0,0.0,0.0,201326592.0,16777216.0,201326592.0,v100-16,0.244652539491653,0.2446495920419694,0.2456931442022322,0.000162622879246,822.9082453765775,0.0685756871147147,0.0833333333333333,0.0,6291456,Tesla V100-SXM2-16GB
triad,fp32,warm,0.0,16777216.0,0.0,0.0,201326592.0,33554432.0,201326592.0,v100-16,0.244844973087311,0.2448378801345824,0.2457727134227756,0.0001589347821494,822.2614884080447,0.1370435814013408,0.1666666666666666,0.0,6291456,Tesla V100-SXM2-16GB
copy,fp32,warm,0.0,67108864.0,0.0,0.0,536870912.0,0.0,536870912.0,v100-16,0.67975389957428,0.679656386375427,0.6797890305519106,0.0001257850274696,789.8018861476696,0.0,0.0,0.0,6291456,Tesla V100-SXM2-16GB
add,fp32,warm,0.0,67108864.0,0.0,0.0,805306368.0,67108864.0,805306368.0,v100-16,0.977183997631073,0.976887118816376,0.99767858982086,0.0002228806166873,824.109246520875,0.0686757705434062,0.0833333333333333,0.0,6291456,Tesla V100-SXM2-16GB
triad,fp32,warm,0.0,67108864.0,0.0,0.0,805306368.0,134217728.0,805306368.0,v100-16,0.973788499832153,0.9737216114997866,0.9950264692306502,0.0006243320565124,826.9828285493272,0.1378304714248878,0.1666666666666666,0.0,6291456,Tesla V100-SXM2-16GB
fma,fp32,streaming,0.0,67108864.0,0.0,1.0,536870912.0,134217728.0,536870912.0,v100-16,1.01033222675323,1.009488940238954,1.045261526107786,0.0010674572323905,531.3805674844903,0.1328451418711225,0.25,0.0,6291456,Tesla V100-SXM2-16GB
fma,fp64,streaming,0.0,33554432.0,0.0,1.0,536870912.0,67108864.0,536870912.0,v100-16,1.16435885429382,1.161519074440002,1.181037712097172,0.0014173240438839,461.0871554076089,0.0576358944259511,0.125,0.0,6291456,Tesla V100-SXM2-16GB
fma,fp32,streaming,0.0,67108864.0,0.0,2.0,536870912.0,268435456.0,536870912.0,v100-16,1.01049029827118,1.009444928169254,1.026750922203064,0.00116992565539,531.2974433485582,0.2656487216742791,0.5,0.0,6291456,Tesla V100-SXM2-16GB
fma,fp64,streaming,0.0,33554432.0,0.0,2.0,536870912.0,134217728.0,536870912.0,v100-16,1.16097831726074,1.159161686897282,1.179668617248538,0.0022020759437928,462.429749133227,0.1156074372833067,0.25,0.0,6291456,Tesla V100-SXM2-16GB
fma,fp32,streaming,0.0,67108864.0,0.0,4.0,536870912.0,536870912.0,536870912.0,v100-16,1.01011002063751,1.009649634361266,1.025897073745726,0.0006811301745186,531.4974616934946,0.5314974616934947,1.0,0.0,6291456,Tesla V100-SXM2-16GB
fma,fp64,streaming,0.0,33554432.0,0.0,4.0,536870912.0,268435456.0,536870912.0,v100-16,1.16471767425537,1.162591075897214,1.181062841415404,0.0019320168345937,460.9451061547886,0.2304725530773943,0.5,0.0,6291456,Tesla V100-SXM2-16GB
fma,fp32,streaming,0.0,67108864.0,0.0,8.0,536870912.0,1073741824.0,536870912.0,v100-16,1.00918209552765,1.00774700641632,1.024226689338682,0.0013887325377806,531.9861642207371,1.0639723284414742,2.0,0.0,6291456,Tesla V100-SXM2-16GB
fma,fp64,streaming,0.0,33554432.0,0.0,8.0,536870912.0,536870912.0,536870912.0,v100-16,1.16683661937714,1.164318180084228,1.183205080032348,0.0020167273949554,460.1080417638786,0.4601080417638786,1.0,0.0,6291456,Tesla V100-SXM2-16GB
fma,fp32,streaming,0.0,67108864.0,0.0,16.0,536870912.0,2147483648.0,536870912.0,v100-16,1.00760662555695,1.005676794052124,1.023381042480466,0.0016298888235097,532.8179652483399,2.13127186099336,4.0,0.0,6291456,Tesla V100-SXM2-16GB
fma,fp64,streaming,0.0,33554432.0,0.0,16.0,536870912.0,1073741824.0,536870912.0,v100-16,1.16298508644104,1.161971211433412,1.17922792434692,0.0011654574405057,461.6318113269441,0.9232636226538882,2.0,0.0,6291456,Tesla V100-SXM2-16GB
fma,fp32,streaming,0.0,67108864.0,0.0,32.0,536870912.0,4294967296.0,536870912.0,v100-16,1.00350677967072,1.003150725364688,1.020089197158812,0.0016562673548706,534.9948031005462,4.279958424804369,8.0,0.0,6291456,Tesla V100-SXM2-16GB
fma,fp64,streaming,0.0,33554432.0,0.0,32.0,536870912.0,2147483648.0,536870912.0,v100-16,1.1567085981369,1.155383706092836,1.1740612745285022,0.0015235734695052,464.136700345042,1.856546801380168,4.0,0.0,6291456,Tesla V100-SXM2-16GB
fma,fp32,streaming,0.0,67108864.0,0.0,64.0,536870912.0,8589934592.0,536870912.0,v100-16,0.992344439029694,0.9910964250564572,1.0083162426948549,0.0019831787043576,541.012667461459,8.656202679383345,16.0,0.0,6291456,Tesla V100-SXM2-16GB
fma,fp64,streaming,0.0,33554432.0,0.0,64.0,536870912.0,4294967296.0,536870912.0,v100-16,1.13885486125946,1.136175990104676,1.155948376655574,0.0023562798067721,471.4129343982202,3.771303475185762,8.0,0.0,6291456,Tesla V100-SXM2-16GB
fma,fp32,streaming,0.0,67108864.0,0.0,128.0,536870912.0,17179869184.0,536870912.0,v100-16,1.13767337799072,1.1261240720748902,1.137875199317934,0.0064345916842221,471.9025006528537,15.100880020891315,32.0,0.0,6291456,Tesla V100-SXM2-16GB
fma,fp64,streaming,0.0,33554432.0,0.0,128.0,536870912.0,8589934592.0,536870912.0,v100-16,1.13517546653748,1.135089731216434,1.135697007179262,0.0001194008910651,472.9409045788906,7.56705447326225,16.0,0.0,6291456,Tesla V100-SXM2-16GB
fma,fp32,streaming,0.0,67108864.0,0.0,256.0,536870912.0,34359738368.0,536870912.0,v100-16,2.258052110672,2.245359230041504,2.258279991149904,0.0029095792537113,237.75842437942063,15.216539160282922,64.0,0.0,6291456,Tesla V100-SXM2-16GB
fma,fp64,streaming,0.0,33554432.0,0.0,256.0,536870912.0,17179869184.0,536870912.0,v100-16,2.23515605926514,2.234288835525514,2.237272882461548,0.0007131791148396,240.19392729853007,7.686205673552962,32.0,0.0,6291456,Tesla V100-SXM2-16GB
fma,fp32,streaming,0.0,67108864.0,0.0,512.0,536870912.0,68719476736.0,536870912.0,v100-16,4.51675987243652,4.512521553039548,4.518134593963624,0.0008076680589326,118.86195572986936,15.21433033342328,128.0,0.0,6291456,Tesla V100-SXM2-16GB
fma,fp64,streaming,0.0,33554432.0,0.0,512.0,536870912.0,34359738368.0,536870912.0,v100-16,4.49704790115356,4.493403148651122,4.50445613861084,0.0015583724852725,119.3829649584752,7.640509757342414,64.0,0.0,6291456,Tesla V100-SXM2-16GB
fma,fp32,streaming,0.0,67108864.0,0.0,1024.0,536870912.0,137438953472.0,536870912.0,v100-16,8.96339225769043,8.951993751525876,8.977510643005372,0.0026061311244271,59.89595195271906,15.33336369989608,256.0,0.0,6291456,Tesla V100-SXM2-16GB
fma,fp64,streaming,0.0,33554432.0,0.0,1024.0,536870912.0,68719476736.0,536870912.0,v100-16,8.97699165344238,8.96374683380127,8.987619209289548,0.0014339123375211,59.80521456696774,7.655067464571871,128.0,0.0,6291456,Tesla V100-SXM2-16GB
fma,fp32,streaming,0.0,67108864.0,0.0,2048.0,536870912.0,274877906944.0,536870912.0,v100-16,17.9696960449219,17.946330261230457,17.99493827819822,0.0012661739955934,29.876460384076204,15.296747716647015,512.0,0.0,6291456,Tesla V100-SXM2-16GB
fma,fp64,streaming,0.0,33554432.0,0.0,2048.0,536870912.0,137438953472.0,536870912.0,v100-16,17.9137592315674,17.85942344665532,17.94326362609862,0.0035065597000996,29.96975146645562,7.672256375412639,256.0,0.0,6291456,Tesla V100-SXM2-16GB
gemm,fp32,warm,256.0,256.0,256.0,0.0,786432.0,33554432.0,786432.0,v100-16,0.0104777598753572,0.0099930880591273,0.0111345926299691,0.0610283590578801,75.05726504093887,3.202443308413392,42.66666666666666,0.0,6291456,Tesla V100-SXM2-16GB
gemm,fp32,cold,256.0,256.0,256.0,0.0,786432.0,33554432.0,786432.0,v100-16,0.0221439991146326,0.0209279999136924,0.0271103996783495,0.0505780433123893,35.51445228700046,1.5152832975786863,42.66666666666666,0.0,6291456,Tesla V100-SXM2-16GB
gemm,fp32,warm,512.0,512.0,512.0,0.0,3145728.0,268435456.0,3145728.0,v100-16,0.0284279994666576,0.0284105271100998,0.0284496650099754,0.0006248130180205,110.6559750604166,9.44264320515555,85.33333333333333,0.0,6291456,Tesla V100-SXM2-16GB
gemm,fp32,cold,512.0,512.0,512.0,0.0,3145728.0,268435456.0,3145728.0,v100-16,0.037151999771595,0.037043198943138,0.0381696008145809,0.015073277479381,84.6718351458729,7.225329932447821,85.33333333333333,0.0,6291456,Tesla V100-SXM2-16GB
gemm,fp32,warm,1024.0,1024.0,1024.0,0.0,12582912.0,2147483648.0,12582912.0,v100-16,0.179852038621902,0.1720725715160366,0.180288761854172,0.0280597242707479,69.96257644014095,11.94027971245072,170.66666666666666,0.0,6291456,Tesla V100-SXM2-16GB
gemm,fp32,cold,1024.0,1024.0,1024.0,0.0,12582912.0,2147483648.0,12582912.0,v100-16,0.18911999464035,0.1879999995231628,0.202713605761528,0.0400169308460672,66.53401203785437,11.355138054460475,170.66666666666666,0.0,6291456,Tesla V100-SXM2-16GB
gemm,fp32,warm,2048.0,2048.0,2048.0,0.0,50331648.0,17179869184.0,50331648.0,v100-16,1.21437001228333,1.198284363746642,1.214706802368164,0.0012582859079266,41.44671516168575,14.1471454418554,341.3333333333333,0.0,6291456,Tesla V100-SXM2-16GB
gemm,fp32,cold,2048.0,2048.0,2048.0,0.0,50331648.0,17179869184.0,50331648.0,v100-16,1.17664003372192,1.174963188171386,1.184998369216916,0.0028828194114688,42.77573986735104,14.600785874722488,341.3333333333333,0.0,6291456,Tesla V100-SXM2-16GB
gemm,fp32,warm,4096.0,4096.0,4096.0,0.0,201326592.0,137438953472.0,201326592.0,v100-16,9.30552005767822,9.25078716278076,9.308812522888184,0.0047334652312652,21.635178985389462,14.76961552069254,682.6666666666666,0.0,6291456,Tesla V100-SXM2-16GB
gemm,fp32,warm,8192.0,8192.0,8192.0,0.0,805306368.0,1099511627776.0,805306368.0,v100-16,72.3885726928711,72.36731414794922,72.83313446044923,0.0023219048251417,11.12477201915196,15.189022063482144,1365.3333333333333,0.0,6291456,Tesla V100-SXM2-16GB
gemm,fp32,warm,1.0,8192.0,8192.0,0.0,268500992.0,134217728.0,268500992.0,v100-16,0.321865618228912,0.3217350482940675,0.3373494923114776,0.0006491655847236,834.202153922017,0.4169992704984844,0.4998779594825482,0.0,6291456,Tesla V100-SXM2-16GB
gemm,fp32,warm,2.0,8192.0,8192.0,0.0,268566528.0,268435456.0,268566528.0,v100-16,0.482563674449921,0.4822820603847506,0.490997558832169,0.0055219041325582,556.5411203115145,0.5562695043425973,0.9995119570522206,0.0,6291456,Tesla V100-SXM2-16GB
gemm,fp32,warm,4.0,8192.0,8192.0,0.0,268697600.0,536870912.0,268697600.0,v100-16,0.483010768890381,0.4827349901199336,0.4864438831806182,0.0010345124177281,556.2973277330401,1.1115091972656257,1.9980487804878049,0.0,6291456,Tesla V100-SXM2-16GB
gemm,fp32,warm,8.0,8192.0,8192.0,0.0,268959744.0,1073741824.0,268959744.0,v100-16,0.457552433013916,0.4569935262203214,0.4614917039871214,0.0020622146469676,587.8227818139912,2.346707713752542,3.992202729044834,0.0,6291456,Tesla V100-SXM2-16GB
gemm,fp32,warm,16.0,8192.0,8192.0,0.0,269484032.0,2147483648.0,269484032.0,v100-16,0.462315559387207,0.4622041046619412,0.4660567045211792,0.0002441542226982,582.9006325402447,4.6450602935502765,7.968871595330739,0.0,6291456,Tesla V100-SXM2-16GB
gemm,fp32,warm,32.0,8192.0,8192.0,0.0,270532608.0,4294967296.0,270532608.0,v100-16,0.468572348356247,0.4684980750083919,0.4726573824882506,0.0010692834217375,577.3550422875551,9.166070748875294,15.875968992248062,0.0,6291456,Tesla V100-SXM2-16GB
gemm,fp32,warm,64.0,8192.0,8192.0,0.0,272629760.0,8589934592.0,272629760.0,v100-16,0.691872000694275,0.6730683207511898,0.6947250247001646,0.024178720892346,394.04652844228895,12.415496773073963,31.50769230769231,0.0,6291456,Tesla V100-SXM2-16GB
gemm,fp32,warm,128.0,8192.0,8192.0,0.0,276824064.0,17179869184.0,276824064.0,v100-16,1.18311202526093,1.157555222511294,1.18499879837036,0.0150585465723085,233.9795878069515,14.520915025110202,62.06060606060606,0.0,6291456,Tesla V100-SXM2-16GB
gemm,fp32,warm,256.0,8192.0,8192.0,0.0,285212672.0,34359738368.0,285212672.0,v100-16,2.48801827430725,2.481442594528196,2.488692092895506,0.0005310236543412,114.634476340176,13.810082796745908,120.47058823529412,0.0,6291456,Tesla V100-SXM2-16GB
gemm,fp32,warm,512.0,8192.0,8192.0,0.0,301989888.0,68719476736.0,301989888.0,v100-16,4.60375213623047,4.579014205932616,4.632133007049562,0.0094844847644193,65.59646980631496,14.926841129259223,227.55555555555557,0.0,6291456,Tesla V100-SXM2-16GB
gemm,fp32,warm,1024.0,8192.0,8192.0,0.0,335544320.0,137438953472.0,335544320.0,v100-16,9.2378396987915,9.23527660369873,9.238701057434085,0.0001767394199213,36.32281257747914,14.877824031735454,409.6,0.0,6291456,Tesla V100-SXM2-16GB
gemm,fp32,warm,2048.0,8192.0,8192.0,0.0,402653184.0,274877906944.0,402653184.0,v100-16,18.4549446105957,18.45014419555664,18.4640125274658,0.0005097302460421,21.81817352997208,14.894539796460942,682.6666666666666,0.0,6291456,Tesla V100-SXM2-16GB
gemm,fp64,warm,256.0,256.0,256.0,0.0,1572864.0,33554432.0,1572864.0,v100-16,0.0206728000193834,0.0205986890941858,0.0208654392510652,0.0060175021680593,76.08374281786881,1.6231198467812014,21.33333333333333,0.0,6291456,Tesla V100-SXM2-16GB
gemm,fp64,cold,256.0,256.0,256.0,0.0,1572864.0,33554432.0,1572864.0,v100-16,0.0322239995002747,0.0314112000167369,0.032940799742937,0.0218470637905097,48.81032846300137,1.041287007210696,21.33333333333333,0.0,6291456,Tesla V100-SXM2-16GB
gemm,fp64,warm,512.0,512.0,512.0,0.0,6291456.0,268435456.0,6291456.0,v100-16,0.0688612759113312,0.0687562882900238,0.0690425902605056,0.0022747328508901,91.36420893654592,3.898206247959292,42.66666666666666,0.0,6291456,Tesla V100-SXM2-16GB
gemm,fp64,cold,512.0,512.0,512.0,0.0,6291456.0,268435456.0,6291456.0,v100-16,0.0823680013418198,0.0809471994638442,0.0835583999752998,0.0114607580871565,76.3822831379752,3.258977413886941,42.66666666666666,0.0,6291456,Tesla V100-SXM2-16GB
gemm,fp64,warm,1024.0,1024.0,1024.0,0.0,25165824.0,2147483648.0,25165824.0,v100-16,0.366682976484299,0.3633576095104216,0.369189268350601,0.0118660119008382,68.63101265645359,5.856513080017373,85.33333333333333,0.0,6291456,Tesla V100-SXM2-16GB
gemm,fp64,cold,1024.0,1024.0,1024.0,0.0,25165824.0,2147483648.0,25165824.0,v100-16,0.390143990516663,0.3878335952758788,0.3903615891933444,0.0020505215009335,64.50393857578891,5.504336091800654,85.33333333333333,0.0,6291456,Tesla V100-SXM2-16GB
gemm,fp64,warm,2048.0,2048.0,2048.0,0.0,100663296.0,17179869184.0,100663296.0,v100-16,2.47126388549805,2.469435453414916,2.473340368270878,0.0013272254784091,40.73352772672946,6.9518553986951614,170.66666666666666,0.0,6291456,Tesla V100-SXM2-16GB
gemm,fp64,cold,2048.0,2048.0,2048.0,0.0,100663296.0,17179869184.0,100663296.0,v100-16,2.48179197311401,2.477574443817136,2.490752029418946,0.0033846844051377,40.56073075040752,6.922364714736218,170.66666666666666,0.0,6291456,Tesla V100-SXM2-16GB
gemm,fp64,warm,4096.0,4096.0,4096.0,0.0,402653184.0,137438953472.0,402653184.0,v100-16,17.9274559020996,17.92039642333988,17.930886077880878,0.0003783852795199,22.46014081411533,7.666394731218034,341.3333333333333,0.0,6291456,Tesla V100-SXM2-16GB
gemm,fp64,warm,8192.0,8192.0,8192.0,0.0,1610612736.0,1099511627776.0,1610612736.0,v100-16,142.484512329102,142.479476928711,142.4955078124998,1.943699121542077e-05,11.3037740711068,7.716709765875574,682.6666666666666,0.0,6291456,Tesla V100-SXM2-16GB
gemm,fp64,warm,1.0,8192.0,8192.0,0.0,537001984.0,134217728.0,537001984.0,v100-16,0.62415999174118,0.6238108158111574,0.6960381388664242,0.051614465968025,860.3595089489143,0.2150373778773952,0.2499389797412741,0.0,6291456,Tesla V100-SXM2-16GB
gemm,fp64,warm,2.0,8192.0,8192.0,0.0,537133056.0,268435456.0,537133056.0,v100-16,0.739111304283142,0.7385573863983154,0.7576564311981198,0.0011217533868326,726.7282382062347,0.3631867818073129,0.4997559785261103,0.0,6291456,Tesla V100-SXM2-16GB
gemm,fp64,warm,4.0,8192.0,8192.0,0.0,537395200.0,536870912.0,537395200.0,v100-16,0.82575523853302,0.824979496002197,0.8458572626113894,0.0017293718710018,650.7923594341338,0.650157440059076,0.9990243902439024,0.0,6291456,Tesla V100-SXM2-16GB
gemm,fp64,warm,8.0,8192.0,8192.0,0.0,537919488.0,1073741824.0,537919488.0,v100-16,0.836675405502319,0.8362462043762204,0.8560518622398379,0.0011242719641774,642.9249437265897,1.2833433574581437,1.996101364522417,0.0,6291456,Tesla V100-SXM2-16GB
gemm,fp64,warm,16.0,8192.0,8192.0,0.0,538968064.0,2147483648.0,538968064.0,v100-16,0.849807143211365,0.8489354491233826,0.869064402580261,0.0013773200411459,634.2239745870756,2.527024708082356,3.9844357976653697,0.0,6291456,Tesla V100-SXM2-16GB
gemm,fp64,warm,32.0,8192.0,8192.0,0.0,541065216.0,4294967296.0,541065216.0,v100-16,1.11213183403015,1.111429977416996,1.114836692810058,0.0012406693880032,486.5117600665063,3.861922808589942,7.937984496124031,0.0,6291456,Tesla V100-SXM2-16GB
gemm,fp64,warm,64.0,8192.0,8192.0,0.0,545259520.0,8589934592.0,545259520.0,v100-16,1.53672957420349,1.52972226142883,1.54449088573456,0.0051673560094792,354.81813401204056,5.589750295820455,15.753846153846156,0.0,6291456,Tesla V100-SXM2-16GB
gemm,fp64,warm,128.0,8192.0,8192.0,0.0,553648128.0,17179869184.0,553648128.0,v100-16,2.26961207389832,2.269055271148678,2.2712168693542503,0.000665322540407,243.9395411961506,7.569517884389643,31.03030303030303,0.0,6291456,Tesla V100-SXM2-16GB
gemm,fp64,warm,256.0,8192.0,8192.0,0.0,570425344.0,34359738368.0,570425344.0,v100-16,4.64658403396606,4.64442558288574,4.648510456085204,0.0003977077339204,122.76230018229484,7.394623258039408,60.23529411764706,0.0,6291456,Tesla V100-SXM2-16GB
gemm,fp64,warm,512.0,8192.0,8192.0,0.0,603979776.0,68719476736.0,603979776.0,v100-16,9.25835227966309,9.255087852478024,9.259612655639652,0.0003628933653871,65.23620594203386,7.422430542738075,113.77777777777776,0.0,6291456,Tesla V100-SXM2-16GB
gemm,fp64,warm,1024.0,8192.0,8192.0,0.0,671088640.0,137438953472.0,671088640.0,v100-16,19.2226238250732,19.21831741333004,19.22865333557128,0.0002971267363381,34.91139638932432,7.149853980533619,204.8,0.0,6291456,Tesla V100-SXM2-16GB
gemm,fp64,warm,2048.0,8192.0,8192.0,0.0,805306368.0,274877906944.0,805306368.0,v100-16,35.7416305541992,35.737158203125,35.76412200927738,8.367616725585081e-05,22.531327069111192,7.690692972923286,341.3333333333333,0.0,6291456,Tesla V100-SXM2-16GB
gemm,fp16,warm,256.0,256.0,256.0,0.0,393216.0,33554432.0,393216.0,v100-16,0.0079027200117707,0.0074088321998715,0.0084021439775824,0.0728052422720644,49.75704560130224,4.245934557977791,85.33333333333333,0.0001984265214773,6291456,Tesla V100-SXM2-16GB
gemm,fp16,cold,256.0,256.0,256.0,0.0,393216.0,33554432.0,393216.0,v100-16,0.0151040004566312,0.0147712001577019,0.0161472007632255,0.0402542342834886,26.033897518015767,2.221559254870679,85.33333333333333,0.0001984265214773,6291456,Tesla V100-SXM2-16GB
gemm,fp16,warm,512.0,512.0,512.0,0.0,1572864.0,268435456.0,1572864.0,v100-16,0.0141241597011685,0.0139977600425482,0.014272160641849,0.0122400210844186,111.35982835636416,19.005410706152816,170.66666666666666,0.000231992570696,6291456,Tesla V100-SXM2-16GB
gemm,fp16,cold,512.0,512.0,512.0,0.0,1572864.0,268435456.0,1572864.0,v100-16,0.0246079992502928,0.0239168003201485,0.0251583997160196,0.0305591364495856,63.91677697979795,10.908463271218851,170.66666666666666,0.000231992570696,6291456,Tesla V100-SXM2-16GB
gemm,fp16,warm,1024.0,1024.0,1024.0,0.0,6291456.0,2147483648.0,6291456.0,v100-16,0.0355767980217934,0.0355340488255023,0.0356105290353297,0.0009782123154232,176.84154701460267,60.361914714317706,341.3333333333333,0.0001899405204345,6291456,Tesla V100-SXM2-16GB
gemm,fp16,cold,1024.0,1024.0,1024.0,0.0,6291456.0,2147483648.0,6291456.0,v100-16,0.0435840003192425,0.0431872010231018,0.0437824003398418,0.0058737170702554,144.3524218501416,49.272293324848334,341.3333333333333,0.0001899405204345,6291456,Tesla V100-SXM2-16GB
gemm,fp16,warm,2048.0,2048.0,2048.0,0.0,25165824.0,17179869184.0,25165824.0,v100-16,0.214940086007118,0.2102598398923876,0.2151793748140338,0.0147861069986695,117.082971666656,79.92864199110382,682.6666666666666,0.0002214878090706,6291456,Tesla V100-SXM2-16GB
gemm,fp16,cold,2048.0,2048.0,2048.0,0.0,25165824.0,17179869184.0,25165824.0,v100-16,0.222111999988556,0.2213631987571718,0.2288064002990722,0.0034577078113273,113.30240599921046,77.34777582879434,682.6666666666666,0.0002214878090706,6291456,Tesla V100-SXM2-16GB
gemm,fp16,warm,4096.0,4096.0,4096.0,0.0,100663296.0,137438953472.0,100663296.0,v100-16,1.48210275173187,1.387514567375182,1.489138722419738,0.035355932893204,67.91924236182189,92.7324055713408,1365.3333333333333,0.0002931209501402,6291456,Tesla V100-SXM2-16GB
gemm,fp16,warm,8192.0,8192.0,8192.0,0.0,402653184.0,1099511627776.0,402653184.0,v100-16,10.9321918487549,10.92907524108886,10.934489440918,0.000351253407201,36.831880520452025,100.57558840784766,2730.6666666666665,0.0002014828336355,6291456,Tesla V100-SXM2-16GB
gemm,fp16,warm,1.0,8192.0,8192.0,0.0,134250496.0,134217728.0,134250496.0,v100-16,0.167352423071861,0.1670550405979156,0.167826408147812,0.0017692368445414,802.2022838734337,0.8020064815097838,0.9997559189650964,0.0002413515983138,6291456,Tesla V100-SXM2-16GB
gemm,fp16,warm,2.0,8192.0,8192.0,0.0,134283264.0,268435456.0,134283264.0,v100-16,0.216303408145905,0.2161392569541934,0.2174626797437666,0.0008567516007977,620.8097466010371,1.2410135295645917,1.9990239141044408,0.000320935894153,6291456,Tesla V100-SXM2-16GB
gemm,fp16,warm,4.0,8192.0,8192.0,0.0,134348800.0,536870912.0,134348800.0,v100-16,0.211632832884789,0.2114484488964082,0.2179304957389832,0.0147231049540161,634.8202127650876,2.536803503888585,3.9960975609756098,0.0002674034809797,6291456,Tesla V100-SXM2-16GB
gemm,fp16,warm,8.0,8192.0,8192.0,0.0,134479872.0,1073741824.0,134479872.0,v100-16,0.186671808362007,0.1862312585115434,0.1890218108892438,0.010157389445941,720.4080422213902,5.752029904364161,7.984405458089668,0.0002977648991186,6291456,Tesla V100-SXM2-16GB
gemm,fp16,warm,16.0,8192.0,8192.0,0.0,134742016.0,2147483648.0,134742016.0,v100-16,0.195139050483704,0.1943270057439806,0.1953946590423586,0.0024772900127972,690.4923215830256,11.0048892965139,15.93774319066148,0.0002725978935956,6291456,Tesla V100-SXM2-16GB
gemm,fp16,warm,32.0,8192.0,8192.0,0.0,135266304.0,4294967296.0,135266304.0,v100-16,0.239286571741104,0.2392157435417176,0.2393465489149092,0.000214375788145,565.2899910587182,17.949052739352787,31.751937984496124,0.0002453159182464,6291456,Tesla V100-SXM2-16GB
gemm,fp16,warm,64.0,8192.0,8192.0,0.0,136314880.0,8589934592.0,136314880.0,v100-16,0.427328705787659,0.4243451595306394,0.4299533307552335,0.0074960742802805,318.9930331236285,20.10146867191357,63.01538461538462,0.000264501908666,6291456,Tesla V100-SXM2-16GB
gemm,fp16,warm,128.0,8192.0,8192.0,0.0,138412032.0,17179869184.0,138412032.0,v100-16,0.277798682451248,0.2640329480171202,0.2813510835170741,0.044652093783999,498.24581880186014,61.8428749640127,124.12121212121212,0.0002660988993651,6291456,Tesla V100-SXM2-16GB
gemm,fp16,warm,256.0,8192.0,8192.0,0.0,142606336.0,34359738368.0,142606336.0,v100-16,0.435655474662781,0.4304294586181642,0.4390194714069363,0.019094282103125,327.33741291873906,78.86906137147972,240.94117647058823,0.0002089550692324,6291456,Tesla V100-SXM2-16GB
gemm,fp16,warm,512.0,8192.0,8192.0,0.0,150994944.0,68719476736.0,150994944.0,v100-16,0.764203071594238,0.7369161486625673,0.7716411471366884,0.0301660530995538,197.58484310329027,89.923057483453,455.1111111111111,0.0002709367334083,6291456,Tesla V100-SXM2-16GB
gemm,fp16,warm,1024.0,8192.0,8192.0,0.0,167772160.0,137438953472.0,167772160.0,v100-16,1.53395700454712,1.49478299617767,1.541818571090696,0.0197570844476163,109.37213983356231,89.59765695165424,819.2,0.0002383465056118,6291456,Tesla V100-SXM2-16GB
gemm,fp16,warm,2048.0,8192.0,8192.0,0.0,201326592.0,274877906944.0,201326592.0,v100-16,2.98840022087097,2.97875418663025,2.989413309097292,0.0005791327592646,67.36935387500517,91.98162449067374,1365.3333333333333,0.0002679739120457,6291456,Tesla V100-SXM2-16GB
read_reduce,fp32,warm,0.0,16777216.0,0.0,0.0,71303168.0,0.0,71303168.0,v100-16,0.088634081184864,0.08861443400383,0.0886634275317192,0.0001327307352351,804.4667135577686,0.0,0.0,0.0,6291456,Tesla V100-SXM2-16GB
read_reduce,fp32,warm,0.0,67108864.0,0.0,0.0,272629760.0,0.0,272629760.0,v100-16,0.319083005189896,0.3188292324543,0.3191185832023616,0.0006238646657788,854.4164232054595,0.0,0.0,0.0,6291456,Tesla V100-SXM2-16GB
read_reduce,fp32,warm,0.0,134217728.0,0.0,0.0,541065216.0,0.0,541065216.0,v100-16,0.62202787399292,0.6217320084571838,0.6257856011390684,0.0005134681296175,869.8407878843038,0.0,0.0,0.0,6291456,Tesla V100-SXM2-16GB
copy,fp32,warm,0.0,1024.0,0.0,0.0,8192.0,0.0,8192.0,v100-32,0.002432000124827,0.0023981119040399,0.0027977281250059,0.1125000370978081,3.3684208797409645,0.0,0.0,0.0,6291456,Tesla V100-SXM2-32GB
add,fp32,warm,0.0,1024.0,0.0,0.0,12288.0,1024.0,12288.0,v100-32,0.0023915199562907,0.0023752640001475,0.002471967972815,0.0046163656720047,5.138154907583901,0.0004281795756319,0.0833333333333333,0.0,6291456,Tesla V100-SXM2-32GB
triad,fp32,warm,0.0,1024.0,0.0,0.0,12288.0,2048.0,12288.0,v100-32,0.0024528000503778,0.0023663999978452,0.0025990719906985,0.047782062244605,5.009784632916594,0.000834964105486,0.1666666666666666,0.0,6291456,Tesla V100-SXM2-32GB
copy,fp32,warm,0.0,16384.0,0.0,0.0,131072.0,0.0,131072.0,v100-32,0.002424799837172,0.0023637119680643,0.0025119360070675,0.0301220824632268,54.05477103333414,0.0,0.0,0.0,6291456,Tesla V100-SXM2-32GB
add,fp32,warm,0.0,16384.0,0.0,0.0,196608.0,16384.0,196608.0,v100-32,0.0023856000043451,0.0023662080522626,0.002537887962535,0.0438630933174995,82.41448677141777,0.0068678738976181,0.0833333333333333,0.0,6291456,Tesla V100-SXM2-32GB
triad,fp32,warm,0.0,16384.0,0.0,0.0,196608.0,32768.0,196608.0,v100-32,0.0023652799427509,0.0023212799802422,0.0024725439958274,0.0407224278458093,83.12250759262594,0.0138537512654376,0.1666666666666666,0.0,6291456,Tesla V100-SXM2-32GB
copy,fp32,warm,0.0,262144.0,0.0,0.0,2097152.0,0.0,2097152.0,v100-32,0.0039004799909889,0.0038748799823224,0.0039191998541355,0.0085732318061966,537.6651091262913,0.0,0.0,0.0,6291456,Tesla V100-SXM2-32GB
add,fp32,warm,0.0,262144.0,0.0,0.0,3145728.0,262144.0,3145728.0,v100-32,0.0039270399138331,0.0039195519872009,0.0039577598683536,0.0079855889553423,801.0430423482735,0.0667535868623561,0.0833333333333333,0.0,6291456,Tesla V100-SXM2-32GB
triad,fp32,warm,0.0,262144.0,0.0,0.0,3145728.0,524288.0,3145728.0,v100-32,0.0039260797202587,0.0039140798151493,0.0039543359540402,0.0059906713072129,801.2389518653766,0.1335398253108961,0.1666666666666666,0.0,6291456,Tesla V100-SXM2-32GB
copy,fp32,warm,0.0,1048576.0,0.0,0.0,8388608.0,0.0,8388608.0,v100-32,0.0129447998479009,0.0129289282485842,0.0129811519756913,0.0022619365636114,648.029177628442,0.0,0.0,0.0,6291456,Tesla V100-SXM2-32GB
add,fp32,warm,0.0,1048576.0,0.0,0.0,12582912.0,1048576.0,12582912.0,v100-32,0.0186195187270641,0.0185988802462816,0.0186406400054693,0.0010397369901058,675.7914736920837,0.0563159561410069,0.0833333333333333,0.0,6291456,Tesla V100-SXM2-32GB
triad,fp32,warm,0.0,1048576.0,0.0,0.0,12582912.0,2097152.0,12582912.0,v100-32,0.0186039991676807,0.0185455042868852,0.0186241272836923,0.0021113450152795,676.3552226910076,0.1127258704485012,0.1666666666666666,0.0,6291456,Tesla V100-SXM2-32GB
copy,fp32,warm,0.0,4194304.0,0.0,0.0,33554432.0,0.0,33554432.0,v100-32,0.0453126393258572,0.0452902063727379,0.0453396491706371,0.00052266946761,740.5093258571789,0.0,0.0,0.0,6291456,Tesla V100-SXM2-32GB
add,fp32,warm,0.0,4194304.0,0.0,0.0,50331648.0,4194304.0,50331648.0,v100-32,0.0659204795956612,0.0659024655818939,0.0661177948117256,0.0023859881277577,763.5206586590544,0.0636267215549212,0.0833333333333333,0.0,6291456,Tesla V100-SXM2-32GB
triad,fp32,warm,0.0,4194304.0,0.0,0.0,50331648.0,8388608.0,50331648.0,v100-32,0.0662699192762375,0.0662413448095321,0.0663279369473457,0.0008076250326327,759.4946327035514,0.1265824387839252,0.1666666666666666,0.0,6291456,Tesla V100-SXM2-32GB
copy,fp32,warm,0.0,16777216.0,0.0,0.0,134217728.0,0.0,134217728.0,v100-32,0.172984570264816,0.172961428761482,0.1730189710855482,0.0001263696723818,775.8942187417686,0.0,0.0,0.0,6291456,Tesla V100-SXM2-32GB
add,fp32,warm,0.0,16777216.0,0.0,0.0,201326592.0,16777216.0,201326592.0,v100-32,0.256959110498428,0.2568714678287508,0.2577627003192898,0.0004385233928035,783.4966100617461,0.0652913841718121,0.0833333333333333,0.0,6291456,Tesla V100-SXM2-32GB
triad,fp32,warm,0.0,16777216.0,0.0,0.0,201326592.0,33554432.0,201326592.0,v100-32,0.257478773593903,0.2573853671550754,0.2581975400447846,0.0005671589065815,781.9152980646609,0.1303192163441101,0.1666666666666666,0.0,6291456,Tesla V100-SXM2-32GB
copy,fp32,warm,0.0,67108864.0,0.0,0.0,536870912.0,0.0,536870912.0,v100-32,0.715196490287781,0.7149916410446164,0.7153948187828065,0.0003223183653714,750.6621177405019,0.0,0.0,0.0,6291456,Tesla V100-SXM2-32GB
add,fp32,warm,0.0,67108864.0,0.0,0.0,805306368.0,67108864.0,805306368.0,v100-32,1.06715297698975,1.066998910903934,1.081662464141846,0.0004321415453722,754.6306718570255,0.0628858893214188,0.0833333333333333,0.0,6291456,Tesla V100-SXM2-32GB
triad,fp32,warm,0.0,67108864.0,0.0,0.0,805306368.0,134217728.0,805306368.0,v100-32,1.08446300029755,1.08360657691956,1.098908615112308,0.0009269401850124,742.5853789193765,0.123764229819896,0.1666666666666666,0.0,6291456,Tesla V100-SXM2-32GB
fma,fp32,streaming,0.0,67108864.0,0.0,1.0,536870912.0,134217728.0,536870912.0,v100-32,1.09373235702515,1.091718769073484,1.132416439056396,0.0018832374266658,490.86132320363896,0.1227153308009097,0.25,0.0,6291456,Tesla V100-SXM2-32GB
fma,fp64,streaming,0.0,33554432.0,0.0,1.0,536870912.0,67108864.0,536870912.0,v100-32,1.20670402050018,1.206201124191282,1.221306490898134,0.0012084385314557,444.9068726707868,0.0556133590838483,0.125,0.0,6291456,Tesla V100-SXM2-32GB
fma,fp32,streaming,0.0,67108864.0,0.0,2.0,536870912.0,268435456.0,536870912.0,v100-32,1.09393072128296,1.091831040382384,1.109765100479128,0.0021977744155868,490.7723145121647,0.2453861572560823,0.5,0.0,6291456,Tesla V100-SXM2-32GB
fma,fp64,streaming,0.0,33554432.0,0.0,2.0,536870912.0,134217728.0,536870912.0,v100-32,1.20356810092926,1.201899909973144,1.219664907455442,0.003091788138205,446.0660859867328,0.1115165214966832,0.25,0.0,6291456,Tesla V100-SXM2-32GB
fma,fp32,streaming,0.0,67108864.0,0.0,4.0,536870912.0,536870912.0,536870912.0,v100-32,1.09040009975433,1.089843249320986,1.106900477409364,0.0007659392940061,492.3613929611328,0.4923613929611327,1.0,0.0,6291456,Tesla V100-SXM2-32GB
fma,fp64,streaming,0.0,33554432.0,0.0,4.0,536870912.0,268435456.0,536870912.0,v100-32,1.20048916339874,1.19890241622925,1.216580581665038,0.0023933429674747,447.2101276450085,0.2236050638225042,0.5,0.0,6291456,Tesla V100-SXM2-32GB
fma,fp32,streaming,0.0,67108864.0,0.0,8.0,536870912.0,1073741824.0,536870912.0,v100-32,1.09354031085968,1.091985106468202,1.108935689926148,0.0012641605549851,490.9475276480135,0.9818950552960268,2.0,0.0,6291456,Tesla V100-SXM2-32GB
fma,fp64,streaming,0.0,33554432.0,0.0,8.0,536870912.0,536870912.0,536870912.0,v100-32,1.20527768135071,1.20367407798767,1.219941997528076,0.0021031883165831,445.43338046245793,0.4454333804624579,1.0,0.0,6291456,Tesla V100-SXM2-32GB
fma,fp32,streaming,0.0,67108864.0,0.0,16.0,536870912.0,2147483648.0,536870912.0,v100-32,1.08941864967346,1.088567876815796,1.105483937263492,0.0009272100448368,492.8049580947789,1.971219832379116,4.0,0.0,6291456,Tesla V100-SXM2-32GB
fma,fp64,streaming,0.0,33554432.0,0.0,16.0,536870912.0,1073741824.0,536870912.0,v100-32,1.20363652706146,1.201396584510802,1.219295954704288,0.0021658272121937,446.0407273537208,0.8920814547074416,2.0,0.0,6291456,Tesla V100-SXM2-32GB
fma,fp32,streaming,0.0,67108864.0,0.0,32.0,536870912.0,4294967296.0,536870912.0,v100-32,1.08350515365601,1.08190588951111,1.100888323783872,0.0014678571035621,495.494562428676,3.963956499429408,8.0,0.0,6291456,Tesla V100-SXM2-32GB
fma,fp64,streaming,0.0,33554432.0,0.0,32.0,536870912.0,2147483648.0,536870912.0,v100-32,1.19913828372955,1.19779660701752,1.215631079673764,0.0024512627917713,447.7139286473521,1.7908557145894086,4.0,0.0,6291456,Tesla V100-SXM2-32GB
fma,fp32,streaming,0.0,67108864.0,0.0,64.0,536870912.0,8589934592.0,536870912.0,v100-32,1.07007205486298,1.068621206283574,1.086483192443846,0.0008382522421256,501.7147299195145,8.027435678712232,16.0,0.0,6291456,Tesla V100-SXM2-32GB
fma,fp64,streaming,0.0,33554432.0,0.0,64.0,536870912.0,4294967296.0,536870912.0,v100-32,1.18056690692902,1.177754068374632,1.1971684932708722,0.0015818443787466,454.7568704907621,3.638054963926097,8.0,0.0,6291456,Tesla V100-SXM2-32GB
fma,fp32,streaming,0.0,67108864.0,0.0,128.0,536870912.0,17179869184.0,536870912.0,v100-32,1.13124144077301,1.130866408348084,1.133965945243836,0.0003128707700392,474.5856124516978,15.18673959845433,32.0,0.0,6291456,Tesla V100-SXM2-32GB
fma,fp64,streaming,0.0,33554432.0,0.0,128.0,536870912.0,8589934592.0,536870912.0,v100-32,1.12463784217834,1.12422564029694,1.138987135887146,0.0006242218426557,477.3722631990765,7.637956211185224,16.0,0.0,6291456,Tesla V100-SXM2-32GB
fma,fp32,streaming,0.0,67108864.0,0.0,256.0,536870912.0,34359738368.0,536870912.0,v100-32,2.24440789222717,2.241904783248898,2.246219301223754,0.0004856736368777,239.20380687453937,15.30904363997052,64.0,0.0,6291456,Tesla V100-SXM2-32GB
fma,fp64,streaming,0.0,33554432.0,0.0,256.0,536870912.0,17179869184.0,536870912.0,v100-32,2.23628401756287,2.235756778717042,2.2368088722229023,0.0002290062907431,240.0727759907208,7.682328831703065,32.0,0.0,6291456,Tesla V100-SXM2-32GB
fma,fp32,streaming,0.0,67108864.0,0.0,512.0,536870912.0,68719476736.0,536870912.0,v100-32,4.50816011428833,4.503728103637692,4.514225673675536,0.0011383712612366,119.0886965834291,15.243353162678924,128.0,0.0,6291456,Tesla V100-SXM2-32GB
fma,fp64,streaming,0.0,33554432.0,0.0,512.0,536870912.0,34359738368.0,536870912.0,v100-32,4.49497604370117,4.492697620391848,4.50372180938721,0.0011853630261781,119.43799183364273,7.644031477353134,64.0,0.0,6291456,Tesla V100-SXM2-32GB
fma,fp32,streaming,0.0,67108864.0,0.0,1024.0,536870912.0,137438953472.0,536870912.0,v100-32,8.97515201568604,8.962851333618163,8.983366203308108,0.0011391300661166,59.817472847446005,15.313273048946176,256.0,0.0,6291456,Tesla V100-SXM2-32GB
fma,fp64,streaming,0.0,33554432.0,0.0,1024.0,536870912.0,68719476736.0,536870912.0,v100-32,8.9762716293335,8.960707283020023,8.988351821899412,0.0019170122338807,59.81001179215245,7.655681509395513,128.0,0.0,6291456,Tesla V100-SXM2-32GB
fma,fp32,streaming,0.0,67108864.0,0.0,2048.0,536870912.0,274877906944.0,536870912.0,v100-32,17.973087310791,17.930655288696318,17.98292465209962,0.0024935068959432,29.870823121059672,15.293861437982551,512.0,0.0,6291456,Tesla V100-SXM2-32GB
fma,fp64,streaming,0.0,33554432.0,0.0,2048.0,536870912.0,137438953472.0,536870912.0,v100-32,17.9097919464111,17.82929916381838,17.92490234374996,0.0014141807214113,29.97639021192439,7.673955894252644,256.0,0.0,6291456,Tesla V100-SXM2-32GB
gemm,fp32,warm,256.0,256.0,256.0,0.0,786432.0,33554432.0,786432.0,v100-32,0.0130151994526386,0.0127345915883779,0.013139072060585,0.0140636140458063,60.42412203222632,2.578095873374989,42.66666666666666,0.0,6291456,Tesla V100-SXM2-32GB
gemm,fp32,cold,256.0,256.0,256.0,0.0,786432.0,33554432.0,786432.0,v100-32,0.0242880005389452,0.0238400004804134,0.0246335994452238,0.0158102433363943,32.37944592182366,1.3815230259978095,42.66666666666666,0.0,6291456,Tesla V100-SXM2-32GB
gemm,fp32,warm,512.0,512.0,512.0,0.0,3145728.0,268435456.0,3145728.0,v100-32,0.0285391993820667,0.0284847039729356,0.0286089606583118,0.0016818773901295,110.22481597632677,9.405850963313217,85.33333333333333,0.0,6291456,Tesla V100-SXM2-32GB
gemm,fp32,cold,512.0,512.0,512.0,0.0,3145728.0,268435456.0,3145728.0,v100-32,0.0388160012662411,0.0383679993450641,0.0393151998519897,0.0136026452477837,81.04204187400133,6.915587573248113,85.33333333333333,0.0,6291456,Tesla V100-SXM2-32GB
gemm,fp32,warm,1024.0,1024.0,1024.0,0.0,12582912.0,2147483648.0,12582912.0,v100-32,0.17827670276165,0.1767360121011732,0.1793287426233292,0.0077728110965409,70.58079830443651,12.0457895772905,170.66666666666666,0.0,6291456,Tesla V100-SXM2-32GB
gemm,fp32,cold,1024.0,1024.0,1024.0,0.0,12582912.0,2147483648.0,12582912.0,v100-32,0.189600005745888,0.189414396882057,0.1906111985445022,0.0043881796385232,66.36556760902363,11.326390205273366,170.66666666666666,0.0,6291456,Tesla V100-SXM2-32GB
gemm,fp32,warm,2048.0,2048.0,2048.0,0.0,50331648.0,17179869184.0,50331648.0,v100-32,1.19123601913452,1.1862451553344762,1.205196762084962,0.006563768036464,42.25161696887568,14.421885258709564,341.3333333333333,0.0,6291456,Tesla V100-SXM2-32GB
gemm,fp32,cold,2048.0,2048.0,2048.0,0.0,50331648.0,17179869184.0,50331648.0,v100-32,1.18025600910187,1.178291177749634,1.185228800773618,0.0031043748904766,42.64468692542432,14.556053137211505,341.3333333333333,0.0,6291456,Tesla V100-SXM2-32GB
gemm,fp32,warm,4096.0,4096.0,4096.0,0.0,201326592.0,137438953472.0,201326592.0,v100-32,9.29868793487549,9.293737983703616,9.304854202270509,0.0002589129594016,21.651075228033857,14.780467355671112,682.6666666666666,0.0,6291456,Tesla V100-SXM2-32GB
gemm,fp32,warm,8192.0,8192.0,8192.0,0.0,805306368.0,1099511627776.0,805306368.0,v100-32,70.9665908813477,70.95760040283204,70.97246246337892,0.0001122909032116,11.347682874416622,15.493369684536829,1365.3333333333333,0.0,6291456,Tesla V100-SXM2-32GB
gemm,fp32,warm,1.0,8192.0,8192.0,0.0,268500992.0,134217728.0,268500992.0,v100-32,0.347163647413254,0.3470525085926056,0.3678654730319978,0.0003697780704907,773.4133282693157,0.3866122763718718,0.4998779594825482,0.0,6291456,Tesla V100-SXM2-32GB
gemm,fp32,warm,2.0,8192.0,8192.0,0.0,268566528.0,268435456.0,268566528.0,v100-32,0.557321131229401,0.5567627310752871,0.562584900856018,0.0012723660007797,481.8882919575758,0.4816531097750685,0.9995119570522206,0.0,6291456,Tesla V100-SXM2-32GB
gemm,fp32,warm,4.0,8192.0,8192.0,0.0,268697600.0,536870912.0,268697600.0,v100-32,0.558245718479156,0.5572114109992978,0.5626802444458006,0.0015231465856288,481.3249633727961,0.9617107560853524,1.9980487804878049,0.0,6291456,Tesla V100-SXM2-32GB
gemm,fp32,warm,8.0,8192.0,8192.0,0.0,268959744.0,1073741824.0,268959744.0,v100-32,0.549307405948639,0.5487092494964598,0.5542555451393127,0.0013763246337909,489.6342941808945,1.9547193654629085,3.992202729044834,0.0,6291456,Tesla V100-SXM2-32GB
gemm,fp32,warm,16.0,8192.0,8192.0,0.0,269484032.0,2147483648.0,269484032.0,v100-32,0.552674293518066,0.5519101619720462,0.557266044616699,0.0018393423189136,487.6000841012357,3.8856224600752167,7.968871595330739,0.0,6291456,Tesla V100-SXM2-32GB
gemm,fp32,warm,32.0,8192.0,8192.0,0.0,270532608.0,4294967296.0,270532608.0,v100-32,0.573137760162354,0.5723230838775636,0.577604293823242,0.0014124361354027,472.0202136452598,7.49377827554645,15.875968992248062,0.0,6291456,Tesla V100-SXM2-32GB
gemm,fp32,warm,64.0,8192.0,8192.0,0.0,272629760.0,8589934592.0,272629760.0,v100-32,0.712937355041504,0.7123157382011415,0.7149861574172978,0.0014849381796201,382.4035282652972,12.048652705958904,31.50769230769231,0.0,6291456,Tesla V100-SXM2-32GB
gemm,fp32,warm,128.0,8192.0,8192.0,0.0,276824064.0,17179869184.0,276824064.0,v100-32,1.15892398357391,1.1574664115905742,1.159079623222352,0.0003650059624018,238.8630038929086,14.823982787050811,62.06060606060606,0.0,6291456,Tesla V100-SXM2-32GB
gemm,fp32,warm,256.0,8192.0,8192.0,0.0,285212672.0,34359738368.0,285212672.0,v100-32,2.48436117172241,2.482946729660032,2.48535041809082,0.0004738888036913,114.80322396210282,13.83041192202274,120.47058823529412,0.0,6291456,Tesla V100-SXM2-32GB
gemm,fp32,warm,512.0,8192.0,8192.0,0.0,301989888.0,68719476736.0,301989888.0,v100-32,4.61043977737427,4.608644771575928,4.612343883514402,0.0006628541949333,65.50131930624387,14.905189104354164,227.55555555555557,0.0,6291456,Tesla V100-SXM2-32GB
gemm,fp32,warm,1024.0,8192.0,8192.0,0.0,335544320.0,137438953472.0,335544320.0,v100-32,9.23030376434326,9.226268959045417,9.24873905181885,0.000615321828659,36.35246775910133,14.889970794127905,409.6,0.0,6291456,Tesla V100-SXM2-32GB
gemm,fp32,warm,2048.0,8192.0,8192.0,0.0,402653184.0,274877906944.0,402653184.0,v100-32,18.4090557098389,18.40433921813966,18.4145473480225,0.0002650842907951,21.87256045864417,14.931667939767754,682.6666666666666,0.0,6291456,Tesla V100-SXM2-32GB
gemm,fp64,warm,256.0,256.0,256.0,0.0,1572864.0,33554432.0,1572864.0,v100-32,0.0203291196376085,0.0203207358717918,0.0205763526260852,0.006068198121095,77.37000067087166,1.6505600143119288,21.33333333333333,0.0,6291456,Tesla V100-SXM2-32GB
gemm,fp64,cold,256.0,256.0,256.0,0.0,1572864.0,33554432.0,1572864.0,v100-32,0.0332159996032715,0.0327679999172687,0.0364032007753848,0.051541426359122,47.35260172164399,1.010188836728405,21.33333333333333,0.0,6291456,Tesla V100-SXM2-32GB
gemm,fp64,warm,512.0,512.0,512.0,0.0,6291456.0,268435456.0,6291456.0,v100-32,0.0683169588446617,0.0679208293557166,0.068487998843193,0.0057297428050219,92.09215554084363,3.929265303075996,42.66666666666666,0.0,6291456,Tesla V100-SXM2-32GB
gemm,fp64,cold,512.0,512.0,512.0,0.0,6291456.0,268435456.0,6291456.0,v100-32,0.0844800025224686,0.0841471999883651,0.0864319995045662,0.0172348469147382,74.47272504906357,3.177502935426712,42.66666666666666,0.0,6291456,Tesla V100-SXM2-32GB
gemm,fp64,warm,1024.0,1024.0,1024.0,0.0,25165824.0,2147483648.0,25165824.0,v100-32,0.372079461812973,0.3658234477043154,0.3746731221675872,0.0117008806227347,67.63561707324143,5.771572656916602,85.33333333333333,0.0,6291456,Tesla V100-SXM2-32GB
gemm,fp64,cold,1024.0,1024.0,1024.0,0.0,25165824.0,2147483648.0,25165824.0,v100-32,0.338687986135483,0.3372352063655854,0.3970495939254764,0.1708711254176722,74.30385791698289,6.340595875582539,85.33333333333333,0.0,6291456,Tesla V100-SXM2-32GB
gemm,fp64,warm,2048.0,2048.0,2048.0,0.0,100663296.0,17179869184.0,100663296.0,v100-32,2.47977137565613,2.478601121902466,2.480740547180176,0.0003898695451306,40.59378093811781,6.92800528010544,170.66666666666666,0.0,6291456,Tesla V100-SXM2-32GB
gemm,fp64,cold,2048.0,2048.0,2048.0,0.0,100663296.0,17179869184.0,100663296.0,v100-32,2.48915195465088,2.485759973526004,2.4901376247406,0.0013305703114655,40.44079985230098,6.9018965081260335,170.66666666666666,0.0,6291456,Tesla V100-SXM2-32GB
gemm,fp64,warm,4096.0,4096.0,4096.0,0.0,402653184.0,137438953472.0,402653184.0,v100-32,17.8835201263428,17.8782848358154,17.90095939636226,0.0008132366123896,22.515320314756348,7.685229334103499,341.3333333333333,0.0,6291456,Tesla V100-SXM2-32GB
gemm,fp64,warm,8192.0,8192.0,8192.0,0.0,1610612736.0,1099511627776.0,1610612736.0,v100-32,142.507110595703,142.4991668701172,142.5140838623048,5.043179683071231e-05,11.3019815591473,7.715486077711223,682.6666666666666,0.0,6291456,Tesla V100-SXM2-32GB
gemm,fp64,warm,1.0,8192.0,8192.0,0.0,537001984.0,134217728.0,537001984.0,v100-32,0.63780677318573,0.6375120997428894,0.7296839237213134,0.0630246540808558,841.9508957513445,0.2104363478763428,0.2499389797412741,0.0,6291456,Tesla V100-SXM2-32GB
gemm,fp64,warm,2.0,8192.0,8192.0,0.0,537133056.0,268435456.0,537133056.0,v100-32,0.820927977561951,0.8197660326957702,0.8470957994461058,0.0022034597541864,654.299854166519,0.32699026386848,0.4997559785261103,0.0,6291456,Tesla V100-SXM2-32GB
gemm,fp64,warm,4.0,8192.0,8192.0,0.0,537395200.0,536870912.0,537395200.0,v100-32,0.90693598985672,0.9065108180046082,0.9368788003921508,0.0007773138831908,592.5392817247213,0.5919611946205996,0.9990243902439024,0.0,6291456,Tesla V100-SXM2-32GB
gemm,fp64,warm,8.0,8192.0,8192.0,0.0,537919488.0,1073741824.0,537919488.0,v100-32,0.930271983146667,0.9289183735847472,0.9585276246070852,0.0012717065663961,578.2389427449751,1.1542235426332446,1.996101364522417,0.0,6291456,Tesla V100-SXM2-32GB
gemm,fp64,warm,16.0,8192.0,8192.0,0.0,538968064.0,2147483648.0,538968064.0,v100-32,0.926599979400635,0.9232083916664122,0.9541487932205198,0.003478309981212,581.6620720719505,2.3175951821076937,3.9844357976653697,0.0,6291456,Tesla V100-SXM2-32GB
gemm,fp64,warm,32.0,8192.0,8192.0,0.0,541065216.0,4294967296.0,541065216.0,v100-32,1.14234018325806,1.133810353279116,1.156854176521302,0.0079377883598722,473.6463130070693,3.759797089296426,7.937984496124031,0.0,6291456,Tesla V100-SXM2-32GB
gemm,fp64,warm,64.0,8192.0,8192.0,0.0,545259520.0,8589934592.0,545259520.0,v100-32,1.75357758998871,1.750179791450502,1.75867142677307,0.002886015197065,310.9411999291748,4.898519826576538,15.753846153846156,0.0,6291456,Tesla V100-SXM2-32GB
gemm,fp64,warm,128.0,8192.0,8192.0,0.0,553648128.0,17179869184.0,553648128.0,v100-32,2.29308795928955,2.290538406372072,2.299040031433102,0.001089374113372,241.4421678667453,7.492023633198401,31.03030303030303,0.0,6291456,Tesla V100-SXM2-32GB
gemm,fp64,warm,256.0,8192.0,8192.0,0.0,570425344.0,34359738368.0,570425344.0,v100-32,4.65573596954346,4.654300689697262,4.658654499053958,0.0003866328082167,122.520982231717,7.380087400310484,60.23529411764706,0.0,6291456,Tesla V100-SXM2-32GB
gemm,fp64,warm,512.0,8192.0,8192.0,0.0,603979776.0,68719476736.0,603979776.0,v100-32,9.29620838165283,9.29065933227539,9.29976005554199,0.0004233784078649,64.97055048723152,7.392204855436119,113.77777777777776,0.0,6291456,Tesla V100-SXM2-32GB
gemm,fp64,warm,1024.0,8192.0,8192.0,0.0,671088640.0,137438953472.0,671088640.0,v100-32,19.2276153564453,19.22349395751954,19.2289924621582,0.0001314874760016,34.902333313789946,7.147997862664183,204.8,0.0,6291456,Tesla V100-SXM2-32GB
gemm,fp64,warm,2048.0,8192.0,8192.0,0.0,805306368.0,274877906944.0,805306368.0,v100-32,35.6605110168457,35.65859222412108,35.664306640625,5.963721957308793e-05,22.582580704454305,7.708187547120403,341.3333333333333,0.0,6291456,Tesla V100-SXM2-32GB
gemm,fp16,warm,256.0,256.0,256.0,0.0,393216.0,33554432.0,393216.0,v100-32,0.0086369598284363,0.0085390077903866,0.0088862080127,0.0078082870518392,45.52713082042754,3.8849818300098167,85.33333333333333,0.0001984265214773,6291456,Tesla V100-SXM2-32GB
gemm,fp16,cold,256.0,256.0,256.0,0.0,393216.0,33554432.0,393216.0,v100-32,0.017535999417305,0.0167935997247696,0.0187327992171049,0.056569350818857,22.423358409328173,1.913459917596004,85.33333333333333,0.0001984265214773,6291456,Tesla V100-SXM2-32GB
gemm,fp16,warm,512.0,512.0,512.0,0.0,1572864.0,268435456.0,1572864.0,v100-32,0.0138011202216148,0.0137926718220114,0.013834848254919,0.0023418837101955,113.96640089669236,19.45026575303549,170.66666666666666,0.000231992570696,6291456,Tesla V100-SXM2-32GB
gemm,fp16,cold,512.0,512.0,512.0,0.0,1572864.0,268435456.0,1572864.0,v100-32,0.0274240002036095,0.0272128004580736,0.0279936004430055,0.010501728298866,57.35355850066623,9.788340650780368,170.66666666666666,0.000231992570696,6291456,Tesla V100-SXM2-32GB
gemm,fp16,warm,1024.0,1024.0,1024.0,0.0,6291456.0,2147483648.0,6291456.0,v100-32,0.035519041121006,0.0355013765394687,0.0355720967054367,0.0014639884126909,177.12910600729103,60.460068183822,341.3333333333333,0.0001899405204345,6291456,Tesla V100-SXM2-32GB
gemm,fp16,cold,1024.0,1024.0,1024.0,0.0,6291456.0,2147483648.0,6291456.0,v100-32,0.0461120009422302,0.0455360017716884,0.0474560000002384,0.0152671299366238,136.4385815285273,46.57103582840397,341.3333333333333,0.0001899405204345,6291456,Tesla V100-SXM2-32GB
gemm,fp16,warm,2048.0,2048.0,2048.0,0.0,25165824.0,17179869184.0,25165824.0,v100-32,0.211539208889008,0.211449462175369,0.2119754582643508,0.0011588700490465,118.96529315850944,81.21364012954244,682.6666666666666,0.0002214878090706,6291456,Tesla V100-SXM2-32GB
gemm,fp16,cold,2048.0,2048.0,2048.0,0.0,25165824.0,17179869184.0,25165824.0,v100-32,0.219392001628876,0.2189695984125138,0.2203455984592437,0.0033547173471322,114.70711700133243,78.30672520624294,682.6666666666666,0.0002214878090706,6291456,Tesla V100-SXM2-32GB
gemm,fp16,warm,4096.0,4096.0,4096.0,0.0,100663296.0,137438953472.0,100663296.0,v100-32,1.42779660224915,1.372346901893618,1.439184403419496,0.0258524386197613,70.50254626004097,96.25947649370926,1365.3333333333333,0.0002931209501402,6291456,Tesla V100-SXM2-32GB
gemm,fp16,warm,8192.0,8192.0,8192.0,0.0,402653184.0,1099511627776.0,402653184.0,v100-32,10.6306562423706,10.5199935913086,10.63868141174314,0.0056862124341223,37.87660656311559,103.42838698834764,2730.6666666666665,0.0002014828336355,6291456,Tesla V100-SXM2-32GB
gemm,fp16,warm,1.0,8192.0,8192.0,0.0,134250496.0,134217728.0,134250496.0,v100-32,0.180036932229996,0.1797616600990296,0.1808016002178192,0.0033360580310944,745.6830903366864,0.7455010832362868,0.9997559189650964,0.0002413515983138,6291456,Tesla V100-SXM2-32GB
gemm,fp16,warm,2.0,8192.0,8192.0,0.0,134283264.0,268435456.0,134283264.0,v100-32,0.312699049711227,0.3093036353588108,0.3162918329238892,0.0138044166851957,429.4329136081758,0.8584466638062899,1.9990239141044408,0.000320935894153,6291456,Tesla V100-SXM2-32GB
gemm,fp16,warm,4.0,8192.0,8192.0,0.0,134348800.0,536870912.0,134348800.0,v100-32,0.227363392710686,0.2270904242992398,0.228650853037834,0.0009766616404847,590.8989938892904,2.3612900282639355,3.9960975609756098,0.0002674034809797,6291456,Tesla V100-SXM2-32GB
gemm,fp16,warm,8.0,8192.0,8192.0,0.0,134479872.0,1073741824.0,134479872.0,v100-32,0.215322881937027,0.2149020999670028,0.216075003147125,0.0022292273382137,624.5498424980666,4.986659171290605,7.984405458089668,0.0002977648991186,6291456,Tesla V100-SXM2-32GB
gemm,fp16,warm,16.0,8192.0,8192.0,0.0,134742016.0,2147483648.0,134742016.0,v100-32,0.206773728132248,0.2056317567825322,0.2079804688692092,0.0050107917427829,651.6399216530153,10.385669724088526,15.93774319066148,0.0002725978935956,6291456,Tesla V100-SXM2-32GB
gemm,fp16,warm,32.0,8192.0,8192.0,0.0,135266304.0,4294967296.0,135266304.0,v100-32,0.242000862956047,0.2417993485927584,0.2423261523246762,0.0006361603218827,558.949676243789,17.74773545654697,31.751937984496124,0.0002453159182464,6291456,Tesla V100-SXM2-32GB
gemm,fp16,warm,64.0,8192.0,8192.0,0.0,136314880.0,8589934592.0,136314880.0,v100-32,0.431319087743759,0.429010879993439,0.4340054214000703,0.0082715231408272,316.0418443641494,19.915498377162404,63.01538461538462,0.000264501908666,6291456,Tesla V100-SXM2-32GB
gemm,fp16,warm,128.0,8192.0,8192.0,0.0,138412032.0,17179869184.0,138412032.0,v100-32,0.335565447807312,0.3351807951927182,0.3361825168132784,0.0018442307740126,412.4740282541807,51.196776355428,124.12121212121212,0.0002660988993651,6291456,Tesla V100-SXM2-32GB
gemm,fp16,warm,256.0,8192.0,8192.0,0.0,142606336.0,34359738368.0,142606336.0,v100-32,0.425211042165756,0.4210558593273166,0.4275596797466278,0.0134216305834535,335.37778152150884,80.80631724188825,240.94117647058823,0.0002089550692324,6291456,Tesla V100-SXM2-32GB
gemm,fp16,warm,512.0,8192.0,8192.0,0.0,150994944.0,68719476736.0,150994944.0,v100-32,0.752290368080139,0.7221307039260868,0.754869782924652,0.0260868538660479,200.71364782370176,91.34701127620916,455.1111111111111,0.0002709367334083,6291456,Tesla V100-SXM2-32GB
gemm,fp16,warm,1024.0,8192.0,8192.0,0.0,167772160.0,137438953472.0,167772160.0,v100-32,1.49581289291382,1.458296561241148,1.502110981941226,0.0180030934536051,112.16119395333094,91.88245008656872,819.2,0.0002383465056118,6291456,Tesla V100-SXM2-32GB
gemm,fp16,warm,2048.0,8192.0,8192.0,0.0,201326592.0,274877906944.0,201326592.0,v100-32,2.88333320617676,2.881149768829342,2.93430829048157,0.0095241887097757,69.82425463998138,95.33338233512124,1365.3333333333333,0.0002679739120457,6291456,Tesla V100-SXM2-32GB
read_reduce,fp32,warm,0.0,16777216.0,0.0,0.0,71303168.0,0.0,71303168.0,v100-32,0.0935921594500542,0.0935530588030815,0.0967802286148071,0.0005068968621907,761.8498004424313,0.0,0.0,0.0,6291456,Tesla V100-SXM2-32GB
read_reduce,fp32,warm,0.0,67108864.0,0.0,0.0,272629760.0,0.0,272629760.0,v100-32,0.330478072166443,0.3303716778755188,0.3306220531463624,0.0004645142160646,824.9556716812725,0.0,0.0,0.0,6291456,Tesla V100-SXM2-32GB
read_reduce,fp32,warm,0.0,134217728.0,0.0,0.0,541065216.0,0.0,541065216.0,v100-32,0.643632650375366,0.6432921767234804,0.6555550336837768,0.0090266914506679,840.6428972869094,0.0,0.0,0.0,6291456,Tesla V100-SXM2-32GB
copy,fp32,warm,0.0,1024.0,0.0,0.0,8192.0,0.0,8192.0,v100-32-pcie,0.0021236799657344,0.0021189759951084,0.0021368000190705,0.0019588568792336,3.8574550460416366,0.0,0.0,0.0,6291456,Tesla V100-PCIE-32GB
add,fp32,warm,0.0,1024.0,0.0,0.0,12288.0,1024.0,12288.0,v100-32-pcie,0.0022580800577998,0.0022413119673728,0.0022620800416916,0.0050662584885329,5.441791116995613,0.0004534825930829,0.0833333333333333,0.0,6291456,Tesla V100-PCIE-32GB
triad,fp32,warm,0.0,1024.0,0.0,0.0,12288.0,2048.0,12288.0,v100-32-pcie,0.002254239981994,0.0022420160006731,0.0022691841237247,0.0076656027900342,5.451061155046332,0.0009085101925077,0.1666666666666666,0.0,6291456,Tesla V100-PCIE-32GB
copy,fp32,warm,0.0,16384.0,0.0,0.0,131072.0,0.0,131072.0,v100-32-pcie,0.0023203201126307,0.0023148800246417,0.0023271999787539,0.003275435069833,56.488757428988485,0.0,0.0,0.0,6291456,Tesla V100-PCIE-32GB
add,fp32,warm,0.0,16384.0,0.0,0.0,196608.0,16384.0,196608.0,v100-32-pcie,0.0023431999143213,0.0023396799340844,0.0023511999752372,0.0018777883512531,83.90577295533355,0.0069921477462777,0.0833333333333333,0.0,6291456,Tesla V100-PCIE-32GB
triad,fp32,warm,0.0,16384.0,0.0,0.0,196608.0,32768.0,196608.0,v100-32-pcie,0.0023463999386876,0.0023398080375045,0.0023492158856242,0.0015001422446033,83.79134211449096,0.0139652236857484,0.1666666666666666,0.0,6291456,Tesla V100-PCIE-32GB
copy,fp32,warm,0.0,262144.0,0.0,0.0,2097152.0,0.0,2097152.0,v100-32-pcie,0.0040483199991285,0.0040441920049488,0.004050431959331,0.0012647087816791,518.0301953529913,0.0,0.0,0.0,6291456,Tesla V100-PCIE-32GB
add,fp32,warm,0.0,262144.0,0.0,0.0,3145728.0,262144.0,3145728.0,v100-32-pcie,0.0041054398752749,0.0040991040877997,0.0041082559153437,0.0009742677395956,766.234093195522,0.0638528410996268,0.0833333333333333,0.0,6291456,Tesla V100-PCIE-32GB
triad,fp32,warm,0.0,262144.0,0.0,0.0,3145728.0,524288.0,3145728.0,v100-32-pcie,0.0041036801412701,0.004097248148173,0.0041064640507102,0.0011696907128036,766.5626685578723,0.1277604447596453,0.1666666666666666,0.0,6291456,Tesla V100-PCIE-32GB
copy,fp32,warm,0.0,1048576.0,0.0,0.0,8388608.0,0.0,8388608.0,v100-32-pcie,0.0129467202350497,0.012929087691009,0.0129535034298896,0.000556129636976,647.9330554537001,0.0,0.0,0.0,6291456,Tesla V100-PCIE-32GB
add,fp32,warm,0.0,1048576.0,0.0,0.0,12582912.0,1048576.0,12582912.0,v100-32-pcie,0.0190337598323822,0.0190102402120828,0.019052704423666,0.0012777100586048,661.0838904561909,0.0550903242046825,0.0833333333333333,0.0,6291456,Tesla V100-PCIE-32GB
triad,fp32,warm,0.0,1048576.0,0.0,0.0,12582912.0,2097152.0,12582912.0,v100-32-pcie,0.0188708789646626,0.018845247477293,0.0188960321247577,0.0012548826765856,666.7899266145802,0.1111316544357633,0.1666666666666666,0.0,6291456,Tesla V100-PCIE-32GB
copy,fp32,warm,0.0,4194304.0,0.0,0.0,33554432.0,0.0,33554432.0,v100-32-pcie,0.0451547205448151,0.0451297618448734,0.0451759047806263,0.0006661508730864,743.0990956238549,0.0,0.0,0.0,6291456,Tesla V100-PCIE-32GB
add,fp32,warm,0.0,4194304.0,0.0,0.0,50331648.0,4194304.0,50331648.0,v100-32-pcie,0.0654774382710457,0.0653969258069992,0.0655121937394141,0.0009676575484507,768.686884047765,0.0640572403373137,0.0833333333333333,0.0,6291456,Tesla V100-PCIE-32GB
triad,fp32,warm,0.0,4194304.0,0.0,0.0,50331648.0,8388608.0,50331648.0,v100-32-pcie,0.065850555896759,0.0657913580536842,0.0658793300390243,0.0006427132239726,764.3314063879784,0.1273885677313297,0.1666666666666666,0.0,6291456,Tesla V100-PCIE-32GB
copy,fp32,warm,0.0,16777216.0,0.0,0.0,134217728.0,0.0,134217728.0,v100-32-pcie,0.172583296895027,0.1725693225860596,0.1726098537445068,0.0001552858178581,777.6982501477956,0.0,0.0,0.0,6291456,Tesla V100-PCIE-32GB
add,fp32,warm,0.0,16777216.0,0.0,0.0,201326592.0,16777216.0,201326592.0,v100-32-pcie,0.254791438579559,0.2546545147895814,0.255527979135513,0.0006993487950335,790.162311270657,0.0658468592725547,0.0833333333333333,0.0,6291456,Tesla V100-PCIE-32GB
triad,fp32,warm,0.0,16777216.0,0.0,0.0,201326592.0,33554432.0,201326592.0,v100-32-pcie,0.255084276199341,0.2549565315246582,0.256135880947113,0.0004390008982148,789.2552022401768,0.1315425337066961,0.1666666666666666,0.0,6291456,Tesla V100-PCIE-32GB
copy,fp32,warm,0.0,67108864.0,0.0,0.0,536870912.0,0.0,536870912.0,v100-32-pcie,0.71065366268158,0.710442912578583,0.7110193848609924,0.0004561432349309,755.4606979357169,0.0,0.0,0.0,6291456,Tesla V100-PCIE-32GB
add,fp32,warm,0.0,67108864.0,0.0,0.0,805306368.0,67108864.0,805306368.0,v100-32-pcie,1.05220508575439,1.051577639579772,1.069783353805546,0.0007209510050136,765.3511458012263,0.0637792621501021,0.0833333333333333,0.0,6291456,Tesla V100-PCIE-32GB
triad,fp32,warm,0.0,67108864.0,0.0,0.0,805306368.0,134217728.0,805306368.0,v100-32-pcie,1.07109832763672,1.069836807250978,1.087497425079346,0.000720476650923,751.8510179890154,0.1253085029981692,0.1666666666666666,0.0,6291456,Tesla V100-PCIE-32GB
fma,fp32,streaming,0.0,67108864.0,0.0,1.0,536870912.0,134217728.0,536870912.0,v100-32-pcie,1.0803200006485,1.0792628288269,1.11903758049011,0.0011116835630732,496.95544993865184,0.1242388624846629,0.25,0.0,6291456,Tesla V100-PCIE-32GB
fma,fp64,streaming,0.0,33554432.0,0.0,1.0,536870912.0,67108864.0,536870912.0,v100-32-pcie,1.19110858440399,1.188090538978574,1.21099064350128,0.0029753567520741,450.7321322586562,0.056341516532332,0.125,0.0,6291456,Tesla V100-PCIE-32GB
fma,fp32,streaming,0.0,67108864.0,0.0,2.0,536870912.0,268435456.0,536870912.0,v100-32-pcie,1.0803120136261,1.079879617691038,1.100066399574276,0.0010793049104223,496.9591240571106,0.2484795620285553,0.5,0.0,6291456,Tesla V100-PCIE-32GB
fma,fp64,streaming,0.0,33554432.0,0.0,2.0,536870912.0,134217728.0,536870912.0,v100-32-pcie,1.18452107906342,1.181578946113586,1.205762290954588,0.0027054341058106,453.23879962059806,0.1133096999051495,0.25,0.0,6291456,Tesla V100-PCIE-32GB
fma,fp32,streaming,0.0,67108864.0,0.0,4.0,536870912.0,536870912.0,536870912.0,v100-32-pcie,1.07894003391266,1.078161978721622,1.098040771484378,0.0005838707164758,497.5910570795073,0.4975910570795073,1.0,0.0,6291456,Tesla V100-PCIE-32GB
fma,fp64,streaming,0.0,33554432.0,0.0,4.0,536870912.0,268435456.0,536870912.0,v100-32-pcie,1.1832777261734,1.182129383087158,1.20375506877899,0.0009891142027957,453.7150494129438,0.2268575247064719,0.5,0.0,6291456,Tesla V100-PCIE-32GB
fma,fp32,streaming,0.0,67108864.0,0.0,8.0,536870912.0,1073741824.0,536870912.0,v100-32-pcie,1.08000004291534,1.078426408767702,1.099490404129028,0.0021490784956727,497.10267654321257,0.9942053530864252,2.0,0.0,6291456,Tesla V100-PCIE-32GB
fma,fp64,streaming,0.0,33554432.0,0.0,8.0,536870912.0,536870912.0,536870912.0,v100-32-pcie,1.18879771232605,1.18740119934082,1.20875566005707,0.0009449620641403,451.6082983954743,0.4516082983954743,1.0,0.0,6291456,Tesla V100-PCIE-32GB
fma,fp32,streaming,0.0,67108864.0,0.0,16.0,536870912.0,2147483648.0,536870912.0,v100-32-pcie,1.07633996009827,1.075319576263428,1.095952796936038,0.0014493862771455,498.793069014165,1.99517227605666,4.0,0.0,6291456,Tesla V100-PCIE-32GB
fma,fp64,streaming,0.0,33554432.0,0.0,16.0,536870912.0,1073741824.0,536870912.0,v100-32-pcie,1.18389248847961,1.182070851325988,1.204460358619692,0.0018668923524918,453.4794478588724,0.9069588957177448,2.0,0.0,6291456,Tesla V100-PCIE-32GB
fma,fp32,streaming,0.0,67108864.0,0.0,32.0,536870912.0,4294967296.0,536870912.0,v100-32-pcie,1.07019996643066,1.06704394817352,1.090332365036014,0.0023416349874294,501.6547643806946,4.0132381150455565,8.0,0.0,6291456,Tesla V100-PCIE-32GB
fma,fp64,streaming,0.0,33554432.0,0.0,32.0,536870912.0,2147483648.0,536870912.0,v100-32-pcie,1.18189716339111,1.18141484260559,1.2017683029174782,0.0010337918146318,454.2450296264399,1.8169801185057597,4.0,0.0,6291456,Tesla V100-PCIE-32GB
fma,fp32,streaming,0.0,67108864.0,0.0,64.0,536870912.0,8589934592.0,536870912.0,v100-32-pcie,1.05590999126434,1.055436825752262,1.068563985824586,0.000499062106448,508.4438223348509,8.135101157357614,16.0,0.0,6291456,Tesla V100-PCIE-32GB
fma,fp64,streaming,0.0,33554432.0,0.0,64.0,536870912.0,4294967296.0,536870912.0,v100-32-pcie,1.15792238712311,1.157448697090148,1.181085681915282,0.0024920838387791,463.6501703139799,3.709201362511839,8.0,0.0,6291456,Tesla V100-PCIE-32GB
fma,fp32,streaming,0.0,67108864.0,0.0,128.0,536870912.0,17179869184.0,536870912.0,v100-32-pcie,1.25617063045502,1.2524484872817958,1.258175563812254,0.0036759113123686,427.3869321443461,13.676381828619071,32.0,0.0,6291456,Tesla V100-PCIE-32GB
fma,fp64,streaming,0.0,33554432.0,0.0,128.0,536870912.0,8589934592.0,536870912.0,v100-32-pcie,1.24693548679352,1.246391916275022,1.24734160900116,0.0005354179371755,430.5522761089727,6.888836417743564,16.0,0.0,6291456,Tesla V100-PCIE-32GB
fma,fp32,streaming,0.0,67108864.0,0.0,256.0,536870912.0,34359738368.0,536870912.0,v100-32-pcie,2.47916388511658,2.4785144329071023,2.480096817016604,0.0003549595816368,216.5532158737276,13.859405815918567,64.0,0.0,6291456,Tesla V100-PCIE-32GB
fma,fp64,streaming,0.0,33554432.0,0.0,256.0,536870912.0,17179869184.0,536870912.0,v100-32-pcie,2.47224402427673,2.470435142517088,2.47343764305115,0.000901262500431,217.1593526885215,6.949099286032687,32.0,0.0,6291456,Tesla V100-PCIE-32GB
fma,fp32,streaming,0.0,67108864.0,0.0,512.0,536870912.0,68719476736.0,536870912.0,v100-32-pcie,4.99092817306519,4.98666877746582,4.995481491088868,0.0008583383452429,107.56935250989189,13.76887712126616,128.0,0.0,6291456,Tesla V100-PCIE-32GB
fma,fp64,streaming,0.0,33554432.0,0.0,512.0,536870912.0,34359738368.0,536870912.0,v100-32-pcie,4.96924018859863,4.965804862976076,4.976793575286866,0.0010649392222731,108.03883322681618,6.914485326516235,64.0,0.0,6291456,Tesla V100-PCIE-32GB
fma,fp32,streaming,0.0,67108864.0,0.0,1024.0,536870912.0,137438953472.0,536870912.0,v100-32-pcie,9.90675163269043,9.87583999633789,9.920867156982425,0.001614269258457,54.19242673132395,13.87326124321893,256.0,0.0,6291456,Tesla V100-PCIE-32GB
fma,fp64,streaming,0.0,33554432.0,0.0,1024.0,536870912.0,68719476736.0,536870912.0,v100-32-pcie,9.91847991943359,9.9101469039917,9.932963562011723,0.0012631390693327,54.128345911967,6.928428276731776,128.0,0.0,6291456,Tesla V100-PCIE-32GB
fma,fp32,streaming,0.0,67108864.0,0.0,2048.0,536870912.0,274877906944.0,536870912.0,v100-32-pcie,19.8583354949951,19.85690269470216,19.85944328308108,7.655006436640613e-05,27.035040884232604,13.841940932727091,512.0,0.0,6291456,Tesla V100-PCIE-32GB
fma,fp64,streaming,0.0,33554432.0,0.0,2048.0,536870912.0,137438953472.0,536870912.0,v100-32-pcie,19.7830085754395,19.78044776916504,19.783910751342763,6.474164948238227e-05,27.13798105847876,6.947323150970562,256.0,0.0,6291456,Tesla V100-PCIE-32GB
gemm,fp32,warm,256.0,256.0,256.0,0.0,786432.0,33554432.0,786432.0,v100-32-pcie,0.0110777607187629,0.011068544536829,0.011087423749268,0.0003899230368584,70.99196488943697,3.0289905019493117,42.66666666666666,0.0,6291456,Tesla V100-PCIE-32GB
gemm,fp32,cold,256.0,256.0,256.0,0.0,786432.0,33554432.0,786432.0,v100-32-pcie,0.020864000543952,0.0203072000294923,0.0211520005017519,0.0253067619534381,37.69325055102957,1.6082453568439286,42.66666666666666,0.0,6291456,Tesla V100-PCIE-32GB
gemm,fp32,warm,512.0,512.0,512.0,0.0,3145728.0,268435456.0,3145728.0,v100-32-pcie,0.031584158539772,0.0315696321427822,0.0316056318581104,0.0007319856745001,99.59828424869312,8.499053589221813,85.33333333333333,0.0,6291456,Tesla V100-PCIE-32GB
gemm,fp32,cold,512.0,512.0,512.0,0.0,3145728.0,268435456.0,3145728.0,v100-32-pcie,0.0380159988999367,0.0377088002860546,0.0384768009185791,0.0105219169488368,82.74747714192611,7.061118049444362,85.33333333333333,0.0,6291456,Tesla V100-PCIE-32GB
gemm,fp32,warm,1024.0,1024.0,1024.0,0.0,12582912.0,2147483648.0,12582912.0,v100-32-pcie,0.191388472914696,0.190664890408516,0.1914220839738846,0.0020866385759501,65.74540153005111,11.22054852779539,170.66666666666666,0.0,6291456,Tesla V100-PCIE-32GB
gemm,fp32,cold,1024.0,1024.0,1024.0,0.0,12582912.0,2147483648.0,12582912.0,v100-32-pcie,0.197408005595207,0.1967552036046986,0.1984000027179716,0.003728309555972,63.74063687063312,10.878402025921384,170.66666666666666,0.0,6291456,Tesla V100-PCIE-32GB
gemm,fp32,warm,2048.0,2048.0,2048.0,0.0,50331648.0,17179869184.0,50331648.0,v100-32-pcie,1.28111350536346,1.28109657764435,1.281878590583802,0.0003621556973581,39.28742284683089,13.410106998384943,341.3333333333333,0.0,6291456,Tesla V100-PCIE-32GB
gemm,fp32,cold,2048.0,2048.0,2048.0,0.0,50331648.0,17179869184.0,50331648.0,v100-32-pcie,1.28735995292664,1.28681600093842,1.316550397872924,0.0015038672459429,39.09679486733897,13.34503931471837,341.3333333333333,0.0,6291456,Tesla V100-PCIE-32GB
gemm,fp32,warm,4096.0,4096.0,4096.0,0.0,201326592.0,137438953472.0,201326592.0,v100-32-pcie,10.2421436309814,10.24100513458254,10.2437633514404,0.0001234209704428,19.65668508992672,13.418963688056644,682.6666666666666,0.0,6291456,Tesla V100-PCIE-32GB
gemm,fp32,warm,8192.0,8192.0,8192.0,0.0,805306368.0,1099511627776.0,805306368.0,v100-32-pcie,78.6677474975586,78.61851196289066,78.78791198730465,0.0004406884632233,10.236804708625884,13.976650695510545,1365.3333333333333,0.0,6291456,Tesla V100-PCIE-32GB
gemm,fp32,warm,1.0,8192.0,8192.0,0.0,268500992.0,134217728.0,268500992.0,v100-32-pcie,0.344059824943542,0.343914592266083,0.3616261541843412,0.0003538410419568,780.3904220554065,0.3900999717767812,0.4998779594825482,0.0,6291456,Tesla V100-PCIE-32GB
gemm,fp32,warm,2.0,8192.0,8192.0,0.0,268566528.0,268435456.0,268566528.0,v100-32-pcie,0.567746222019196,0.567176604270935,0.5748003244400026,0.0015567650488425,473.0397448438143,0.4728088811323239,0.9995119570522206,0.0,6291456,Tesla V100-PCIE-32GB
gemm,fp32,warm,4.0,8192.0,8192.0,0.0,268697600.0,536870912.0,268697600.0,v100-32-pcie,0.571171402931213,0.570681822299957,0.5780813694000242,0.001856894521838,470.4325157405677,0.9399471143772512,1.9980487804878049,0.0,6291456,Tesla V100-PCIE-32GB
gemm,fp32,warm,8.0,8192.0,8192.0,0.0,268959744.0,1073741824.0,268959744.0,v100-32-pcie,0.557795286178589,0.557010543346405,0.5642831325531003,0.001068201625688,482.183608690245,1.9249747185138828,3.992202729044834,0.0,6291456,Tesla V100-PCIE-32GB
gemm,fp32,warm,16.0,8192.0,8192.0,0.0,269484032.0,2147483648.0,269484032.0,v100-32-pcie,0.568008005619049,0.5669446945190428,0.5744685649871824,0.0021116326793815,474.4370314046899,3.7807277833338713,7.968871595330739,0.0,6291456,Tesla V100-PCIE-32GB
gemm,fp32,warm,32.0,8192.0,8192.0,0.0,270532608.0,4294967296.0,270532608.0,v100-32-pcie,0.583854854106903,0.5831943154335024,0.5900212168693544,0.0014640967819888,463.3559284418759,7.356224352317533,15.875968992248062,0.0,6291456,Tesla V100-PCIE-32GB
gemm,fp32,warm,64.0,8192.0,8192.0,0.0,272629760.0,8589934592.0,272629760.0,v100-32-pcie,0.763545095920563,0.7632695317268374,0.7663524270057682,0.0007771955403217,357.05783647435493,11.25006844768429,31.50769230769231,0.0,6291456,Tesla V100-PCIE-32GB
gemm,fp32,warm,128.0,8192.0,8192.0,0.0,276824064.0,17179869184.0,276824064.0,v100-32-pcie,1.26856744289398,1.268064856529236,1.269723272323612,0.0008567858993766,218.21785317813448,13.542732221479376,62.06060606060606,0.0,6291456,Tesla V100-PCIE-32GB
gemm,fp32,warm,256.0,8192.0,8192.0,0.0,285212672.0,34359738368.0,285212672.0,v100-32-pcie,2.73535537719727,2.734735631942748,2.735658979415892,0.0001562375794376,104.26896423682898,12.561343456295631,120.47058823529412,0.0,6291456,Tesla V100-PCIE-32GB
gemm,fp32,warm,512.0,8192.0,8192.0,0.0,301989888.0,68719476736.0,301989888.0,v100-32-pcie,5.0848536491394,5.0839167594909656,5.086009693145754,0.0001909279049288,59.39008452113683,13.514543677698692,227.55555555555557,0.0,6291456,Tesla V100-PCIE-32GB
gemm,fp32,warm,1024.0,8192.0,8192.0,0.0,335544320.0,137438953472.0,335544320.0,v100-32-pcie,10.2183675765991,10.1556800842285,10.22350730895994,0.0057652849090507,32.83737030251525,13.450186875910246,409.6,0.0,6291456,Tesla V100-PCIE-32GB
gemm,fp32,warm,2048.0,8192.0,8192.0,0.0,402653184.0,274877906944.0,402653184.0,v100-32-pcie,20.271167755127,20.26903724670412,20.27521247863768,0.0002036144385591,19.86334427616587,13.560043025862566,682.6666666666666,0.0,6291456,Tesla V100-PCIE-32GB
gemm,fp64,warm,256.0,256.0,256.0,0.0,1572864.0,33554432.0,1572864.0,v100-32-pcie,0.0225777607411146,0.0225708477199077,0.0226602882146835,0.0002587172065015,69.6643045355592,1.4861718300919295,21.33333333333333,0.0,6291456,Tesla V100-PCIE-32GB
gemm,fp64,cold,256.0,256.0,256.0,0.0,1572864.0,33554432.0,1572864.0,v100-32-pcie,0.030944000929594,0.0306112002581357,0.0310015995055437,0.0103412497756265,50.8293676560666,1.0843598433294208,21.33333333333333,0.0,6291456,Tesla V100-PCIE-32GB
gemm,fp64,warm,512.0,512.0,512.0,0.0,6291456.0,268435456.0,6291456.0,v100-32-pcie,0.0749878436326981,0.074871614575386,0.0752176940441132,0.0021785055050832,83.89967887083822,3.5797196318224302,42.66666666666666,0.0,6291456,Tesla V100-PCIE-32GB
gemm,fp64,cold,512.0,512.0,512.0,0.0,6291456.0,268435456.0,6291456.0,v100-32-pcie,0.0861120000481606,0.0859007984399795,0.0894207999110222,0.0079896125173768,73.06131545523648,3.117282792756756,42.66666666666666,0.0,6291456,Tesla V100-PCIE-32GB
gemm,fp64,warm,1024.0,1024.0,1024.0,0.0,25165824.0,2147483648.0,25165824.0,v100-32-pcie,0.401316851377487,0.4000346422195436,0.4035176217556004,0.0042451859537079,62.70811682494863,5.35109263572895,85.33333333333333,0.0,6291456,Tesla V100-PCIE-32GB
gemm,fp64,cold,1024.0,1024.0,1024.0,0.0,25165824.0,2147483648.0,25165824.0,v100-32-pcie,0.420287996530533,0.3610368072986602,0.4259903967380526,0.0800974293610545,59.87757016080224,5.109552653721791,85.33333333333333,0.0,6291456,Tesla V100-PCIE-32GB
gemm,fp64,warm,2048.0,2048.0,2048.0,0.0,100663296.0,17179869184.0,100663296.0,v100-32-pcie,2.73713827133179,2.73646354675293,2.739397478103636,0.0004593485064543,36.77683990404364,6.2765806769567805,170.66666666666666,0.0,6291456,Tesla V100-PCIE-32GB
gemm,fp64,cold,2048.0,2048.0,2048.0,0.0,100663296.0,17179869184.0,100663296.0,v100-32-pcie,2.74239993095398,2.739494371414186,2.75000958442688,0.0013768795002873,36.706278637114366,6.264538220734186,170.66666666666666,0.0,6291456,Tesla V100-PCIE-32GB
gemm,fp64,warm,4096.0,4096.0,4096.0,0.0,402653184.0,137438953472.0,402653184.0,v100-32-pcie,19.7879676818848,19.785670089721695,19.78906249999998,0.0001075704745618,20.348384961666127,6.945582066915371,341.3333333333333,0.0,6291456,Tesla V100-PCIE-32GB
gemm,fp64,warm,8192.0,8192.0,8192.0,0.0,1610612736.0,1099511627776.0,1610612736.0,v100-32-pcie,157.810424804688,157.8059143066408,157.8188720703126,4.539624979382142e-05,10.205997087919595,6.967294012019776,682.6666666666666,0.0,6291456,Tesla V100-PCIE-32GB
gemm,fp64,warm,1.0,8192.0,8192.0,0.0,537001984.0,134217728.0,537001984.0,v100-32-pcie,0.638578474521637,0.6385024309158326,0.7333861112594605,0.0716389655025327,840.9334254529507,0.2101820423880452,0.2499389797412741,0.0,6291456,Tesla V100-PCIE-32GB
gemm,fp64,warm,2.0,8192.0,8192.0,0.0,537133056.0,268435456.0,537133056.0,v100-32-pcie,0.815439164638519,0.8146853089332584,0.8413318634033202,0.0010274984670124,658.7040202295275,0.3291912721888902,0.4997559785261103,0.0,6291456,Tesla V100-PCIE-32GB
gemm,fp64,warm,4.0,8192.0,8192.0,0.0,537395200.0,536870912.0,537395200.0,v100-32-pcie,0.886332213878632,0.8853515267372131,0.9219610095024108,0.0011701937574824,606.3135149385273,0.6057219895580995,0.9990243902439024,0.0,6291456,Tesla V100-PCIE-32GB
gemm,fp64,warm,8.0,8192.0,8192.0,0.0,537919488.0,1073741824.0,537919488.0,v100-32-pcie,0.909530341625214,0.9075331807136534,0.9423032641410828,0.0015894478592091,591.4255560059788,1.1805453593569637,1.996101364522417,0.0,6291456,Tesla V100-PCIE-32GB
gemm,fp64,warm,16.0,8192.0,8192.0,0.0,538968064.0,2147483648.0,538968064.0,v100-32-pcie,0.918586313724518,0.9162601232528688,0.9517018318176272,0.0009497887948738,586.7364404926627,2.3378136772937217,3.9844357976653697,0.0,6291456,Tesla V100-PCIE-32GB
gemm,fp64,warm,32.0,8192.0,8192.0,0.0,541065216.0,4294967296.0,541065216.0,v100-32-pcie,1.23184847831726,1.23034749031067,1.240492796897888,0.0030566621512522,439.23033191477447,3.486603564966892,7.937984496124031,0.0,6291456,Tesla V100-PCIE-32GB
gemm,fp64,warm,64.0,8192.0,8192.0,0.0,545259520.0,8589934592.0,545259520.0,v100-32-pcie,1.6875079870224,1.686148023605346,1.697994351387024,0.0015027716823371,323.1152232719846,5.090307517392495,15.753846153846156,0.0,6291456,Tesla V100-PCIE-32GB
gemm,fp64,warm,128.0,8192.0,8192.0,0.0,553648128.0,17179869184.0,553648128.0,v100-32-pcie,2.51249837875366,2.511824464797972,2.512902498245238,0.0001792529299633,220.3576060712288,6.837763291422373,31.03030303030303,0.0,6291456,Tesla V100-PCIE-32GB
gemm,fp64,warm,256.0,8192.0,8192.0,0.0,570425344.0,34359738368.0,570425344.0,v100-32-pcie,5.13833570480347,5.137570095062256,5.141992664337158,0.0003840988816585,111.0136388065788,6.686939184584512,60.23529411764706,0.0,6291456,Tesla V100-PCIE-32GB
gemm,fp64,warm,512.0,8192.0,8192.0,0.0,603979776.0,68719476736.0,603979776.0,v100-32-pcie,10.2572479248047,10.25525760650634,10.26270694732666,0.0004882151501223,58.88321901037602,6.699601807402781,113.77777777777776,0.0,6291456,Tesla V100-PCIE-32GB
gemm,fp64,warm,1024.0,8192.0,8192.0,0.0,671088640.0,137438953472.0,671088640.0,v100-32-pcie,21.2633285522461,21.2621505737305,21.26567726135256,0.0001113641884351,31.56084609947445,6.463661281172367,204.8,0.0,6291456,Tesla V100-PCIE-32GB
gemm,fp64,warm,2048.0,8192.0,8192.0,0.0,805306368.0,274877906944.0,805306368.0,v100-32-pcie,39.476318359375,39.4731658935547,39.47909622192382,8.102639228104508e-05,20.399733345669315,6.96310898198846,341.3333333333333,0.0,6291456,Tesla V100-PCIE-32GB
gemm,fp16,warm,256.0,256.0,256.0,0.0,393216.0,33554432.0,393216.0,v100-32-pcie,0.0057996795512735,0.0057506241835653,0.0058347521349787,0.0069521451189938,67.79960798241892,5.785566547833081,85.33333333333333,0.0001984265214773,6291456,Tesla V100-PCIE-32GB
gemm,fp16,cold,256.0,256.0,256.0,0.0,393216.0,33554432.0,393216.0,v100-32-pcie,0.0132480002939701,0.0128256002441048,0.0134016001597047,0.030193255053875,29.68115876167171,2.532792214329319,85.33333333333333,0.0001984265214773,6291456,Tesla V100-PCIE-32GB
gemm,fp16,warm,512.0,512.0,512.0,0.0,1572864.0,268435456.0,1572864.0,v100-32-pcie,0.0150052793323994,0.0149992316961288,0.0155017923563718,0.0010503484527722,104.82070777608732,17.88940079378557,170.66666666666666,0.000231992570696,6291456,Tesla V100-PCIE-32GB
gemm,fp16,cold,512.0,512.0,512.0,0.0,1572864.0,268435456.0,1572864.0,v100-32-pcie,0.0221759993582964,0.0220992006361484,0.0228800002485513,0.0281385332290582,70.92640897879383,12.10477379904748,170.66666666666666,0.000231992570696,6291456,Tesla V100-PCIE-32GB
gemm,fp16,warm,1024.0,1024.0,1024.0,0.0,6291456.0,2147483648.0,6291456.0,v100-32-pcie,0.0391068793833256,0.039098560065031,0.0391251184046268,0.0004377636834362,160.87849757407523,54.91319383861768,341.3333333333333,0.0001899405204345,6291456,Tesla V100-PCIE-32GB
gemm,fp16,cold,1024.0,1024.0,1024.0,0.0,6291456.0,2147483648.0,6291456.0,v100-32-pcie,0.0457599982619286,0.0457152016460895,0.0460736006498336,0.0062936730468226,137.48811711023086,46.9292773069588,341.3333333333333,0.0001899405204345,6291456,Tesla V100-PCIE-32GB
gemm,fp16,warm,2048.0,2048.0,2048.0,0.0,25165824.0,17179869184.0,25165824.0,v100-32-pcie,0.231372326612473,0.2313033252954482,0.2314935505390168,0.0002899440424756,108.76764895981012,74.25204835656372,682.6666666666666,0.0002214878090706,6291456,Tesla V100-PCIE-32GB
gemm,fp16,cold,2048.0,2048.0,2048.0,0.0,25165824.0,17179869184.0,25165824.0,v100-32-pcie,0.236320003867149,0.2352128028869628,0.2373055994510648,0.0045362092473078,106.49045187959358,72.69748181646922,682.6666666666666,0.0002214878090706,6291456,Tesla V100-PCIE-32GB
gemm,fp16,warm,4096.0,4096.0,4096.0,0.0,100663296.0,137438953472.0,100663296.0,v100-32-pcie,1.54854893684387,1.467394971847534,1.548921561241148,0.0256454688429772,65.00491757474838,88.75338079538979,1365.3333333333333,0.0002931209501402,6291456,Tesla V100-PCIE-32GB
gemm,fp16,warm,8192.0,8192.0,8192.0,0.0,402653184.0,1099511627776.0,402653184.0,v100-32-pcie,11.1898555755615,11.1567617416382,11.22828807830812,0.0056951455049635,35.98376952061735,98.25967997096578,2730.6666666666665,0.0002014828336355,6291456,Tesla V100-PCIE-32GB
gemm,fp16,warm,1.0,8192.0,8192.0,0.0,134250496.0,134217728.0,134250496.0,v100-32-pcie,0.180570676922798,0.180458027124405,0.1811692386865614,0.0029199383094045,743.4789429149565,0.7432974738051409,0.9997559189650964,0.0002413515983138,6291456,Tesla V100-PCIE-32GB
gemm,fp16,warm,2.0,8192.0,8192.0,0.0,134283264.0,268435456.0,134283264.0,v100-32-pcie,0.308907568454742,0.305522245168686,0.3128423511981962,0.0103414612215563,434.7037033496116,0.8689830985456364,1.9990239141044408,0.000320935894153,6291456,Tesla V100-PCIE-32GB
gemm,fp16,warm,4.0,8192.0,8192.0,0.0,134348800.0,536870912.0,134348800.0,v100-32-pcie,0.241219773888588,0.2410570353269576,0.2428522229194638,0.0005676432242811,556.9559984002454,2.2256505067779564,3.9960975609756098,0.0002674034809797,6291456,Tesla V100-PCIE-32GB
gemm,fp16,warm,8.0,8192.0,8192.0,0.0,134479872.0,1073741824.0,134479872.0,v100-32-pcie,0.218058541417122,0.2165770083665848,0.2196217268705366,0.0093533668710803,616.71453512456,4.924098900331769,7.984405458089668,0.0002977648991186,6291456,Tesla V100-PCIE-32GB
gemm,fp16,warm,16.0,8192.0,8192.0,0.0,134742016.0,2147483648.0,134742016.0,v100-32-pcie,0.204315960407257,0.2036510705947876,0.2066615879535674,0.0060457668400589,659.478661047442,10.510601539495417,15.93774319066148,0.0002725978935956,6291456,Tesla V100-PCIE-32GB
gemm,fp16,warm,32.0,8192.0,8192.0,0.0,135266304.0,4294967296.0,135266304.0,v100-32-pcie,0.266100734472275,0.266069185733795,0.266450035572052,0.0002913586159212,508.3274357293943,16.14038121509767,31.751937984496124,0.0002453159182464,6291456,Tesla V100-PCIE-32GB
gemm,fp16,warm,64.0,8192.0,8192.0,0.0,136314880.0,8589934592.0,136314880.0,v100-32-pcie,0.47676557302475,0.4734527945518496,0.4799782454967501,0.0090015076013284,285.9159463532061,18.01710332711896,63.01538461538462,0.000264501908666,6291456,Tesla V100-PCIE-32GB
gemm,fp16,warm,128.0,8192.0,8192.0,0.0,138412032.0,17179869184.0,138412032.0,v100-32-pcie,0.332602649927139,0.3322759985923766,0.333706516027451,0.0010212097478099,416.1483140026725,51.652833156210505,124.12121212121212,0.0002660988993651,6291456,Tesla V100-PCIE-32GB
gemm,fp16,warm,256.0,8192.0,8192.0,0.0,142606336.0,34359738368.0,142606336.0,v100-32-pcie,0.456966996192932,0.4568714916706086,0.4570806622505186,0.0002527510769383,312.0714125704418,75.19085328756056,240.94117647058823,0.0002089550692324,6291456,Tesla V100-PCIE-32GB
gemm,fp16,warm,512.0,8192.0,8192.0,0.0,150994944.0,68719476736.0,150994944.0,v100-32-pcie,0.796275198459625,0.777364492416382,0.7997992992401123,0.0144641392003057,189.6265817296533,86.30116430718445,455.1111111111111,0.0002709367334083,6291456,Tesla V100-PCIE-32GB
gemm,fp16,warm,1024.0,8192.0,8192.0,0.0,167772160.0,137438953472.0,167772160.0,v100-32-pcie,1.58754932880402,1.561235737800598,1.589753103256226,0.0110484617448446,105.67996657237173,86.57302861608692,819.2,0.0002383465056118,6291456,Tesla V100-PCIE-32GB
gemm,fp16,warm,2048.0,8192.0,8192.0,0.0,201326592.0,274877906944.0,201326592.0,v100-32-pcie,3.15162658691406,3.050941848754882,3.153588247299198,0.0131783857633932,63.88021754732388,87.21779035794621,1365.3333333333333,0.0002679739120457,6291456,Tesla V100-PCIE-32GB
read_reduce,fp32,warm,0.0,16777216.0,0.0,0.0,71303168.0,0.0,71303168.0,v100-32-pcie,0.093336321413517,0.093286433815956,0.0934043869376182,0.0009076512272432,763.9380566981918,0.0,0.0,0.0,6291456,Tesla V100-PCIE-32GB
read_reduce,fp32,warm,0.0,67108864.0,0.0,0.0,272629760.0,0.0,272629760.0,v100-32-pcie,0.329698115587234,0.3294948220252988,0.3297551155090332,0.0005742651995213,826.9072436595882,0.0,0.0,0.0,6291456,Tesla V100-PCIE-32GB
read_reduce,fp32,warm,0.0,134217728.0,0.0,0.0,541065216.0,0.0,541065216.0,v100-32-pcie,0.642994463443756,0.6427768826484679,0.6481169104576114,0.000308129930346,841.4772548773711,0.0,0.0,0.0,6291456,Tesla V100-PCIE-32GB
copy,fp32,warm,0.0,1024.0,0.0,0.0,8192.0,0.0,8192.0,a100,0.0027263998053968,0.0027235199697315,0.0027317760977894,0.0021420523223372,3.0046950501479133,0.0,0.0,0.0,41943040,NVIDIA A100-SXM4-80GB
add,fp32,warm,0.0,1024.0,0.0,0.0,12288.0,1024.0,12288.0,a100,0.0027419200632721,0.0027357440907508,0.0027502079028636,0.002479947916421,4.481531086408075,0.0003734609238673,0.0833333333333333,0.0,41943040,NVIDIA A100-SXM4-80GB
triad,fp32,warm,0.0,1024.0,0.0,0.0,12288.0,2048.0,12288.0,a100,0.0027384001296013,0.0027342718094587,0.0027419519610703,0.0011685744284713,4.487291636883181,0.0007478819394805,0.1666666666666666,0.0,41943040,NVIDIA A100-SXM4-80GB
copy,fp32,warm,0.0,16384.0,0.0,0.0,131072.0,0.0,131072.0,a100,0.0027950399089604,0.002790496032685,0.0027980480343103,0.0012880057278016,46.89450035393188,0.0,0.0,0.0,41943040,NVIDIA A100-SXM4-80GB
add,fp32,warm,0.0,16384.0,0.0,0.0,196608.0,16384.0,196608.0,a100,0.0028828799258917,0.0028800639789551,0.0028880639467388,0.001165493917521,68.19846995159999,0.0056832058292999,0.0833333333333333,0.0,41943040,NVIDIA A100-SXM4-80GB
triad,fp32,warm,0.0,16384.0,0.0,0.0,196608.0,32768.0,196608.0,a100,0.0028790398500859,0.0028697919566184,0.0028827200643718,0.0013616239271882,68.28943336582478,0.0113815722276374,0.1666666666666666,0.0,41943040,NVIDIA A100-SXM4-80GB
copy,fp32,warm,0.0,262144.0,0.0,0.0,2097152.0,0.0,2097152.0,a100,0.003670240053907,0.0036613760516047,0.0036767040845006,0.0024412313943516,571.3936879326305,0.0,0.0,0.0,41943040,NVIDIA A100-SXM4-80GB
add,fp32,warm,0.0,262144.0,0.0,0.0,3145728.0,262144.0,3145728.0,a100,0.0037422401364892,0.0037395199760794,0.0037466880399733,0.0008551093061031,840.6002515250452,0.0700500209604204,0.0833333333333333,0.0,41943040,NVIDIA A100-SXM4-80GB
triad,fp32,warm,0.0,262144.0,0.0,0.0,3145728.0,524288.0,3145728.0,a100,0.0037412801757454,0.0037393278442323,0.0037489919457584,0.0016037724576693,840.81593792242,0.1401359896537366,0.1666666666666666,0.0,41943040,NVIDIA A100-SXM4-80GB
copy,fp32,warm,0.0,1048576.0,0.0,0.0,8388608.0,0.0,8388608.0,a100,0.006270719692111,0.0062615361064672,0.0062811200506985,0.0018116006602578,1337.7424620898655,0.0,0.0,0.0,41943040,NVIDIA A100-SXM4-80GB
add,fp32,warm,0.0,1048576.0,0.0,0.0,12582912.0,1048576.0,12582912.0,a100,0.0064591998234391,0.0064563519321382,0.0066441598348319,0.0007554956641272,1948.060494171302,0.1623383745142751,0.0833333333333333,0.0,41943040,NVIDIA A100-SXM4-80GB
triad,fp32,warm,0.0,1048576.0,0.0,0.0,12582912.0,2097152.0,12582912.0,a100,0.0064611202105879,0.0064576000906527,0.0064692479558289,0.0008914498221642,1947.481487711698,0.3245802479519497,0.1666666666666666,0.0,41943040,NVIDIA A100-SXM4-80GB
copy,fp32,warm,0.0,4194304.0,0.0,0.0,33554432.0,0.0,33554432.0,a100,0.0235004797577858,0.0234749440103769,0.0235141113400459,0.0007829687009092,1427.8190209662969,0.0,0.0,0.0,41943040,NVIDIA A100-SXM4-80GB
add,fp32,warm,0.0,4194304.0,0.0,0.0,50331648.0,4194304.0,50331648.0,a100,0.0342467203736305,0.0341990739107131,0.0343025602400302,0.001238056989673,1469.6778976463588,0.1224731581371965,0.0833333333333333,0.0,41943040,NVIDIA A100-SXM4-80GB
triad,fp32,warm,0.0,4194304.0,0.0,0.0,50331648.0,8388608.0,50331648.0,a100,0.0341564789414406,0.0340838730335236,0.0342357099056244,0.0011827598128865,1473.560787289897,0.2455934645483161,0.1666666666666666,0.0,41943040,NVIDIA A100-SXM4-80GB
copy,fp32,warm,0.0,16777216.0,0.0,0.0,134217728.0,0.0,134217728.0,a100,0.0859224051237106,0.0859123244881629,0.0865825593471527,0.0036144102959421,1562.0806680952896,0.0,0.0,0.0,41943040,NVIDIA A100-SXM4-80GB
add,fp32,warm,0.0,16777216.0,0.0,0.0,201326592.0,16777216.0,201326592.0,a100,0.123511143028736,0.1234418720006944,0.1247042402625085,0.0054570428327522,1630.0277615693308,0.1358356467974442,0.0833333333333333,0.0,41943040,NVIDIA A100-SXM4-80GB
triad,fp32,warm,0.0,16777216.0,0.0,0.0,201326592.0,33554432.0,201326592.0,a100,0.123448863625526,0.1233876779675483,0.12379288226366,0.0018260578503526,1630.850103332753,0.2718083505554588,0.1666666666666666,0.0,41943040,NVIDIA A100-SXM4-80GB
copy,fp32,warm,0.0,67108864.0,0.0,0.0,536870912.0,0.0,536870912.0,a100,0.337515205144882,0.3373281657695772,0.338343960046768,0.0014529191759464,1590.6569654233576,0.0,0.0,0.0,41943040,NVIDIA A100-SXM4-80GB
add,fp32,warm,0.0,67108864.0,0.0,0.0,805306368.0,67108864.0,805306368.0,a100,0.480163186788559,0.4800302445888519,0.4839601635932922,0.0009163582295319,1677.151414680648,0.139762617890054,0.0833333333333333,0.0,41943040,NVIDIA A100-SXM4-80GB
triad,fp32,warm,0.0,67108864.0,0.0,0.0,805306368.0,134217728.0,805306368.0,a100,0.480616807937622,0.4804956674575802,0.484092491865158,0.0005143604221152,1675.5684668117528,0.2792614111352921,0.1666666666666666,0.0,41943040,NVIDIA A100-SXM4-80GB
fma,fp32,streaming,0.0,67108864.0,0.0,1.0,536870912.0,134217728.0,536870912.0,a100,0.322774231433868,0.3227012336254116,0.3265762686729432,0.0015912922258688,1663.3016508630349,0.4158254127157587,0.25,0.0,41943040,NVIDIA A100-SXM4-80GB
fma,fp64,streaming,0.0,33554432.0,0.0,1.0,536870912.0,67108864.0,536870912.0,a100,0.506353676319122,0.5059954524040221,0.5072555780410766,0.0005961598336946,1060.2686167951213,0.1325335770993901,0.125,0.0,41943040,NVIDIA A100-SXM4-80GB
fma,fp32,streaming,0.0,67108864.0,0.0,2.0,536870912.0,268435456.0,536870912.0,a100,0.321282714605331,0.3211084008216854,0.3234218299388886,0.0007250618920774,1671.0233311477748,0.8355116655738873,0.5,0.0,41943040,NVIDIA A100-SXM4-80GB
fma,fp64,streaming,0.0,33554432.0,0.0,2.0,536870912.0,134217728.0,536870912.0,a100,0.498866885900497,0.4981574833393098,0.4997149527072906,0.0013256312504873,1076.1806950383218,0.2690451737595804,0.25,0.0,41943040,NVIDIA A100-SXM4-80GB
fma,fp32,streaming,0.0,67108864.0,0.0,4.0,536870912.0,536870912.0,536870912.0,a100,0.322062641382217,0.3217478513717652,0.3244527518749238,0.0009986000259645,1666.976677878181,1.6669766778781807,1.0,0.0,41943040,NVIDIA A100-SXM4-80GB
fma,fp64,streaming,0.0,33554432.0,0.0,4.0,536870912.0,268435456.0,536870912.0,a100,0.499539703130722,0.498993867635727,0.501520276069641,0.0024121556129115,1074.7312148270005,0.5373656074135001,0.5,0.0,41943040,NVIDIA A100-SXM4-80GB
fma,fp32,streaming,0.0,67108864.0,0.0,8.0,536870912.0,1073741824.0,536870912.0,a100,0.321641206741333,0.3213959455490112,0.323847168684006,0.0012378054068712,1669.1608560956458,3.338321712191292,2.0,0.0,41943040,NVIDIA A100-SXM4-80GB
fma,fp64,streaming,0.0,33554432.0,0.0,8.0,536870912.0,536870912.0,536870912.0,a100,0.500108301639557,0.498748558759689,0.500498700141907,0.0020122937753457,1073.5092983658146,1.0735092983658143,1.0,0.0,41943040,NVIDIA A100-SXM4-80GB
fma,fp32,streaming,0.0,67108864.0,0.0,16.0,536870912.0,2147483648.0,536870912.0,a100,0.321281671524048,0.321027851104736,0.323518681526184,0.001829751779709,1671.0287563348134,6.684115025339254,4.0,0.0,41943040,NVIDIA A100-SXM4-80GB
fma,fp64,streaming,0.0,33554432.0,0.0,16.0,536870912.0,1073741824.0,536870912.0,a100,0.497736990451813,0.497548961639404,0.4986131727695466,0.0005085537744948,1078.6236954433782,2.157247390886756,2.0,0.0,41943040,NVIDIA A100-SXM4-80GB
fma,fp32,streaming,0.0,67108864.0,0.0,32.0,536870912.0,4294967296.0,536870912.0,a100,0.323643743991852,0.3232056558132174,0.3254846036434174,0.0017401982857319,1658.8329667003118,13.270663733602492,8.0,0.0,41943040,NVIDIA A100-SXM4-80GB
fma,fp64,streaming,0.0,33554432.0,0.0,32.0,536870912.0,2147483648.0,536870912.0,a100,0.377195686101913,0.3762792587280276,0.3795173883438108,0.0030703775038246,1423.3219832077957,5.693287932831183,4.0,0.0,41943040,NVIDIA A100-SXM4-80GB
fma,fp32,streaming,0.0,67108864.0,0.0,64.0,536870912.0,8589934592.0,536870912.0,a100,0.460766464471817,0.4606994330883024,0.4607792735099792,9.174841826979916e-05,1165.1692416795622,18.642707866873,16.0,0.0,41943040,NVIDIA A100-SXM4-80GB
fma,fp64,streaming,0.0,33554432.0,0.0,64.0,536870912.0,4294967296.0,536870912.0,a100,0.458285391330719,0.4582642436027526,0.45830100774765,3.5701498019491934e-05,1171.4772544703922,9.371818035763138,8.0,0.0,41943040,NVIDIA A100-SXM4-80GB
fma,fp32,streaming,0.0,67108864.0,0.0,128.0,536870912.0,17179869184.0,536870912.0,a100,0.901887953281403,0.9018172740936276,0.9019618988037106,0.0001032636672024,595.2745128113359,19.048784409962742,32.0,0.0,41943040,NVIDIA A100-SXM4-80GB
fma,fp64,streaming,0.0,33554432.0,0.0,128.0,536870912.0,8589934592.0,536870912.0,a100,0.903551995754242,0.9034981846809386,0.90360141992569,5.30704784532027e-05,594.1782150033831,9.506851440054133,16.0,0.0,41943040,NVIDIA A100-SXM4-80GB
fma,fp32,streaming,0.0,67108864.0,0.0,256.0,536870912.0,34359738368.0,536870912.0,a100,1.7859228849411,1.78585650920868,1.786226606369022,7.736256013895931e-05,300.6125944893226,19.23920604731665,64.0,0.0,41943040,NVIDIA A100-SXM4-80GB
fma,fp64,streaming,0.0,33554432.0,0.0,256.0,536870912.0,17179869184.0,536870912.0,a100,1.79089164733887,1.79070599079132,1.79244680404663,0.0004938065995501,299.7785560046303,9.592913792148169,32.0,0.0,41943040,NVIDIA A100-SXM4-80GB
fma,fp32,streaming,0.0,67108864.0,0.0,512.0,536870912.0,68719476736.0,536870912.0,a100,3.55160331726074,3.551545524597172,3.551721000671384,1.8964181124237147e-05,151.16297177413233,19.34886038708894,128.0,0.0,41943040,NVIDIA A100-SXM4-80GB
fma,fp64,streaming,0.0,33554432.0,0.0,512.0,536870912.0,34359738368.0,536870912.0,a100,3.56776309013367,3.56765432357788,3.567930841445924,3.0505972120414965e-05,150.47829646667645,9.63061097386729,64.0,0.0,41943040,NVIDIA A100-SXM4-80GB
fma,fp32,streaming,0.0,67108864.0,0.0,1024.0,536870912.0,137438953472.0,536870912.0,a100,7.08763217926025,7.08661117553711,7.090482997894286,0.0004277830725057,75.74756962854049,19.391377824906364,256.0,0.0,41943040,NVIDIA A100-SXM4-80GB
fma,fp64,streaming,0.0,33554432.0,0.0,1024.0,536870912.0,68719476736.0,536870912.0,a100,7.12145614624023,7.1212703704834,7.13725109100342,0.000339241780392,75.38780004752832,9.649638406083625,128.0,0.0,41943040,NVIDIA A100-SXM4-80GB
fma,fp32,streaming,0.0,67108864.0,0.0,2048.0,536870912.0,274877906944.0,536870912.0,a100,14.1563196182251,14.1558977127075,14.1564483642578,2.48585672151346e-05,37.92446952870595,19.41732839869745,512.0,0.0,41943040,NVIDIA A100-SXM4-80GB
fma,fp64,streaming,0.0,33554432.0,0.0,2048.0,536870912.0,137438953472.0,536870912.0,a100,14.2274236679077,14.22713584899904,14.23390731811522,5.6272281425349325e-05,37.734935328523385,9.660143444101983,256.0,0.0,41943040,NVIDIA A100-SXM4-80GB
gemm,fp32,warm,256.0,256.0,256.0,0.0,786432.0,33554432.0,786432.0,a100,0.0118788806721568,0.0118715520948171,0.0118896000087261,0.0009428177561587,66.20421752727404,2.824713281163692,42.66666666666666,0.0,41943040,NVIDIA A100-SXM4-80GB
gemm,fp32,cold,256.0,256.0,256.0,0.0,786432.0,33554432.0,786432.0,a100,0.0176640003919601,0.0172736000269651,0.018393599614501,0.0353260388169159,44.52173814250765,1.899594160746993,42.66666666666666,0.0,41943040,NVIDIA A100-SXM4-80GB
gemm,fp32,warm,512.0,512.0,512.0,0.0,3145728.0,268435456.0,3145728.0,a100,0.0271716807037592,0.0271603833884,0.0271791368722915,0.0003532774391547,115.77230110630546,9.8792363610714,85.33333333333333,0.0,41943040,NVIDIA A100-SXM4-80GB
gemm,fp32,cold,512.0,512.0,512.0,0.0,3145728.0,268435456.0,3145728.0,a100,0.0337279997766018,0.03349120169878,0.0343808002769947,0.0090132961982434,93.26755279992302,7.958831172260098,85.33333333333333,0.0,41943040,NVIDIA A100-SXM4-80GB
gemm,fp32,warm,1024.0,1024.0,1024.0,0.0,12582912.0,2147483648.0,12582912.0,a100,0.128699064254761,0.1285912543535232,0.1294216573238372,0.0025673718004539,97.77003487058778,16.686085951246984,170.66666666666666,0.0,41943040,NVIDIA A100-SXM4-80GB
gemm,fp32,cold,1024.0,1024.0,1024.0,0.0,12582912.0,2147483648.0,12582912.0,a100,0.135263994336128,0.1347327977418899,0.1362752020359042,0.0065057632609622,93.02484420748172,15.876240078076885,170.66666666666666,0.0,41943040,NVIDIA A100-SXM4-80GB
gemm,fp32,warm,2048.0,2048.0,2048.0,0.0,50331648.0,17179869184.0,50331648.0,a100,0.972388863563538,0.9722371101379392,0.972464966773987,0.0001333519022773,51.76082315005988,17.667694301887106,341.3333333333333,0.0,41943040,NVIDIA A100-SXM4-80GB
gemm,fp32,cold,2048.0,2048.0,2048.0,0.0,50331648.0,17179869184.0,50331648.0,a100,0.977024018764496,0.975961625576019,0.9772095799446104,0.0006386752159303,51.515261685835846,17.5838759887653,341.3333333333333,0.0,41943040,NVIDIA A100-SXM4-80GB
gemm,fp32,warm,4096.0,4096.0,4096.0,0.0,201326592.0,137438953472.0,201326592.0,a100,7.2197117805481,7.219001579284669,7.22457914352417,0.0002714844024757,27.885682714153425,19.036626066195403,682.6666666666666,0.0,41943040,NVIDIA A100-SXM4-80GB
gemm,fp32,warm,8192.0,8192.0,8192.0,0.0,805306368.0,1099511627776.0,805306368.0,a100,57.3110084533691,57.30960083007812,57.312255859375,3.041853035645279e-05,14.051512784934411,19.18499878903045,1365.3333333333333,0.0,41943040,NVIDIA A100-SXM4-80GB
gemm,fp32,warm,1.0,8192.0,8192.0,0.0,268500992.0,134217728.0,268500992.0,a100,0.159345105290413,0.1592048078775404,0.1619601130485532,0.0009469331233865,1685.0281752341616,0.8423084459066543,0.4998779594825482,0.0,41943040,NVIDIA A100-SXM4-80GB
gemm,fp32,warm,2.0,8192.0,8192.0,0.0,268566528.0,268435456.0,268566528.0,a100,0.379853069782257,0.3797189116477964,0.3812695562839508,0.000433320774902,707.0273991834533,0.7066823394473951,0.9995119570522206,0.0,41943040,NVIDIA A100-SXM4-80GB
gemm,fp32,warm,4.0,8192.0,8192.0,0.0,268697600.0,536870912.0,268697600.0,a100,0.294467002153397,0.294424998760223,0.2966895937919618,0.0037720608707522,912.4879800964152,1.823195495841423,1.9980487804878049,0.0,41943040,NVIDIA A100-SXM4-80GB
gemm,fp32,warm,8.0,8192.0,8192.0,0.0,268959744.0,1073741824.0,268959744.0,a100,0.296097010374069,0.296042710542679,0.2969338059425352,0.0007860806752267,908.3500831711012,3.6263176809637727,3.992202729044834,0.0,41943040,NVIDIA A100-SXM4-80GB
gemm,fp32,warm,16.0,8192.0,8192.0,0.0,269484032.0,2147483648.0,269484032.0,a100,0.298100829124451,0.2980456709861752,0.2995530128479006,0.0016826118478763,904.002960312116,7.203883512526124,7.968871595330739,0.0,41943040,NVIDIA A100-SXM4-80GB
gemm,fp32,warm,32.0,8192.0,8192.0,0.0,270532608.0,4294967296.0,270532608.0,a100,0.310059517621994,0.3099507331848144,0.3111034929752346,0.0005448452792229,872.5183154345779,13.85207372100787,15.875968992248062,0.0,41943040,NVIDIA A100-SXM4-80GB
gemm,fp32,warm,64.0,8192.0,8192.0,0.0,272629760.0,8589934592.0,272629760.0,a100,0.535563588142395,0.5354314565658569,0.5368801712989808,0.0004157361618454,509.05208277063366,16.03905639252704,31.50769230769231,0.0,41943040,NVIDIA A100-SXM4-80GB
gemm,fp32,warm,128.0,8192.0,8192.0,0.0,276824064.0,17179869184.0,276824064.0,a100,1.03244459629059,1.032086896896358,1.0335680246353118,0.000466586527554,268.12486112531855,16.639991381353102,62.06060606060606,0.0,41943040,NVIDIA A100-SXM4-80GB
gemm,fp32,warm,256.0,8192.0,8192.0,0.0,285212672.0,34359738368.0,285212672.0,a100,2.01450300216675,2.0142101287841823,2.015050745010376,0.0001808996053907,141.57967086335054,17.056186231067173,120.47058823529412,0.0,41943040,NVIDIA A100-SXM4-80GB
gemm,fp32,warm,512.0,8192.0,8192.0,0.0,301989888.0,68719476736.0,301989888.0,a100,3.80090856552124,3.79980912208557,3.801948165893556,0.0004319362877044,79.45202648109121,18.079750025919427,227.55555555555557,0.0,41943040,NVIDIA A100-SXM4-80GB
gemm,fp32,warm,1024.0,8192.0,8192.0,0.0,335544320.0,137438953472.0,335544320.0,a100,7.25094413757324,7.250288009643555,7.253049755096439,0.0001599991372023,46.275948846614696,18.95462864757338,409.6,0.0,41943040,NVIDIA A100-SXM4-80GB
gemm,fp32,warm,2048.0,8192.0,8192.0,0.0,402653184.0,274877906944.0,402653184.0,a100,14.4907836914062,14.48979873657222,14.49297275543216,0.000120338107637,27.78684663126913,18.969153966946397,682.6666666666666,0.0,41943040,NVIDIA A100-SXM4-80GB
gemm,fp64,warm,256.0,256.0,256.0,0.0,1572864.0,33554432.0,1572864.0,a100,0.0074035199359059,0.0074019841849803,0.0074119039811193,0.0005834980927659,212.4481346192981,4.532226871878359,21.33333333333333,0.0,41943040,NVIDIA A100-SXM4-80GB
gemm,fp64,cold,256.0,256.0,256.0,0.0,1572864.0,33554432.0,1572864.0,a100,0.0127999996766448,0.0124799998477101,0.0132287999615073,0.0350000127329285,122.88000310421,2.6214400662231463,21.33333333333333,0.0,41943040,NVIDIA A100-SXM4-80GB
gemm,fp64,warm,512.0,512.0,512.0,0.0,6291456.0,268435456.0,6291456.0,a100,0.0244937613606453,0.024488640204072,0.0245033599436283,0.0002939926637185,256.85952873324834,10.959339892618598,42.66666666666666,0.0,41943040,NVIDIA A100-SXM4-80GB
gemm,fp64,cold,512.0,512.0,512.0,0.0,6291456.0,268435456.0,6291456.0,a100,0.0301760006695986,0.0300799999386072,0.0304704003036021,0.0084835657802415,208.49204203320588,8.89566046008345,42.66666666666666,0.0,41943040,NVIDIA A100-SXM4-80GB
gemm,fp64,warm,1024.0,1024.0,1024.0,0.0,25165824.0,2147483648.0,25165824.0,a100,0.127556055784225,0.1275405585765834,0.1279349327087404,0.0001054304940312,197.29227158427304,16.8356071751913,85.33333333333333,0.0,41943040,NVIDIA A100-SXM4-80GB
gemm,fp64,cold,1024.0,1024.0,1024.0,0.0,25165824.0,2147483648.0,25165824.0,a100,0.132704004645348,0.132256001234055,0.133267197012901,0.004943341925288,189.6387683797167,16.182508235069157,85.33333333333333,0.0,41943040,NVIDIA A100-SXM4-80GB
gemm,fp64,warm,2048.0,2048.0,2048.0,0.0,100663296.0,17179869184.0,100663296.0,a100,0.949919998645782,0.949858236312866,0.9499526619911196,4.2950332035010266e-05,105.97028817532724,18.085595848589183,170.66666666666666,0.0,41943040,NVIDIA A100-SXM4-80GB
gemm,fp64,cold,2048.0,2048.0,2048.0,0.0,100663296.0,17179869184.0,100663296.0,a100,0.954656004905701,0.9542207837104798,0.9552127957344054,0.0006369068839765,105.44457425786928,17.995874006676353,170.66666666666666,0.0,41943040,NVIDIA A100-SXM4-80GB
gemm,fp64,warm,4096.0,4096.0,4096.0,0.0,402653184.0,137438953472.0,402653184.0,a100,7.12857580184937,7.12838706970215,7.128838443756104,3.4783290401611194e-05,56.48437993680862,19.280001685097343,341.3333333333333,0.0,41943040,NVIDIA A100-SXM4-80GB
gemm,fp64,warm,8192.0,8192.0,8192.0,0.0,1610612736.0,1099511627776.0,1610612736.0,a100,56.7867202758789,56.77276306152348,56.7960838317871,0.0002718943285954,28.362489120262406,19.362125906099138,682.6666666666666,0.0,41943040,NVIDIA A100-SXM4-80GB
gemm,fp64,warm,1.0,8192.0,8192.0,0.0,537001984.0,134217728.0,537001984.0,a100,0.325065702199936,0.3247663974761966,0.3508478760719298,0.035816113746682,1651.97983166403,0.4128941536792693,0.2499389797412741,0.0,41943040,NVIDIA A100-SXM4-80GB
gemm,fp64,warm,2.0,8192.0,8192.0,0.0,537133056.0,268435456.0,537133056.0,a100,0.388359844684601,0.3882168769836424,0.3977004170417786,0.0015647069639215,1383.080829163021,0.6912029131590696,0.4997559785261103,0.0,41943040,NVIDIA A100-SXM4-80GB
gemm,fp64,warm,4.0,8192.0,8192.0,0.0,537395200.0,536870912.0,537395200.0,a100,0.390198767185211,0.3898292720317839,0.4010520100593566,0.0032913645244935,1377.234489684897,1.3758908462803263,0.9990243902439024,0.0,41943040,NVIDIA A100-SXM4-80GB
gemm,fp64,warm,8.0,8192.0,8192.0,0.0,537919488.0,1073741824.0,537919488.0,a100,0.390849441289902,0.3904600262641908,0.4023667156696322,0.0047004395286491,1376.2831186984165,2.7472006112030773,1.996101364522417,0.0,41943040,NVIDIA A100-SXM4-80GB
gemm,fp64,warm,16.0,8192.0,8192.0,0.0,538968064.0,2147483648.0,538968064.0,a100,0.394788354635239,0.3944971561431886,0.400227916240692,0.0010131427740175,1365.2076047125922,5.439582051461846,3.9844357976653697,0.0,41943040,NVIDIA A100-SXM4-80GB
gemm,fp64,warm,32.0,8192.0,8192.0,0.0,541065216.0,4294967296.0,541065216.0,a100,0.429809927940369,0.4297721564769748,0.4395638644695284,0.0004358263622843,1258.8476459647216,9.99271309665019,7.937984496124031,0.0,41943040,NVIDIA A100-SXM4-80GB
gemm,fp64,warm,64.0,8192.0,8192.0,0.0,545259520.0,8589934592.0,545259520.0,a100,0.478118419647217,0.4778991997241976,0.4824184060096741,0.0044926158412342,1140.4277634865512,17.966123535541975,15.753846153846156,0.0,41943040,NVIDIA A100-SXM4-80GB
gemm,fp64,warm,128.0,8192.0,8192.0,0.0,553648128.0,17179869184.0,553648128.0,a100,0.929636538028717,0.9295119166374208,0.9297420144081112,0.0001188712006176,595.5533214884218,18.48020003648921,31.03030303030303,0.0,41943040,NVIDIA A100-SXM4-80GB
gemm,fp64,warm,256.0,8192.0,8192.0,0.0,570425344.0,34359738368.0,570425344.0,a100,1.80686259269714,1.806702470779422,1.807052755355834,8.530676987449502e-05,315.69934886333255,19.016243131532505,60.23529411764706,0.0,41943040,NVIDIA A100-SXM4-80GB
gemm,fp64,warm,512.0,8192.0,8192.0,0.0,603979776.0,68719476736.0,603979776.0,a100,3.78029441833496,3.779417467117308,3.780848598480226,0.0002734347210317,159.77056524238247,18.17833986757774,113.77777777777776,0.0,41943040,NVIDIA A100-SXM4-80GB
gemm,fp64,warm,1024.0,8192.0,8192.0,0.0,671088640.0,137438953472.0,671088640.0,a100,7.16364812850952,7.162390422821042,7.164272117614742,0.0001317956376844,93.67973244375808,19.18560920448165,204.8,0.0,41943040,NVIDIA A100-SXM4-80GB
gemm,fp64,warm,2048.0,8192.0,8192.0,0.0,805306368.0,274877906944.0,805306368.0,a100,14.3053436279297,14.30446701049804,14.4120191574097,0.0047266243740126,56.29409463661697,19.21505096929859,341.3333333333333,0.0,41943040,NVIDIA A100-SXM4-80GB
gemm,fp16,warm,256.0,256.0,256.0,0.0,393216.0,33554432.0,393216.0,a100,0.0062072002328932,0.0061527998186647,0.0062667199410498,0.0089573702231406,63.34836725844086,5.405727339386953,85.33333333333333,0.0001984265214773,41943040,NVIDIA A100-SXM4-80GB
gemm,fp16,cold,256.0,256.0,256.0,0.0,393216.0,33554432.0,393216.0,a100,0.011680000461638,0.0113471999764442,0.0144511993974447,0.0643835310599669,33.66575209405904,2.8728108453597043,85.33333333333333,0.0001984265214773,41943040,NVIDIA A100-SXM4-80GB
gemm,fp16,warm,512.0,512.0,512.0,0.0,1572864.0,268435456.0,1572864.0,a100,0.007173600140959,0.007164351735264,0.0071829762309789,0.0013605805160851,219.25727237282672,37.41990781829576,170.66666666666666,0.000200911459712,41943040,NVIDIA A100-SXM4-80GB
gemm,fp16,cold,512.0,512.0,512.0,0.0,1572864.0,268435456.0,1572864.0,a100,0.0115520004183054,0.0113536002114414,0.0124415999278426,0.0401661868968937,136.15511972347457,23.237140432806324,170.66666666666666,0.000200911459712,41943040,NVIDIA A100-SXM4-80GB
gemm,fp16,warm,1024.0,1024.0,1024.0,0.0,6291456.0,2147483648.0,6291456.0,a100,0.0151123199611902,0.0151103673502803,0.0151166720315814,0.0002911245827078,416.3130489664741,142.10152071388984,341.3333333333333,0.0001899405204345,41943040,NVIDIA A100-SXM4-80GB
gemm,fp16,cold,1024.0,1024.0,1024.0,0.0,6291456.0,2147483648.0,6291456.0,a100,0.0235520005226135,0.0233535997569561,0.0238656003028154,0.0129076276076406,267.1304288550455,91.18051971585552,341.3333333333333,0.0001899405204345,41943040,NVIDIA A100-SXM4-80GB
gemm,fp16,warm,2048.0,2048.0,2048.0,0.0,25165824.0,17179869184.0,25165824.0,a100,0.0698945596814156,0.0698470413684845,0.0709633633494377,0.0082341186614897,360.0541174407225,245.79694417286652,682.6666666666666,0.0002214878090706,41943040,NVIDIA A100-SXM4-80GB
gemm,fp16,cold,2048.0,2048.0,2048.0,0.0,25165824.0,17179869184.0,25165824.0,a100,0.0766080021858215,0.0761279985308647,0.0770047977566718,0.0068922342326781,328.5012437598543,224.25684907339385,682.6666666666666,0.0002214878090706,41943040,NVIDIA A100-SXM4-80GB
gemm,fp16,warm,4096.0,4096.0,4096.0,0.0,100663296.0,137438953472.0,100663296.0,a100,0.502638816833496,0.5022765994071964,0.5058824181556701,0.0036647622164669,200.2696421938811,273.43481814204574,1365.3333333333333,0.0002273709783179,41943040,NVIDIA A100-SXM4-80GB
gemm,fp16,warm,8192.0,8192.0,8192.0,0.0,402653184.0,1099511627776.0,402653184.0,a100,3.72414088249207,3.719578838348388,3.7247079372406,0.0012390703077086,108.11975075726944,295.2389994011837,2730.6666666666665,0.0002014828336355,41943040,NVIDIA A100-SXM4-80GB
gemm,fp16,warm,1.0,8192.0,8192.0,0.0,134250496.0,134217728.0,134250496.0,a100,0.0899307131767273,0.0894674897193908,0.0917259186506271,0.0089677585371563,1492.8214317190802,1.4924570623191002,0.9997559189650964,0.0002413515983138,41943040,NVIDIA A100-SXM4-80GB
gemm,fp16,warm,2.0,8192.0,8192.0,0.0,134283264.0,268435456.0,134283264.0,a100,0.105734035372734,0.1056852832436558,0.106166711449623,0.0017553258731279,1270.0098272672951,2.538780015854974,1.9990239141044408,0.0002708094539799,41943040,NVIDIA A100-SXM4-80GB
gemm,fp16,warm,4.0,8192.0,8192.0,0.0,134348800.0,536870912.0,134348800.0,a100,0.112906537950039,0.1128181502223012,0.1130398824810984,0.0007189162982697,1189.911606885415,4.755002870051375,3.9960975609756098,0.0001983548544171,41943040,NVIDIA A100-SXM4-80GB
gemm,fp16,warm,8.0,8192.0,8192.0,0.0,134479872.0,1073741824.0,134479872.0,a100,0.0931825935840607,0.0931264713406562,0.0939347341656684,0.0022726916556139,1443.1866170228964,11.52298710199958,7.984405458089668,0.0001884462654639,41943040,NVIDIA A100-SXM4-80GB
gemm,fp16,warm,16.0,8192.0,8192.0,0.0,134742016.0,2147483648.0,134742016.0,a100,0.0926121473312378,0.0925487026572227,0.0937058240175247,0.0041220602224005,1454.9065093813228,23.18792631294124,15.93774319066148,0.0002192352371322,41943040,NVIDIA A100-SXM4-80GB
gemm,fp16,warm,32.0,8192.0,8192.0,0.0,135266304.0,4294967296.0,135266304.0,a100,0.0934406891465187,0.0933356612920761,0.0939514458179473,0.002547164402817,1447.6167206761188,45.96463634022778,31.751937984496124,0.0002453159182464,41943040,NVIDIA A100-SXM4-80GB
gemm,fp16,warm,64.0,8192.0,8192.0,0.0,136314880.0,8589934592.0,136314880.0,a100,0.0945276468992233,0.094473510980606,0.0962922349572181,0.0086990235736784,1442.0636128319836,90.87219320245852,63.01538461538462,0.0002063616112378,41943040,NVIDIA A100-SXM4-80GB
gemm,fp16,warm,128.0,8192.0,8192.0,0.0,138412032.0,17179869184.0,138412032.0,a100,0.11496189981699,0.114800211787224,0.1158770069479938,0.0052071542797523,1203.9817732687152,149.43967706995932,124.12121212121212,0.0002660988993651,41943040,NVIDIA A100-SXM4-80GB
gemm,fp16,warm,256.0,8192.0,8192.0,0.0,142606336.0,34359738368.0,142606336.0,a100,0.153442576527596,0.1534161686897276,0.1539822876453398,0.0007838904682031,929.3791803238709,223.92571309450443,240.94117647058823,0.0002988652357831,41943040,NVIDIA A100-SXM4-80GB
gemm,fp16,warm,512.0,8192.0,8192.0,0.0,150994944.0,68719476736.0,150994944.0,a100,0.267590135335922,0.2666828989982608,0.2681499063968658,0.0007331129261182,564.2769447029389,256.8087072781375,455.1111111111111,0.0002941864346644,41943040,NVIDIA A100-SXM4-80GB
gemm,fp16,warm,1024.0,8192.0,8192.0,0.0,167772160.0,137438953472.0,167772160.0,a100,0.516108155250549,0.5153265953063968,0.5188952565193173,0.0053465480089864,325.0717088912374,266.29874392370164,819.2,0.0002158730630599,41943040,NVIDIA A100-SXM4-80GB
gemm,fp16,warm,2048.0,8192.0,8192.0,0.0,201326592.0,274877906944.0,201326592.0,a100,0.983932793140411,0.9759103894233704,0.9870713829994204,0.0112845538975165,204.6141701989903,279.36654704502143,1365.3333333333333,0.0002256969776948,41943040,NVIDIA A100-SXM4-80GB
gemm,bf16,warm,256.0,256.0,256.0,0.0,393216.0,33554432.0,393216.0,a100,0.0061758398078382,0.0061737920157611,0.0061797117814421,0.0005829211126235,63.67004524646858,5.433177194365319,85.33333333333333,0.0015699538480616,41943040,NVIDIA A100-SXM4-80GB
gemm,bf16,cold,256.0,256.0,256.0,0.0,393216.0,33554432.0,393216.0,a100,0.0107199996709824,0.010259199887514,0.0108607998117804,0.050746265674367,36.6805981407241,3.1300777080084563,85.33333333333333,0.0015699538480616,41943040,NVIDIA A100-SXM4-80GB
gemm,bf16,warm,512.0,512.0,512.0,0.0,1572864.0,268435456.0,1572864.0,a100,0.00744319986552,0.0074340479448437,0.0074534398503601,0.0016336808651066,211.31556701656783,36.06452343749424,170.66666666666666,0.0016239479948725,41943040,NVIDIA A100-SXM4-80GB
gemm,bf16,cold,512.0,512.0,512.0,0.0,1572864.0,268435456.0,1572864.0,a100,0.011744000017643,0.0116544002667069,0.0123200001195073,0.0286103341278294,133.92915511214986,22.857242472473576,170.66666666666666,0.0016239479948725,41943040,NVIDIA A100-SXM4-80GB
gemm,bf16,warm,1024.0,1024.0,1024.0,0.0,6291456.0,2147483648.0,6291456.0,a100,0.018728319555521,0.0187264960259199,0.0187308151274919,0.0001324257634966,335.9327558112556,114.66504731690858,341.3333333333333,0.0014144454356515,41943040,NVIDIA A100-SXM4-80GB
gemm,bf16,cold,1024.0,1024.0,1024.0,0.0,6291456.0,2147483648.0,6291456.0,a100,0.0228160005062819,0.0225344002246857,0.0232192002236843,0.0119214674991838,275.7475394632719,94.12182680346348,341.3333333333333,0.0014144454356515,41943040,NVIDIA A100-SXM4-80GB
gemm,bf16,warm,2048.0,2048.0,2048.0,0.0,25165824.0,17179869184.0,25165824.0,a100,0.107060022652149,0.1070257693529128,0.1071380749344822,0.0005485633208421,235.0627561677884,160.46950821054352,682.6666666666666,0.0015212681809329,41943040,NVIDIA A100-SXM4-80GB
gemm,bf16,cold,2048.0,2048.0,2048.0,0.0,25165824.0,17179869184.0,25165824.0,a100,0.112063996493816,0.1117312014102938,0.1123647987842562,0.0032837964294206,224.56654043556904,153.30409160401513,682.6666666666666,0.0015212681809329,41943040,NVIDIA A100-SXM4-80GB
gemm,bf16,warm,4096.0,4096.0,4096.0,0.0,100663296.0,137438953472.0,100663296.0,a100,0.507040023803711,0.5069810867309574,0.5116427421569826,0.0058451436041144,198.53126237420952,271.06135022825407,1365.3333333333333,0.0017106645640478,41943040,NVIDIA A100-SXM4-80GB
gemm,bf16,warm,8192.0,8192.0,8192.0,0.0,402653184.0,1099511627776.0,402653184.0,a100,3.74551701545715,3.722770071029664,3.745940303802492,0.0016351856483309,107.50269784873882,293.55403359228944,2730.6666666666665,0.001961559904137,41943040,NVIDIA A100-SXM4-80GB
gemm,bf16,warm,1.0,8192.0,8192.0,0.0,134250496.0,134217728.0,134250496.0,a100,0.090138241648674,0.0899866878986358,0.0919124126434326,0.0029767774411787,1489.3844559699698,1.4890209254705875,0.9997559189650964,0.0015990532871483,41943040,NVIDIA A100-SXM4-80GB
gemm,bf16,warm,2.0,8192.0,8192.0,0.0,134283264.0,268435456.0,134283264.0,a100,0.111076600849628,0.1110151141881944,0.1125627011060717,0.0031774935139112,1208.9248588169207,2.4166697031303603,1.9990239141044408,0.0025040257489596,41943040,NVIDIA A100-SXM4-80GB
gemm,bf16,warm,4.0,8192.0,8192.0,0.0,134348800.0,536870912.0,134348800.0,a100,0.113263361155987,0.1132308065891264,0.1146353021264073,0.0046184203593347,1186.1629270826072,4.740022779834496,3.9960975609756098,0.0019327487570258,41943040,NVIDIA A100-SXM4-80GB
gemm,bf16,warm,8.0,8192.0,8192.0,0.0,134479872.0,1073741824.0,134479872.0,a100,0.0940873324871063,0.0940691322088241,0.0957746058702468,0.005061771332514,1429.30900946128,11.41218265643938,7.984405458089668,0.0016939623537978,41943040,NVIDIA A100-SXM4-80GB
gemm,bf16,warm,16.0,8192.0,8192.0,0.0,134742016.0,2147483648.0,134742016.0,a100,0.0918937996029854,0.0918330430984497,0.0924944221973419,0.0019303089394269,1466.2797335852306,23.369189839552934,15.93774319066148,0.001948402555698,41943040,NVIDIA A100-SXM4-80GB
gemm,bf16,warm,32.0,8192.0,8192.0,0.0,135266304.0,4294967296.0,135266304.0,a100,0.0940613970160484,0.0939829230308532,0.094959545135498,0.0044281423719375,1438.0639485603365,45.66131731242742,31.751937984496124,0.0016650696901783,41943040,NVIDIA A100-SXM4-80GB
gemm,bf16,warm,64.0,8192.0,8192.0,0.0,136314880.0,8589934592.0,136314880.0,a100,0.106129229068756,0.1059397637844088,0.1064673021435736,0.0034981056447038,1284.4235390769509,80.93844332398754,63.01538461538462,0.0024452683341957,41943040,NVIDIA A100-SXM4-80GB
gemm,bf16,warm,128.0,8192.0,8192.0,0.0,138412032.0,17179869184.0,138412032.0,a100,0.111772745847702,0.1117284730076786,0.1128964081406594,0.0050875943314915,1238.3343627309278,153.7035621135115,124.12121212121212,0.0025020074737231,41943040,NVIDIA A100-SXM4-80GB
gemm,bf16,warm,256.0,8192.0,8192.0,0.0,142606336.0,34359738368.0,142606336.0,a100,0.15400268137455,0.1537694156169894,0.154476031661034,0.0021701615248093,925.9990457774372,223.1112995002578,240.94117647058823,0.0019626527665671,41943040,NVIDIA A100-SXM4-80GB
gemm,bf16,warm,512.0,8192.0,8192.0,0.0,150994944.0,68719476736.0,150994944.0,a100,0.315859407186508,0.3157582700252536,0.316020143032074,0.0003836398095828,478.0447900696553,217.5634955694787,455.1111111111111,0.0021722327153394,41943040,NVIDIA A100-SXM4-80GB
gemm,bf16,warm,1024.0,8192.0,8192.0,0.0,167772160.0,137438953472.0,167772160.0,a100,0.523576200008392,0.5235383272171023,0.5236582040786746,0.0001545396931366,320.4350388679068,262.5003838405892,819.2,0.002133136727553,41943040,NVIDIA A100-SXM4-80GB
gemm,bf16,warm,2048.0,8192.0,8192.0,0.0,201326592.0,274877906944.0,201326592.0,a100,0.976031959056854,0.9759737849235538,0.9761724710464478,0.0001302587544657,206.27049158773772,281.62797784779127,1365.3333333333333,0.0016934063772307,41943040,NVIDIA A100-SXM4-80GB
gemm,tf32,warm,256.0,256.0,256.0,0.0,786432.0,33554432.0,786432.0,a100,0.0091956797987222,0.0091892158612608,0.0092045757919549,0.00051322765148,85.5218991106317,3.6489343620536183,42.66666666666666,0.0,41943040,NVIDIA A100-SXM4-80GB
gemm,tf32,cold,256.0,256.0,256.0,0.0,786432.0,33554432.0,786432.0,a100,0.0150079997256398,0.014483200199902,0.0157376002520322,0.0490405137117814,52.40085383640117,2.23576976368645,42.66666666666666,0.0,41943040,NVIDIA A100-SXM4-80GB
gemm,tf32,warm,512.0,512.0,512.0,0.0,3145728.0,268435456.0,3145728.0,a100,0.0105038406327367,0.0104989757761359,0.0105082556605338,0.0004112280690538,299.48359937943985,25.5559338137122,85.33333333333333,0.0,41943040,NVIDIA A100-SXM4-80GB
gemm,tf32,cold,512.0,512.0,512.0,0.0,3145728.0,268435456.0,3145728.0,a100,0.0155840003862977,0.0152703998610377,0.0159552007913589,0.0184805434324472,201.85625783004312,17.225067334830346,85.33333333333333,0.0,41943040,NVIDIA A100-SXM4-80GB
gemm,tf32,warm,1024.0,1024.0,1024.0,0.0,12582912.0,2147483648.0,12582912.0,a100,0.0314571186900139,0.0314482882618903,0.031462974846363,0.0001830249048885,400.0020511730612,68.26701673353578,170.66666666666666,0.0,41943040,NVIDIA A100-SXM4-80GB
gemm,tf32,cold,1024.0,1024.0,1024.0,0.0,12582912.0,2147483648.0,12582912.0,a100,0.0363840013742447,0.0363008007407188,0.0368447996675968,0.0043975195039173,345.83639854705814,59.02274535203126,170.66666666666666,0.0,41943040,NVIDIA A100-SXM4-80GB
gemm,tf32,warm,2048.0,2048.0,2048.0,0.0,50331648.0,17179869184.0,50331648.0,a100,0.16729848086834,0.1672634959220886,0.1680436909198764,0.0026828123208884,300.8494024498037,102.68992936953298,341.3333333333333,0.0,41943040,NVIDIA A100-SXM4-80GB
gemm,tf32,cold,2048.0,2048.0,2048.0,0.0,50331648.0,17179869184.0,50331648.0,a100,0.17212800681591,0.1718336015939712,0.1727167963981628,0.0032533525403822,292.4082427436079,99.80868018981816,341.3333333333333,0.0,41943040,NVIDIA A100-SXM4-80GB
gemm,tf32,warm,4096.0,4096.0,4096.0,0.0,201326592.0,137438953472.0,201326592.0,a100,1.00558316707611,1.005532693862916,1.005636715888974,7.367722121915232e-05,200.2087928593599,136.67586925865635,682.6666666666666,0.0,41943040,NVIDIA A100-SXM4-80GB
gemm,tf32,warm,8192.0,8192.0,8192.0,0.0,805306368.0,1099511627776.0,805306368.0,a100,7.45758390426636,7.457001399993898,7.460624027252198,0.0002220952375838,107.98488871701431,147.4353680616302,1365.3333333333333,0.0,41943040,NVIDIA A100-SXM4-80GB
gemm,tf32,warm,1.0,8192.0,8192.0,0.0,268500992.0,134217728.0,268500992.0,a100,0.159415289759636,0.159281009435654,0.163990744948387,0.0007773752897532,1684.2863216247438,0.8419376096381438,0.4998779594825482,0.0,41943040,NVIDIA A100-SXM4-80GB
gemm,tf32,warm,2.0,8192.0,8192.0,0.0,268566528.0,268435456.0,268566528.0,a100,0.207593634724617,0.2073428750038148,0.2103461772203446,0.0014643567435884,1293.7127304325418,1.2930813430580017,0.9995119570522206,0.0,41943040,NVIDIA A100-SXM4-80GB
gemm,tf32,warm,4.0,8192.0,8192.0,0.0,268697600.0,536870912.0,268697600.0,a100,0.174233287572861,0.1741472035646438,0.1766885131597522,0.0023095380513424,1542.1714400449216,3.0813337650848776,1.9980487804878049,0.0,41943040,NVIDIA A100-SXM4-80GB
gemm,tf32,warm,8.0,8192.0,8192.0,0.0,268959744.0,1073741824.0,268959744.0,a100,0.178907379508018,0.1787659138441086,0.1811715275049212,0.0018328755031442,1503.346283085803,6.00166313403455,3.992202729044834,0.0,41943040,NVIDIA A100-SXM4-80GB
gemm,tf32,warm,16.0,8192.0,8192.0,0.0,269484032.0,2147483648.0,269484032.0,a100,0.179122567176819,0.1790280908346176,0.18155160844326,0.0031308045646527,1504.467227370528,11.988906154298991,7.968871595330739,0.0,41943040,NVIDIA A100-SXM4-80GB
gemm,tf32,warm,32.0,8192.0,8192.0,0.0,270532608.0,4294967296.0,270532608.0,a100,0.185782223939896,0.1855983793735504,0.1883934944868087,0.0046524464866381,1456.1813410497352,23.1182898175958,15.875968992248062,0.0,41943040,NVIDIA A100-SXM4-80GB
gemm,tf32,warm,64.0,8192.0,8192.0,0.0,272629760.0,8589934592.0,272629760.0,a100,0.186715871095657,0.186673340201378,0.1895528703927992,0.0014420655866691,1460.1316877895624,46.00537994758498,31.50769230769231,0.0,41943040,NVIDIA A100-SXM4-80GB
gemm,tf32,warm,128.0,8192.0,8192.0,0.0,276824064.0,17179869184.0,276824064.0,a100,0.205567240715027,0.2052707463502886,0.2092400252819058,0.0073603242939787,1346.63511091125,83.57299112564363,62.06060606060606,0.0,41943040,NVIDIA A100-SXM4-80GB
gemm,tf32,warm,256.0,8192.0,8192.0,0.0,285212672.0,34359738368.0,285212672.0,a100,0.285153418779373,0.2843737244606016,0.2863006114959712,0.0038007303597823,1000.20779417929,120.49562132230506,120.47058823529412,0.0,41943040,NVIDIA A100-SXM4-80GB
gemm,tf32,warm,512.0,8192.0,8192.0,0.0,301989888.0,68719476736.0,301989888.0,a100,0.562763869762421,0.5624513864517212,0.562865400314331,0.0003111757093148,536.6191829754271,122.11067630374164,227.55555555555557,0.0,41943040,NVIDIA A100-SXM4-80GB
gemm,tf32,warm,1024.0,8192.0,8192.0,0.0,335544320.0,137438953472.0,335544320.0,a100,1.10926306247711,1.109114003181458,1.109408712387082,0.000131432268906,302.4930076105586,123.9011359172848,409.6,0.0,41943040,NVIDIA A100-SXM4-80GB
gemm,tf32,warm,2048.0,8192.0,8192.0,0.0,402653184.0,274877906944.0,402653184.0,a100,1.96768641471863,1.967590379714968,1.96776640415192,6.0159395135217777e-05,204.6328017452809,139.69599265811178,682.6666666666666,0.0,41943040,NVIDIA A100-SXM4-80GB
read_reduce,fp32,warm,0.0,16777216.0,0.0,0.0,71303168.0,0.0,71303168.0,a100,0.0480894409120083,0.0480746246874332,0.0484048008918762,0.0007137705109288,1482.7198371980876,0.0,0.0,0.0,41943040,NVIDIA A100-SXM4-80GB
read_reduce,fp32,warm,0.0,67108864.0,0.0,0.0,272629760.0,0.0,272629760.0,a100,0.165577381849289,0.1654941231012348,0.1667703717947008,0.00337049833014,1646.5398652585995,0.0,0.0,0.0,41943040,NVIDIA A100-SXM4-80GB
read_reduce,fp32,warm,0.0,134217728.0,0.0,0.0,541065216.0,0.0,541065216.0,a100,0.321591585874557,0.3212227344512944,0.3235565960407254,0.00088334318893,1682.4607351855684,0.0,0.0,0.0,41943040,NVIDIA A100-SXM4-80GB
copy,fp32,warm,0.0,1024.0,0.0,0.0,8192.0,0.0,8192.0,h100,0.0020664001349359,0.0020594879984855,0.0020750080700963,0.0051877602570167,3.964382242093592,0.0,0.0,0.0,52428800,NVIDIA H100 80GB HBM3
add,fp32,warm,0.0,1024.0,0.0,0.0,12288.0,1024.0,12288.0,h100,0.0020806400571018,0.0020731519907712,0.0020886079873889,0.0038065051893536,5.905874953266117,0.0004921562461055,0.0833333333333333,0.0,52428800,NVIDIA H100 80GB HBM3
triad,fp32,warm,0.0,1024.0,0.0,0.0,12288.0,2048.0,12288.0,h100,0.0020790400449186,0.0020713599864393,0.002081567980349,0.0025781101526423,5.910420066238193,0.0009850700110396,0.1666666666666666,0.0,52428800,NVIDIA H100 80GB HBM3
copy,fp32,warm,0.0,16384.0,0.0,0.0,131072.0,0.0,131072.0,h100,0.0021510398946702,0.0021471039857715,0.0021593599580228,0.0014876638849463,60.93424874395138,0.0,0.0,0.0,52428800,NVIDIA H100 80GB HBM3
add,fp32,warm,0.0,16384.0,0.0,0.0,196608.0,16384.0,196608.0,h100,0.0021388800814747,0.0021356798708438,0.0021531839855015,0.0052363706427512,91.9210018845174,0.0076600834903764,0.0833333333333333,0.0,52428800,NVIDIA H100 80GB HBM3
triad,fp32,warm,0.0,16384.0,0.0,0.0,196608.0,32768.0,196608.0,h100,0.0021416000090539,0.0021276800427585,0.0021448640618473,0.0057900532088028,91.80425811020211,0.0153007096850336,0.1666666666666666,0.0,52428800,NVIDIA H100 80GB HBM3
copy,fp32,warm,0.0,262144.0,0.0,0.0,2097152.0,0.0,2097152.0,h100,0.0027864000294357,0.0027794878929853,0.0027905920520424,0.0035314402000679,752.6385220519381,0.0,0.0,0.0,52428800,NVIDIA H100 80GB HBM3
add,fp32,warm,0.0,262144.0,0.0,0.0,3145728.0,262144.0,3145728.0,h100,0.0028241598047316,0.0028189439326524,0.0028277438599616,0.0023228159305856,1113.8633142252197,0.0928219428521016,0.0833333333333333,0.0,52428800,NVIDIA H100 80GB HBM3
triad,fp32,warm,0.0,262144.0,0.0,0.0,3145728.0,524288.0,3145728.0,h100,0.0028275200165808,0.0028253760188818,0.0028308160137385,0.0011882719073755,1112.5396041595395,0.1854232673599232,0.1666666666666666,0.0,52428800,NVIDIA H100 80GB HBM3
copy,fp32,warm,0.0,1048576.0,0.0,0.0,8388608.0,0.0,8388608.0,h100,0.0045222397893667,0.0045096321031451,0.0045614080503582,0.0057139335521553,1854.9675361586064,0.0,0.0,0.0,52428800,NVIDIA H100 80GB HBM3
add,fp32,warm,0.0,1048576.0,0.0,0.0,12582912.0,1048576.0,12582912.0,h100,0.0046254401095211,0.0046058557927608,0.0046463041566312,0.00354568588502,2720.370754363232,0.2266975628636026,0.0833333333333333,0.0,52428800,NVIDIA H100 80GB HBM3
triad,fp32,warm,0.0,1048576.0,0.0,0.0,12582912.0,2097152.0,12582912.0,h100,0.0046108798123896,0.0045922560617327,0.0046417599543929,0.0050142454055528,2728.961177038108,0.4548268628396846,0.1666666666666666,0.0,52428800,NVIDIA H100 80GB HBM3
copy,fp32,warm,0.0,4194304.0,0.0,0.0,33554432.0,0.0,33554432.0,h100,0.0127089591696858,0.0126994237303734,0.0127179842442274,0.0009693949373672,2640.218726962009,0.0,0.0,0.0,52428800,NVIDIA H100 80GB HBM3
add,fp32,warm,0.0,4194304.0,0.0,0.0,50331648.0,4194304.0,50331648.0,h100,0.0210755206644535,0.0210630077868699,0.021083839982748,0.0006909071754825,2388.1568005525296,0.1990130667127108,0.0833333333333333,0.0,52428800,NVIDIA H100 80GB HBM3
triad,fp32,warm,0.0,4194304.0,0.0,0.0,50331648.0,8388608.0,50331648.0,h100,0.0211120005697012,0.0211005754768848,0.0211271665990352,0.0005684014328428,2384.030250180708,0.3973383750301179,0.1666666666666666,0.0,52428800,NVIDIA H100 80GB HBM3
copy,fp32,warm,0.0,16777216.0,0.0,0.0,134217728.0,0.0,134217728.0,h100,0.0584198385477066,0.0583900474011898,0.0584281913936138,0.0005149230108789,2297.4683144732694,0.0,0.0,0.0,52428800,NVIDIA H100 80GB HBM3
add,fp32,warm,0.0,16777216.0,0.0,0.0,201326592.0,16777216.0,201326592.0,h100,0.0749131217598915,0.0749003231525421,0.0749209895730018,0.0001847400446493,2687.467659474716,0.2239556382895596,0.0833333333333333,0.0,52428800,NVIDIA H100 80GB HBM3
triad,fp32,warm,0.0,16777216.0,0.0,0.0,201326592.0,33554432.0,201326592.0,h100,0.0748992040753365,0.0748899534344672,0.0749098554253577,9.4003651320847e-05,2687.967041645703,0.4479945069409504,0.1666666666666666,0.0,52428800,NVIDIA H100 80GB HBM3
copy,fp32,warm,0.0,67108864.0,0.0,0.0,536870912.0,0.0,536870912.0,h100,0.209066331386566,0.209021311998367,0.2090856641530988,0.0001694914770995,2567.945342702358,0.0,0.0,0.0,52428800,NVIDIA H100 80GB HBM3
add,fp32,warm,0.0,67108864.0,0.0,0.0,805306368.0,67108864.0,805306368.0,h100,0.278702437877655,0.2786813437938691,0.2787260353565216,7.592200863642932e-05,2889.4844771810504,0.2407903730984208,0.0833333333333333,0.0,52428800,NVIDIA H100 80GB HBM3
triad,fp32,warm,0.0,67108864.0,0.0,0.0,805306368.0,134217728.0,805306368.0,h100,0.279902160167694,0.279876750707626,0.2799430251121524,0.000180473549819,2877.09951047726,0.4795165850795433,0.1666666666666666,0.0,52428800,NVIDIA H100 80GB HBM3
fma,fp32,streaming,0.0,67108864.0,0.0,1.0,536870912.0,134217728.0,536870912.0,h100,0.183172479271889,0.1831043452024457,0.1832434296607974,0.0002414074211298,2930.958373954772,0.732739593488693,0.25,0.0,52428800,NVIDIA H100 80GB HBM3
fma,fp64,streaming,0.0,33554432.0,0.0,1.0,536870912.0,67108864.0,536870912.0,h100,0.27898696064949,0.2788981139659882,0.2791553795337675,0.0005521164964193,1924.358438653005,0.2405448048316256,0.125,0.0,52428800,NVIDIA H100 80GB HBM3
fma,fp32,streaming,0.0,67108864.0,0.0,2.0,536870912.0,268435456.0,536870912.0,h100,0.183296903967857,0.183247736096382,0.1833296149969098,0.0001810850911334,2928.9687953166185,1.4644843976583093,0.5,0.0,52428800,NVIDIA H100 80GB HBM3
fma,fp64,streaming,0.0,33554432.0,0.0,2.0,536870912.0,134217728.0,536870912.0,h100,0.272078663110733,0.2719474554061888,0.2721382260322572,0.0005383131176088,1973.2194574239716,0.4933048643559928,0.25,0.0,52428800,NVIDIA H100 80GB HBM3
fma,fp32,streaming,0.0,67108864.0,0.0,4.0,536870912.0,536870912.0,536870912.0,h100,0.183342054486275,0.183270102739334,0.1833590507507326,0.0003596833745987,2928.2474962130973,2.928247496213097,1.0,0.0,52428800,NVIDIA H100 80GB HBM3
fma,fp64,streaming,0.0,33554432.0,0.0,4.0,536870912.0,268435456.0,536870912.0,h100,0.272367566823959,0.272219467163086,0.2724144876003264,0.0004650328657884,1971.126438659266,0.985563219329633,0.5,0.0,52428800,NVIDIA H100 80GB HBM3
fma,fp32,streaming,0.0,67108864.0,0.0,8.0,536870912.0,1073741824.0,536870912.0,h100,0.183385118842125,0.1833626300096512,0.183451756834984,0.0003049541768389,2927.5598554002004,5.855119710800401,2.0,0.0,52428800,NVIDIA H100 80GB HBM3
fma,fp64,streaming,0.0,33554432.0,0.0,8.0,536870912.0,536870912.0,536870912.0,h100,0.271660894155502,0.2715017676353455,0.271717149019241,0.0002773320437955,1976.253938458616,1.976253938458616,1.0,0.0,52428800,NVIDIA H100 80GB HBM3
fma,fp32,streaming,0.0,67108864.0,0.0,16.0,536870912.0,2147483648.0,536870912.0,h100,0.183543235063553,0.183483538031578,0.1835986077785496,0.0003379777741686,2925.037862681809,11.700151450727237,4.0,0.0,52428800,NVIDIA H100 80GB HBM3
fma,fp64,streaming,0.0,33554432.0,0.0,16.0,536870912.0,1073741824.0,536870912.0,h100,0.27099597454071,0.2708281815052034,0.271058839559555,0.0005018081810455,1981.1029035021672,3.9622058070043344,2.0,0.0,52428800,NVIDIA H100 80GB HBM3
fma,fp32,streaming,0.0,67108864.0,0.0,32.0,536870912.0,4294967296.0,536870912.0,h100,0.184008151292801,0.1839835226535798,0.1840264439582824,0.0001369388442928,2917.647442398951,23.341179539191607,8.0,0.0,52428800,NVIDIA H100 80GB HBM3
fma,fp64,streaming,0.0,33554432.0,0.0,32.0,536870912.0,2147483648.0,536870912.0,h100,0.265000104904175,0.2637856543064118,0.2651182949542998,0.0032136450047743,2025.9271678180444,8.103708671272178,4.0,0.0,52428800,NVIDIA H100 80GB HBM3
fma,fp32,streaming,0.0,67108864.0,0.0,64.0,536870912.0,8589934592.0,536870912.0,h100,0.191312938928604,0.1912704676389696,0.1913702905178068,0.000295160121734,2806.24465342804,44.89991445484864,16.0,0.0,52428800,NVIDIA H100 80GB HBM3
fma,fp64,streaming,0.0,33554432.0,0.0,64.0,536870912.0,4294967296.0,536870912.0,h100,0.202130794525146,0.2020879834890364,0.2022748917341236,0.0006339953621046,2656.057001414551,21.248456011316406,8.0,0.0,52428800,NVIDIA H100 80GB HBM3
fma,fp32,streaming,0.0,67108864.0,0.0,128.0,536870912.0,17179869184.0,536870912.0,h100,0.308564513921738,0.3083088994026184,0.3085705995559694,0.0005906580126327,1739.8984257022112,55.67674962247076,32.0,0.0,52428800,NVIDIA H100 80GB HBM3
fma,fp64,streaming,0.0,33554432.0,0.0,128.0,536870912.0,8589934592.0,536870912.0,h100,0.273463129997253,0.2734533250331873,0.2735416948795316,5.203849213863512e-05,1963.2296024893487,31.41167363982958,16.0,0.0,52428800,NVIDIA H100 80GB HBM3
fma,fp32,streaming,0.0,67108864.0,0.0,256.0,536870912.0,34359738368.0,536870912.0,h100,0.579817414283752,0.5797664165496829,0.5799062371253966,0.0001371338531263,925.9309892635704,59.259583312868514,64.0,0.0,52428800,NVIDIA H100 80GB HBM3
fma,fp64,streaming,0.0,33554432.0,0.0,256.0,536870912.0,17179869184.0,536870912.0,h100,0.534008204936981,0.5339668869972228,0.5340417623519896,0.0001206026762961,1005.360792281004,32.17154535299213,32.0,0.0,52428800,NVIDIA H100 80GB HBM3
fma,fp32,streaming,0.0,67108864.0,0.0,512.0,536870912.0,68719476736.0,536870912.0,h100,1.12510681152344,1.125045061111452,1.125191116333006,4.677858208291283e-05,477.1732839063121,61.07818034000795,128.0,0.0,52428800,NVIDIA H100 80GB HBM3
fma,fp64,streaming,0.0,33554432.0,0.0,512.0,536870912.0,34359738368.0,536870912.0,h100,1.05495297908783,1.054873633384706,1.055038189888,5.2262325912087576e-05,508.90506273010186,32.56992401472652,64.0,0.0,52428800,NVIDIA H100 80GB HBM3
fma,fp32,streaming,0.0,67108864.0,0.0,1024.0,536870912.0,137438953472.0,536870912.0,h100,2.25995206832886,2.254756021499634,2.261351203918458,0.0015549229944393,237.55853919370668,60.81498603358892,256.0,0.0,52428800,NVIDIA H100 80GB HBM3
fma,fp64,streaming,0.0,33554432.0,0.0,1024.0,536870912.0,68719476736.0,536870912.0,h100,2.09694576263428,2.096797084808348,2.097233104705812,0.0001348458505,256.02517793572207,32.77122277577243,128.0,0.0,52428800,NVIDIA H100 80GB HBM3
fma,fp32,streaming,0.0,67108864.0,0.0,2048.0,536870912.0,274877906944.0,536870912.0,h100,4.47208023071289,4.468028831481934,4.4759951591491705,0.000279038563406,120.0494812935004,61.4653344222722,512.0,0.0,52428800,NVIDIA H100 80GB HBM3
fma,fp64,streaming,0.0,33554432.0,0.0,2048.0,536870912.0,137438953472.0,536870912.0,h100,4.18243980407715,4.182364749908448,4.18248500823975,2.017965134207798e-05,128.36309358873362,32.86095195871581,256.0,0.0,52428800,NVIDIA H100 80GB HBM3
gemm,fp32,warm,256.0,256.0,256.0,0.0,786432.0,33554432.0,786432.0,h100,0.0085068801417946,0.0084943357855081,0.0085182402282953,0.0014577095097508,92.44658287075478,3.9443875358188714,42.66666666666666,0.0,52428800,NVIDIA H100 80GB HBM3
gemm,fp32,cold,256.0,256.0,256.0,0.0,786432.0,33554432.0,786432.0,h100,0.0165119990706444,0.0162432007491588,0.0169919993728399,0.0242247664135428,47.6279096574167,2.0321241453831127,42.66666666666666,0.0,52428800,NVIDIA H100 80GB HBM3
gemm,fp32,warm,512.0,512.0,512.0,0.0,3145728.0,268435456.0,3145728.0,h100,0.014824160374701,0.0148161275312304,0.0148295678198337,0.0006044358846549,212.202777121092,18.107970314333183,85.33333333333333,0.0,52428800,NVIDIA H100 80GB HBM3
gemm,fp32,cold,512.0,512.0,512.0,0.0,3145728.0,268435456.0,3145728.0,h100,0.0226559992879629,0.0222655996680259,0.0231679994612932,0.0247174975769431,138.84746199084324,11.848316756551956,85.33333333333333,0.0,52428800,NVIDIA H100 80GB HBM3
gemm,fp32,warm,1024.0,1024.0,1024.0,0.0,12582912.0,2147483648.0,12582912.0,h100,0.0561860799789429,0.0561830401420593,0.0562115214765071,0.0002634207327037,223.95070104046684,38.22091964423967,170.66666666666666,0.0,52428800,NVIDIA H100 80GB HBM3
gemm,fp32,cold,1024.0,1024.0,1024.0,0.0,12582912.0,2147483648.0,12582912.0,h100,0.0675520002841949,0.0671551972627639,0.0677248015999794,0.004737127476486,186.27001342762628,31.79008229164822,170.66666666666666,0.0,52428800,NVIDIA H100 80GB HBM3
gemm,fp32,warm,2048.0,2048.0,2048.0,0.0,50331648.0,17179869184.0,50331648.0,h100,0.341577351093292,0.3407403171062468,0.3416445672512056,0.0014585434946458,147.35065963508032,50.295691822107415,341.3333333333333,0.0,52428800,NVIDIA H100 80GB HBM3
gemm,fp32,cold,2048.0,2048.0,2048.0,0.0,50331648.0,17179869184.0,50331648.0,h100,0.344576001167297,0.3444672048091889,0.344870400428772,0.0007429477051311,146.0683501738219,49.85799685933121,341.3333333333333,0.0,52428800,NVIDIA H100 80GB HBM3
gemm,fp32,warm,4096.0,4096.0,4096.0,0.0,201326592.0,137438953472.0,201326592.0,h100,2.6495680809021,2.648880434036252,2.650335121154786,0.0003148538111903,75.98468348526234,51.87221059260576,682.6666666666666,0.0,52428800,NVIDIA H100 80GB HBM3
gemm,fp32,warm,8192.0,8192.0,8192.0,0.0,805306368.0,1099511627776.0,805306368.0,h100,21.224063873291,21.22048568725584,21.22850646972658,0.0002594018686299,37.943080684629,51.80495282808013,1365.3333333333333,0.0,52428800,NVIDIA H100 80GB HBM3
gemm,fp32,warm,1.0,8192.0,8192.0,0.0,268500992.0,134217728.0,268500992.0,h100,0.0917905643582344,0.091728064417839,0.0918586909770965,0.0007861251707706,2925.148068074964,1.462217047453631,0.4998779594825482,0.0,52428800,NVIDIA H100 80GB HBM3
gemm,fp32,warm,2.0,8192.0,8192.0,0.0,268566528.0,268435456.0,268566528.0,h100,0.249616205692291,0.249479058384895,0.249703389406204,0.0004237541085968,1075.9178365649448,1.0753927424524192,0.9995119570522206,0.0,52428800,NVIDIA H100 80GB HBM3
gemm,fp32,warm,4.0,8192.0,8192.0,0.0,268697600.0,536870912.0,268697600.0,h100,0.145608380436897,0.1455228477716446,0.1456622272729875,0.0006998844510132,1845.3443352214656,3.687087998569329,1.9980487804878049,0.0,52428800,NVIDIA H100 80GB HBM3
gemm,fp32,warm,8.0,8192.0,8192.0,0.0,268959744.0,1073741824.0,268959744.0,h100,0.146607011556625,0.1465145587921144,0.1466404378414154,0.0004575332134615,1834.5626252405932,7.323945919089153,3.992202729044834,0.0,52428800,NVIDIA H100 80GB HBM3
gemm,fp32,warm,16.0,8192.0,8192.0,0.0,269484032.0,2147483648.0,269484032.0,h100,0.148139744997025,0.147947397828102,0.1481982529163362,0.0011669779882093,1819.120398819452,14.496336874639056,7.968871595330739,0.0,52428800,NVIDIA H100 80GB HBM3
gemm,fp32,warm,32.0,8192.0,8192.0,0.0,270532608.0,4294967296.0,270532608.0,h100,0.148477762937546,0.148380371928215,0.1485402822494508,0.0003283764414372,1822.04124474716,28.92667030420297,15.875968992248062,0.0,52428800,NVIDIA H100 80GB HBM3
gemm,fp32,warm,64.0,8192.0,8192.0,0.0,272629760.0,8589934592.0,272629760.0,h100,0.196765676140785,0.1966749668121338,0.1970583140850066,0.0009213750142824,1385.5554756660638,43.65565560252459,31.50769230769231,0.0,52428800,NVIDIA H100 80GB HBM3
gemm,fp32,warm,128.0,8192.0,8192.0,0.0,276824064.0,17179869184.0,276824064.0,h100,0.341853201389313,0.3416874527931212,0.3423415005207064,0.0017169847672643,809.7746719204896,50.25510691191402,62.06060606060606,0.0,52428800,NVIDIA H100 80GB HBM3
gemm,fp32,warm,256.0,8192.0,8192.0,0.0,285212672.0,34359738368.0,285212672.0,h100,0.7110755443573,0.71067636013031,0.7113220691680906,0.0006458160308228,401.1003813354138,48.32079888087809,120.47058823529412,0.0,52428800,NVIDIA H100 80GB HBM3
gemm,fp32,warm,512.0,8192.0,8192.0,0.0,301989888.0,68719476736.0,301989888.0,h100,1.34183776378632,1.341642498970032,1.342191052436832,0.0002759380182483,225.05693024159825,51.21295479275481,227.55555555555557,0.0,52428800,NVIDIA H100 80GB HBM3
gemm,fp32,warm,1024.0,8192.0,8192.0,0.0,335544320.0,137438953472.0,335544320.0,h100,2.66005945205688,2.659892177581788,2.660836601257326,0.0001933746571028,126.14166188674534,51.66762470881089,409.6,0.0,52428800,NVIDIA H100 80GB HBM3
gemm,fp32,warm,2048.0,8192.0,8192.0,0.0,402653184.0,274877906944.0,402653184.0,h100,5.31726932525635,5.315567016601564,5.31938762664795,0.0003781233852525,75.72555749385288,51.69531391580356,682.6666666666666,0.0,52428800,NVIDIA H100 80GB HBM3
gemm,fp64,warm,256.0,256.0,256.0,0.0,1572864.0,33554432.0,1572864.0,h100,0.0060969595797359,0.0060710719786584,0.0061140798032283,0.0044612357893888,257.975139810277,5.50346964928591,21.33333333333333,0.0,52428800,NVIDIA H100 80GB HBM3
gemm,fp64,cold,256.0,256.0,256.0,0.0,1572864.0,33554432.0,1572864.0,h100,0.012640000320971,0.0122752003371715,0.0127488002181053,0.0265822591748311,124.4354398781513,2.654622717400561,21.33333333333333,0.0,52428800,NVIDIA H100 80GB HBM3
gemm,fp64,warm,512.0,512.0,512.0,0.0,6291456.0,268435456.0,6291456.0,h100,0.0087958397343754,0.008786560408771,0.0088359357789158,0.003810858025672,715.2763340391518,30.518456919003807,42.66666666666666,0.0,52428800,NVIDIA H100 80GB HBM3
gemm,fp64,cold,512.0,512.0,512.0,0.0,6291456.0,268435456.0,6291456.0,h100,0.0186240002512932,0.0185088001191616,0.0192639995366335,0.0335051592789614,337.8144284315685,14.413415613080256,42.66666666666666,0.0,52428800,NVIDIA H100 80GB HBM3
gemm,fp64,warm,1024.0,1024.0,1024.0,0.0,25165824.0,2147483648.0,25165824.0,h100,0.0410656034946442,0.0410572469234466,0.041073440015316,0.0002863437482085,612.8200210982444,52.293975133716856,85.33333333333333,0.0,52428800,NVIDIA H100 80GB HBM3
gemm,fp64,cold,1024.0,1024.0,1024.0,0.0,25165824.0,2147483648.0,25165824.0,h100,0.0486080013215542,0.0485440008342266,0.0489087998867035,0.0046082532559691,517.7300715065761,44.17963276856116,85.33333333333333,0.0,52428800,NVIDIA H100 80GB HBM3
gemm,fp64,warm,2048.0,2048.0,2048.0,0.0,100663296.0,17179869184.0,100663296.0,h100,0.281652390956879,0.2816104769706724,0.2820374369621274,0.0007838055353869,357.40259707367994,60.99670990057471,170.66666666666666,0.0,52428800,NVIDIA H100 80GB HBM3
gemm,fp64,cold,2048.0,2048.0,2048.0,0.0,100663296.0,17179869184.0,100663296.0,h100,0.288832008838654,0.2884479999542234,0.2894911885261534,0.0018280274638016,348.5184914398877,59.48048920574083,170.66666666666666,0.0,52428800,NVIDIA H100 80GB HBM3
gemm,fp64,warm,4096.0,4096.0,4096.0,0.0,402653184.0,137438953472.0,402653184.0,h100,2.17781686782837,2.1766242504119857,2.178323888778686,0.0006008040351964,184.88844950563237,63.10859076458918,341.3333333333333,0.0,52428800,NVIDIA H100 80GB HBM3
gemm,fp64,warm,8192.0,8192.0,8192.0,0.0,1610612736.0,1099511627776.0,1610612736.0,h100,17.1245441436768,17.11557121276854,17.66526031494144,0.010805570786909,94.05288237086972,64.20676769851373,682.6666666666666,0.0,52428800,NVIDIA H100 80GB HBM3
gemm,fp64,warm,1.0,8192.0,8192.0,0.0,537001984.0,134217728.0,537001984.0,h100,0.17128424346447,0.1712367027997974,0.1713499337434768,0.0004832665793258,3135.151098188386,0.7835964668159403,0.2499389797412741,0.0,52428800,NVIDIA H100 80GB HBM3
gemm,fp64,warm,2.0,8192.0,8192.0,0.0,537133056.0,268435456.0,537133056.0,h100,0.186923190951347,0.1868547707796093,0.187113615870476,0.0010146519471994,2873.549575449987,1.436073579922297,0.4997559785261103,0.0,52428800,NVIDIA H100 80GB HBM3
gemm,fp64,warm,4.0,8192.0,8192.0,0.0,537395200.0,536870912.0,537395200.0,h100,0.186049863696098,0.185966727137566,0.1861024230718614,0.0003105979330568,2888.4471577888653,2.885629160561754,0.9990243902439024,0.0,52428800,NVIDIA H100 80GB HBM3
gemm,fp64,warm,8.0,8192.0,8192.0,0.0,537919488.0,1073741824.0,537919488.0,h100,0.183858156204224,0.183777791261673,0.1839464545249936,0.0006250348502316,2925.7308955197805,5.840055432772427,1.996101364522417,0.0,52428800,NVIDIA H100 80GB HBM3
gemm,fp64,warm,16.0,8192.0,8192.0,0.0,538968064.0,2147483648.0,538968064.0,h100,0.181634724140167,0.1815990388393402,0.1817215979099274,0.0004204917427576,2967.3184274174355,11.82308976527414,3.9844357976653697,0.0,52428800,NVIDIA H100 80GB HBM3
gemm,fp64,warm,32.0,8192.0,8192.0,0.0,541065216.0,4294967296.0,541065216.0,h100,0.183698758482933,0.1836622834205628,0.1837269574403761,0.0001834063862882,2945.393972547012,23.380491689055347,7.937984496124031,0.0,52428800,NVIDIA H100 80GB HBM3
gemm,fp64,warm,64.0,8192.0,8192.0,0.0,545259520.0,8589934592.0,545259520.0,h100,0.199057653546333,0.1989392042160034,0.1991365373134614,0.0003943546795136,2739.2039958568307,43.15299833472915,15.753846153846156,0.0,52428800,NVIDIA H100 80GB HBM3
gemm,fp64,warm,128.0,8192.0,8192.0,0.0,553648128.0,17179869184.0,553648128.0,h100,0.314609825611115,0.3143231987953184,0.3146931231021881,0.0007786631887644,1759.7928701831363,54.60690603234944,31.03030303030303,0.0,52428800,NVIDIA H100 80GB HBM3
gemm,fp64,warm,256.0,8192.0,8192.0,0.0,570425344.0,34359738368.0,570425344.0,h100,0.57898074388504,0.5782904744148254,0.5792330861091614,0.000755840857512,985.2233429601956,59.34521783477886,60.23529411764706,0.0,52428800,NVIDIA H100 80GB HBM3
gemm,fp64,warm,512.0,8192.0,8192.0,0.0,603979776.0,68719476736.0,603979776.0,h100,1.12482070922852,1.1239205837249762,1.125712561607358,0.0009739096705254,536.9564865268627,61.09371580038972,113.77777777777776,0.0,52428800,NVIDIA H100 80GB HBM3
gemm,fp64,warm,1024.0,8192.0,8192.0,0.0,671088640.0,137438953472.0,671088640.0,h100,2.20934391021729,2.208466482162478,2.210693693161014,0.0005922845987662,303.7501933929327,62.20803960687262,204.8,0.0,52428800,NVIDIA H100 80GB HBM3
gemm,fp64,warm,2048.0,8192.0,8192.0,0.0,805306368.0,274877906944.0,805306368.0,h100,4.396240234375,4.390235137939456,4.4079200744628935,0.0026668773775478,183.1807010233798,62.52567928264697,341.3333333333333,0.0,52428800,NVIDIA H100 80GB HBM3
gemm,fp16,warm,256.0,256.0,256.0,0.0,393216.0,33554432.0,393216.0,h100,0.0044553596526384,0.0044418882578611,0.0044647679664194,0.0038425713214268,88.2568480789513,7.531251036070511,85.33333333333333,0.0001984265214773,52428800,NVIDIA H100 80GB HBM3
gemm,fp16,cold,256.0,256.0,256.0,0.0,393216.0,33554432.0,393216.0,h100,0.0093440003693103,0.0091711997985839,0.0094720000401139,0.0136986342330401,42.08219011757388,3.5910135566996377,85.33333333333333,0.0001984265214773,52428800,NVIDIA H100 80GB HBM3
gemm,fp16,warm,512.0,512.0,512.0,0.0,1572864.0,268435456.0,1572864.0,h100,0.0044832001440227,0.0044701441191136,0.0045186561532318,0.0043362317022136,350.8351065024493,59.875858176418014,170.66666666666666,0.000200911459712,52428800,NVIDIA H100 80GB HBM3
gemm,fp16,cold,512.0,512.0,512.0,0.0,1572864.0,268435456.0,1572864.0,h100,0.0102719999849796,0.010169600136578,0.010483200289309,0.0140187076883824,153.1214955510072,26.13273524070523,170.66666666666666,0.000200911459712,52428800,NVIDIA H100 80GB HBM3
gemm,fp16,warm,1024.0,1024.0,1024.0,0.0,6291456.0,2147483648.0,6291456.0,h100,0.0066492799669504,0.006635935883969,0.0066553921438753,0.0015641260517031,946.1860579297384,322.9648411066841,341.3333333333333,0.0001899405204345,52428800,NVIDIA H100 80GB HBM3
gemm,fp16,cold,1024.0,1024.0,1024.0,0.0,6291456.0,2147483648.0,6291456.0,h100,0.0126080000773072,0.0125183997675776,0.0130368001759052,0.0355330436689713,499.005073082433,170.32706494547045,341.3333333333333,0.0001899405204345,52428800,NVIDIA H100 80GB HBM3
gemm,fp16,warm,2048.0,2048.0,2048.0,0.0,25165824.0,17179869184.0,25165824.0,h100,0.023783840239048,0.0232008963823318,0.0238065604120492,0.020457555620506,1058.1059974781986,722.3336942784501,682.6666666666666,0.0002214878090706,52428800,NVIDIA H100 80GB HBM3
gemm,fp16,cold,2048.0,2048.0,2048.0,0.0,25165824.0,17179869184.0,25165824.0,h100,0.0299839992076159,0.029849600046873,0.0301440004259348,0.005336189008293,839.3084533436056,572.9679041492349,682.6666666666666,0.0002214878090706,52428800,NVIDIA H100 80GB HBM3
gemm,fp16,warm,4096.0,4096.0,4096.0,0.0,100663296.0,137438953472.0,100663296.0,h100,0.177755862474442,0.1661186158657072,0.1825788170099262,0.0812924375685002,566.3008499338441,773.1894271096751,1365.3333333333333,0.0002273709783179,52428800,NVIDIA H100 80GB HBM3
gemm,fp16,warm,8192.0,8192.0,8192.0,0.0,402653184.0,1099511627776.0,402653184.0,h100,1.45412123203278,1.37637712955475,1.460947132110594,0.026890275029956,276.9048241164276,756.1347730539251,2730.6666666666665,0.0002014828336355,52428800,NVIDIA H100 80GB HBM3
gemm,fp16,warm,1.0,8192.0,8192.0,0.0,134250496.0,134217728.0,134250496.0,h100,0.0466963201761246,0.0465513907372951,0.0469369255006313,0.0047284200939647,2874.9694942480937,2.8742677687186213,0.9997559189650964,0.0002413515983138,52428800,NVIDIA H100 80GB HBM3
gemm,fp16,warm,2.0,8192.0,8192.0,0.0,134283264.0,268435456.0,134283264.0,h100,0.0586895979940891,0.058644063770771,0.058805663883686,0.0006406159459642,2288.024941208905,4.57381657354401,1.9990239141044408,0.0003341280574451,52428800,NVIDIA H100 80GB HBM3
gemm,fp16,warm,4.0,8192.0,8192.0,0.0,134348800.0,536870912.0,134348800.0,h100,0.0602182373404503,0.0601532153785228,0.0602797120809555,0.0015809129888497,2231.031759372905,8.91542057208919,3.9960975609756098,0.0002622357767924,52428800,NVIDIA H100 80GB HBM3
gemm,fp16,warm,8.0,8192.0,8192.0,0.0,134479872.0,1073741824.0,134479872.0,h100,0.0498655997216702,0.0498585604131221,0.0498932167887687,9.625947700193746e-05,2696.846578615574,21.53271654192864,7.984405458089668,0.0001884462654639,52428800,NVIDIA H100 80GB HBM3
gemm,fp16,warm,16.0,8192.0,8192.0,0.0,134742016.0,2147483648.0,134742016.0,h100,0.0491044819355011,0.0490681581199169,0.0491134077310562,0.0006500834813709,2743.986102469915,43.73294581990962,15.93774319066148,0.0002192352371322,52428800,NVIDIA H100 80GB HBM3
gemm,fp16,warm,32.0,8192.0,8192.0,0.0,135266304.0,4294967296.0,135266304.0,h100,0.0477043204009533,0.0476931542158126,0.0477213427424431,0.0001475143826524,2835.514747156882,90.03308840584954,31.751937984496124,0.0002453159182464,52428800,NVIDIA H100 80GB HBM3
gemm,fp16,warm,64.0,8192.0,8192.0,0.0,136314880.0,8589934592.0,136314880.0,h100,0.048240639269352,0.0482294730842113,0.0482524469494819,0.0003548786215489,2825.727064661908,178.06427779777192,63.01538461538462,0.0002063616112378,52428800,NVIDIA H100 80GB HBM3
gemm,fp16,warm,128.0,8192.0,8192.0,0.0,138412032.0,17179869184.0,138412032.0,h100,0.0494676791131496,0.0494464963674545,0.0494792960584164,0.0004188983121252,2798.029632306057,347.29482951289725,124.12121212121212,0.0002660988993651,52428800,NVIDIA H100 80GB HBM3
gemm,fp16,warm,256.0,8192.0,8192.0,0.0,142606336.0,34359738368.0,142606336.0,h100,0.0540700815618038,0.0537492483854293,0.0551615677773952,0.0159762832958086,2637.435193009585,635.4667382686623,240.94117647058823,0.0002089550692324,52428800,NVIDIA H100 80GB HBM3
gemm,fp16,warm,512.0,8192.0,8192.0,0.0,150994944.0,68719476736.0,150994944.0,h100,0.0929244756698608,0.0897680819034576,0.0966326266527176,0.0290203856411803,1624.921129891011,739.5196608926202,455.1111111111111,0.0002104103882757,52428800,NVIDIA H100 80GB HBM3
gemm,fp16,warm,1024.0,8192.0,8192.0,0.0,167772160.0,137438953472.0,167772160.0,h100,0.176653504371643,0.1755677968263626,0.1768690973520278,0.0006655410671739,949.7244937017584,778.0143052404803,819.2,0.0002004140174646,52428800,NVIDIA H100 80GB HBM3
gemm,fp16,warm,2048.0,8192.0,8192.0,0.0,201326592.0,274877906944.0,201326592.0,h100,0.349001705646515,0.3420830965042116,0.3490458130836488,0.0027359935319875,576.8642065145459,787.6119299611934,1365.3333333333333,0.0002256969776948,52428800,NVIDIA H100 80GB HBM3
gemm,bf16,warm,256.0,256.0,256.0,0.0,393216.0,33554432.0,393216.0,h100,0.0045039998367428,0.0044919679872691,0.0045313598588109,0.0041208027157238,87.30373318227265,7.449918564887267,85.33333333333333,0.0015699538480616,52428800,NVIDIA H100 80GB HBM3
gemm,bf16,cold,256.0,256.0,256.0,0.0,393216.0,33554432.0,393216.0,h100,0.0094400001689791,0.0091071996837854,0.0095039997249841,0.0203389895722457,41.65423654251077,3.554494851627586,85.33333333333333,0.0015699538480616,52428800,NVIDIA H100 80GB HBM3
gemm,bf16,warm,512.0,512.0,512.0,0.0,1572864.0,268435456.0,1572864.0,h100,0.0045187198556959,0.0045029759407043,0.004537567961961,0.0059840000032974,348.0773427494881,59.405199829245966,170.66666666666666,0.0016239479948725,52428800,NVIDIA H100 80GB HBM3
gemm,bf16,cold,512.0,512.0,512.0,0.0,1572864.0,268435456.0,1572864.0,h100,0.0103040002286434,0.010054400190711,0.0105791997164487,0.0372670021500627,152.64595934574038,26.051577061673022,170.66666666666666,0.0016239479948725,52428800,NVIDIA H100 80GB HBM3
gemm,bf16,warm,1024.0,1024.0,1024.0,0.0,6291456.0,2147483648.0,6291456.0,h100,0.006611359771341,0.0066056960262358,0.0066251839511096,0.0017303753042643,951.6130142050644,324.8172421819953,341.3333333333333,0.0014144454356515,52428800,NVIDIA H100 80GB HBM3
gemm,bf16,cold,1024.0,1024.0,1024.0,0.0,6291456.0,2147483648.0,6291456.0,h100,0.0125759998336434,0.0124927995726466,0.0128127999603748,0.0101781576564171,500.2748157779913,170.760470452221,341.3333333333333,0.0014144454356515,52428800,NVIDIA H100 80GB HBM3
gemm,bf16,warm,2048.0,2048.0,2048.0,0.0,25165824.0,17179869184.0,25165824.0,h100,0.0231387205421925,0.023129503801465,0.0231470078229904,0.0003872809560325,1087.606549122332,742.4727375341786,682.6666666666666,0.0015212681809329,52428800,NVIDIA H100 80GB HBM3
gemm,bf16,cold,2048.0,2048.0,2048.0,0.0,25165824.0,17179869184.0,25165824.0,h100,0.0294400006532669,0.0293760001659393,0.0295168004930019,0.0016304471613648,854.8173723361449,583.5553261814748,682.6666666666666,0.0015212681809329,52428800,NVIDIA H100 80GB HBM3
gemm,bf16,warm,4096.0,4096.0,4096.0,0.0,100663296.0,137438953472.0,100663296.0,h100,0.181884467601776,0.1613275140523914,0.1900629699230194,0.1346021156704117,553.4463570599971,755.638759505916,1365.3333333333333,0.0017106645640478,52428800,NVIDIA H100 80GB HBM3
gemm,bf16,warm,8192.0,8192.0,8192.0,0.0,402653184.0,1099511627776.0,402653184.0,h100,1.45656371116638,1.381324338912962,1.46897180080414,0.0256299401352486,276.4404886055861,754.8668275523207,2730.6666666666665,0.001961559904137,52428800,NVIDIA H100 80GB HBM3
gemm,bf16,warm,1.0,8192.0,8192.0,0.0,134250496.0,134217728.0,134250496.0,h100,0.0467278398573399,0.0466352954506873,0.046765312552452,0.0005820985347769,2873.030219455185,2.872328967265911,0.9997559189650964,0.0015990532871483,52428800,NVIDIA H100 80GB HBM3
gemm,bf16,warm,2.0,8192.0,8192.0,0.0,134283264.0,268435456.0,134283264.0,h100,0.057991199195385,0.0579482875764369,0.058093599230051,0.0011367392878753,2315.5800511655293,4.628899897303079,1.9990239141044408,0.0025542627029183,52428800,NVIDIA H100 80GB HBM3
gemm,bf16,warm,4.0,8192.0,8192.0,0.0,134348800.0,536870912.0,134348800.0,h100,0.0604617595672607,0.0604172475636005,0.0604771830141544,0.0003864121433782,2222.045818076856,8.879511873992978,3.9960975609756098,0.0026630088725515,52428800,NVIDIA H100 80GB HBM3
gemm,bf16,warm,8.0,8192.0,8192.0,0.0,134479872.0,1073741824.0,134479872.0,h100,0.0499086380004883,0.0498861759901046,0.0499297261238098,0.0003622758942736,2694.5209764827537,21.514147991566,7.984405458089668,0.0016939623537978,52428800,NVIDIA H100 80GB HBM3
gemm,bf16,warm,16.0,8192.0,8192.0,0.0,134742016.0,2147483648.0,134742016.0,h100,0.0489547215402126,0.0489408001303672,0.0489984951913356,0.0004788381685267,2752.380398881845,43.86673196038925,15.93774319066148,0.001948402555698,52428800,NVIDIA H100 80GB HBM3
gemm,bf16,warm,32.0,8192.0,8192.0,0.0,135266304.0,4294967296.0,135266304.0,h100,0.0476484820246696,0.0476372800767421,0.0476609282195568,0.0003408768760541,2838.837634532975,90.13859651974468,31.751937984496124,0.0016650696901783,52428800,NVIDIA H100 80GB HBM3
gemm,bf16,warm,64.0,8192.0,8192.0,0.0,136314880.0,8589934592.0,136314880.0,h100,0.0481960028409958,0.0481821753084659,0.0482099503278732,0.0002423571881953,2828.344094212928,178.2291909214793,63.01538461538462,0.0015532854263537,52428800,NVIDIA H100 80GB HBM3
gemm,bf16,warm,128.0,8192.0,8192.0,0.0,138412032.0,17179869184.0,138412032.0,h100,0.0494380816817284,0.0494215682148933,0.0494561605155468,0.0005178610638853,2799.704747669348,347.50274686223173,124.12121212121212,0.0017658919966917,52428800,NVIDIA H100 80GB HBM3
gemm,bf16,warm,256.0,8192.0,8192.0,0.0,142606336.0,34359738368.0,142606336.0,h100,0.0539126396179199,0.0538000330328941,0.0543891198933124,0.0029721745288026,2645.1373371931763,637.3225019496031,240.94117647058823,0.0014572168435032,52428800,NVIDIA H100 80GB HBM3
gemm,bf16,warm,512.0,8192.0,8192.0,0.0,150994944.0,68719476736.0,150994944.0,h100,0.0928146094083786,0.090171830356121,0.0938796341419219,0.0241642575163963,1626.844577189691,740.395043129886,455.1111111111111,0.0017062043159246,52428800,NVIDIA H100 80GB HBM3
gemm,bf16,warm,1024.0,8192.0,8192.0,0.0,167772160.0,137438953472.0,167772160.0,h100,0.17351046204567,0.1724761843681338,0.1748688310384752,0.0033195810063307,966.9282072215356,792.107587355882,819.2,0.0017767034432755,52428800,NVIDIA H100 80GB HBM3
gemm,bf16,warm,2048.0,8192.0,8192.0,0.0,201326592.0,274877906944.0,201326592.0,h100,0.342559456825256,0.338435918092728,0.345946043729782,0.005187009521516,587.7128422196772,802.4239339105992,1365.3333333333333,0.0016934063772307,52428800,NVIDIA H100 80GB HBM3
gemm,tf32,warm,256.0,256.0,256.0,0.0,786432.0,33554432.0,786432.0,h100,0.006303200032562,0.0062987520359456,0.0063058882020413,0.0006599429270903,124.76710177962482,5.323396342597325,42.66666666666666,0.0,52428800,NVIDIA H100 80GB HBM3
gemm,tf32,cold,256.0,256.0,256.0,0.0,786432.0,33554432.0,786432.0,h100,0.0109759997576475,0.0108223998919129,0.0112767998129129,0.0233235811458116,71.65014735464581,3.0570729537982206,42.66666666666666,0.0,52428800,NVIDIA H100 80GB HBM3
gemm,tf32,warm,512.0,512.0,512.0,0.0,3145728.0,268435456.0,3145728.0,h100,0.0084561593830585,0.0084443835541605,0.0087573440745472,0.0109648060096927,372.0043411554296,31.74437044526333,85.33333333333333,0.0,52428800,NVIDIA H100 80GB HBM3
gemm,tf32,cold,512.0,512.0,512.0,0.0,3145728.0,268435456.0,3145728.0,h100,0.0133760003373027,0.0130239998921751,0.0135936003178358,0.0227272711448587,235.177027562362,20.068439685321557,85.33333333333333,0.0,52428800,NVIDIA H100 80GB HBM3
gemm,tf32,warm,1024.0,1024.0,1024.0,0.0,12582912.0,2147483648.0,12582912.0,h100,0.0154879996553063,0.015478335879743,0.0154906561598182,0.0002376111334906,812.4297701471735,138.65468077178429,170.66666666666666,0.0,52428800,NVIDIA H100 80GB HBM3
gemm,tf32,cold,1024.0,1024.0,1024.0,0.0,12582912.0,2147483648.0,12582912.0,h100,0.0242560002952814,0.0240384005010128,0.0265344005078077,0.0065963178202766,518.7546110991677,88.53412029425796,170.66666666666666,0.0,52428800,NVIDIA H100 80GB HBM3
gemm,tf32,warm,2048.0,2048.0,2048.0,0.0,50331648.0,17179869184.0,50331648.0,h100,0.0470342412590981,0.0469869762659072,0.0512683533132076,0.0499500303271322,1070.106515011849,365.2630237907112,341.3333333333333,0.0,52428800,NVIDIA H100 80GB HBM3
gemm,tf32,cold,2048.0,2048.0,2048.0,0.0,50331648.0,17179869184.0,50331648.0,h100,0.0553280003368855,0.0552191995084285,0.0567040011286735,0.0092539407326839,909.6957723672766,310.50949030136377,341.3333333333333,0.0,52428800,NVIDIA H100 80GB HBM3
gemm,tf32,warm,4096.0,4096.0,4096.0,0.0,201326592.0,137438953472.0,201326592.0,h100,0.36953392624855,0.325708168745041,0.3748955309391022,0.0651610496261112,544.8122018019718,371.92512976347945,682.6666666666666,0.0,52428800,NVIDIA H100 80GB HBM3
gemm,tf32,warm,8192.0,8192.0,8192.0,0.0,805306368.0,1099511627776.0,805306368.0,h100,2.8699038028717,2.80178227424622,2.897682142257692,0.0218701548833955,280.6039586393765,383.1179381956288,1365.3333333333333,0.0,52428800,NVIDIA H100 80GB HBM3
gemm,tf32,warm,1.0,8192.0,8192.0,0.0,268500992.0,134217728.0,268500992.0,h100,0.0910129770636559,0.0909383848309517,0.0916147917509078,0.0020167319454579,2950.139646703417,1.4747097867826695,0.4998779594825482,0.0,52428800,NVIDIA H100 80GB HBM3
gemm,tf32,warm,2.0,8192.0,8192.0,0.0,268566528.0,268435456.0,268566528.0,h100,0.11505851149559,0.1149578407406806,0.115135881304741,0.0011225229056866,2334.1734958069023,2.3330343188933806,0.9995119570522206,0.0,52428800,NVIDIA H100 80GB HBM3
gemm,tf32,warm,4.0,8192.0,8192.0,0.0,268697600.0,536870912.0,268697600.0,h100,0.103751048445702,0.1036654233932496,0.1039445027709006,0.0010603774587547,2589.8302140110186,5.174607100775186,1.9980487804878049,0.0,52428800,NVIDIA H100 80GB HBM3
gemm,tf32,warm,8.0,8192.0,8192.0,0.0,268959744.0,1073741824.0,268959744.0,h100,0.0988319143652916,0.0988266095519066,0.0988871216773986,0.0003194498000184,2721.3855537180098,10.864322834336226,3.992202729044834,0.0,52428800,NVIDIA H100 80GB HBM3
gemm,tf32,warm,16.0,8192.0,8192.0,0.0,269484032.0,2147483648.0,269484032.0,h100,0.0982676222920418,0.0982327550649642,0.0982839912176132,0.000189396567221,2742.34814799039,21.853420261028475,7.968871595330739,0.0,52428800,NVIDIA H100 80GB HBM3
gemm,tf32,warm,32.0,8192.0,8192.0,0.0,270532608.0,4294967296.0,270532608.0,h100,0.096507839858532,0.0964782640337943,0.0965367630124092,0.0002400204492174,2803.218975749181,44.50381753747536,15.875968992248062,0.0,52428800,NVIDIA H100 80GB HBM3
gemm,tf32,warm,64.0,8192.0,8192.0,0.0,272629760.0,8589934592.0,272629760.0,h100,0.103615306317806,0.1035875841975214,0.1036554113030432,0.0001938950073396,2631.172648988727,82.90217823275252,31.50769230769231,0.0,52428800,NVIDIA H100 80GB HBM3
gemm,tf32,warm,128.0,8192.0,8192.0,0.0,276824064.0,17179869184.0,276824064.0,h100,0.0963250547647476,0.0962938949465751,0.0963658452033996,0.0005612393675076,2873.853170144371,178.35306946835368,62.06060606060606,0.0,52428800,NVIDIA H100 80GB HBM3
gemm,tf32,warm,256.0,8192.0,8192.0,0.0,285212672.0,34359738368.0,285212672.0,h100,0.114652246236801,0.1145776182413098,0.1165422633290288,0.0118929471644954,2487.632657548864,299.68656956823963,120.47058823529412,0.0,52428800,NVIDIA H100 80GB HBM3
gemm,tf32,warm,512.0,8192.0,8192.0,0.0,301989888.0,68719476736.0,301989888.0,h100,0.175291076302528,0.172119563817978,0.1783222198486327,0.018464226679198,1722.7909963813986,392.0306622876783,227.55555555555557,0.0,52428800,NVIDIA H100 80GB HBM3
gemm,tf32,warm,1024.0,8192.0,8192.0,0.0,335544320.0,137438953472.0,335544320.0,h100,0.328840434551239,0.3242672324180602,0.3301562428474426,0.0141980907470625,1020.3864389666973,417.9502854007591,409.6,0.0,52428800,NVIDIA H100 80GB HBM3
gemm,tf32,warm,2048.0,8192.0,8192.0,0.0,402653184.0,274877906944.0,402653184.0,h100,0.686377584934235,0.6462154626846314,0.7026805043220516,0.0640075272426166,586.6351012010103,400.4762290865564,682.6666666666666,0.0,52428800,NVIDIA H100 80GB HBM3
read_reduce,fp32,warm,0.0,16777216.0,0.0,0.0,71303168.0,0.0,71303168.0,h100,0.0267612785100937,0.0267271362245083,0.0267687041312456,0.0006457348577528,2664.4156023078717,0.0,0.0,0.0,52428800,NVIDIA H100 80GB HBM3
read_reduce,fp32,warm,0.0,67108864.0,0.0,0.0,272629760.0,0.0,272629760.0,h100,0.0912320017814636,0.0912157788872719,0.0912579521536827,0.0002762362808766,2988.3128143242448,0.0,0.0,0.0,52428800,NVIDIA H100 80GB HBM3
read_reduce,fp32,warm,0.0,134217728.0,0.0,0.0,541065216.0,0.0,541065216.0,h100,0.17539456486702,0.1753170311450956,0.1754198312759402,0.000247652399682,3084.845966636554,0.0,0.0,0.0,52428800,NVIDIA H100 80GB HBM3
gemm,fp8_e4m3,warm,256.0,256.0,256.0,0.0,262152.0,33554432.0,262152.0,h100,0.0043089599348604,0.0040471999906003,0.0043570240028202,0.0503694255346223,60.8388112126851,7.787130190869723,127.99609386920564,0.0001655438077451,52428800,NVIDIA H100 80GB HBM3
gemm,fp8_e4m3,warm,512.0,512.0,512.0,0.0,1048584.0,268435456.0,1048584.0,h100,0.0040452796965837,0.0040327039547264,0.0040808320045471,0.0073369676575998,259.2117427345092,66.35769987096182,255.99804688990105,0.0001959319195084,52428800,NVIDIA H100 80GB HBM3
gemm,fp8_e4m3,warm,1024.0,1024.0,1024.0,0.0,4194312.0,2147483648.0,4194312.0,h100,0.0055503998883068,0.0055447680875658,0.0055610562674701,0.0013548508720197,755.6774438606203,386.90611329179137,511.99902343936265,0.0002203731078509,52428800,NVIDIA H100 80GB HBM3
gemm,fp8_e4m3,warm,2048.0,2048.0,2048.0,0.0,16777224.0,17179869184.0,16777224.0,h100,0.0153982397168875,0.0153902715072035,0.0154176315292716,0.0007065856992743,1089.5546704341891,1115.703450515747,1023.9995117189828,0.0002671880664032,52428800,NVIDIA H100 80GB HBM3
gemm,fp8_e4m3,warm,4096.0,4096.0,4096.0,0.0,67108872.0,137438953472.0,67108872.0,h100,0.106660395860672,0.1010976850986482,0.1123987615108488,0.0590582406077318,629.1826638976924,1288.5659420534437,2047.999755859404,0.0002161337444008,52428800,NVIDIA H100 80GB HBM3
gemm,fp8_e4m3,warm,8192.0,8192.0,8192.0,0.0,268435464.0,1099511627776.0,268435464.0,h100,0.841795682907104,0.7890638470649718,0.859752583503723,0.0687402694104106,318.8843438504817,1306.1502334852626,4095.999877929691,0.0002217307610558,52428800,NVIDIA H100 80GB HBM3
gemm,fp8_e4m3,warm,16.0,8192.0,8192.0,0.0,67502088.0,2147483648.0,67502088.0,h100,0.0268660802394152,0.0263730242848396,0.0269144635647535,0.0168807172292497,2512.5395070088325,79.93289787206952,31.81358846262652,0.0002530148875453,52428800,NVIDIA H100 80GB HBM3
gemm,fp8_e4m3,warm,32.0,8192.0,8192.0,0.0,67895304.0,4294967296.0,67895304.0,h100,0.026635680347681,0.0266149770468473,0.0267734076827764,0.0032197378419269,2549.035846419114,161.24864242012634,63.25867980501273,0.0002319161509569,52428800,NVIDIA H100 80GB HBM3
gemm,fp8_e4m3,warm,64.0,8192.0,8192.0,0.0,68681736.0,8589934592.0,68681736.0,h100,0.0272271987050772,0.0272191680967807,0.0272374723106622,0.0003379170885079,2522.541402218971,315.4909429003502,125.0686877221624,0.0001987323186798,52428800,NVIDIA H100 80GB HBM3
gemm,fp8_e4m3,warm,128.0,8192.0,8192.0,0.0,70254600.0,17179869184.0,70254600.0,h100,0.028100959956646,0.0280948154628276,0.0281294714659452,0.00071742530518,2500.0782929974066,611.3623595245501,244.5372855869936,0.0002148092439754,52428800,NVIDIA H100 80GB HBM3
gemm,fp8_e4m3,warm,256.0,8192.0,8192.0,0.0,73400328.0,34359738368.0,73400328.0,h100,0.0314689576625824,0.0314501442015171,0.0322565421462058,0.0233397700400502,2332.467722223776,1091.8613427369676,468.11423469388313,0.0002163155530325,52428800,NVIDIA H100 80GB HBM3
gemm,fp8_e4m3,warm,512.0,8192.0,8192.0,0.0,79691784.0,68719476736.0,79691784.0,h100,0.056897759437561,0.052222752571106,0.060928289592266,0.1426643002830545,1400.613746266282,1207.7712271150506,862.315702908596,0.000221544427151,52428800,NVIDIA H100 80GB HBM3
gemm,fp8_e4m3,warm,1024.0,8192.0,8192.0,0.0,92274696.0,137438953472.0,92274696.0,h100,0.104272194206715,0.1033381924033166,0.1137392595410346,0.0763680230696601,884.9405798162212,1318.0786547901098,1489.4544163223252,0.0002176910947441,52428800,NVIDIA H100 80GB HBM3
gemm,fp8_e4m3,warm,2048.0,8192.0,8192.0,0.0,117440520.0,274877906944.0,117440520.0,h100,0.218818709254265,0.1980784416198732,0.2669211030006406,0.2029038776820022,536.7023706530293,1256.1901488258704,2340.571269132664,0.0001937280562835,52428800,NVIDIA H100 80GB HBM3
copy,fp32,warm,0.0,1024.0,0.0,0.0,8192.0,0.0,8192.0,h200,0.0016785599291324,0.0016767040127888,0.0016867199912667,0.0024782713028631,4.880373859653566,0.0,0.0,0.0,62914560,NVIDIA H200
add,fp32,warm,0.0,1024.0,0.0,0.0,12288.0,1024.0,12288.0,h200,0.0016935999738052,0.0016883839853107,0.0017044160049408,0.0057156651954154,7.255550419259169,0.0006046292016049,0.0833333333333333,0.0,62914560,NVIDIA H200
triad,fp32,warm,0.0,1024.0,0.0,0.0,12288.0,2048.0,12288.0,h200,0.0016963200177997,0.001687711989507,0.001698623993434,0.0032069596091727,7.243916166206951,0.0012073193610344,0.1666666666666666,0.0,62914560,NVIDIA H200
copy,fp32,warm,0.0,16384.0,0.0,0.0,131072.0,0.0,131072.0,h200,0.0018223999068141,0.0018172160023823,0.0018265919061377,0.0027655667172749,71.92274292262157,0.0,0.0,0.0,62914560,NVIDIA H200
add,fp32,warm,0.0,16384.0,0.0,0.0,196608.0,16384.0,196608.0,h200,0.0018275199690833,0.0018228799803182,0.0018336960580199,0.0037208860564768,107.58186138924258,0.0089651551157702,0.0833333333333333,0.0,62914560,NVIDIA H200
triad,fp32,warm,0.0,16384.0,0.0,0.0,196608.0,32768.0,196608.0,h200,0.0018291200976818,0.0018251840025186,0.001833439967595,0.0020556233946202,107.48774793364828,0.017914624655608,0.1666666666666666,0.0,62914560,NVIDIA H200
copy,fp32,warm,0.0,262144.0,0.0,0.0,2097152.0,0.0,2097152.0,h200,0.002456960035488,0.0024548159446567,0.0024609600659459,0.0017908919378151,853.5556011123545,0.0,0.0,0.0,62914560,NVIDIA H200
add,fp32,warm,0.0,262144.0,0.0,0.0,3145728.0,262144.0,3145728.0,h200,0.002498080022633,0.0024909439962357,0.0024994239676743,0.0016012419224901,1259.258298973254,0.1049381915811044,0.0833333333333333,0.0,62914560,NVIDIA H200
triad,fp32,warm,0.0,262144.0,0.0,0.0,3145728.0,524288.0,3145728.0,h200,0.0024952001404017,0.0024933760054409,0.0024993600323796,0.0009618540156055,1260.711695653218,0.210118615942203,0.1666666666666666,0.0,62914560,NVIDIA H200
copy,fp32,warm,0.0,1048576.0,0.0,0.0,8388608.0,0.0,8388608.0,h200,0.0044052801094949,0.0044035519473254,0.0044065279886126,0.0003632032795693,1904.216710742097,0.0,0.0,0.0,62914560,NVIDIA H200
add,fp32,warm,0.0,1048576.0,0.0,0.0,12582912.0,1048576.0,12582912.0,h200,0.0045017600059509,0.0044987841509282,0.0045044801197946,0.0009418713671929,2795.109464601956,0.2329257887168296,0.0833333333333333,0.0,62914560,NVIDIA H200
triad,fp32,warm,0.0,1048576.0,0.0,0.0,12582912.0,2097152.0,12582912.0,h200,0.004497280344367,0.004494655970484,0.0045005760155618,0.000444768372541,2797.8936238121005,0.4663156039686834,0.1666666666666666,0.0,62914560,NVIDIA H200
copy,fp32,warm,0.0,4194304.0,0.0,0.0,33554432.0,0.0,33554432.0,h200,0.0121940802782774,0.0121742721647024,0.0122257279232144,0.0026898120518796,2751.698466326652,0.0,0.0,0.0,62914560,NVIDIA H200
add,fp32,warm,0.0,4194304.0,0.0,0.0,50331648.0,4194304.0,50331648.0,h200,0.016417920589447,0.0164151359349489,0.0164313912391662,0.0002143674645232,3065.653029918529,0.2554710858265441,0.0833333333333333,0.0,62914560,NVIDIA H200
triad,fp32,warm,0.0,4194304.0,0.0,0.0,50331648.0,8388608.0,50331648.0,h200,0.0168222412467003,0.0167789120227098,0.0168558724224567,0.0026821506189757,2991.970407621672,0.4986617346036119,0.1666666666666666,0.0,62914560,NVIDIA H200
copy,fp32,warm,0.0,16777216.0,0.0,0.0,134217728.0,0.0,134217728.0,h200,0.0519799999892712,0.051967966556549,0.0519982405006885,0.0002139282713206,2582.1032710216023,0.0,0.0,0.0,62914560,NVIDIA H200
add,fp32,warm,0.0,16777216.0,0.0,0.0,201326592.0,16777216.0,201326592.0,h200,0.0605759993195534,0.0605519376695155,0.0605813473463058,0.0003355012125526,3323.5372798053622,0.2769614399837802,0.0833333333333333,0.0,62914560,NVIDIA H200
triad,fp32,warm,0.0,16777216.0,0.0,0.0,201326592.0,33554432.0,201326592.0,h200,0.0606105625629425,0.0605942092835903,0.0606255024671554,0.0002771661553785,3321.6420288283507,0.5536070048047251,0.1666666666666666,0.0,62914560,NVIDIA H200
copy,fp32,warm,0.0,67108864.0,0.0,0.0,536870912.0,0.0,536870912.0,h200,0.169741079211235,0.1696797490119932,0.1698251157999036,0.0002770576512535,3162.881457421917,0.0,0.0,0.0,62914560,NVIDIA H200
add,fp32,warm,0.0,67108864.0,0.0,0.0,805306368.0,67108864.0,805306368.0,h200,0.217815458774567,0.217791360616684,0.217824426293373,9.793158102047444e-05,3697.1956560414287,0.3080996380034523,0.0833333333333333,0.0,62914560,NVIDIA H200
triad,fp32,warm,0.0,67108864.0,0.0,0.0,805306368.0,134217728.0,805306368.0,h200,0.218185231089592,0.2181603640317916,0.2182028830051422,4.804618006055e-05,3690.929784653125,0.6151549641088541,0.1666666666666666,0.0,62914560,NVIDIA H200
fma,fp32,streaming,0.0,67108864.0,0.0,1.0,536870912.0,134217728.0,536870912.0,h200,0.132818043231964,0.132794627547264,0.1328560084104542,0.0002256187068549,4042.153452467041,1.0105383631167602,0.25,0.0,62914560,NVIDIA H200
fma,fp64,streaming,0.0,33554432.0,0.0,1.0,536870912.0,67108864.0,536870912.0,h200,0.236474990844727,0.2363304078578948,0.2365776151418688,0.000500486213615,2270.3073592780784,0.2837884199097598,0.125,0.0,62914560,NVIDIA H200
fma,fp32,streaming,0.0,67108864.0,0.0,2.0,536870912.0,268435456.0,536870912.0,h200,0.132921382784843,0.1328648835420606,0.132964465022087,0.0004042508898097,4039.01088562268,2.01950544281134,0.5,0.0,62914560,NVIDIA H200
fma,fp64,streaming,0.0,33554432.0,0.0,2.0,536870912.0,134217728.0,536870912.0,h200,0.230470478534698,0.2303476601839066,0.2305836915969852,0.0006537307588759,2329.456316545863,0.5823640791364658,0.25,0.0,62914560,NVIDIA H200
fma,fp32,streaming,0.0,67108864.0,0.0,4.0,536870912.0,536870912.0,536870912.0,h200,0.13295803964138,0.1329430580139158,0.1329982727766036,0.0003586373260964,4037.897320448397,4.037897320448397,1.0,0.0,62914560,NVIDIA H200
fma,fp64,streaming,0.0,33554432.0,0.0,4.0,536870912.0,268435456.0,536870912.0,h200,0.230587854981422,0.2305560827255252,0.2306723326444628,0.0002677955957066,2328.270550256233,1.1641352751281169,0.5,0.0,62914560,NVIDIA H200
fma,fp32,streaming,0.0,67108864.0,0.0,8.0,536870912.0,1073741824.0,536870912.0,h200,0.133222356438637,0.1331227660179142,0.133248299360275,0.0006399041832649,4029.8860217750753,8.05977204355015,2.0,0.0,62914560,NVIDIA H200
fma,fp64,streaming,0.0,33554432.0,0.0,8.0,536870912.0,536870912.0,536870912.0,h200,0.229968756437302,0.2298322319984438,0.2300534009933472,0.0002997808194949,2334.538483910839,2.334538483910839,1.0,0.0,62914560,NVIDIA H200
fma,fp32,streaming,0.0,67108864.0,0.0,16.0,536870912.0,2147483648.0,536870912.0,h200,0.13345117866993,0.133400845527649,0.1334624886512758,0.0002070176758896,4022.97617264111,16.09190469056444,4.0,0.0,62914560,NVIDIA H200
fma,fp64,streaming,0.0,33554432.0,0.0,16.0,536870912.0,1073741824.0,536870912.0,h200,0.229008361697197,0.2289032220840454,0.2291076481342316,0.000613332824935,2344.3288621481424,4.688657724296284,2.0,0.0,62914560,NVIDIA H200
fma,fp32,streaming,0.0,67108864.0,0.0,32.0,536870912.0,4294967296.0,536870912.0,h200,0.136208683252335,0.1361800581216812,0.136224767565727,0.0001091806962365,3941.53220764504,31.53225766116032,8.0,0.0,62914560,NVIDIA H200
fma,fp64,streaming,0.0,33554432.0,0.0,32.0,536870912.0,2147483648.0,536870912.0,h200,0.217487826943398,0.2173629820346836,0.2176747858524323,0.0007646265138613,2468.5101669608507,9.874040667843405,4.0,0.0,62914560,NVIDIA H200
fma,fp32,streaming,0.0,67108864.0,0.0,64.0,536870912.0,8589934592.0,536870912.0,h200,0.175310850143433,0.1752142846584317,0.1753550261259078,0.0003088420890846,3062.394093467413,48.99830549547861,16.0,0.0,62914560,NVIDIA H200
fma,fp64,streaming,0.0,33554432.0,0.0,64.0,536870912.0,4294967296.0,536870912.0,h200,0.150885924696922,0.1457137316465376,0.15123370885849,0.0221805069296883,3558.124543945297,28.464996351562373,8.0,0.0,62914560,NVIDIA H200
fma,fp32,streaming,0.0,67108864.0,0.0,128.0,536870912.0,17179869184.0,536870912.0,h200,0.309423714876175,0.309394145011902,0.3162054181098938,0.0093813775958612,1735.0671140860832,55.52214765075466,32.0,0.0,62914560,NVIDIA H200
fma,fp64,streaming,0.0,33554432.0,0.0,128.0,536870912.0,8589934592.0,536870912.0,h200,0.275099962949753,0.2750715494155886,0.2752078473567964,0.0002818275250211,1951.548470757372,31.224775532117945,16.0,0.0,62914560,NVIDIA H200
fma,fp32,streaming,0.0,67108864.0,0.0,256.0,536870912.0,34359738368.0,536870912.0,h200,0.579859793186188,0.57974853515625,0.5854529619216918,0.0062350740350479,925.8633178376198,59.25525234160767,64.0,0.0,62914560,NVIDIA H200
fma,fp64,streaming,0.0,33554432.0,0.0,256.0,536870912.0,17179869184.0,536870912.0,h200,0.533759117126465,0.5337311029434204,0.5338288426399228,5.019546639460983e-05,1005.8299610698692,32.18655875423581,32.0,0.0,62914560,NVIDIA H200
fma,fp32,streaming,0.0,67108864.0,0.0,512.0,536870912.0,68719476736.0,536870912.0,h200,1.12690830230713,1.124584364891052,1.1273076772689838,0.0021998389538702,476.4104682704521,60.980539938617866,128.0,0.0,62914560,NVIDIA H200
fma,fp64,streaming,0.0,33554432.0,0.0,512.0,536870912.0,34359738368.0,536870912.0,h200,1.05476260185242,1.054663157463074,1.054898095130918,7.832287332697404e-05,508.9969165166872,32.575802657067975,64.0,0.0,62914560,NVIDIA H200
fma,fp32,streaming,0.0,67108864.0,0.0,1024.0,536870912.0,137438953472.0,536870912.0,h200,2.25078010559082,2.246072864532474,2.2528247833252,0.0017167073285444,238.5265938091601,61.06280801514499,256.0,0.0,62914560,NVIDIA H200
fma,fp64,streaming,0.0,33554432.0,0.0,1024.0,536870912.0,68719476736.0,536870912.0,h200,2.09684276580811,2.0967345237731942,2.097169780731198,0.0001542957903737,256.0377538814139,32.772832496820975,128.0,0.0,62914560,NVIDIA H200
fma,fp32,streaming,0.0,67108864.0,0.0,2048.0,536870912.0,274877906944.0,536870912.0,h200,4.41719198226929,4.401236820220948,4.42323522567749,0.003737185086061,121.5412221508624,62.22910574124155,512.0,0.0,62914560,NVIDIA H200
fma,fp64,streaming,0.0,33554432.0,0.0,2048.0,536870912.0,137438953472.0,536870912.0,h200,4.18222379684448,4.182182216644284,4.182544136047364,3.255134475882738e-05,128.36972340052037,32.86264919053322,256.0,0.0,62914560,NVIDIA H200
gemm,fp32,warm,256.0,256.0,256.0,0.0,786432.0,33554432.0,786432.0,h200,0.0080924797803163,0.008071007952094,0.008125951886177,0.0056250067612404,97.18059499053292,4.146372052929404,42.66666666666666,0.0,62914560,NVIDIA H200
gemm,fp32,cold,256.0,256.0,256.0,0.0,786432.0,33554432.0,786432.0,h200,0.0163199994713068,0.0159296002238988,0.0168383996933698,0.033333302897956,48.188236855195655,2.056031439155015,42.66666666666666,0.0,62914560,NVIDIA H200
gemm,fp32,warm,512.0,512.0,512.0,0.0,3145728.0,268435456.0,3145728.0,h200,0.0145227201282978,0.0145173121243715,0.0145381761714816,0.0003360341759557,216.60735538588864,18.48382765959583,85.33333333333333,0.0,62914560,NVIDIA H200
gemm,fp32,cold,512.0,512.0,512.0,0.0,3145728.0,268435456.0,3145728.0,h200,0.0219199992716312,0.021824000403285,0.0227455992251634,0.0248174956089341,143.50949381970062,12.246143472614454,85.33333333333333,0.0,62914560,NVIDIA H200
gemm,fp32,warm,1024.0,1024.0,1024.0,0.0,12582912.0,2147483648.0,12582912.0,h200,0.0559795200824738,0.0559760339558124,0.0561157785356044,0.0009689298276529,224.77706099412396,38.36195174299716,170.66666666666666,0.0,62914560,NVIDIA H200
gemm,fp32,cold,1024.0,1024.0,1024.0,0.0,12582912.0,2147483648.0,12582912.0,h200,0.0678080022335052,0.0671871975064277,0.0684992000460625,0.0122699767367145,185.56677066917848,31.67006219420646,170.66666666666666,0.0,62914560,NVIDIA H200
gemm,fp32,warm,2048.0,2048.0,2048.0,0.0,50331648.0,17179869184.0,50331648.0,h200,0.340625405311584,0.3402534008026122,0.340690529346466,0.0005752661623103,147.7624605069008,50.43625318635547,341.3333333333333,0.0,62914560,NVIDIA H200
gemm,fp32,cold,2048.0,2048.0,2048.0,0.0,50331648.0,17179869184.0,50331648.0,h200,0.344384014606476,0.3441024005413056,0.3461631894111633,0.0006039490775484,146.1497800863767,49.885791602816575,341.3333333333333,0.0,62914560,NVIDIA H200
gemm,fp32,warm,4096.0,4096.0,4096.0,0.0,201326592.0,137438953472.0,201326592.0,h200,2.66507887840271,2.664594316482548,2.66539340019226,0.0001389764729429,75.54245153173973,51.570313579001,682.6666666666666,0.0,62914560,NVIDIA H200
gemm,fp32,warm,8192.0,8192.0,8192.0,0.0,805306368.0,1099511627776.0,805306368.0,h200,21.3861122131348,21.38128051757808,21.44967651367186,0.0014506600768695,37.65557572944004,51.41241272926213,1365.3333333333333,0.0,62914560,NVIDIA H200
gemm,fp32,warm,1.0,8192.0,8192.0,0.0,268500992.0,134217728.0,268500992.0,h200,0.0693289637565613,0.0693184956908225,0.0693924784660339,0.0004095570035425,3872.854539450535,1.9359546245532573,0.4998779594825482,0.0,62914560,NVIDIA H200
gemm,fp32,warm,2.0,8192.0,8192.0,0.0,268566528.0,268435456.0,268566528.0,h200,0.254394114017487,0.2542762219905854,0.2545258879661558,0.0006098839627214,1055.7104634171635,1.055195231370596,0.9995119570522206,0.0,62914560,NVIDIA H200
gemm,fp32,warm,4.0,8192.0,8192.0,0.0,268697600.0,536870912.0,268697600.0,h200,0.142037734389305,0.1419382452964784,0.14207766354084,0.0002446498323378,1891.733919548016,3.779776650960329,1.9980487804878049,0.0,62914560,NVIDIA H200
gemm,fp32,warm,8.0,8192.0,8192.0,0.0,268959744.0,1073741824.0,268959744.0,h200,0.141022816300392,0.1409695237874986,0.1412678152322768,0.0017481200365894,1907.2072949322624,7.613958167682793,3.992202729044834,0.0,62914560,NVIDIA H200
gemm,fp32,warm,16.0,8192.0,8192.0,0.0,269484032.0,2147483648.0,269484032.0,h200,0.13916777074337,0.1391338825225828,0.1393793910741808,0.00099920862078,1936.3968436121431,15.430897804348906,7.968871595330739,0.0,62914560,NVIDIA H200
gemm,fp32,warm,32.0,8192.0,8192.0,0.0,270532608.0,4294967296.0,270532608.0,h200,0.1409050822258,0.1406792104244234,0.1411279797554016,0.0010864553436026,1919.9634514706304,30.4812802217973,15.875968992248062,0.0,62914560,NVIDIA H200
gemm,fp32,warm,64.0,8192.0,8192.0,0.0,272629760.0,8589934592.0,272629760.0,h200,0.198683336377144,0.1985182017087934,0.198774668574333,0.0009478818364063,1372.1823126751287,43.2342980978256,31.50769230769231,0.0,62914560,NVIDIA H200
gemm,fp32,warm,128.0,8192.0,8192.0,0.0,276824064.0,17179869184.0,276824064.0,h200,0.34140744805336,0.3413232266902923,0.3416059494018555,0.0003444563521169,810.8319416532881,50.32072171230103,62.06060606060606,0.0,62914560,NVIDIA H200
gemm,fp32,warm,256.0,8192.0,8192.0,0.0,285212672.0,34359738368.0,285212672.0,h200,0.716011822223663,0.7151812553405762,0.7162853598594664,0.0012190447014964,398.3351435654189,47.987669060116346,120.47058823529412,0.0,62914560,NVIDIA H200
gemm,fp32,warm,512.0,8192.0,8192.0,0.0,301989888.0,68719476736.0,301989888.0,h200,1.35382854938507,1.352737879753112,1.354137063026428,0.0004861431589022,223.06361328926656,50.75936444626867,227.55555555555557,0.0,62914560,NVIDIA H200
gemm,fp32,warm,1024.0,8192.0,8192.0,0.0,335544320.0,137438953472.0,335544320.0,h200,2.68067193031311,2.67904534339905,2.6822153568267804,0.0008237609588343,125.17172139031854,51.27033708147447,409.6,0.0,62914560,NVIDIA H200
gemm,fp32,warm,2048.0,8192.0,8192.0,0.0,402653184.0,274877906944.0,402653184.0,h200,5.35809087753296,5.357440280914306,5.362233543396,0.0003015556748673,75.14862909256864,51.30146412719352,682.6666666666666,0.0,62914560,NVIDIA H200
gemm,fp64,warm,256.0,256.0,256.0,0.0,1572864.0,33554432.0,1572864.0,h200,0.0060121603310108,0.0059829759411513,0.0060390398837626,0.0063870263966836,261.61378163638483,5.581094008242877,21.33333333333333,0.0,62914560,NVIDIA H200
gemm,fp64,cold,256.0,256.0,256.0,0.0,1572864.0,33554432.0,1572864.0,h200,0.0123840002343059,0.0122944002971053,0.0126080000773072,0.0116278824918174,127.00774953499152,2.7094986567464856,21.33333333333333,0.0,62914560,NVIDIA H200
gemm,fp64,warm,512.0,512.0,512.0,0.0,6291456.0,268435456.0,6291456.0,h200,0.0085947196930646,0.0085909442976117,0.0086007036268711,0.0007259568446043,732.0140998986558,31.23260159567598,42.66666666666666,0.0,62914560,NVIDIA H200
gemm,fp64,cold,512.0,512.0,512.0,0.0,6291456.0,268435456.0,6291456.0,h200,0.0183359999209642,0.0182015996426344,0.0191424001008272,0.0226876803434331,343.12042032715954,14.639804600625473,42.66666666666666,0.0,62914560,NVIDIA H200
gemm,fp64,warm,1024.0,1024.0,1024.0,0.0,25165824.0,2147483648.0,25165824.0,h200,0.0404112003743649,0.0404007352888584,0.0404932148754596,0.0009541566911412,622.7437880307089,53.14080324528715,85.33333333333333,0.0,62914560,NVIDIA H200
gemm,fp64,cold,1024.0,1024.0,1024.0,0.0,25165824.0,2147483648.0,25165824.0,h200,0.0480960011482239,0.0479552000761031,0.0482815988361835,0.0046573485872779,523.2415044744179,44.64994171515032,85.33333333333333,0.0,62914560,NVIDIA H200
gemm,fp64,warm,2048.0,2048.0,2048.0,0.0,100663296.0,17179869184.0,100663296.0,h200,0.281726151704788,0.281366539001465,0.2818097114562988,0.0011728352029536,357.3090229318928,60.980739913709705,170.66666666666666,0.0,62914560,NVIDIA H200
gemm,fp64,cold,2048.0,2048.0,2048.0,0.0,100663296.0,17179869184.0,100663296.0,h200,0.287712007761002,0.2871743977069854,0.2883455991744998,0.0022244635469216,349.8751991040273,59.71203398042066,170.66666666666666,0.0,62914560,NVIDIA H200
gemm,fp64,warm,4096.0,4096.0,4096.0,0.0,402653184.0,137438953472.0,402653184.0,h200,2.17794489860535,2.17756519317627,2.178647375106816,0.0002962792514899,184.8775808138395,63.10488091779055,341.3333333333333,0.0,62914560,NVIDIA H200
gemm,fp64,warm,8192.0,8192.0,8192.0,0.0,1610612736.0,1099511627776.0,1610612736.0,h200,17.0082244873047,16.992697525024383,17.08433876037596,0.0024176289260052,94.6961122956835,64.6458793271866,682.6666666666666,0.0,62914560,NVIDIA H200
gemm,fp64,warm,1.0,8192.0,8192.0,0.0,537001984.0,134217728.0,537001984.0,h200,0.123648412525654,0.1236084491014484,0.123666666448116,0.0002638015416997,4342.975158606143,1.0854787801837176,0.2499389797412741,0.0,62914560,NVIDIA H200
gemm,fp64,warm,2.0,8192.0,8192.0,0.0,537133056.0,268435456.0,537133056.0,h200,0.133994817733765,0.1338856130838396,0.1340618461370466,0.0005424121242317,4008.610669311349,2.0033271475718992,0.4997559785261103,0.0,62914560,NVIDIA H200
gemm,fp64,warm,4.0,8192.0,8192.0,0.0,537395200.0,536870912.0,537395200.0,h200,0.134412482380867,0.1343465805053712,0.1344638228416444,0.0004625693535316,3998.104867055827,3.9942042769416255,0.9990243902439024,0.0,62914560,NVIDIA H200
gemm,fp64,warm,8.0,8192.0,8192.0,0.0,537919488.0,1073741824.0,537919488.0,h200,0.13329815864563,0.1332406044006348,0.1333799540996548,0.0005823606269414,4035.4607555386137,8.05518872060729,1.996101364522417,0.0,62914560,NVIDIA H200
gemm,fp64,warm,16.0,8192.0,8192.0,0.0,538968064.0,2147483648.0,538968064.0,h200,0.132369861006737,0.1323389291763305,0.1323934108018876,0.0002750137872748,4071.682631536261,16.223358033825413,3.9844357976653697,0.0,62914560,NVIDIA H200
gemm,fp64,warm,32.0,8192.0,8192.0,0.0,541065216.0,4294967296.0,541065216.0,h200,0.135353609919548,0.135288774967194,0.1353937387466434,0.0004990407254866,3997.419916037706,31.731457318004733,7.937984496124031,0.0,62914560,NVIDIA H200
gemm,fp64,warm,64.0,8192.0,8192.0,0.0,545259520.0,8589934592.0,545259520.0,h200,0.162047997117043,0.1618953704833984,0.1621805518865586,0.0010668646033688,3364.802587508523,53.00858230167273,15.753846153846156,0.0,62914560,NVIDIA H200
gemm,fp64,warm,128.0,8192.0,8192.0,0.0,553648128.0,17179869184.0,553648128.0,h200,0.302524507045746,0.3024149060249328,0.3027731955051418,0.0002594315970445,1830.0934803813448,56.78835527001506,31.03030303030303,0.0,62914560,NVIDIA H200
gemm,fp64,warm,256.0,8192.0,8192.0,0.0,570425344.0,34359738368.0,570425344.0,h200,0.567558586597443,0.5671625137329099,0.5677336573600769,0.0005713053687054,1005.0510334443944,60.539544602768245,60.23529411764706,0.0,62914560,NVIDIA H200
gemm,fp64,warm,512.0,8192.0,8192.0,0.0,603979776.0,68719476736.0,603979776.0,h200,1.10889601707458,1.108440828323366,1.110087132453918,0.0009421534549076,544.6676394360055,61.97107364249663,113.77777777777776,0.0,62914560,NVIDIA H200
gemm,fp64,warm,1024.0,8192.0,8192.0,0.0,671088640.0,137438953472.0,671088640.0,h200,2.18558216094971,2.185257291793822,2.191155242919926,0.0020522535408556,307.0525793953173,62.88436826016098,204.8,0.0,62914560,NVIDIA H200
gemm,fp64,warm,2048.0,8192.0,8192.0,0.0,805306368.0,274877906944.0,805306368.0,h200,4.34758377075195,4.340118312835694,4.348694419860838,0.00106635076288,185.23078805695232,63.22544232343973,341.3333333333333,0.0,62914560,NVIDIA H200
gemm,fp16,warm,256.0,256.0,256.0,0.0,393216.0,33554432.0,393216.0,h200,0.0044289599172771,0.0044127038680016,0.004437599889934,0.0032513524433889,88.78292135047069,7.576142621906833,85.33333333333333,0.0001984265214773,62914560,NVIDIA H200
gemm,fp16,cold,256.0,256.0,256.0,0.0,393216.0,33554432.0,393216.0,h200,0.008895999751985,0.0087167996913194,0.0091072000563144,0.0215827417211901,44.20144008122944,3.771856220264912,85.33333333333333,0.0001984265214773,62914560,NVIDIA H200
gemm,fp16,warm,512.0,512.0,512.0,0.0,1572864.0,268435456.0,1572864.0,h200,0.0044337599538266,0.0044223999604582,0.0044527998194098,0.0045469549889954,354.747215992715,60.5435248627567,170.66666666666666,0.000200911459712,62914560,NVIDIA H200
gemm,fp16,cold,512.0,512.0,512.0,0.0,1572864.0,268435456.0,1572864.0,h200,0.0098879998549819,0.0097343999892473,0.0101631999015808,0.0177993943577584,159.06796349795044,27.147599103650208,170.66666666666666,0.000200911459712,62914560,NVIDIA H200
gemm,fp16,warm,1024.0,1024.0,1024.0,0.0,6291456.0,2147483648.0,6291456.0,h200,0.0060649598017334,0.0060589759610593,0.0060712640173733,0.0015433338129461,1037.3450452551676,354.08044211376387,341.3333333333333,0.0001899405204345,62914560,NVIDIA H200
gemm,fp16,cold,1024.0,1024.0,1024.0,0.0,6291456.0,2147483648.0,6291456.0,h200,0.0123199997469783,0.0120256001129746,0.0123840002343059,0.0116883253345696,510.6701403580054,174.30874124219918,341.3333333333333,0.0001899405204345,62914560,NVIDIA H200
gemm,fp16,warm,2048.0,2048.0,2048.0,0.0,25165824.0,17179869184.0,25165824.0,h200,0.0232734400779009,0.0232508156448602,0.0232986871153116,0.0009074951221845,1081.3108812347857,738.174894922947,682.6666666666666,0.0002214878090706,62914560,NVIDIA H200
gemm,fp16,cold,2048.0,2048.0,2048.0,0.0,25165824.0,17179869184.0,25165824.0,h200,0.0299839992076159,0.0296959996223449,0.0300928000360727,0.0058697799545347,839.3084533436056,572.9679041492349,682.6666666666666,0.0002214878090706,62914560,NVIDIA H200
gemm,fp16,warm,4096.0,4096.0,4096.0,0.0,100663296.0,137438953472.0,100663296.0,h200,0.185838595032692,0.169455945491791,0.1861395090818404,0.0506237984023771,541.6705608557345,739.5608724216962,1365.3333333333333,0.0002273709783179,62914560,NVIDIA H200
gemm,fp16,warm,8192.0,8192.0,8192.0,0.0,402653184.0,1099511627776.0,402653184.0,h200,1.40046036243439,1.36948628425598,1.569131326675416,0.1197259036562523,287.514873537782,785.1072813405033,2730.6666666666665,0.0002014828336355,62914560,NVIDIA H200
gemm,fp16,warm,1.0,8192.0,8192.0,0.0,134250496.0,134217728.0,134250496.0,h200,0.040459681302309,0.0404364474117755,0.0407213449478149,0.004877949744647,3318.1303381235093,3.317320445436636,0.9997559189650964,0.0002413515983138,62914560,NVIDIA H200
gemm,fp16,warm,2.0,8192.0,8192.0,0.0,134283264.0,268435456.0,134283264.0,h200,0.0525417625904083,0.0519833274185657,0.0533658891916275,0.0168338973312101,2555.7434197023667,5.108992214300096,1.9990239141044408,0.0003341280574451,62914560,NVIDIA H200
gemm,fp16,warm,4.0,8192.0,8192.0,0.0,134348800.0,536870912.0,134348800.0,h200,0.0524609610438347,0.0524328008294105,0.0524822711944579,0.0005627244027321,2560.929066620461,10.23372239695357,3.9960975609756098,0.0002622357767924,62914560,NVIDIA H200
gemm,fp16,warm,8.0,8192.0,8192.0,0.0,134479872.0,1073741824.0,134479872.0,h200,0.0412355177104473,0.0412010580301284,0.0412488006055355,0.0005238016726786,3261.2630922766034,26.039246834239705,7.984405458089668,0.0001884462654639,62914560,NVIDIA H200
gemm,fp16,warm,16.0,8192.0,8192.0,0.0,134742016.0,2147483648.0,134742016.0,h200,0.040211521089077,0.0401742085814476,0.0402239672839641,0.000767912539681,3350.831113837201,53.40468576761547,15.93774319066148,0.0002192352371322,62914560,NVIDIA H200
gemm,fp16,warm,32.0,8192.0,8192.0,0.0,135266304.0,4294967296.0,135266304.0,h200,0.0399388782680035,0.0399025604128837,0.0399564161896705,0.0008392865187816,3386.8328272095414,107.53850589341305,31.751937984496124,0.0002453159182464,62914560,NVIDIA H200
gemm,fp16,warm,64.0,8192.0,8192.0,0.0,136314880.0,8589934592.0,136314880.0,h200,0.0374534390866756,0.0374197117984294,0.0374622389674186,0.0008266003277751,3639.582460893297,229.3496886125992,63.01538461538462,0.0002063616112378,62914560,NVIDIA H200
gemm,fp16,warm,128.0,8192.0,8192.0,0.0,138412032.0,17179869184.0,138412032.0,h200,0.0377755202353001,0.0377644479274749,0.0378995209932326,0.0006247356460941,3664.066864939112,454.78842056941215,124.12121212121212,0.0002660988993651,62914560,NVIDIA H200
gemm,fp16,warm,256.0,8192.0,8192.0,0.0,142606336.0,34359738368.0,142606336.0,h200,0.05004608258605,0.0463721595704555,0.0522513277828693,0.0919712556282907,2849.500472985083,686.5619963145235,240.94117647058823,0.0002089550692324,62914560,NVIDIA H200
gemm,fp16,warm,512.0,8192.0,8192.0,0.0,150994944.0,68719476736.0,150994944.0,h200,0.0923919975757599,0.092366899549961,0.0953933373093604,0.0079057184449451,1634.2859550816254,743.7816968904821,455.1111111111111,0.0002104103882757,62914560,NVIDIA H200
gemm,fp16,warm,1024.0,8192.0,8192.0,0.0,167772160.0,137438953472.0,167772160.0,h200,0.181882917881012,0.1778935015201568,0.1854580730199814,0.0263627035850383,922.4184544353787,755.6451978734623,819.2,0.0002004140174646,62914560,NVIDIA H200
gemm,fp16,warm,2048.0,8192.0,8192.0,0.0,201326592.0,274877906944.0,201326592.0,h200,0.365437060594559,0.3595582783222198,0.3660156488418576,0.0140049370279789,550.9200179982993,752.1894645736778,1365.3333333333333,0.0002256969776948,62914560,NVIDIA H200
gemm,bf16,warm,256.0,256.0,256.0,0.0,393216.0,33554432.0,393216.0,h200,0.0044487998820841,0.0044425601139664,0.004486272111535,0.0066894326558498,88.38698310156177,7.54235589133327,85.33333333333333,0.0015699538480616,62914560,NVIDIA H200
gemm,bf16,cold,256.0,256.0,256.0,0.0,393216.0,33554432.0,393216.0,h200,0.0091519998386502,0.0088767997920513,0.009209599904716,0.0139860189673531,42.9650357225086,3.6663497149874,85.33333333333333,0.0015699538480616,62914560,NVIDIA H200
gemm,bf16,warm,512.0,512.0,512.0,0.0,1572864.0,268435456.0,1572864.0,h200,0.0044755199924111,0.0044512961059808,0.0045155201107263,0.0052731184111369,351.4371520330615,59.97860728030916,170.66666666666666,0.0016239479948725,62914560,NVIDIA H200
gemm,bf16,cold,512.0,512.0,512.0,0.0,1572864.0,268435456.0,1572864.0,h200,0.0099520003423094,0.0098240002989769,0.010220800153911,0.0305466213869728,158.04501064104664,26.97301514940529,170.66666666666666,0.0016239479948725,62914560,NVIDIA H200
gemm,bf16,warm,1024.0,1024.0,1024.0,0.0,6291456.0,2147483648.0,6291456.0,h200,0.0061838398687541,0.0061771519482135,0.0061866879463195,0.0010349258774394,1017.4028004492184,347.2734892199999,341.3333333333333,0.0014144454356515,62914560,NVIDIA H200
gemm,bf16,cold,1024.0,1024.0,1024.0,0.0,6291456.0,2147483648.0,6291456.0,h200,0.0122880004346371,0.0122048001736402,0.0126143997535109,0.0169270600433205,511.9999818901216,174.76266048516146,341.3333333333333,0.0014144454356515,62914560,NVIDIA H200
gemm,bf16,warm,2048.0,2048.0,2048.0,0.0,25165824.0,17179869184.0,25165824.0,h200,0.023797120898962,0.0237609926611185,0.023866880685091,0.0011564277407398,1057.5154913423876,721.93057542307,682.6666666666666,0.0015212681809329,62914560,NVIDIA H200
gemm,bf16,cold,2048.0,2048.0,2048.0,0.0,25165824.0,17179869184.0,25165824.0,h200,0.0303680002689362,0.0301568005234003,0.0305855993181467,0.0089567727464996,828.6954615757966,565.7227684357439,682.6666666666666,0.0015212681809329,62914560,NVIDIA H200
gemm,bf16,warm,4096.0,4096.0,4096.0,0.0,100663296.0,137438953472.0,100663296.0,h200,0.168644964694977,0.1661009103059766,0.18389455974102,0.0852433278091798,596.8947616198718,814.9603145316651,1365.3333333333333,0.0017106645640478,62914560,NVIDIA H200
gemm,bf16,warm,8192.0,8192.0,8192.0,0.0,402653184.0,1099511627776.0,402653184.0,h200,1.45673358440399,1.417521691322326,1.457119441032408,0.0157747561838748,276.4082522095089,754.778800700099,2730.6666666666665,0.001961559904137,62914560,NVIDIA H200
gemm,bf16,warm,1.0,8192.0,8192.0,0.0,134250496.0,134217728.0,134250496.0,h200,0.0351060777902603,0.0351005762815475,0.0351843513548374,0.0008226054350538,3824.1382817549033,3.8232048821254794,0.9997559189650964,0.0015990532871483,62914560,NVIDIA H200
gemm,bf16,warm,2.0,8192.0,8192.0,0.0,134283264.0,268435456.0,134283264.0,h200,0.0521062426269054,0.05197539255023,0.0530843205749988,0.0133604291306246,2577.105107376557,5.151694738806433,1.9990239141044408,0.0025542627029183,62914560,NVIDIA H200
gemm,bf16,warm,4.0,8192.0,8192.0,0.0,134348800.0,536870912.0,134348800.0,h200,0.0522272028028965,0.0522101111710071,0.0522376343607902,0.0002788232759019,2572.391259532457,10.279526438092628,3.9960975609756098,0.0026630088725515,62914560,NVIDIA H200
gemm,bf16,warm,8.0,8192.0,8192.0,0.0,134479872.0,1073741824.0,134479872.0,h200,0.0408859215676785,0.0408538572490215,0.040934208035469,0.001084031853178,3289.1486077278546,26.261896096010314,7.984405458089668,0.0016939623537978,62914560,NVIDIA H200
gemm,bf16,warm,16.0,8192.0,8192.0,0.0,134742016.0,2147483648.0,134742016.0,h200,0.0401892811059952,0.0401650212705135,0.0402264960110187,0.000724632441955,3352.6853999859177,53.43423890405572,15.93774319066148,0.001948402555698,62914560,NVIDIA H200
gemm,bf16,warm,32.0,8192.0,8192.0,0.0,135266304.0,4294967296.0,135266304.0,h200,0.0357696004211903,0.0357519991695881,0.0357887350022792,0.0006687267602864,3781.5995260564,120.07311363354272,31.751937984496124,0.0016650696901783,62914560,NVIDIA H200
gemm,bf16,warm,64.0,8192.0,8192.0,0.0,136314880.0,8589934592.0,136314880.0,h200,0.0374313592910767,0.0374201908707618,0.0374447681009769,0.0005086632993297,3641.7293569271,229.4849760918985,63.01538461538462,0.0015532854263537,62914560,NVIDIA H200
gemm,bf16,warm,128.0,8192.0,8192.0,0.0,138412032.0,17179869184.0,138412032.0,h200,0.0377248004078865,0.0377149775624275,0.0379755824804305,0.0029369958981592,3668.993089518493,455.3998695353864,124.12121212121212,0.0017658919966917,62914560,NVIDIA H200
gemm,bf16,warm,256.0,8192.0,8192.0,0.0,142606336.0,34359738368.0,142606336.0,h200,0.0498022399842739,0.0466071031987667,0.0522966377437114,0.0834194861469939,2863.4522472288586,689.9235532146708,240.94117647058823,0.0014572168435032,62914560,NVIDIA H200
gemm,bf16,warm,512.0,8192.0,8192.0,0.0,150994944.0,68719476736.0,150994944.0,h200,0.0937379524111748,0.0936906948685646,0.097819922864437,0.021954258285812,1610.81973860141,733.1019610345973,455.1111111111111,0.0017062043159246,62914560,NVIDIA H200
gemm,bf16,warm,1024.0,8192.0,8192.0,0.0,167772160.0,137438953472.0,167772160.0,h200,0.176410868763924,0.1748821794986726,0.179133346676826,0.0134659680220835,951.0307453024084,779.0843865517329,819.2,0.0017767034432755,62914560,NVIDIA H200
gemm,bf16,warm,2048.0,8192.0,8192.0,0.0,201326592.0,274877906944.0,201326592.0,h200,0.35169979929924,0.3490188896656038,0.3524953782558442,0.0081450124043648,572.438745774499,781.5697008974495,1365.3333333333333,0.0016934063772307,62914560,NVIDIA H200
gemm,tf32,warm,256.0,256.0,256.0,0.0,786432.0,33554432.0,786432.0,h200,0.0059939199127256,0.0059914880432188,0.0060010235756635,0.0010009831535422,131.20495626415135,5.598078133937125,42.66666666666666,0.0,62914560,NVIDIA H200
gemm,tf32,cold,256.0,256.0,256.0,0.0,786432.0,33554432.0,786432.0,h200,0.0106880003586411,0.0104639995843172,0.0107648001983761,0.0179641209035767,73.58083585431213,3.1394489964506507,42.66666666666666,0.0,62914560,NVIDIA H200
gemm,tf32,warm,512.0,512.0,512.0,0.0,3145728.0,268435456.0,3145728.0,h200,0.0087324799969792,0.0084529917687177,0.0087346237152814,0.005918137917964,360.2330610649183,30.73988787753969,85.33333333333333,0.0,62914560,NVIDIA H200
gemm,tf32,cold,512.0,512.0,512.0,0.0,3145728.0,268435456.0,3145728.0,h200,0.01305599976331,0.0128704002127051,0.0134015997871756,0.0208332783475396,240.94118083856984,20.56031409822463,85.33333333333333,0.0,62914560,NVIDIA H200
gemm,tf32,warm,1024.0,1024.0,1024.0,0.0,12582912.0,2147483648.0,12582912.0,h200,0.0137265594676137,0.0136899201199412,0.0138312319293617,0.0089869711748895,916.6836037601404,156.4473350417306,170.66666666666666,0.0,62914560,NVIDIA H200
gemm,tf32,cold,1024.0,1024.0,1024.0,0.0,12582912.0,2147483648.0,12582912.0,h200,0.022112000733614,0.0215936001390218,0.0222655992954969,0.0101301964655909,569.0535267065108,97.11846855791116,170.66666666666666,0.0,62914560,NVIDIA H200
gemm,tf32,warm,2048.0,2048.0,2048.0,0.0,50331648.0,17179869184.0,50331648.0,h200,0.0487585589289665,0.047960478067398,0.0491364166140556,0.0158741328091483,1032.2628294516503,352.34571245283007,341.3333333333333,0.0,62914560,NVIDIA H200
gemm,tf32,cold,2048.0,2048.0,2048.0,0.0,50331648.0,17179869184.0,50331648.0,h200,0.0562239997088909,0.0561216004192829,0.0565568007528782,0.001422890750813,895.1986386703271,305.561135332805,341.3333333333333,0.0,62914560,NVIDIA H200
gemm,tf32,warm,4096.0,4096.0,4096.0,0.0,201326592.0,137438953472.0,201326592.0,h200,0.341060906648636,0.3264251589775084,0.3423328518867488,0.023542907025057,590.2951293312794,402.9748082901534,682.6666666666666,0.0,62914560,NVIDIA H200
gemm,tf32,warm,8192.0,8192.0,8192.0,0.0,805306368.0,1099511627776.0,805306368.0,h200,2.71229243278503,2.64752902984619,2.7586001873016324,0.0204150268732578,296.90986055404693,405.3809296097921,1365.3333333333333,0.0,62914560,NVIDIA H200
gemm,tf32,warm,1.0,8192.0,8192.0,0.0,268500992.0,134217728.0,268500992.0,h200,0.0691711977124214,0.0691120341420173,0.0695392325520515,0.0032637868091565,3881.687767158382,1.9403701603955008,0.4998779594825482,0.0,62914560,NVIDIA H200
gemm,tf32,warm,2.0,8192.0,8192.0,0.0,268566528.0,268435456.0,268566528.0,h200,0.105730943381786,0.1056969568133352,0.1059769392013552,0.0018872568726307,2540.09393475501,2.538854259823456,0.9995119570522206,0.0,62914560,NVIDIA H200
gemm,tf32,warm,4.0,8192.0,8192.0,0.0,268697600.0,536870912.0,268697600.0,h200,0.0986270979046822,0.0985942050814628,0.0986733749508857,0.0004979790375908,2724.379057160151,5.443442252745355,1.9980487804878049,0.0,62914560,NVIDIA H200
gemm,tf32,warm,8.0,8192.0,8192.0,0.0,268959744.0,1073741824.0,268959744.0,h200,0.0817822366952896,0.081751263141632,0.0818460136651993,0.000564381076663,3288.73059564402,13.1292792590233,3.992202729044834,0.0,62914560,NVIDIA H200
gemm,tf32,warm,16.0,8192.0,8192.0,0.0,269484032.0,2147483648.0,269484032.0,h200,0.0795696005225182,0.0795437455177306,0.0795817568898201,0.000315693836812,3386.771206972894,26.9887448711303,7.968871595330739,0.0,62914560,NVIDIA H200
gemm,tf32,warm,32.0,8192.0,8192.0,0.0,270532608.0,4294967296.0,270532608.0,h200,0.0757612809538841,0.0757022738456726,0.0757877096533775,0.0006842695786116,3570.855780074168,56.69079564024725,15.875968992248062,0.0,62914560,NVIDIA H200
gemm,tf32,warm,64.0,8192.0,8192.0,0.0,272629760.0,8589934592.0,272629760.0,h200,0.0816182419657707,0.0815798446536064,0.0816321611404419,0.0003606699094393,3340.30424368043,105.24527832396186,31.50769230769231,0.0,62914560,NVIDIA H200
gemm,tf32,warm,128.0,8192.0,8192.0,0.0,276824064.0,17179869184.0,276824064.0,h200,0.07386863976717,0.0733925431966781,0.0741304948925971,0.0076557209600784,3747.5180925563914,232.57324404713597,62.06060606060606,0.0,62914560,NVIDIA H200
gemm,tf32,warm,256.0,8192.0,8192.0,0.0,285212672.0,34359738368.0,285212672.0,h200,0.109733000397682,0.1050483405590058,0.1106312140822408,0.0314718503672614,2599.1513124252897,313.1212875204114,120.47058823529412,0.0,62914560,NVIDIA H200
gemm,tf32,warm,512.0,8192.0,8192.0,0.0,301989888.0,68719476736.0,301989888.0,h200,0.172961831092834,0.1707786321640016,0.1737969398498534,0.009051480830292,1745.9915062873763,397.3100672085052,227.55555555555557,0.0,62914560,NVIDIA H200
gemm,tf32,warm,1024.0,8192.0,8192.0,0.0,335544320.0,137438953472.0,335544320.0,h200,0.333372563123703,0.3322160065174106,0.336567330360413,0.0077510294671256,1006.514503941019,412.2683408142414,409.6,0.0,62914560,NVIDIA H200
gemm,tf32,warm,2048.0,8192.0,8192.0,0.0,402653184.0,274877906944.0,402653184.0,h200,0.688024282455444,0.6645084619522095,0.7037479639053346,0.0424122326592124,585.2310656289599,399.5177408027033,682.6666666666666,0.0,62914560,NVIDIA H200
read_reduce,fp32,warm,0.0,16777216.0,0.0,0.0,71303168.0,0.0,71303168.0,h200,0.0200783982872963,0.0200569286942482,0.0200840957462787,0.0008446582163094,3551.2378517321204,0.0,0.0,0.0,62914560,NVIDIA H200
read_reduce,fp32,warm,0.0,67108864.0,0.0,0.0,272629760.0,0.0,272629760.0,h200,0.0662625581026077,0.0662465587258338,0.0662754237651824,0.0002343255438455,4114.38628097986,0.0,0.0,0.0,62914560,NVIDIA H200
read_reduce,fp32,warm,0.0,134217728.0,0.0,0.0,541065216.0,0.0,541065216.0,h200,0.125972852110863,0.1259466707706452,0.1259913504123685,0.0001532429726208,4295.093799446828,0.0,0.0,0.0,62914560,NVIDIA H200
gemm,fp8_e4m3,warm,256.0,256.0,256.0,0.0,262152.0,33554432.0,262152.0,h200,0.0041583999991416,0.0040990078821778,0.0042726403102278,0.0269334730556086,63.04155445702896,8.069072721942518,127.99609386920564,0.0001655438077451,62914560,NVIDIA H200
gemm,fp8_e4m3,warm,512.0,512.0,512.0,0.0,1048584.0,268435456.0,1048584.0,h200,0.0039216000586748,0.003897984046489,0.0040193281136453,0.0074459970181334,267.3867769051233,68.45049265189728,255.99804688990105,0.0001959319195084,62914560,NVIDIA H200
gemm,fp8_e4m3,warm,1024.0,1024.0,1024.0,0.0,4194312.0,2147483648.0,4194312.0,h200,0.0054902397096157,0.0054849600419402,0.0054947202093899,0.0010054960899735,763.9579001721916,391.1456988369481,511.99902343936265,0.0002203731078509,62914560,NVIDIA H200
gemm,fp8_e4m3,warm,2048.0,2048.0,2048.0,0.0,16777224.0,17179869184.0,16777224.0,h200,0.0152038391679525,0.0151963517069816,0.0152151677757501,0.0006682389792649,1103.4860218308522,1129.9691475435156,1023.9995117189828,0.0002671880664032,62914560,NVIDIA H200
gemm,fp8_e4m3,warm,4096.0,4096.0,4096.0,0.0,67108872.0,137438953472.0,67108872.0,h200,0.112330943346024,0.0986671432852745,0.1168904587626456,0.1515831206666871,597.4210667249359,1223.5181987979336,2047.999755859404,0.0002161337444008,62914560,NVIDIA H200
gemm,fp8_e4m3,warm,8192.0,8192.0,8192.0,0.0,268435464.0,1099511627776.0,268435464.0,h200,0.847094714641571,0.804753851890564,0.8476450920104984,0.0276214474203328,316.8895512629687,1297.9795632903144,4095.999877929691,0.0002217307610558,62914560,NVIDIA H200
gemm,fp8_e4m3,warm,16.0,8192.0,8192.0,0.0,67502088.0,2147483648.0,67502088.0,h200,0.0214446410536766,0.021091615781188,0.0214541748166084,0.0005185440741636,3147.7369022423923,100.1408063965623,31.81358846262652,0.0002530148875453,62914560,NVIDIA H200
gemm,fp8_e4m3,warm,32.0,8192.0,8192.0,0.0,67895304.0,4294967296.0,67895304.0,h200,0.0210391990840435,0.0209387201815843,0.0211003512144089,0.0067568608418331,3227.085961247118,204.1411975257832,63.25867980501273,0.0002319161509569,62914560,NVIDIA H200
gemm,fp8_e4m3,warm,64.0,8192.0,8192.0,0.0,68681736.0,8589934592.0,68681736.0,h200,0.0227427203208208,0.0227339833974838,0.0227687042206526,0.0006964837154746,3019.943746004841,377.7004013075768,125.0686877221624,0.0001987323186798,62914560,NVIDIA H200
gemm,fp8_e4m3,warm,128.0,8192.0,8192.0,0.0,70254600.0,17179869184.0,70254600.0,h200,0.0229160003364086,0.0229042246937752,0.0229324795305728,0.0004119342589335,3065.744413015239,749.6888170622374,244.5372855869936,0.0002148092439754,62914560,NVIDIA H200
gemm,fp8_e4m3,warm,256.0,8192.0,8192.0,0.0,73400328.0,34359738368.0,73400328.0,h200,0.0290817599743605,0.028466847166419,0.029732447490096,0.018631601013785,2523.930053226225,1181.487585286886,468.11423469388313,0.0002163155530325,62914560,NVIDIA H200
gemm,fp8_e4m3,warm,512.0,8192.0,8192.0,0.0,79691784.0,68719476736.0,79691784.0,h200,0.0581112019717693,0.0579215370118618,0.0598979830741882,0.0195156363758512,1371.366987705996,1182.55128794934,862.315702908596,0.000221544427151,62914560,NVIDIA H200
gemm,fp8_e4m3,warm,1024.0,8192.0,8192.0,0.0,92274696.0,137438953472.0,92274696.0,h200,0.111813925206661,0.1089900985360146,0.1157125934958456,0.0434063210503084,825.2522736273907,1229.1756435343568,1489.4544163223252,0.0002176910947441,62914560,NVIDIA H200
gemm,fp8_e4m3,warm,2048.0,8192.0,8192.0,0.0,117440520.0,274877906944.0,117440520.0,h200,0.221377864480019,0.2143865346908568,0.2312601387500762,0.0293451981053047,530.4980255178127,1241.668436858599,2340.571269132664,0.0001937280562835,62914560,NVIDIA H200
copy,fp32,warm,0.0,1024.0,0.0,0.0,8192.0,0.0,8192.0,h200-mig,0.0015688000712543,0.0015575040364637,0.0015770880272611,0.0073941312967081,5.221825362010533,0.0,0.0,0.0,30801920,NVIDIA H200 MIG 3g.71gb
add,fp32,warm,0.0,1024.0,0.0,0.0,12288.0,1024.0,12288.0,h200-mig,0.001573919900693,0.0015657279640436,0.0015780160436406,0.0047779678930319,7.807258803062068,0.0006506049002551,0.0833333333333333,0.0,30801920,NVIDIA H200 MIG 3g.71gb
triad,fp32,warm,0.0,1024.0,0.0,0.0,12288.0,2048.0,12288.0,h200-mig,0.0015716799534857,0.0015652159461751,0.0015812799800187,0.0051409830713053,7.818385653355964,0.0013030642755593,0.1666666666666666,0.0,30801920,NVIDIA H200 MIG 3g.71gb
copy,fp32,warm,0.0,16384.0,0.0,0.0,131072.0,0.0,131072.0,h200-mig,0.0016862399643287,0.0016840960131958,0.0016887039411813,0.0006641839995061,77.73033659072338,0.0,0.0,0.0,30801920,NVIDIA H200 MIG 3g.71gb
add,fp32,warm,0.0,16384.0,0.0,0.0,196608.0,16384.0,196608.0,h200-mig,0.0016896000597626,0.0016881280113011,0.0016981760039925,0.002462112312395,116.36363224775498,0.0096969693539795,0.0833333333333333,0.0,30801920,NVIDIA H200 MIG 3g.71gb
triad,fp32,warm,0.0,16384.0,0.0,0.0,196608.0,32768.0,196608.0,h200-mig,0.0016947198892012,0.0016892160288989,0.0016991359414532,0.0027850529344498,116.01209217687776,0.0193353486961462,0.1666666666666666,0.0,30801920,NVIDIA H200 MIG 3g.71gb
copy,fp32,warm,0.0,262144.0,0.0,0.0,2097152.0,0.0,2097152.0,h200-mig,0.0025188801810145,0.002515999879688,0.0025203199591487,0.0006987100254491,832.5731473083889,0.0,0.0,0.0,30801920,NVIDIA H200 MIG 3g.71gb
add,fp32,warm,0.0,262144.0,0.0,0.0,3145728.0,262144.0,3145728.0,h200-mig,0.002605440095067,0.0026021440979093,0.0026106240227818,0.0019958392462027,1207.3691527031951,0.1006140960585996,0.0833333333333333,0.0,30801920,NVIDIA H200 MIG 3g.71gb
triad,fp32,warm,0.0,262144.0,0.0,0.0,3145728.0,524288.0,3145728.0,h200-mig,0.0026032000314444,0.0025974719319492,0.0026113599538803,0.0020898142050465,1208.408098495043,0.2014013497491738,0.1666666666666666,0.0,30801920,NVIDIA H200 MIG 3g.71gb
copy,fp32,warm,0.0,1048576.0,0.0,0.0,8388608.0,0.0,8388608.0,h200-mig,0.0050059198401868,0.0050012479536235,0.005010911822319,0.0012305896551401,1675.737580265952,0.0,0.0,0.0,30801920,NVIDIA H200 MIG 3g.71gb
add,fp32,warm,0.0,1048576.0,0.0,0.0,12582912.0,1048576.0,12582912.0,h200-mig,0.0052140802145004,0.0052099199965596,0.0052211199887096,0.0012888545230079,2413.256314125499,0.2011046928437916,0.0833333333333333,0.0,30801920,NVIDIA H200 MIG 3g.71gb
triad,fp32,warm,0.0,1048576.0,0.0,0.0,12582912.0,2097152.0,12582912.0,h200-mig,0.0052107195369899,0.0052060479298234,0.0052175038494169,0.0014739138341729,2414.812754875069,0.4024687924791783,0.1666666666666666,0.0,30801920,NVIDIA H200 MIG 3g.71gb
copy,fp32,warm,0.0,4194304.0,0.0,0.0,33554432.0,0.0,33554432.0,h200-mig,0.0258710402995348,0.0258393608033657,0.0258878413587808,0.0008503961543632,1296.9881230714698,0.0,0.0,0.0,30801920,NVIDIA H200 MIG 3g.71gb
add,fp32,warm,0.0,4194304.0,0.0,0.0,50331648.0,4194304.0,50331648.0,h200-mig,0.0313023999333382,0.0312860801815987,0.0313147842884063,0.0004369442394171,1607.9165849004107,0.1339930487417009,0.0833333333333333,0.0,30801920,NVIDIA H200 MIG 3g.71gb
triad,fp32,warm,0.0,4194304.0,0.0,0.0,50331648.0,8388608.0,50331648.0,h200-mig,0.0311799999326468,0.0311746571213007,0.0312175370752811,0.0007979564667926,1614.2286115690656,0.2690381019281776,0.1666666666666666,0.0,30801920,NVIDIA H200 MIG 3g.71gb
copy,fp32,warm,0.0,16777216.0,0.0,0.0,134217728.0,0.0,134217728.0,h200-mig,0.0989591106772423,0.0988835379481315,0.0989756777882576,0.0004728179732865,1356.294807839923,0.0,0.0,0.0,30801920,NVIDIA H200 MIG 3g.71gb
add,fp32,warm,0.0,16777216.0,0.0,0.0,201326592.0,16777216.0,201326592.0,h200-mig,0.116305992007256,0.116282504796982,0.1163317352533338,0.0002311610916987,1731.0079087536592,0.1442506590628049,0.0833333333333333,0.0,30801920,NVIDIA H200 MIG 3g.71gb
triad,fp32,warm,0.0,16777216.0,0.0,0.0,201326592.0,33554432.0,201326592.0,h200-mig,0.11670209467411,0.1166629344224928,0.1167146682739262,0.0002880903298042,1725.132634184532,0.287522105697422,0.1666666666666666,0.0,30801920,NVIDIA H200 MIG 3g.71gb
copy,fp32,warm,0.0,67108864.0,0.0,0.0,536870912.0,0.0,536870912.0,h200-mig,0.331417590379715,0.3313956320285798,0.331429237127304,4.181455756353412e-05,1619.9228030862544,0.0,0.0,0.0,30801920,NVIDIA H200 MIG 3g.71gb
add,fp32,warm,0.0,67108864.0,0.0,0.0,805306368.0,67108864.0,805306368.0,h200-mig,0.428651809692383,0.4286046504974368,0.4286804914474486,9.737076004292643e-05,1878.6958314206556,0.1565579859517212,0.0833333333333333,0.0,30801920,NVIDIA H200 MIG 3g.71gb
triad,fp32,warm,0.0,67108864.0,0.0,0.0,805306368.0,134217728.0,805306368.0,h200-mig,0.428839653730392,0.4287833034992216,0.4288580238819122,8.60003818064299e-05,1877.872908894497,0.3129788181490828,0.1666666666666666,0.0,30801920,NVIDIA H200 MIG 3g.71gb
fma,fp32,streaming,0.0,67108864.0,0.0,1.0,536870912.0,134217728.0,536870912.0,h200-mig,0.251466274261475,0.251407343149185,0.251480692625046,0.0001484390258719,2134.961889329783,0.5337404723324457,0.25,0.0,30801920,NVIDIA H200 MIG 3g.71gb
fma,fp64,streaming,0.0,33554432.0,0.0,1.0,536870912.0,67108864.0,536870912.0,h200-mig,0.453795731067657,0.4536769390106202,0.4539167225360866,0.0003435377147396,1183.0673478062251,0.1478834184757781,0.125,0.0,30801920,NVIDIA H200 MIG 3g.71gb
fma,fp32,streaming,0.0,67108864.0,0.0,2.0,536870912.0,268435456.0,536870912.0,h200-mig,0.25153437256813,0.2514667391777038,0.2515717804431916,9.05203295739056e-05,2134.3838876517143,1.0671919438258572,0.5,0.0,30801920,NVIDIA H200 MIG 3g.71gb
fma,fp64,streaming,0.0,33554432.0,0.0,2.0,536870912.0,134217728.0,536870912.0,h200-mig,0.439913272857666,0.4396623611450194,0.4401456475257872,0.0005892538737115,1220.4017135298045,0.3051004283824511,0.25,0.0,30801920,NVIDIA H200 MIG 3g.71gb
fma,fp32,streaming,0.0,67108864.0,0.0,4.0,536870912.0,536870912.0,536870912.0,h200-mig,0.251546233892441,0.2515140116214756,0.2516250312328338,0.0002822110704203,2134.283243650395,2.134283243650396,1.0,0.0,30801920,NVIDIA H200 MIG 3g.71gb
fma,fp64,streaming,0.0,33554432.0,0.0,4.0,536870912.0,268435456.0,536870912.0,h200-mig,0.440647810697556,0.4403153121471406,0.4407254934310916,0.0005648367911484,1218.3673649714056,0.6091836824857028,0.5,0.0,30801920,NVIDIA H200 MIG 3g.71gb
fma,fp32,streaming,0.0,67108864.0,0.0,8.0,536870912.0,1073741824.0,536870912.0,h200-mig,0.251539289951324,0.2515073657035826,0.2515720129013057,0.0001492252961944,2134.342162227981,4.268684324455962,2.0,0.0,30801920,NVIDIA H200 MIG 3g.71gb
fma,fp64,streaming,0.0,33554432.0,0.0,8.0,536870912.0,536870912.0,536870912.0,h200-mig,0.440545469522476,0.4403160870075228,0.4407195508480076,0.0004787159305147,1218.650398520577,1.218650398520577,1.0,0.0,30801920,NVIDIA H200 MIG 3g.71gb
fma,fp32,streaming,0.0,67108864.0,0.0,16.0,536870912.0,2147483648.0,536870912.0,h200-mig,0.251436561346054,0.2513916671276092,0.2514706671237948,7.573951816716656e-05,2135.214183354586,8.540856733418343,4.0,0.0,30801920,NVIDIA H200 MIG 3g.71gb
fma,fp64,streaming,0.0,33554432.0,0.0,16.0,536870912.0,1073741824.0,536870912.0,h200-mig,0.43941193819046,0.4390317380428314,0.4397111356258394,0.0007678942348801,1221.7940964710365,2.443588192942073,2.0,0.0,30801920,NVIDIA H200 MIG 3g.71gb
fma,fp32,streaming,0.0,67108864.0,0.0,32.0,536870912.0,4294967296.0,536870912.0,h200-mig,0.26056757569313,0.2605249702930448,0.2608297348022458,0.0005389332986536,2060.390325127298,16.483122601018383,8.0,0.0,30801920,NVIDIA H200 MIG 3g.71gb
fma,fp64,streaming,0.0,33554432.0,0.0,32.0,536870912.0,2147483648.0,536870912.0,h200-mig,0.398764401674271,0.3977848291397098,0.400202703475952,0.0029273978867302,1346.3361065979525,5.38534442639181,4.0,0.0,30801920,NVIDIA H200 MIG 3g.71gb
fma,fp32,streaming,0.0,67108864.0,0.0,64.0,536870912.0,8589934592.0,536870912.0,h200-mig,0.370783388614655,0.3699751913547514,0.3708777010440824,0.0021104092087181,1447.936796753199,23.166988748051185,16.0,0.0,30801920,NVIDIA H200 MIG 3g.71gb
fma,fp64,streaming,0.0,33554432.0,0.0,64.0,536870912.0,4294967296.0,536870912.0,h200-mig,0.306202501058578,0.3060489892959594,0.3064859092235564,0.0007421807744281,1753.3198133391274,14.02655850671302,8.0,0.0,30801920,NVIDIA H200 MIG 3g.71gb
fma,fp32,streaming,0.0,67108864.0,0.0,128.0,536870912.0,17179869184.0,536870912.0,h200-mig,0.661832571029663,0.6617561578750613,0.6619842290878293,5.394594310229966e-05,811.1884115415313,25.958029169329,32.0,0.0,30801920,NVIDIA H200 MIG 3g.71gb
fma,fp64,streaming,0.0,33554432.0,0.0,128.0,536870912.0,8589934592.0,536870912.0,h200-mig,0.591244637966156,0.5901796698570249,0.5914288282394412,0.0010660381096158,908.035147425272,14.528562358804352,16.0,0.0,30801920,NVIDIA H200 MIG 3g.71gb
fma,fp32,streaming,0.0,67108864.0,0.0,256.0,536870912.0,34359738368.0,536870912.0,h200-mig,1.25625813007355,1.25457241535187,1.25758249759674,0.0021787284178012,427.3571642227445,27.350858510255645,64.0,0.0,30801920,NVIDIA H200 MIG 3g.71gb
fma,fp64,streaming,0.0,33554432.0,0.0,256.0,536870912.0,17179869184.0,536870912.0,h200-mig,1.1582795381546,1.157978296279908,1.160629129409792,0.0010945979422549,463.5072055709075,14.83223057826904,32.0,0.0,30801920,NVIDIA H200 MIG 3g.71gb
fma,fp32,streaming,0.0,67108864.0,0.0,512.0,536870912.0,68719476736.0,536870912.0,h200-mig,2.44443607330322,2.4434232711792,2.449259233474736,0.0020986650551256,219.6297615893528,28.11260948343716,128.0,0.0,30801920,NVIDIA H200 MIG 3g.71gb
fma,fp64,streaming,0.0,33554432.0,0.0,512.0,536870912.0,34359738368.0,536870912.0,h200-mig,2.29867601394653,2.294734382629398,2.299134397506718,0.0007239134452807,233.55658158987876,14.94762122175224,64.0,0.0,30801920,NVIDIA H200 MIG 3g.71gb
fma,fp32,streaming,0.0,67108864.0,0.0,1024.0,536870912.0,137438953472.0,536870912.0,h200-mig,4.85878419876099,4.854216098785396,4.859673690795898,0.0007277511826018,110.4949077872,28.2866963935232,256.0,0.0,30801920,NVIDIA H200 MIG 3g.71gb
fma,fp64,streaming,0.0,33554432.0,0.0,1024.0,536870912.0,68719476736.0,536870912.0,h200-mig,4.57352781295776,4.565428924560545,4.576326370239258,0.0021978060932397,117.38660700366412,15.025485696469003,128.0,0.0,30801920,NVIDIA H200 MIG 3g.71gb
fma,fp32,streaming,0.0,67108864.0,0.0,2048.0,536870912.0,274877906944.0,536870912.0,h200-mig,9.60508823394775,9.58433609008789,9.606499481201173,0.0017482710157655,55.89442792441093,28.6179470972984,512.0,0.0,30801920,NVIDIA H200 MIG 3g.71gb
fma,fp64,streaming,0.0,33554432.0,0.0,2048.0,536870912.0,137438953472.0,536870912.0,h200-mig,9.13107204437256,9.110332489013672,9.132018852233886,0.0021000826873289,58.79604381512587,15.051787216672222,256.0,0.0,30801920,NVIDIA H200 MIG 3g.71gb
gemm,fp32,warm,256.0,256.0,256.0,0.0,786432.0,33554432.0,786432.0,h200-mig,0.0095424000173807,0.0095359362661838,0.0095525762066245,0.0011234059016163,82.41448677141786,3.5163514355804955,42.66666666666666,0.0,30801920,NVIDIA H200 MIG 3g.71gb
gemm,fp32,cold,256.0,256.0,256.0,0.0,786432.0,33554432.0,786432.0,h200-mig,0.0140479998663068,0.0134208001196384,0.0145024001598358,0.0501139126586729,55.98177729814798,2.388555831387647,42.66666666666666,0.0,30801920,NVIDIA H200 MIG 3g.71gb
gemm,fp32,warm,512.0,512.0,512.0,0.0,3145728.0,268435456.0,3145728.0,h200-mig,0.0241127982735634,0.0241079047322273,0.0241190709173679,0.0003018818952767,130.4588527764896,11.132488770260446,85.33333333333333,0.0,30801920,NVIDIA H200 MIG 3g.71gb
gemm,fp32,cold,512.0,512.0,512.0,0.0,3145728.0,268435456.0,3145728.0,h200-mig,0.0304320007562637,0.0302015997469425,0.031097599491477,0.0215562365559296,103.36908260468306,8.820828382266289,85.33333333333333,0.0,30801920,NVIDIA H200 MIG 3g.71gb
gemm,fp32,warm,1024.0,1024.0,1024.0,0.0,12582912.0,2147483648.0,12582912.0,h200-mig,0.119300603866577,0.1191767215728756,0.1193468019366266,0.0006596821834492,105.4723244659552,18.000610042189688,170.66666666666666,0.0,30801920,NVIDIA H200 MIG 3g.71gb
gemm,fp32,cold,1024.0,1024.0,1024.0,0.0,12582912.0,2147483648.0,12582912.0,h200-mig,0.125055998563766,0.124761599302292,0.1256576001644134,0.0052456601630589,100.6182201934438,17.172176246347743,170.66666666666666,0.0,30801920,NVIDIA H200 MIG 3g.71gb
gemm,fp32,warm,2048.0,2048.0,2048.0,0.0,50331648.0,17179869184.0,50331648.0,h200-mig,0.91834819316864,0.9178331494331357,0.9192005991935732,0.0011282944230562,54.80671533346982,18.707358833824365,341.3333333333333,0.0,30801920,NVIDIA H200 MIG 3g.71gb
gemm,fp32,cold,2048.0,2048.0,2048.0,0.0,50331648.0,17179869184.0,50331648.0,h200-mig,0.92195200920105,0.9211263895034794,0.9223039865493774,0.0007983041919116,54.59248149327931,18.634233683039337,341.3333333333333,0.0,30801920,NVIDIA H200 MIG 3g.71gb
gemm,fp32,warm,4096.0,4096.0,4096.0,0.0,201326592.0,137438953472.0,201326592.0,h200-mig,6.97236776351929,6.97184314727783,6.980828952789306,0.0004039087368691,28.874924391306173,19.71194838446501,682.6666666666666,0.0,30801920,NVIDIA H200 MIG 3g.71gb
gemm,fp32,warm,8192.0,8192.0,8192.0,0.0,805306368.0,1099511627776.0,805306368.0,h200-mig,55.1560325622559,55.1213195800781,55.22510070800778,0.0010376363276592,14.600512955514557,19.934567021929208,1365.3333333333333,0.0,30801920,NVIDIA H200 MIG 3g.71gb
gemm,fp32,warm,1.0,8192.0,8192.0,0.0,268500992.0,134217728.0,268500992.0,h200-mig,0.122567094862461,0.1225111082196236,0.1226110786199568,0.0003767018220576,2190.644987558032,1.095055146331181,0.4998779594825482,0.0,30801920,NVIDIA H200 MIG 3g.71gb
gemm,fp32,warm,2.0,8192.0,8192.0,0.0,268566528.0,268435456.0,268566528.0,h200-mig,0.353478401899338,0.3533476114273074,0.3537332415580748,0.0006608341602185,759.7820023993465,0.7594111961512258,0.9995119570522206,0.0,30801920,NVIDIA H200 MIG 3g.71gb
gemm,fp32,warm,4.0,8192.0,8192.0,0.0,268697600.0,536870912.0,268697600.0,h200-mig,0.35490208864212,0.3547298848628996,0.3551532149314882,0.0007180562383065,757.1034620507749,1.5127296490536457,1.9980487804878049,0.0,30801920,NVIDIA H200 MIG 3g.71gb
gemm,fp32,warm,8.0,8192.0,8192.0,0.0,268959744.0,1073741824.0,268959744.0,h200-mig,0.35629615187645,0.356227946281433,0.356518983840942,0.0004948426703937,754.8769263532913,3.013621725480585,3.992202729044834,0.0,30801920,NVIDIA H200 MIG 3g.71gb
gemm,fp32,warm,16.0,8192.0,8192.0,0.0,269484032.0,2147483648.0,269484032.0,h200-mig,0.356660932302475,0.3563873767852782,0.3568470180034634,0.0005440125405729,755.5748544151103,6.02107899549473,7.968871595330739,0.0,30801920,NVIDIA H200 MIG 3g.71gb
gemm,fp32,warm,32.0,8192.0,8192.0,0.0,270532608.0,4294967296.0,270532608.0,h200-mig,0.358014851808548,0.3577573299407955,0.3581720590591428,0.0005939822616946,755.6463276128836,11.99661766628826,15.875968992248062,0.0,30801920,NVIDIA H200 MIG 3g.71gb
gemm,fp32,warm,64.0,8192.0,8192.0,0.0,272629760.0,8589934592.0,272629760.0,h200-mig,0.474647432565689,0.474133062362671,0.4748156785964963,0.0006996504259402,574.383724202004,18.097505648703144,31.50769230769231,0.0,30801920,NVIDIA H200 MIG 3g.71gb
gemm,fp32,warm,128.0,8192.0,8192.0,0.0,276824064.0,17179869184.0,276824064.0,h200-mig,0.757815361022949,0.756170094013214,0.7580726265907286,0.0020593388470312,365.2922311132948,22.67025725212205,62.06060606060606,0.0,30801920,NVIDIA H200 MIG 3g.71gb
gemm,fp32,warm,256.0,8192.0,8192.0,0.0,285212672.0,34359738368.0,285212672.0,h200-mig,1.51767146587372,1.516973233222962,1.519474244117734,0.0009959036696652,187.9278081016063,22.63977358776998,120.47058823529412,0.0,30801920,NVIDIA H200 MIG 3g.71gb
gemm,fp32,warm,512.0,8192.0,8192.0,0.0,301989888.0,68719476736.0,301989888.0,h200-mig,2.90218138694763,2.90146341323853,2.908297681808472,0.0020766258338054,104.05617283543326,23.67856021855192,227.55555555555557,0.0,30801920,NVIDIA H200 MIG 3g.71gb
gemm,fp32,warm,1024.0,8192.0,8192.0,0.0,335544320.0,137438953472.0,335544320.0,h200-mig,8.0490083694458,8.027062797546385,8.055564880371094,0.002406280476166,41.68765947290265,17.07526532010093,409.6,0.0,30801920,NVIDIA H200 MIG 3g.71gb
gemm,fp32,warm,2048.0,8192.0,8192.0,0.0,402653184.0,274877906944.0,402653184.0,h200-mig,15.8242559432983,15.80178565979002,15.83729953765872,0.000964597281916,25.44531543491161,17.37066867023299,682.6666666666666,0.0,30801920,NVIDIA H200 MIG 3g.71gb
gemm,fp64,warm,256.0,256.0,256.0,0.0,1572864.0,33554432.0,1572864.0,h200-mig,0.0058908802457153,0.0058839357458055,0.0058944640681147,0.0009506687011468,266.99982589936246,5.695996285853067,21.33333333333333,0.0,30801920,NVIDIA H200 MIG 3g.71gb
gemm,fp64,cold,256.0,256.0,256.0,0.0,1572864.0,33554432.0,1572864.0,h200-mig,0.0121600003913045,0.0116544000804424,0.012652800232172,0.0473684355642325,129.3473642587002,2.759410437518937,21.33333333333333,0.0,30801920,NVIDIA H200 MIG 3g.71gb
gemm,fp64,warm,512.0,512.0,512.0,0.0,6291456.0,268435456.0,6291456.0,h200-mig,0.016566401347518,0.0165606401860713,0.0165732152760028,0.0003959402380398,379.7720378748758,16.203606949328037,42.66666666666666,0.0,30801920,NVIDIA H200 MIG 3g.71gb
gemm,fp64,cold,512.0,512.0,512.0,0.0,6291456.0,268435456.0,6291456.0,h200-mig,0.0238080006092787,0.0234432004392147,0.0242303993552923,0.0228494401776659,264.2580577534104,11.27501046414551,42.66666666666666,0.0,30801920,NVIDIA H200 MIG 3g.71gb
gemm,fp64,warm,1024.0,1024.0,1024.0,0.0,25165824.0,2147483648.0,25165824.0,h200-mig,0.0872267261147499,0.0870556145906448,0.0872954577207565,0.0018260714850376,288.5104728898509,24.61956035326728,85.33333333333333,0.0,30801920,NVIDIA H200 MIG 3g.71gb
gemm,fp64,cold,1024.0,1024.0,1024.0,0.0,25165824.0,2147483648.0,25165824.0,h200-mig,0.0938559994101524,0.0933632031083107,0.0942655995488166,0.0059665928906549,268.13228944507745,22.88062203264661,85.33333333333333,0.0,30801920,NVIDIA H200 MIG 3g.71gb
gemm,fp64,warm,2048.0,2048.0,2048.0,0.0,100663296.0,17179869184.0,100663296.0,h200-mig,0.628209590911865,0.6269630074501036,0.6282735347747804,0.0013876227654766,160.2383940905522,27.34735259145424,170.66666666666666,0.0,30801920,NVIDIA H200 MIG 3g.71gb
gemm,fp64,cold,2048.0,2048.0,2048.0,0.0,100663296.0,17179869184.0,100663296.0,h200-mig,0.633599996566772,0.632966387271881,0.6343231797218324,0.0010100616704879,158.87515237603318,27.114692672176325,170.66666666666666,0.0,30801920,NVIDIA H200 MIG 3g.71gb
gemm,fp64,warm,4096.0,4096.0,4096.0,0.0,402653184.0,137438953472.0,402653184.0,h200-mig,4.84450387954712,4.840408039093021,4.850926303863526,0.0014300674008702,83.11546321594469,28.370078111042453,341.3333333333333,0.0,30801920,NVIDIA H200 MIG 3g.71gb
gemm,fp64,warm,8192.0,8192.0,8192.0,0.0,1610612736.0,1099511627776.0,1610612736.0,h200-mig,37.7567367553711,37.711340332031234,37.77642288208012,0.0014222493261567,42.657625483772286,29.12093899692188,682.6666666666666,0.0,30801920,NVIDIA H200 MIG 3g.71gb
gemm,fp64,warm,1.0,8192.0,8192.0,0.0,537001984.0,134217728.0,537001984.0,h200-mig,0.236809253692627,0.2367811143398282,0.2369383275508878,0.0003508368990696,2267.656249181108,0.5667756893242506,0.2499389797412741,0.0,30801920,NVIDIA H200 MIG 3g.71gb
gemm,fp64,warm,2.0,8192.0,8192.0,0.0,537133056.0,268435456.0,537133056.0,h200-mig,0.285353422164917,0.2852187454700471,0.2855018377304074,0.0006117575253225,1882.3431375901623,0.9407122366482804,0.4997559785261103,0.0,30801920,NVIDIA H200 MIG 3g.71gb
gemm,fp64,warm,4.0,8192.0,8192.0,0.0,537395200.0,536870912.0,537395200.0,h200-mig,0.284731298685074,0.2844911992549894,0.284794461727142,0.0006099018034018,1887.3766336253184,1.8855352905681229,0.9990243902439024,0.0,30801920,NVIDIA H200 MIG 3g.71gb
gemm,fp64,warm,8.0,8192.0,8192.0,0.0,537919488.0,1073741824.0,537919488.0,h200-mig,0.285537898540497,0.2853419303894043,0.2856393277645108,0.0004341898632956,1883.881231701747,3.7604178971980295,1.996101364522417,0.0,30801920,NVIDIA H200 MIG 3g.71gb
gemm,fp64,warm,16.0,8192.0,8192.0,0.0,538968064.0,2147483648.0,538968064.0,h200-mig,0.285560458898544,0.285419017076492,0.2856194019317626,0.0003452893443293,1887.404390926156,7.5202416198769795,3.9844357976653697,0.0,30801920,NVIDIA H200 MIG 3g.71gb
gemm,fp64,warm,32.0,8192.0,8192.0,0.0,541065216.0,4294967296.0,541065216.0,h200-mig,0.286935538053513,0.2868407547473908,0.2870395362377164,0.0002500529966929,1885.668187602096,14.968404838019737,7.937984496124031,0.0,30801920,NVIDIA H200 MIG 3g.71gb
gemm,fp64,warm,64.0,8192.0,8192.0,0.0,545259520.0,8589934592.0,545259520.0,h200-mig,0.353007704019547,0.352745199203491,0.3531273305416106,0.0005636146236882,1544.6108223457,24.333561262799957,15.753846153846156,0.0,30801920,NVIDIA H200 MIG 3g.71gb
gemm,fp64,warm,128.0,8192.0,8192.0,0.0,553648128.0,17179869184.0,553648128.0,h200-mig,0.656678378582001,0.6559481501579282,0.6568637847900389,0.000934808053019,843.1039395503178,26.161770730288648,31.03030303030303,0.0,30801920,NVIDIA H200 MIG 3g.71gb
gemm,fp64,warm,256.0,8192.0,8192.0,0.0,570425344.0,34359738368.0,570425344.0,h200-mig,1.29502928256989,1.294292521476744,1.296060609817504,0.000855802088703,440.4729311356057,26.532016557815307,60.23529411764706,0.0,30801920,NVIDIA H200 MIG 3g.71gb
gemm,fp64,warm,512.0,8192.0,8192.0,0.0,603979776.0,68719476736.0,603979776.0,h200-mig,2.48397588729858,2.482975292205814,2.486376762390134,0.0011497281291529,243.1504182823817,27.665114257906545,113.77777777777776,0.0,30801920,NVIDIA H200 MIG 3g.71gb
gemm,fp64,warm,1024.0,8192.0,8192.0,0.0,671088640.0,137438953472.0,671088640.0,h200-mig,4.8200478553772,4.81339855194092,4.820260715484616,0.0009361051476824,139.2286259671343,28.514022598069104,204.8,0.0,30801920,NVIDIA H200 MIG 3g.71gb
gemm,fp64,warm,2048.0,8192.0,8192.0,0.0,805306368.0,274877906944.0,805306368.0,h200-mig,9.59404754638672,9.577219581604004,9.598035240173338,0.0012874141856413,83.93812560406707,28.650880206188223,341.3333333333333,0.0,30801920,NVIDIA H200 MIG 3g.71gb
gemm,fp16,warm,256.0,256.0,256.0,0.0,393216.0,33554432.0,393216.0,h200-mig,0.0043747196905314,0.0043439680710434,0.0043876159936189,0.006857581222652,89.88370177203919,7.670075884547344,85.33333333333333,0.0001984265214773,30801920,NVIDIA H200 MIG 3g.71gb
gemm,fp16,cold,256.0,256.0,256.0,0.0,393216.0,33554432.0,393216.0,h200-mig,0.007872000336647,0.0075968000106513,0.0080255998298525,0.0121951255581774,49.95121737602528,4.2625038827541575,85.33333333333333,0.0001984265214773,30801920,NVIDIA H200 MIG 3g.71gb
gemm,fp16,warm,512.0,512.0,512.0,0.0,1572864.0,268435456.0,1572864.0,h200-mig,0.0043750400654971,0.0043549438007175,0.0043981119990348,0.0070765498635647,359.5084791117832,61.356113768410985,170.66666666666666,0.000200911459712,30801920,NVIDIA H200 MIG 3g.71gb
gemm,fp16,cold,512.0,512.0,512.0,0.0,1572864.0,268435456.0,1572864.0,h200-mig,0.0091519998386502,0.0083008002489805,0.009209599904716,0.0576922900797143,171.86014289003438,29.330797719899195,170.66666666666666,0.000200911459712,30801920,NVIDIA H200 MIG 3g.71gb
gemm,fp16,warm,1024.0,1024.0,1024.0,0.0,6291456.0,2147483648.0,6291456.0,h200-mig,0.0094564799219369,0.0094513602554798,0.0094632321968674,0.0010151353904511,665.306335120025,227.0912290543019,341.3333333333333,0.0001899405204345,30801920,NVIDIA H200 MIG 3g.71gb
gemm,fp16,cold,1024.0,1024.0,1024.0,0.0,6291456.0,2147483648.0,6291456.0,h200-mig,0.0151680000126362,0.0147391999140382,0.0156800001859665,0.0506329284912738,414.7848097810322,141.57988173859232,341.3333333333333,0.0001899405204345,30801920,NVIDIA H200 MIG 3g.71gb
gemm,fp16,warm,2048.0,2048.0,2048.0,0.0,25165824.0,17179869184.0,25165824.0,h200-mig,0.0499032028019428,0.0497311368584633,0.0500268802046776,0.0036774989513501,504.29276252826526,344.26385921929574,682.6666666666666,0.0002214878090706,30801920,NVIDIA H200 MIG 3g.71gb
gemm,fp16,cold,2048.0,2048.0,2048.0,0.0,25165824.0,17179869184.0,25165824.0,h200-mig,0.0552639998495579,0.0547519996762275,0.0554751999676227,0.0063694415643959,455.37463934039374,310.8690871230421,682.6666666666666,0.0002214878090706,30801920,NVIDIA H200 MIG 3g.71gb
gemm,fp16,warm,4096.0,4096.0,4096.0,0.0,100663296.0,137438953472.0,100663296.0,h200-mig,0.341212630271912,0.3408152580261228,0.3414745807647704,0.0010044810133389,295.01632433647467,402.7956214940667,1365.3333333333333,0.0002273709783179,30801920,NVIDIA H200 MIG 3g.71gb
gemm,fp16,warm,8192.0,8192.0,8192.0,0.0,402653184.0,1099511627776.0,402653184.0,h200-mig,2.6249737739563,2.623845529556274,2.626301288604734,0.000564262941354,153.3932216751752,418.86575732101176,2730.6666666666665,0.0002014828336355,30801920,NVIDIA H200 MIG 3g.71gb
gemm,fp16,warm,1.0,8192.0,8192.0,0.0,134250496.0,134217728.0,134250496.0,h200-mig,0.0656097605824471,0.0655712336301803,0.0656775370240211,0.0012083248306017,2046.1970110574784,2.0456975731734026,0.9997559189650964,0.0002413515983138,30801920,NVIDIA H200 MIG 3g.71gb
gemm,fp16,warm,2.0,8192.0,8192.0,0.0,134283264.0,268435456.0,134283264.0,h200-mig,0.124063566327095,0.1237537965178488,0.1244073659181596,0.0032613819871235,1082.3746888426588,2.163692887017828,1.9990239141044408,0.0002708094539799,30801920,NVIDIA H200 MIG 3g.71gb
gemm,fp16,warm,4.0,8192.0,8192.0,0.0,134348800.0,536870912.0,134348800.0,h200-mig,0.123639598488808,0.1235580280423166,0.1240049690008164,0.0028006054490168,1086.6162753849562,4.342224647782225,3.9960975609756098,0.0002586230887999,30801920,NVIDIA H200 MIG 3g.71gb
gemm,fp16,warm,8.0,8192.0,8192.0,0.0,134479872.0,1073741824.0,134479872.0,h200-mig,0.0639766380190849,0.0639354556798934,0.0639891535043716,0.0004514487878426,2102.015300645889,16.783342439465038,7.984405458089668,0.0001884462654639,30801920,NVIDIA H200 MIG 3g.71gb
gemm,fp16,warm,16.0,8192.0,8192.0,0.0,134742016.0,2147483648.0,134742016.0,h200-mig,0.0646092817187309,0.0645842239260673,0.0646514534950256,0.0008146604516684,2085.4900784469933,33.238005296960644,15.93774319066148,0.0002192352371322,30801920,NVIDIA H200 MIG 3g.71gb
gemm,fp16,warm,32.0,8192.0,8192.0,0.0,135266304.0,4294967296.0,135266304.0,h200-mig,0.064377598464489,0.064357054233551,0.064400477707386,0.0003504380185901,2101.139328373884,66.7152456513134,31.751937984496124,0.0002453159182464,30801920,NVIDIA H200 MIG 3g.71gb
gemm,fp16,warm,64.0,8192.0,8192.0,0.0,136314880.0,8589934592.0,136314880.0,h200-mig,0.0652247965335846,0.0652011841535568,0.0652465611696243,0.0002073261167856,2089.9241890284893,131.697376588626,63.01538461538462,0.0002063616112378,30801920,NVIDIA H200 MIG 3g.71gb
gemm,fp16,warm,128.0,8192.0,8192.0,0.0,138412032.0,17179869184.0,138412032.0,h200-mig,0.070548802614212,0.0704655051231384,0.0705836832523346,0.0006883059278266,1961.933113973461,243.51751620713023,124.12121212121212,0.0002660988993651,30801920,NVIDIA H200 MIG 3g.71gb
gemm,fp16,warm,256.0,8192.0,8192.0,0.0,142606336.0,34359738368.0,142606336.0,h200-mig,0.100028105080128,0.0999232694506645,0.1001680627465248,0.0014472038192849,1425.6626763624536,343.500842492977,240.94117647058823,0.0002089550692324,30801920,NVIDIA H200 MIG 3g.71gb
gemm,fp16,warm,512.0,8192.0,8192.0,0.0,150994944.0,68719476736.0,150994944.0,h200-mig,0.17528347671032,0.1747968584299088,0.1757286399602894,0.0034055720974318,861.4328448627242,392.04765917307975,455.1111111111111,0.0002104103882757,30801920,NVIDIA H200 MIG 3g.71gb
gemm,fp16,warm,1024.0,8192.0,8192.0,0.0,167772160.0,137438953472.0,167772160.0,h200-mig,0.344686836004257,0.3437873125076294,0.3451449215412135,0.0025489005445458,486.7379385440991,398.735719255326,819.2,0.0002004140174646,30801920,NVIDIA H200 MIG 3g.71gb
gemm,fp16,warm,2048.0,8192.0,8192.0,0.0,201326592.0,274877906944.0,201326592.0,h200-mig,0.672216296195984,0.6715336561203004,0.6731853485107424,0.0013576087359394,299.4967440380282,408.9128878599212,1365.3333333333333,0.0002256969776948,30801920,NVIDIA H200 MIG 3g.71gb
gemm,bf16,warm,256.0,256.0,256.0,0.0,393216.0,33554432.0,393216.0,h200-mig,0.0044312002137303,0.004410240240395,0.0044360321015119,0.0025997458997709,88.73803507717766,7.572312326585827,85.33333333333333,0.0015699538480616,30801920,NVIDIA H200 MIG 3g.71gb
gemm,bf16,cold,256.0,256.0,256.0,0.0,393216.0,33554432.0,393216.0,h200-mig,0.0079039996489882,0.0077056000009179,0.008390400186181,0.058704490650541,49.74899006357288,4.245247152091553,85.33333333333333,0.0015699538480616,30801920,NVIDIA H200 MIG 3g.71gb
gemm,bf16,warm,512.0,512.0,512.0,0.0,1572864.0,268435456.0,1572864.0,h200-mig,0.0044656000100076,0.0044533758424222,0.0044860479421913,0.0017019119162313,352.2178422776643,60.11184508205472,170.66666666666666,0.0016239479948725,30801920,NVIDIA H200 MIG 3g.71gb
gemm,bf16,cold,512.0,512.0,512.0,0.0,1572864.0,268435456.0,1572864.0,h200-mig,0.0091199995949864,0.0089024001732468,0.0092800000682473,0.0192982912987198,172.46316555371936,29.43371358783477,170.66666666666666,0.0016239479948725,30801920,NVIDIA H200 MIG 3g.71gb
gemm,bf16,warm,1024.0,1024.0,1024.0,0.0,6291456.0,2147483648.0,6291456.0,h200-mig,0.0094358399510383,0.0094296002760529,0.0094471680000424,0.0006951973102912,666.7616272261656,227.5879687598645,341.3333333333333,0.0014144454356515,30801920,NVIDIA H200 MIG 3g.71gb
gemm,bf16,cold,1024.0,1024.0,1024.0,0.0,6291456.0,2147483648.0,6291456.0,h200-mig,0.0150720002129674,0.0145280001685023,0.0163711996749043,0.0233545568843046,417.4267456941157,142.48166253025815,341.3333333333333,0.0014144454356515,30801920,NVIDIA H200 MIG 3g.71gb
gemm,bf16,warm,2048.0,2048.0,2048.0,0.0,25165824.0,17179869184.0,25165824.0,h200-mig,0.0497750379145145,0.0497254408895969,0.0498621731996536,0.0013147214903249,505.5912572727864,345.15029829822225,682.6666666666666,0.0015212681809329,30801920,NVIDIA H200 MIG 3g.71gb
gemm,bf16,cold,2048.0,2048.0,2048.0,0.0,25165824.0,17179869184.0,25165824.0,h200-mig,0.0553600005805492,0.0551424004137516,0.056115198880434,0.0112716610723382,454.5849663311247,310.3300036820478,682.6666666666666,0.0015212681809329,30801920,NVIDIA H200 MIG 3g.71gb
gemm,bf16,warm,4096.0,4096.0,4096.0,0.0,100663296.0,137438953472.0,100663296.0,h200-mig,0.34139284491539,0.3407453119754789,0.3416114449501034,0.0005871110721963,294.8605909562872,402.5829935189841,1365.3333333333333,0.0017106645640478,30801920,NVIDIA H200 MIG 3g.71gb
gemm,bf16,warm,8192.0,8192.0,8192.0,0.0,402653184.0,1099511627776.0,402653184.0,h200-mig,2.62393593788147,2.622806882858278,2.625970315933226,0.00067252217851,153.45389275208322,419.0314298083552,2730.6666666666665,0.001961559904137,30801920,NVIDIA H200 MIG 3g.71gb
gemm,bf16,warm,1.0,8192.0,8192.0,0.0,134250496.0,134217728.0,134250496.0,h200-mig,0.0658899247646332,0.0658616960048675,0.0659417629241943,0.0006787397343799,2037.4965744696024,2.036999260197094,0.9997559189650964,0.0015990532871483,30801920,NVIDIA H200 MIG 3g.71gb
gemm,bf16,warm,2.0,8192.0,8192.0,0.0,134283264.0,268435456.0,134283264.0,h200-mig,0.127005636692047,0.1268670678138732,0.1270673990249634,0.0005478573550496,1057.3016087907909,2.1135712003938893,1.9990239141044408,0.0022517953046445,30801920,NVIDIA H200 MIG 3g.71gb
gemm,bf16,warm,4.0,8192.0,8192.0,0.0,134348800.0,536870912.0,134348800.0,h200-mig,0.145298019051552,0.1452113986015322,0.1455693274736408,0.0016958634612497,924.6430259474688,3.694963740761787,3.9960975609756098,0.0021726323688956,30801920,NVIDIA H200 MIG 3g.71gb
gemm,bf16,warm,8.0,8192.0,8192.0,0.0,134479872.0,1073741824.0,134479872.0,h200-mig,0.0639016032218933,0.0638798728585243,0.063919934630394,0.0003054777999255,2104.483537494814,16.803049843233445,7.984405458089668,0.0016939623537978,30801920,NVIDIA H200 MIG 3g.71gb
gemm,bf16,warm,16.0,8192.0,8192.0,0.0,134742016.0,2147483648.0,134742016.0,h200-mig,0.0647342428565025,0.0646163508296013,0.0647990375757217,0.002041553168717,2081.46430782677,33.173843598671006,15.93774319066148,0.001948402555698,30801920,NVIDIA H200 MIG 3g.71gb
gemm,bf16,warm,32.0,8192.0,8192.0,0.0,135266304.0,4294967296.0,135266304.0,h200-mig,0.0643739253282547,0.0643509447574615,0.0643843814730644,0.0002385382984179,2101.2592180801744,66.71905238183251,31.751937984496124,0.0016650696901783,30801920,NVIDIA H200 MIG 3g.71gb
gemm,bf16,warm,64.0,8192.0,8192.0,0.0,136314880.0,8589934592.0,136314880.0,h200-mig,0.065235361456871,0.0652017593383788,0.0652501747012138,0.0006535711079657,2089.585723996053,131.6760480844282,63.01538461538462,0.0015532854263537,30801920,NVIDIA H200 MIG 3g.71gb
gemm,bf16,warm,128.0,8192.0,8192.0,0.0,138412032.0,17179869184.0,138412032.0,h200-mig,0.0705497562885284,0.0704936668276787,0.0705957129597663,0.0007677134337328,1961.9065930424229,243.5142243970232,124.12121212121212,0.0017658919966917,30801920,NVIDIA H200 MIG 3g.71gb
gemm,bf16,warm,256.0,8192.0,8192.0,0.0,142606336.0,34359738368.0,142606336.0,h200-mig,0.100089125335217,0.0999903470277787,0.1001413702964782,0.0010143865425384,1424.7935080098362,343.29142404754646,240.94117647058823,0.0014572168435032,30801920,NVIDIA H200 MIG 3g.71gb
gemm,bf16,warm,512.0,8192.0,8192.0,0.0,150994944.0,68719476736.0,150994944.0,h200-mig,0.174760803580284,0.1746436029672624,0.1752668142318726,0.001895762439953,864.0092109134408,393.2201919890504,455.1111111111111,0.0017062043159246,30801920,NVIDIA H200 MIG 3g.71gb
gemm,bf16,warm,1024.0,8192.0,8192.0,0.0,167772160.0,137438953472.0,167772160.0,h200-mig,0.343709707260132,0.3436325669288635,0.3440778434276582,0.000983440192059,488.121680756092,399.8692808753906,819.2,0.0017767034432755,30801920,NVIDIA H200 MIG 3g.71gb
gemm,bf16,warm,2048.0,8192.0,8192.0,0.0,201326592.0,274877906944.0,201326592.0,h200-mig,0.67355477809906,0.6726161479949953,0.6743563175201418,0.0012360652842106,298.9015868437516,408.1002999040022,1365.3333333333333,0.0016934063772307,30801920,NVIDIA H200 MIG 3g.71gb
gemm,tf32,warm,256.0,256.0,256.0,0.0,786432.0,33554432.0,786432.0,h200-mig,0.0051372800953686,0.0051310081966221,0.0051387841813266,0.0010589432322132,153.08334087311826,6.531555877253046,42.66666666666666,0.0,30801920,NVIDIA H200 MIG 3g.71gb
gemm,tf32,cold,256.0,256.0,256.0,0.0,786432.0,33554432.0,786432.0,h200-mig,0.0096000004559755,0.0090368000790476,0.0097216000780463,0.0349999738065538,81.91999610900898,3.495253167317717,42.66666666666666,0.0,30801920,NVIDIA H200 MIG 3g.71gb
gemm,tf32,warm,512.0,512.0,512.0,0.0,3145728.0,268435456.0,3145728.0,h200-mig,0.0110963201150298,0.0110933758318424,0.0111008642241359,0.0003388704413779,283.49290281731857,24.191394373744515,85.33333333333333,0.0,30801920,NVIDIA H200 MIG 3g.71gb
gemm,tf32,cold,512.0,512.0,512.0,0.0,3145728.0,268435456.0,3145728.0,h200-mig,0.0150079997256398,0.0147072002291679,0.0171648001298308,0.021321969228498,209.60341534560467,17.8861581094916,85.33333333333333,0.0,30801920,NVIDIA H200 MIG 3g.71gb
gemm,tf32,warm,1024.0,1024.0,1024.0,0.0,12582912.0,2147483648.0,12582912.0,h200-mig,0.030231200158596,0.0302247673273086,0.0302420482039451,0.0002064354884939,416.2227081289775,71.03534218734549,170.66666666666666,0.0,30801920,NVIDIA H200 MIG 3g.71gb
gemm,tf32,cold,1024.0,1024.0,1024.0,0.0,12582912.0,2147483648.0,12582912.0,h200-mig,0.0376960001885891,0.0374719999730587,0.0377984009683132,0.0033956115772171,333.79965877146174,56.96847509699614,170.66666666666666,0.0,30801920,NVIDIA H200 MIG 3g.71gb
gemm,tf32,warm,2048.0,2048.0,2048.0,0.0,50331648.0,17179869184.0,50331648.0,h200-mig,0.120901331305504,0.120595282316208,0.1210218206048008,0.001554929524692,416.30350515179697,142.09826309181338,341.3333333333333,0.0,30801920,NVIDIA H200 MIG 3g.71gb
gemm,tf32,cold,2048.0,2048.0,2048.0,0.0,50331648.0,17179869184.0,50331648.0,h200-mig,0.12950399518013,0.1279744058847426,0.1300480008125306,0.0088954886659144,388.6493843683554,132.65898986439868,341.3333333333333,0.0,30801920,NVIDIA H200 MIG 3g.71gb
gemm,tf32,warm,4096.0,4096.0,4096.0,0.0,201326592.0,137438953472.0,201326592.0,h200-mig,0.797126710414886,0.7968914747238156,0.7978781580924984,0.0002450729861376,252.565356761429,172.41795021580222,682.6666666666666,0.0,30801920,NVIDIA H200 MIG 3g.71gb
gemm,tf32,warm,8192.0,8192.0,8192.0,0.0,805306368.0,1099511627776.0,805306368.0,h200-mig,5.15918922424316,5.156439590454102,5.162685871124264,0.0007122256969841,156.09165180758347,213.117135267954,1365.3333333333333,0.0,30801920,NVIDIA H200 MIG 3g.71gb
gemm,tf32,warm,1.0,8192.0,8192.0,0.0,268500992.0,134217728.0,268500992.0,h200-mig,0.122299291193485,0.1222410917282102,0.1226131841540336,0.0003640631864051,2195.441930854815,1.0974530325581306,0.4998779594825482,0.0,30801920,NVIDIA H200 MIG 3g.71gb
gemm,tf32,warm,2.0,8192.0,8192.0,0.0,268566528.0,268435456.0,268566528.0,h200-mig,0.235484912991524,0.2353175133466718,0.2358998388051986,0.0022946094522453,1140.4829489423246,1.1399263442820309,0.9995119570522206,0.0,30801920,NVIDIA H200 MIG 3g.71gb
gemm,tf32,warm,4.0,8192.0,8192.0,0.0,268697600.0,536870912.0,268697600.0,h200-mig,0.159774959087372,0.1596472620964052,0.1599191695451736,0.0006821753807641,1681.72535630608,3.360169297282782,1.9980487804878049,0.0,30801920,NVIDIA H200 MIG 3g.71gb
gemm,tf32,warm,8.0,8192.0,8192.0,0.0,268959744.0,1073741824.0,268959744.0,h200-mig,0.160018056631088,0.159843197464943,0.1601410061120984,0.0010402630503114,1680.808714106999,6.7101291354603,3.992202729044834,0.0,30801920,NVIDIA H200 MIG 3g.71gb
gemm,tf32,warm,16.0,8192.0,8192.0,0.0,269484032.0,2147483648.0,269484032.0,h200-mig,0.16073203086853,0.1605214715003968,0.1607813268899922,0.0012159130857859,1676.6044113535977,13.360645270241898,7.968871595330739,0.0,30801920,NVIDIA H200 MIG 3g.71gb
gemm,tf32,warm,32.0,8192.0,8192.0,0.0,270532608.0,4294967296.0,270532608.0,h200-mig,0.161827430129051,0.1616788178682328,0.1619084656238554,0.0010646354921758,1671.735179779231,26.54041587742531,15.875968992248062,0.0,30801920,NVIDIA H200 MIG 3g.71gb
gemm,tf32,warm,64.0,8192.0,8192.0,0.0,272629760.0,8589934592.0,272629760.0,h200-mig,0.235800191760063,0.2356789082288742,0.2358488231897353,0.0003235849611633,1156.1897298090948,36.42887025613887,31.50769230769231,0.0,30801920,NVIDIA H200 MIG 3g.71gb
gemm,tf32,warm,128.0,8192.0,8192.0,0.0,276824064.0,17179869184.0,276824064.0,h200-mig,0.178800597786903,0.1787243247032165,0.178857725858688,0.0005543330106682,1548.227843901969,96.0839583124616,62.06060606060606,0.0,30801920,NVIDIA H200 MIG 3g.71gb
gemm,tf32,warm,256.0,8192.0,8192.0,0.0,285212672.0,34359738368.0,285212672.0,h200-mig,0.207062363624573,0.2069390416145326,0.2073040515184406,0.0008051399999434,1377.424013748448,165.9390811856954,120.47058823529412,0.0,30801920,NVIDIA H200 MIG 3g.71gb
gemm,tf32,warm,512.0,8192.0,8192.0,0.0,301989888.0,68719476736.0,301989888.0,h200-mig,0.374882489442825,0.374432986974716,0.3754727542400364,0.0012508974304653,805.558799102186,183.3093800623641,227.55555555555557,0.0,30801920,NVIDIA H200 MIG 3g.71gb
gemm,tf32,warm,1024.0,8192.0,8192.0,0.0,335544320.0,137438953472.0,335544320.0,h200-mig,0.678323864936829,0.6771451592445372,0.6793361902236938,0.0011053227895789,494.6668359239412,202.61553599444636,409.6,0.0,30801920,NVIDIA H200 MIG 3g.71gb
gemm,tf32,warm,2048.0,8192.0,8192.0,0.0,402653184.0,274877906944.0,402653184.0,h200-mig,1.35739207267761,1.354458975791932,1.359193634986876,0.0028828547164533,296.63734753196314,202.50442924848684,682.6666666666666,0.0,30801920,NVIDIA H200 MIG 3g.71gb
read_reduce,fp32,warm,0.0,16777216.0,0.0,0.0,71303168.0,0.0,71303168.0,h200-mig,0.0360167995095253,0.0360017918050289,0.0360201582312583,0.0002131733915742,1979.719713328292,0.0,0.0,0.0,30801920,NVIDIA H200 MIG 3g.71gb
read_reduce,fp32,warm,0.0,67108864.0,0.0,0.0,272629760.0,0.0,272629760.0,h200-mig,0.128325194120407,0.1282970994710923,0.1283598959445952,0.000191888810625,2124.5224826559984,0.0,0.0,0.0,30801920,NVIDIA H200 MIG 3g.71gb
read_reduce,fp32,warm,0.0,134217728.0,0.0,0.0,541065216.0,0.0,541065216.0,h200-mig,0.247508004307747,0.2474474370479582,0.2475770473480225,0.0003013850527585,2186.0513865533385,0.0,0.0,0.0,30801920,NVIDIA H200 MIG 3g.71gb
gemm,fp8_e4m3,warm,256.0,256.0,256.0,0.0,262152.0,33554432.0,262152.0,h200-mig,0.004113279748708,0.0039121600799262,0.0041526080109179,0.0371868589880373,63.733083090772645,8.157585685860418,127.99609386920564,0.0001655438077451,30801920,NVIDIA H200 MIG 3g.71gb
gemm,fp8_e4m3,warm,512.0,512.0,512.0,0.0,1048584.0,268435456.0,1048584.0,h200-mig,0.0041689598001539,0.0041614400222897,0.0041729599237442,0.0010937951850223,251.52173450107944,64.38907278263657,255.99804688990105,0.0001959319195084,30801920,NVIDIA H200 MIG 3g.71gb
gemm,fp8_e4m3,warm,1024.0,1024.0,1024.0,0.0,4194312.0,2147483648.0,4194312.0,h200-mig,0.0071843201294541,0.0071792640723288,0.0071882240474224,0.0008351584532482,583.814741607106,298.9125775723422,511.99902343936265,0.0002203731078509,30801920,NVIDIA H200 MIG 3g.71gb
gemm,fp8_e4m3,warm,2048.0,2048.0,2048.0,0.0,16777224.0,17179869184.0,16777224.0,h200-mig,0.0311900805681944,0.0311721593141555,0.0312091846019029,0.0006309925555905,537.9025540930571,550.8119527436843,1023.9995117189828,0.0002671880664032,30801920,NVIDIA H200 MIG 3g.71gb
gemm,fp8_e4m3,warm,4096.0,4096.0,4096.0,0.0,67108872.0,137438953472.0,67108872.0,h200-mig,0.190780162811279,0.1874145805835728,0.1938792318105698,0.0281136745647875,351.760219779163,720.4048442287761,2047.999755859404,0.0002161337444008,30801920,NVIDIA H200 MIG 3g.71gb
gemm,fp8_e4m3,warm,8192.0,8192.0,8192.0,0.0,268435464.0,1099511627776.0,268435464.0,h200-mig,1.42373943328857,1.41151034832001,1.438774371147154,0.0075768270325022,188.54255050024472,772.270263833555,4095.999877929691,0.0002217307610558,30801920,NVIDIA H200 MIG 3g.71gb
gemm,fp8_e4m3,warm,16.0,8192.0,8192.0,0.0,67502088.0,2147483648.0,67502088.0,h200-mig,0.0361812822520733,0.0361409589648246,0.0362608626484871,0.0012271503290821,1865.663232433724,59.35344228650001,31.81358846262652,0.0002530148875453,30801920,NVIDIA H200 MIG 3g.71gb
gemm,fp8_e4m3,warm,32.0,8192.0,8192.0,0.0,67895304.0,4294967296.0,67895304.0,h200-mig,0.0354539193212986,0.0354299835860729,0.0354631692171097,0.0007514377558111,1915.029573591108,121.14224261292996,63.25867980501273,0.0002319161509569,30801920,NVIDIA H200 MIG 3g.71gb
gemm,fp8_e4m3,warm,64.0,8192.0,8192.0,0.0,68681736.0,8589934592.0,68681736.0,h200-mig,0.0365889593958855,0.03654630407691,0.0366019517183303,0.0008264800228549,1877.1164070799837,234.76848573523395,125.0686877221624,0.0001987323186798,30801920,NVIDIA H200 MIG 3g.71gb
gemm,fp8_e4m3,warm,128.0,8192.0,8192.0,0.0,70254600.0,17179869184.0,70254600.0,h200-mig,0.0392375998198986,0.0392107188701629,0.0392561294138431,0.0006484528323657,1790.4917814155322,437.8420000931749,244.5372855869936,0.0002148092439754,30801920,NVIDIA H200 MIG 3g.71gb
gemm,fp8_e4m3,warm,256.0,8192.0,8192.0,0.0,73400328.0,34359738368.0,73400328.0,h200-mig,0.056618720293045,0.056544254720211,0.0566806726157665,0.0011034990885925,1296.3968033911292,606.8617974790349,468.11423469388313,0.0002163155530325,30801920,NVIDIA H200 MIG 3g.71gb
gemm,fp8_e4m3,warm,512.0,8192.0,8192.0,0.0,79691784.0,68719476736.0,79691784.0,h200-mig,0.103207595646381,0.1030798047780994,0.1039386421442032,0.0032547689410714,772.1503780889058,665.8373960328729,862.315702908596,0.000221544427151,30801920,NVIDIA H200 MIG 3g.71gb
gemm,fp8_e4m3,warm,1024.0,8192.0,8192.0,0.0,92274696.0,137438953472.0,92274696.0,h200-mig,0.186562895774841,0.1790632218122482,0.1875512927770612,0.0291511821383075,494.6036864230735,736.6896450721493,1489.4544163223252,0.0002176910947441,30801920,NVIDIA H200 MIG 3g.71gb
gemm,fp8_e4m3,warm,2048.0,8192.0,8192.0,0.0,117440520.0,274877906944.0,117440520.0,h200-mig,0.369306564331055,0.3654103994369506,0.3706344902515412,0.0084433570650189,318.00279589594186,744.3082075779,2340.571269132664,0.0001937280562835,30801920,NVIDIA H200 MIG 3g.71gb
copy,fp32,warm,0.0,1024.0,0.0,0.0,8192.0,0.0,8192.0,b300,0.0034185601398348,0.0033590081147849,0.0034877120982855,0.0150238677008533,2.396330520719077,0.0,0.0,0.0,132644864,NVIDIA B300 SXM6 AC
add,fp32,warm,0.0,1024.0,0.0,0.0,12288.0,1024.0,12288.0,b300,0.0031641600653529,0.0030690560117363,0.0036008639726787,0.1248735463905566,3.88349506542092,0.000323624588785,0.0833333333333333,0.0,132644864,NVIDIA B300 SXM6 AC
triad,fp32,warm,0.0,1024.0,0.0,0.0,12288.0,2048.0,12288.0,b300,0.0030590400565415,0.003026048047468,0.0031075520440936,0.0140435988128606,4.016946418770458,0.000669491069795,0.1666666666666666,0.0,132644864,NVIDIA B300 SXM6 AC
copy,fp32,warm,0.0,16384.0,0.0,0.0,131072.0,0.0,131072.0,b300,0.0028561600483954,0.002845503995195,0.0030591358896344,0.0336674950603707,45.89098572176887,0.0,0.0,0.0,132644864,NVIDIA B300 SXM6 AC
add,fp32,warm,0.0,16384.0,0.0,0.0,196608.0,16384.0,196608.0,b300,0.0027499198913574,0.0027161280624568,0.0028755520004779,0.025251642223535,71.4959008871164,0.005957991740593,0.0833333333333333,0.0,132644864,NVIDIA B300 SXM6 AC
triad,fp32,warm,0.0,16384.0,0.0,0.0,196608.0,32768.0,196608.0,b300,0.002744480036199,0.002733344072476,0.0027704639825969,0.008394986465268,71.63761346658877,0.0119396022444314,0.1666666666666666,0.0,132644864,NVIDIA B300 SXM6 AC
copy,fp32,warm,0.0,262144.0,0.0,0.0,2097152.0,0.0,2097152.0,b300,0.0040307198651135,0.0037350400350987,0.004106143862009,0.0481501934228711,520.2921736514544,0.0,0.0,0.0,132644864,NVIDIA B300 SXM6 AC
add,fp32,warm,0.0,262144.0,0.0,0.0,3145728.0,262144.0,3145728.0,b300,0.004111039917916,0.0041066239587962,0.0041123518720269,0.0010508143556388,765.1903320838126,0.0637658610069843,0.0833333333333333,0.0,132644864,NVIDIA B300 SXM6 AC
triad,fp32,warm,0.0,262144.0,0.0,0.0,3145728.0,524288.0,3145728.0,b300,0.0041057597845792,0.0040852800011634,0.0041119678877294,0.0044425279560552,766.1743903807917,0.1276957317301319,0.1666666666666666,0.0,132644864,NVIDIA B300 SXM6 AC
copy,fp32,warm,0.0,1048576.0,0.0,0.0,8388608.0,0.0,8388608.0,b300,0.0041182399727404,0.0041177600622177,0.0041199679486453,0.0003107808327421,2036.9400655440556,0.0,0.0,0.0,132644864,NVIDIA B300 SXM6 AC
add,fp32,warm,0.0,1048576.0,0.0,0.0,12582912.0,1048576.0,12582912.0,b300,0.0043939198367297,0.004388288129121,0.0044270080514252,0.0042604440014073,2863.709960026267,0.2386424966688555,0.0833333333333333,0.0,132644864,NVIDIA B300 SXM6 AC
triad,fp32,warm,0.0,1048576.0,0.0,0.0,12582912.0,2097152.0,12582912.0,b300,0.0044094398617744,0.0043805440887808,0.004426176007837,0.0071483335445448,2853.630482429667,0.4756050804049445,0.1666666666666666,0.0,132644864,NVIDIA B300 SXM6 AC
copy,fp32,warm,0.0,4194304.0,0.0,0.0,33554432.0,0.0,33554432.0,b300,0.0122963199391961,0.0122927037999033,0.0122987521812319,0.0002862212456128,2728.819042276294,0.0,0.0,0.0,132644864,NVIDIA B300 SXM6 AC
add,fp32,warm,0.0,4194304.0,0.0,0.0,50331648.0,4194304.0,50331648.0,b300,0.0122937597334385,0.0122927678748965,0.0122950715944171,7.810414350604962e-05,4094.080988348916,0.3411734156957429,0.0833333333333333,0.0,132644864,NVIDIA B300 SXM6 AC
triad,fp32,warm,0.0,4194304.0,0.0,0.0,50331648.0,8388608.0,50331648.0,b300,0.0122940801084042,0.0122933762148022,0.0123039040714502,0.0004489545529092,4093.9742995161896,0.6823290499193649,0.1666666666666666,0.0,132644864,NVIDIA B300 SXM6 AC
copy,fp32,warm,0.0,16777216.0,0.0,0.0,134217728.0,0.0,134217728.0,b300,0.048639040440321,0.0485952317714691,0.0487078420817852,0.0011414670902331,2759.464964459612,0.0,0.0,0.0,132644864,NVIDIA B300 SXM6 AC
add,fp32,warm,0.0,16777216.0,0.0,0.0,201326592.0,16777216.0,201326592.0,b300,0.0532815977931023,0.0532736636698246,0.0532932482659816,0.0001351495909499,3778.538939124367,0.3148782449270306,0.0833333333333333,0.0,132644864,NVIDIA B300 SXM6 AC
triad,fp32,warm,0.0,16777216.0,0.0,0.0,201326592.0,33554432.0,201326592.0,b300,0.0532916784286499,0.0532785929739475,0.0532974727451801,0.0001711244779577,3777.824191999284,0.629637365333214,0.1666666666666666,0.0,132644864,NVIDIA B300 SXM6 AC
copy,fp32,warm,0.0,67108864.0,0.0,0.0,536870912.0,0.0,536870912.0,b300,0.147663027048111,0.1476300656795506,0.147674372792244,0.0001445078247146,3635.784276757911,0.0,0.0,0.0,132644864,NVIDIA B300 SXM6 AC
add,fp32,warm,0.0,67108864.0,0.0,0.0,805306368.0,67108864.0,805306368.0,b300,0.174369722604752,0.1742475569248198,0.1744107156991955,0.000480269880909,4618.384177999796,0.3848653481666496,0.0833333333333333,0.0,132644864,NVIDIA B300 SXM6 AC
triad,fp32,warm,0.0,67108864.0,0.0,0.0,805306368.0,134217728.0,805306368.0,b300,0.176116466522217,0.176106080412865,0.1761409640312198,9.98394446370502e-05,4572.578498208804,0.7620964163681339,0.1666666666666666,0.0,132644864,NVIDIA B300 SXM6 AC
fma,fp32,streaming,0.0,67108864.0,0.0,1.0,536870912.0,134217728.0,536870912.0,b300,0.0840566456317902,0.0840037778019904,0.084072482585907,0.0004340140820353,6387.013280922021,1.596753320230505,0.25,0.0,132644864,NVIDIA B300 SXM6 AC
fma,fp64,streaming,0.0,33554432.0,0.0,1.0,536870912.0,67108864.0,536870912.0,b300,0.106732301414013,0.1066699534654616,0.1067791521549226,0.0006580983230656,5030.06966857658,0.6287587085720725,0.125,0.0,132644864,NVIDIA B300 SXM6 AC
fma,fp32,streaming,0.0,67108864.0,0.0,2.0,536870912.0,268435456.0,536870912.0,b300,0.0840579196810722,0.0840498253703117,0.0840865924954414,0.0002617872280979,6386.916474223551,3.1934582371117752,0.5,0.0,132644864,NVIDIA B300 SXM6 AC
fma,fp64,streaming,0.0,33554432.0,0.0,2.0,536870912.0,134217728.0,536870912.0,b300,0.194048628211021,0.1939848273992538,0.1941116094589238,0.0001787307284713,2766.682336018227,0.6916705840045567,0.25,0.0,132644864,NVIDIA B300 SXM6 AC
fma,fp32,streaming,0.0,67108864.0,0.0,4.0,536870912.0,536870912.0,536870912.0,b300,0.0841847956180573,0.0841677084565163,0.0842270120978355,0.0005512832358568,6377.290674146904,6.377290674146904,1.0,0.0,132644864,NVIDIA B300 SXM6 AC
fma,fp64,streaming,0.0,33554432.0,0.0,4.0,536870912.0,268435456.0,536870912.0,b300,0.231430396437645,0.2313917040824891,0.2314930468797684,0.0002985313724492,2319.7942891855646,1.1598971445927824,0.5,0.0,132644864,NVIDIA B300 SXM6 AC
fma,fp32,streaming,0.0,67108864.0,0.0,8.0,536870912.0,1073741824.0,536870912.0,b300,0.0855345651507378,0.0854849621653556,0.0855586543679237,0.000597591255595,6276.6544852817215,12.553308970563442,2.0,0.0,132644864,NVIDIA B300 SXM6 AC
fma,fp64,streaming,0.0,33554432.0,0.0,8.0,536870912.0,536870912.0,536870912.0,b300,0.457637965679169,0.4575669527053831,0.4577208340168,0.0001942916355543,1173.1345567084747,1.1731345567084746,1.0,0.0,132644864,NVIDIA B300 SXM6 AC
fma,fp32,streaming,0.0,67108864.0,0.0,16.0,536870912.0,2147483648.0,536870912.0,b300,0.0880915150046349,0.0880800053477287,0.0881135389208793,0.000189707854133,6094.46791750321,24.37787167001284,4.0,0.0,132644864,NVIDIA B300 SXM6 AC
fma,fp64,streaming,0.0,33554432.0,0.0,16.0,536870912.0,1073741824.0,536870912.0,b300,0.909107863903046,0.9090453505516052,0.909191024303436,8.041410675203781e-05,590.5469893254118,1.1810939786508237,2.0,0.0,132644864,NVIDIA B300 SXM6 AC
fma,fp32,streaming,0.0,67108864.0,0.0,32.0,536870912.0,4294967296.0,536870912.0,b300,0.10775051265955,0.1076913505792622,0.1077987074851992,0.0005469495324603,4982.536961993904,39.86029569595123,8.0,0.0,132644864,NVIDIA B300 SXM6 AC
fma,fp64,streaming,0.0,33554432.0,0.0,32.0,536870912.0,2147483648.0,536870912.0,b300,1.81167411804199,1.81156241893768,1.811911630630494,0.0001180792218505,296.3396709449247,1.1853586837796988,4.0,0.0,132644864,NVIDIA B300 SXM6 AC
fma,fp32,streaming,0.0,67108864.0,0.0,64.0,536870912.0,8589934592.0,536870912.0,b300,0.162023663520813,0.1619869053363803,0.1620757162570952,0.0003599668322831,3313.5339637042302,53.01654341926768,16.0,0.0,132644864,NVIDIA B300 SXM6 AC
fma,fp64,streaming,0.0,33554432.0,0.0,64.0,536870912.0,4294967296.0,536870912.0,b300,3.61762547492981,3.617585945129394,3.617850828170774,5.03841552927953e-05,148.40422694956186,1.187233815596495,8.0,0.0,132644864,NVIDIA B300 SXM6 AC
fma,fp32,streaming,0.0,67108864.0,0.0,128.0,536870912.0,17179869184.0,536870912.0,b300,0.279154747724533,0.2790287554264068,0.2792540431022646,0.00056005847839,1923.2017953346024,61.54245745070728,32.0,0.0,132644864,NVIDIA B300 SXM6 AC
fma,fp64,streaming,0.0,33554432.0,0.0,128.0,536870912.0,8589934592.0,536870912.0,b300,7.23019218444824,7.2300576210021985,7.230451297760013,3.54155944161281e-05,74.25403064039996,1.1880644902463997,16.0,0.0,132644864,NVIDIA B300 SXM6 AC
fma,fp32,streaming,0.0,67108864.0,0.0,256.0,536870912.0,34359738368.0,536870912.0,b300,0.514986097812653,0.5146656036376952,0.5150503039360048,0.0004055540065645,1042.4959319878735,66.71973964722392,64.0,0.0,132644864,NVIDIA B300 SXM6 AC
fma,fp64,streaming,0.0,33554432.0,0.0,256.0,536870912.0,17179869184.0,536870912.0,b300,14.4546556472778,14.45434226989746,14.4550785064697,2.6588717076904288e-05,37.14172963373965,1.1885353482796688,32.0,0.0,132644864,NVIDIA B300 SXM6 AC
fma,fp32,streaming,0.0,67108864.0,0.0,512.0,536870912.0,68719476736.0,536870912.0,b300,0.987092792987823,0.9868726134300232,0.9872943997383118,0.0002479670356315,543.8910260654926,69.61805133638306,128.0,0.0,132644864,NVIDIA B300 SXM6 AC
fma,fp64,streaming,0.0,33554432.0,0.0,512.0,536870912.0,34359738368.0,536870912.0,b300,28.9001598358154,28.89937248229984,28.90074272155764,1.4948514741929134e-05,18.57674542459334,1.188911707173974,64.0,0.0,132644864,NVIDIA B300 SXM6 AC
fma,fp32,streaming,0.0,67108864.0,0.0,1024.0,536870912.0,137438953472.0,536870912.0,b300,1.96127676963806,1.960128593444824,1.962968993186952,0.0003915846349782,273.73541578176946,70.07626644013298,256.0,0.0,132644864,NVIDIA B300 SXM6 AC
fma,fp64,streaming,0.0,33554432.0,0.0,1024.0,536870912.0,68719476736.0,536870912.0,b300,57.7912330627441,57.79099426269536,57.7915382385254,1.0891358700685957e-06,9.289833138135638,1.1890986416813616,128.0,0.0,132644864,NVIDIA B300 SXM6 AC
fma,fp32,streaming,0.0,67108864.0,0.0,2048.0,536870912.0,274877906944.0,536870912.0,b300,3.88327670097351,3.871110343933106,3.884321165084842,0.0032153823607263,138.2520364478303,70.78504266128913,512.0,0.0,132644864,NVIDIA B300 SXM6 AC
fma,fp64,streaming,0.0,33554432.0,0.0,2048.0,536870912.0,137438953472.0,536870912.0,b300,115.573471069336,115.5727935791014,115.5788940429688,2.726352261335789e-05,4.64527808183519,1.1891911889498088,256.0,0.0,132644864,NVIDIA B300 SXM6 AC
gemm,fp32,warm,256.0,256.0,256.0,0.0,786432.0,33554432.0,786432.0,b300,0.0287140794098377,0.0286505918949842,0.0288582719862461,0.0036832126407808,27.388375882618803,1.168570704325069,42.66666666666666,0.0,132644864,NVIDIA B300 SXM6 AC
gemm,fp32,cold,256.0,256.0,256.0,0.0,786432.0,33554432.0,786432.0,b300,0.0397120006382465,0.0392896004021168,0.0438463993370532,0.0153102562084493,19.803384049167995,0.8449443860978345,42.66666666666666,0.0,132644864,NVIDIA B300 SXM6 AC
gemm,fp32,warm,512.0,512.0,512.0,0.0,3145728.0,268435456.0,3145728.0,b300,0.0241902396082878,0.0208486080169678,0.0257073279470205,0.0725647869151964,130.04120880730113,11.096849818223028,85.33333333333333,0.0,132644864,NVIDIA B300 SXM6 AC
gemm,fp32,cold,512.0,512.0,512.0,0.0,3145728.0,268435456.0,3145728.0,b300,0.0368640013039112,0.0364671997725963,0.0382656000554562,0.0190972153799583,85.33333031502048,7.28177752021508,85.33333333333333,0.0,132644864,NVIDIA B300 SXM6 AC
gemm,fp32,warm,1024.0,1024.0,1024.0,0.0,12582912.0,2147483648.0,12582912.0,b300,0.0431796796619892,0.0431451223790645,0.043189600855112,0.0004408609228719,291.40818316622807,49.73366326036958,170.66666666666666,0.0,132644864,NVIDIA B300 SXM6 AC
gemm,fp32,cold,1024.0,1024.0,1024.0,0.0,12582912.0,2147483648.0,12582912.0,b300,0.0628480017185211,0.0624639987945557,0.0655040010809898,0.0252036793879446,200.2118071526824,34.1694817540578,170.66666666666666,0.0,132644864,NVIDIA B300 SXM6 AC
gemm,fp32,warm,2048.0,2048.0,2048.0,0.0,50331648.0,17179869184.0,50331648.0,b300,0.295491576194763,0.2952473342418672,0.295536059141159,0.0004667146475881,170.33192163429268,58.139962584505234,341.3333333333333,0.0,132644864,NVIDIA B300 SXM6 AC
gemm,fp32,cold,2048.0,2048.0,2048.0,0.0,50331648.0,17179869184.0,50331648.0,b300,0.302623987197876,0.3019776105880737,0.3027263998985294,0.0005815719252466,166.31744385513556,56.76968750255294,341.3333333333333,0.0,132644864,NVIDIA B300 SXM6 AC
gemm,fp32,warm,4096.0,4096.0,4096.0,0.0,201326592.0,137438953472.0,201326592.0,b300,2.0924551486969,2.092034816741944,2.093437242507938,0.0004044372215347,96.21548740262293,65.68310606685723,682.6666666666666,0.0,132644864,NVIDIA B300 SXM6 AC
gemm,fp32,warm,8192.0,8192.0,8192.0,0.0,805306368.0,1099511627776.0,805306368.0,b300,16.0486392974854,16.0470588684082,16.050553894042938,0.0001037543012546,50.17910572182779,68.51120567886888,1365.3333333333333,0.0,132644864,NVIDIA B300 SXM6 AC
gemm,fp32,warm,1.0,8192.0,8192.0,0.0,268500992.0,134217728.0,268500992.0,b300,0.0572654381394386,0.057213344424963,0.0573083870112896,0.0008856970113464,4688.7092934871625,2.343782434235224,0.4998779594825482,0.0,132644864,NVIDIA B300 SXM6 AC
gemm,fp32,warm,2.0,8192.0,8192.0,0.0,268566528.0,268435456.0,268566528.0,b300,0.201045095920563,0.200912344455719,0.2010962456464764,0.0005943562615458,1335.8521717242786,1.3352002184925928,0.9995119570522206,0.0,132644864,NVIDIA B300 SXM6 AC
gemm,fp32,warm,4.0,8192.0,8192.0,0.0,268697600.0,536870912.0,268697600.0,b300,0.201139137148857,0.2010521084070208,0.201222336292267,0.0006691993958609,1335.879251590629,2.669151909519618,1.9980487804878049,0.0,132644864,NVIDIA B300 SXM6 AC
gemm,fp32,warm,8.0,8192.0,8192.0,0.0,268959744.0,1073741824.0,268959744.0,b300,0.201099455356598,0.2010268926620484,0.2012884110212326,0.0007679565036074,1337.446406918752,5.3393571956522505,3.992202729044834,0.0,132644864,NVIDIA B300 SXM6 AC
gemm,fp32,warm,16.0,8192.0,8192.0,0.0,269484032.0,2147483648.0,269484032.0,b300,0.201744988560677,0.201634061336517,0.201948067545891,0.0007683428987524,1335.7656808359816,10.64454519203148,7.968871595330739,0.0,132644864,NVIDIA B300 SXM6 AC
gemm,fp32,warm,32.0,8192.0,8192.0,0.0,270532608.0,4294967296.0,270532608.0,b300,0.201931998133659,0.2018261998891828,0.2020053386688234,0.0003078642566561,1339.7213443157937,21.26937452061043,15.875968992248062,0.0,132644864,NVIDIA B300 SXM6 AC
gemm,fp32,warm,64.0,8192.0,8192.0,0.0,272629760.0,8589934592.0,272629760.0,b300,0.21640557050705,0.2163063347339628,0.2165007829666136,0.0003613989433926,1259.8093448390152,39.693685203543126,31.50769230769231,0.0,132644864,NVIDIA B300 SXM6 AC
gemm,fp32,warm,128.0,8192.0,8192.0,0.0,276824064.0,17179869184.0,276824064.0,b300,0.310419797897339,0.3103169918060302,0.3105146944522858,0.0003452874242992,891.7732241148818,55.34398675719024,62.06060606060606,0.0,132644864,NVIDIA B300 SXM6 AC
gemm,fp32,warm,256.0,8192.0,8192.0,0.0,285212672.0,34359738368.0,285212672.0,b300,0.597298443317413,0.5972150325775145,0.5974621057510376,0.0002110067802588,477.5044622850856,57.52524345646208,120.47058823529412,0.0,132644864,NVIDIA B300 SXM6 AC
gemm,fp32,warm,512.0,8192.0,8192.0,0.0,301989888.0,68719476736.0,301989888.0,b300,1.1540310382843,1.153191900253296,1.155171036720276,0.0011499668309597,261.6826393586163,59.54733837849402,227.55555555555557,0.0,132644864,NVIDIA B300 SXM6 AC
gemm,fp32,warm,1024.0,8192.0,8192.0,0.0,335544320.0,137438953472.0,335544320.0,b300,2.36921191215515,2.3689151763916003,2.36943430900574,0.0001747475016865,141.62697658174977,58.010409607884704,409.6,0.0,132644864,NVIDIA B300 SXM6 AC
gemm,fp32,warm,2048.0,8192.0,8192.0,0.0,402653184.0,274877906944.0,402653184.0,b300,4.15709590911865,4.15650568008423,4.1574880599975605,0.0001568009036875,96.85924809114326,66.12258003022046,682.6666666666666,0.0,132644864,NVIDIA B300 SXM6 AC
gemm,fp64,warm,256.0,256.0,256.0,0.0,1572864.0,33554432.0,1572864.0,b300,0.0798652768135071,0.0798593267798424,0.0798749431967735,0.0001321910237725,19.693965422204503,0.4201379290070294,21.33333333333333,0.0,132644864,NVIDIA B300 SXM6 AC
gemm,fp64,cold,256.0,256.0,256.0,0.0,1572864.0,33554432.0,1572864.0,b300,0.0839999988675117,0.0831167995929717,0.084927998483181,0.0150476007844045,18.72457168101617,0.3994575291950116,21.33333333333333,0.0,132644864,NVIDIA B300 SXM6 AC
gemm,fp64,warm,512.0,512.0,512.0,0.0,6291456.0,268435456.0,6291456.0,b300,0.299172401428223,0.2991310656070708,0.2992241322994232,0.0001901667171383,21.029533372614377,0.89726009056488,42.66666666666666,0.0,132644864,NVIDIA B300 SXM6 AC
gemm,fp64,cold,512.0,512.0,512.0,0.0,6291456.0,268435456.0,6291456.0,b300,0.303584009408951,0.3025792002677915,0.304473596811295,0.0038473624488062,20.723937378153945,0.8842213281345684,42.66666666666666,0.0,132644864,NVIDIA B300 SXM6 AC
gemm,fp64,warm,1024.0,1024.0,1024.0,0.0,25165824.0,2147483648.0,25165824.0,b300,2.07207465171814,2.071983671188356,2.0722239017486577,7.542362359898457e-05,12.145230375330732,1.0363929920282222,85.33333333333333,0.0,132644864,NVIDIA B300 SXM6 AC
gemm,fp64,cold,1024.0,1024.0,1024.0,0.0,25165824.0,2147483648.0,25165824.0,b300,2.07631993293762,2.0755328178405743,2.07742085456848,0.0006935579603729,12.120398018042854,1.0342739642063237,85.33333333333333,0.0,132644864,NVIDIA B300 SXM6 AC
gemm,fp64,warm,2048.0,2048.0,2048.0,0.0,100663296.0,17179869184.0,100663296.0,b300,16.5250568389893,16.52030792236324,16.52583694458008,6.486694370547986e-05,6.091555204971793,1.0396254216485197,170.66666666666666,0.0,132644864,NVIDIA B300 SXM6 AC
gemm,fp64,cold,2048.0,2048.0,2048.0,0.0,100663296.0,17179869184.0,100663296.0,b300,16.5248641967773,16.52450561523434,16.52529907226562,2.41811087728646e-05,6.091626218606473,1.039637541308838,170.66666666666666,0.0,132644864,NVIDIA B300 SXM6 AC
gemm,fp64,warm,4096.0,4096.0,4096.0,0.0,402653184.0,137438953472.0,402653184.0,b300,131.195175170898,131.1930145263668,131.1971923828126,2.1574767271989925e-05,3.069115792371893,1.047591523796273,341.3333333333333,0.0,132644864,NVIDIA B300 SXM6 AC
gemm,fp64,warm,8192.0,8192.0,8192.0,0.0,1610612736.0,1099511627776.0,1610612736.0,b300,1044.27661132812,1044.27080078125,1044.288549804686,2.688576143825307e-06,1.542323861827767,1.0528930896744222,682.6666666666666,0.0,132644864,NVIDIA B300 SXM6 AC
gemm,fp64,warm,1.0,8192.0,8192.0,0.0,537001984.0,134217728.0,537001984.0,b300,0.138405978679657,0.1383510142564774,0.1384334295988084,0.0002661421914204,3879.904532468935,0.9697393803388308,0.2499389797412741,0.0,132644864,NVIDIA B300 SXM6 AC
gemm,fp64,warm,2.0,8192.0,8192.0,0.0,537133056.0,268435456.0,537133056.0,b300,4.73797607421875,4.737793445587158,4.738284778594972,2.792802439947709e-05,113.36761680219512,0.0566561442681541,0.4997559785261103,0.0,132644864,NVIDIA B300 SXM6 AC
gemm,fp64,warm,4.0,8192.0,8192.0,0.0,537395200.0,536870912.0,537395200.0,b300,4.73789596557617,4.73776626586914,4.738086223602296,2.6167240065076456e-05,113.42486283036146,0.1133142044276001,0.9990243902439024,0.0,132644864,NVIDIA B300 SXM6 AC
gemm,fp64,warm,8.0,8192.0,8192.0,0.0,537919488.0,1073741824.0,537919488.0,b300,4.73799180984497,4.737774372100826,4.738129615783694,4.901226202350931e-05,113.53322453666316,0.2266238244162633,1.996101364522417,0.0,132644864,NVIDIA B300 SXM6 AC
gemm,fp64,warm,16.0,8192.0,8192.0,0.0,538968064.0,2147483648.0,538968064.0,b300,4.73755979537964,4.737280082702633,4.7379568099975575,8.61063936835059e-05,113.76491005467308,0.4532889801400203,3.9844357976653697,0.0,132644864,NVIDIA B300 SXM6 AC
gemm,fp64,warm,32.0,8192.0,8192.0,0.0,541065216.0,4294967296.0,541065216.0,b300,4.73323202133179,4.731985473632812,4.73525276184082,0.0004006021574783,114.31199940368874,0.9074068789874208,7.937984496124031,0.0,132644864,NVIDIA B300 SXM6 AC
gemm,fp64,warm,64.0,8192.0,8192.0,0.0,545259520.0,8589934592.0,545259520.0,b300,8.27326393127441,8.273171043396,8.274169540405271,8.703023557182787e-05,65.90621603872953,1.0382763880562929,15.753846153846156,0.0,132644864,NVIDIA B300 SXM6 AC
gemm,fp64,warm,128.0,8192.0,8192.0,0.0,553648128.0,17179869184.0,553648128.0,b300,16.5334396362305,16.53224296569824,16.53456649780274,0.0001006542932847,33.48656662989624,1.0390983099701134,31.03030303030303,0.0,132644864,NVIDIA B300 SXM6 AC
gemm,fp64,warm,256.0,8192.0,8192.0,0.0,570425344.0,34359738368.0,570425344.0,b300,33.0283203125,33.02280960083006,33.03243484497068,0.0001506668379111,17.270794839182756,1.0403114067837145,60.23529411764706,0.0,132644864,NVIDIA B300 SXM6 AC
gemm,fp64,warm,512.0,8192.0,8192.0,0.0,603979776.0,68719476736.0,603979776.0,b300,65.9747161865234,65.97315216064456,65.97636566162112,1.8907334172056218e-05,9.154715789794857,1.0416032187499924,113.77777777777776,0.0,132644864,NVIDIA B300 SXM6 AC
gemm,fp64,warm,1024.0,8192.0,8192.0,0.0,671088640.0,137438953472.0,671088640.0,b300,131.923110961914,131.9168518066404,131.9377410888674,5.014045689766445e-05,5.086967970257631,1.0418110403087628,204.8,0.0,132644864,NVIDIA B300 SXM6 AC
gemm,fp64,warm,2048.0,8192.0,8192.0,0.0,805306368.0,274877906944.0,805306368.0,b300,262.258117675781,262.2573486328126,262.2598205566402,4.305492621232169e-06,3.07066326540011,1.0481197279232377,341.3333333333333,0.0,132644864,NVIDIA B300 SXM6 AC
gemm,fp16,warm,256.0,256.0,256.0,0.0,393216.0,33554432.0,393216.0,b300,0.0234265588223934,0.0233489919453859,0.0317018546164035,0.268525943866911,16.785051657869854,1.4323244081382274,85.33333333333333,0.0001984265214773,132644864,NVIDIA B300 SXM6 AC
gemm,fp16,cold,256.0,256.0,256.0,0.0,393216.0,33554432.0,393216.0,b300,0.0249600000679493,0.0242752004414796,0.0289472002536058,0.0762820349219086,15.753846110959024,1.3443282014685032,85.33333333333333,0.0001984265214773,132644864,NVIDIA B300 SXM6 AC
gemm,fp16,warm,512.0,512.0,512.0,0.0,1572864.0,268435456.0,1572864.0,b300,0.0282596796751022,0.0236813440918922,0.0285434234887361,0.1197040891654257,55.6575310860919,9.498885305359684,170.66666666666666,0.000200911459712,132644864,NVIDIA B300 SXM6 AC
gemm,fp16,cold,512.0,512.0,512.0,0.0,1572864.0,268435456.0,1572864.0,b300,0.0297279991209507,0.0292736001312732,0.0307264000177383,0.0242195881253367,52.9085053319828,9.029718243325064,170.66666666666666,0.000200911459712,132644864,NVIDIA B300 SXM6 AC
gemm,fp16,warm,1024.0,1024.0,1024.0,0.0,6291456.0,2147483648.0,6291456.0,b300,0.0180086400359869,0.0175271034240722,0.0204770881682634,0.0843461347711567,349.35764096720806,119.247408116807,341.3333333333333,0.0001899405204345,132644864,NVIDIA B300 SXM6 AC
gemm,fp16,cold,1024.0,1024.0,1024.0,0.0,6291456.0,2147483648.0,6291456.0,b300,0.0236479993909597,0.0234687998890876,0.0238528002053499,0.0087956582597434,266.04601497093813,90.8103731100802,341.3333333333333,0.0001899405204345,132644864,NVIDIA B300 SXM6 AC
gemm,fp16,warm,2048.0,2048.0,2048.0,0.0,25165824.0,17179869184.0,25165824.0,b300,0.0144043192267418,0.0144007686525582,0.0147210234776139,0.0033767130550398,1747.1026296945247,1192.688728538129,682.6666666666666,0.0002214878090706,132644864,NVIDIA B300 SXM6 AC
gemm,fp16,cold,2048.0,2048.0,2048.0,0.0,25165824.0,17179869184.0,25165824.0,b300,0.027904000133276,0.0273280002176761,0.0283583991229534,0.024655950671945,901.871555325479,615.677648435527,682.6666666666666,0.0002214878090706,132644864,NVIDIA B300 SXM6 AC
gemm,fp16,warm,4096.0,4096.0,4096.0,0.0,100663296.0,137438953472.0,100663296.0,b300,0.0820672065019608,0.0778871685266494,0.0827903658151626,0.0568791799161753,1226.5958632038353,1674.7122185609696,1365.3333333333333,0.0002273709783179,132644864,NVIDIA B300 SXM6 AC
gemm,fp16,warm,8192.0,8192.0,8192.0,0.0,402653184.0,1099511627776.0,402653184.0,b300,0.616444408893585,0.550139892101288,0.6257539272308354,0.0599445225546818,653.1865293785297,1783.6346828896385,2730.6666666666665,0.0002014828336355,132644864,NVIDIA B300 SXM6 AC
gemm,fp16,warm,1.0,8192.0,8192.0,0.0,134250496.0,134217728.0,134250496.0,b300,0.0286071989685297,0.0281685438007116,0.028700640425086,0.0178192703094272,4692.892028600449,4.691746582657417,0.9997559189650964,0.0002413515983138,132644864,NVIDIA B300 SXM6 AC
gemm,fp16,warm,2.0,8192.0,8192.0,0.0,134283264.0,268435456.0,134283264.0,b300,0.0635159984230995,0.0635087981820106,0.0635381445288658,0.0003413500547157,2114.1644205212374,4.226265234970712,1.9990239141044408,0.0002923745323671,132644864,NVIDIA B300 SXM6 AC
gemm,fp16,warm,4.0,8192.0,8192.0,0.0,134348800.0,536870912.0,134348800.0,b300,0.0636049583554268,0.0635842874646186,0.063645090162754,0.0007018344921649,2112.237842358988,8.440708490051136,3.9960975609756098,0.0002641855120151,132644864,NVIDIA B300 SXM6 AC
gemm,fp16,warm,8.0,8192.0,8192.0,0.0,134479872.0,1073741824.0,134479872.0,b300,0.0282561592757702,0.0282009273767471,0.028332095965743,0.0022083848882396,4759.311790662122,38.00027503811316,7.984405458089668,0.0001884462654639,132644864,NVIDIA B300 SXM6 AC
gemm,fp16,warm,16.0,8192.0,8192.0,0.0,134742016.0,2147483648.0,134742016.0,b300,0.0279321596026421,0.0278811510652303,0.0280497923493385,0.0031333764204815,4823.902552355987,76.88212005622616,15.93774319066148,0.0002192352371322,132644864,NVIDIA B300 SXM6 AC
gemm,fp16,warm,32.0,8192.0,8192.0,0.0,135266304.0,4294967296.0,135266304.0,b300,0.0268017593771219,0.0267833597958088,0.0268206395208836,0.0006925040751371,5046.918827107444,160.24945361110147,31.751937984496124,0.0002453159182464,132644864,NVIDIA B300 SXM6 AC
gemm,fp16,warm,64.0,8192.0,8192.0,0.0,136314880.0,8589934592.0,136314880.0,b300,0.0270678400993347,0.0270095359534025,0.0270999681204557,0.0014038735100399,5036.045709585468,317.34835733018576,63.01538461538462,0.0002063616112378,132644864,NVIDIA B300 SXM6 AC
gemm,fp16,warm,128.0,8192.0,8192.0,0.0,138412032.0,17179869184.0,138412032.0,b300,0.0280102398246527,0.0279741432517766,0.0280658565461635,0.0020935460130919,4941.479718362824,613.3424523155797,124.12121212121212,0.0002660988993651,132644864,NVIDIA B300 SXM6 AC
gemm,fp16,warm,256.0,8192.0,8192.0,0.0,142606336.0,34359738368.0,142606336.0,b300,0.0328545607626438,0.032815521210432,0.032879776507616,0.0009106701881743,4340.533937746198,1045.8133534710837,240.94117647058823,0.0002089550692324,132644864,NVIDIA B300 SXM6 AC
gemm,fp16,warm,512.0,8192.0,8192.0,0.0,150994944.0,68719476736.0,150994944.0,b300,0.0450743995606899,0.0450541123747825,0.0468839026987552,0.0042312257951058,3349.9047235603134,1524.5788608558937,455.1111111111111,0.0002104103882757,132644864,NVIDIA B300 SXM6 AC
gemm,fp16,warm,1024.0,8192.0,8192.0,0.0,167772160.0,137438953472.0,167772160.0,b300,0.0889460742473602,0.0866454720497131,0.0904833287000655,0.0270600361530354,1886.2233259831503,1545.1941486453968,819.2,0.0002004140174646,132644864,NVIDIA B300 SXM6 AC
gemm,fp16,warm,2048.0,8192.0,8192.0,0.0,201326592.0,274877906944.0,201326592.0,b300,0.171298816800117,0.1627238184213638,0.1753274977207182,0.0568732015509511,1175.2947029104205,1604.669034373694,1365.3333333333333,0.0002256969776948,132644864,NVIDIA B300 SXM6 AC
gemm,bf16,warm,256.0,256.0,256.0,0.0,393216.0,33554432.0,393216.0,b300,0.0050140796229243,0.0050024639815092,0.005047039873898,0.0046270060312123,78.42236852446854,6.6920421140879816,85.33333333333333,0.0015699538480616,132644864,NVIDIA B300 SXM6 AC
gemm,bf16,cold,256.0,256.0,256.0,0.0,393216.0,33554432.0,393216.0,b300,0.0098879998549819,0.009663999825716,0.0110464002937078,0.071197436150293,39.76699087448761,3.393449887956276,85.33333333333333,0.0015699538480616,132644864,NVIDIA B300 SXM6 AC
gemm,bf16,warm,512.0,512.0,512.0,0.0,1572864.0,268435456.0,1572864.0,b300,0.005034239962697,0.0050133757293224,0.0050453762523829,0.0040841006727616,312.4332593707667,53.321942932610845,170.66666666666666,0.0016239479948725,132644864,NVIDIA B300 SXM6 AC
gemm,bf16,cold,512.0,512.0,512.0,0.0,1572864.0,268435456.0,1572864.0,b300,0.0101119996979833,0.0099455997347831,0.010950399748981,0.0363924069577703,155.54430844313478,26.546228640961665,170.66666666666666,0.0016239479948725,132644864,NVIDIA B300 SXM6 AC
gemm,bf16,warm,1024.0,1024.0,1024.0,0.0,6291456.0,2147483648.0,6291456.0,b300,0.0061769597232341,0.0061741762794554,0.0061825280077755,0.0006605392267717,1018.5360245000708,347.6602963626909,341.3333333333333,0.0014144454356515,132644864,NVIDIA B300 SXM6 AC
gemm,bf16,cold,1024.0,1024.0,1024.0,0.0,6291456.0,2147483648.0,6291456.0,b300,0.0121600003913045,0.0116223998367786,0.0130815995857119,0.0513157956209579,517.3894570348008,176.602268001212,341.3333333333333,0.0014144454356515,132644864,NVIDIA B300 SXM6 AC
gemm,bf16,warm,2048.0,2048.0,2048.0,0.0,25165824.0,17179869184.0,25165824.0,b300,0.0143724801018834,0.014362527988851,0.014373024366796,0.0002894896060113,1750.9729581537022,1195.3308727662609,682.6666666666666,0.0015212681809329,132644864,NVIDIA B300 SXM6 AC
gemm,bf16,cold,2048.0,2048.0,2048.0,0.0,25165824.0,17179869184.0,25165824.0,b300,0.020864000543952,0.0203136000782251,0.0217663999646902,0.0498466022841159,1206.1840176329465,823.4216227040914,682.6666666666666,0.0015212681809329,132644864,NVIDIA B300 SXM6 AC
gemm,bf16,warm,4096.0,4096.0,4096.0,0.0,100663296.0,137438953472.0,100663296.0,b300,0.0801548734307289,0.0779139518737792,0.0858713597059249,0.0892382139957364,1255.8599582468903,1714.667462993088,1365.3333333333333,0.0017106645640478,132644864,NVIDIA B300 SXM6 AC
gemm,bf16,warm,8192.0,8192.0,8192.0,0.0,402653184.0,1099511627776.0,402653184.0,b300,0.631548464298248,0.5651820540428157,0.6386833786964417,0.0575924497139149,637.5649799852059,1740.9774386796023,2730.6666666666665,0.001961559904137,132644864,NVIDIA B300 SXM6 AC
gemm,bf16,warm,1.0,8192.0,8192.0,0.0,134250496.0,134217728.0,134250496.0,b300,0.0287025589495897,0.0283342391252517,0.0287105921655893,0.0057974366447239,4677.300593155618,4.6761589527862855,0.9997559189650964,0.0015990532871483,132644864,NVIDIA B300 SXM6 AC
gemm,bf16,warm,2.0,8192.0,8192.0,0.0,134283264.0,268435456.0,134283264.0,b300,0.0472598411142826,0.0471651546657085,0.0500433623790741,0.0237427753285313,2841.382045176146,5.679990657414102,1.9990239141044408,0.0025542627029183,132644864,NVIDIA B300 SXM6 AC
gemm,bf16,warm,4.0,8192.0,8192.0,0.0,134348800.0,536870912.0,134348800.0,b300,0.0479163229465485,0.0478576004505157,0.0482473611831665,0.003776616256325,2803.821156098903,11.204342883298642,3.9960975609756098,0.0026630088725515,132644864,NVIDIA B300 SXM6 AC
gemm,bf16,warm,8.0,8192.0,8192.0,0.0,134479872.0,1073741824.0,134479872.0,b300,0.0282644797116518,0.0281838394701481,0.0283001612871885,0.0021087191915681,4757.910754839113,37.989088600040944,7.984405458089668,0.0016939623537978,132644864,NVIDIA B300 SXM6 AC
gemm,bf16,warm,16.0,8192.0,8192.0,0.0,134742016.0,2147483648.0,134742016.0,b300,0.0279539208859205,0.0279420476406812,0.0280487686395645,0.0027817152149168,4820.147289887525,76.82226964739029,15.93774319066148,0.001948402555698,132644864,NVIDIA B300 SXM6 AC
gemm,bf16,warm,32.0,8192.0,8192.0,0.0,135266304.0,4294967296.0,135266304.0,b300,0.0268176011741161,0.0267607036978006,0.0268401268869638,0.001789848162086,5043.937491715582,160.15479043462807,31.751937984496124,0.0016650696901783,132644864,NVIDIA B300 SXM6 AC
gemm,bf16,warm,64.0,8192.0,8192.0,0.0,136314880.0,8589934592.0,136314880.0,b300,0.0270600002259016,0.027001279592514,0.0270919356495141,0.0014574888418532,5037.504762084982,317.4403000846167,63.01538461538462,0.0015532854263537,132644864,NVIDIA B300 SXM6 AC
gemm,bf16,warm,128.0,8192.0,8192.0,0.0,138412032.0,17179869184.0,138412032.0,b300,0.0280468799173832,0.027979327365756,0.0280897919088602,0.0019282348248594,4935.024231134297,612.5411894159419,124.12121212121212,0.0017658919966917,132644864,NVIDIA B300 SXM6 AC
gemm,bf16,warm,256.0,8192.0,8192.0,0.0,142606336.0,34359738368.0,142606336.0,b300,0.032833281904459,0.0328186243772506,0.0328587532043457,0.0005506819731337,4343.346985993289,1046.4911326252068,240.94117647058823,0.0014572168435032,132644864,NVIDIA B300 SXM6 AC
gemm,bf16,warm,512.0,8192.0,8192.0,0.0,150994944.0,68719476736.0,150994944.0,b300,0.0453812777996063,0.0453287027776241,0.0530003823339939,0.0884770525952175,3327.2519268135266,1514.2693213586897,455.1111111111111,0.0017062043159246,132644864,NVIDIA B300 SXM6 AC
gemm,bf16,warm,1024.0,8192.0,8192.0,0.0,167772160.0,137438953472.0,167772160.0,b300,0.0905963256955147,0.0889931470155716,0.0929388463497161,0.0240080436638175,1851.8649482967517,1517.0477656446988,819.2,0.0017767034432755,132644864,NVIDIA B300 SXM6 AC
gemm,bf16,warm,2048.0,8192.0,8192.0,0.0,201326592.0,274877906944.0,201326592.0,b300,0.174021661281586,0.1680977612733843,0.17705679833889,0.034523191369773,1156.9053560190514,1579.561446084678,1365.3333333333333,0.0016934063772307,132644864,NVIDIA B300 SXM6 AC
gemm,tf32,warm,256.0,256.0,256.0,0.0,786432.0,33554432.0,786432.0,b300,0.0061828796751797,0.0061804478988051,0.0061855039559304,0.0005952115109676,127.19510023088723,5.426990943184522,42.66666666666666,0.0,132644864,NVIDIA B300 SXM6 AC
gemm,tf32,cold,256.0,256.0,256.0,0.0,786432.0,33554432.0,786432.0,b300,0.0127360001206398,0.0124992003664374,0.0137407997623086,0.0603014908181093,61.74874313368751,2.6346130403706667,42.66666666666666,0.0,132644864,NVIDIA B300 SXM6 AC
gemm,tf32,warm,512.0,512.0,512.0,0.0,3145728.0,268435456.0,3145728.0,b300,0.0121947200968862,0.0118071358650922,0.0123919356614351,0.0374260127611282,257.9581962527562,22.012432746901855,85.33333333333333,0.0,132644864,NVIDIA B300 SXM6 AC
gemm,tf32,cold,512.0,512.0,512.0,0.0,3145728.0,268435456.0,3145728.0,b300,0.0185920000076294,0.0183231998234987,0.0187264002859592,0.0111876426638738,169.197934526093,14.438223746226605,85.33333333333333,0.0,132644864,NVIDIA B300 SXM6 AC
gemm,tf32,warm,1024.0,1024.0,1024.0,0.0,12582912.0,2147483648.0,12582912.0,b300,0.0101624000817537,0.0097688319161534,0.0105814723297953,0.0500590462026656,1238.1830963919892,211.3165817842328,170.66666666666666,0.0,132644864,NVIDIA B300 SXM6 AC
gemm,tf32,cold,1024.0,1024.0,1024.0,0.0,12582912.0,2147483648.0,12582912.0,b300,0.0195199996232986,0.018911999464035,0.0207360003143549,0.0590164145606923,644.6164058825769,110.01453327062646,170.66666666666666,0.0,132644864,NVIDIA B300 SXM6 AC
gemm,tf32,warm,2048.0,2048.0,2048.0,0.0,50331648.0,17179869184.0,50331648.0,b300,0.026652479544282,0.0266485441476106,0.0266561925411224,0.0001380954747113,1888.4414831414103,644.5880262456013,341.3333333333333,0.0,132644864,NVIDIA B300 SXM6 AC
gemm,tf32,cold,2048.0,2048.0,2048.0,0.0,50331648.0,17179869184.0,50331648.0,b300,0.0358400009572506,0.0354687996208667,0.0364288002252578,0.0169643104933746,1404.3428196342632,479.3490157684951,341.3333333333333,0.0,132644864,NVIDIA B300 SXM6 AC
gemm,tf32,warm,4096.0,4096.0,4096.0,0.0,201326592.0,137438953472.0,201326592.0,b300,0.160532295703888,0.1557192891836166,0.1633877307176592,0.045133545094559,1254.1189367363168,856.1451941453256,682.6666666666666,0.0,132644864,NVIDIA B300 SXM6 AC
gemm,tf32,warm,8192.0,8192.0,8192.0,0.0,805306368.0,1099511627776.0,805306368.0,b300,1.12734222412109,1.076726818084714,1.13611307144165,0.0232720640485092,714.3406418825847,975.3130897170222,1365.3333333333333,0.0,132644864,NVIDIA B300 SXM6 AC
gemm,tf32,warm,1.0,8192.0,8192.0,0.0,268500992.0,134217728.0,268500992.0,b300,0.0489948801696301,0.0484346881508827,0.0491890244185924,0.0134903816259215,5480.184686040577,2.7394235384454726,0.4998779594825482,0.0,132644864,NVIDIA B300 SXM6 AC
gemm,tf32,warm,2.0,8192.0,8192.0,0.0,268566528.0,268435456.0,268566528.0,b300,0.0851561650633812,0.0850745543837547,0.0861150071024894,0.0037305764127061,3153.811914852056,3.1522727191883897,0.9995119570522206,0.0,132644864,NVIDIA B300 SXM6 AC
gemm,tf32,warm,4.0,8192.0,8192.0,0.0,268697600.0,536870912.0,268697600.0,b300,0.0489844791591167,0.0489391349256038,0.0490609616041183,0.0016005191505993,5485.361988379774,10.960020831416369,1.9980487804878049,0.0,132644864,NVIDIA B300 SXM6 AC
gemm,tf32,warm,8.0,8192.0,8192.0,0.0,268959744.0,1073741824.0,268959744.0,b300,0.047940157353878,0.0478967368602752,0.0479565411806106,0.0004371412554887,5610.322511347434,22.397544840622896,3.992202729044834,0.0,132644864,NVIDIA B300 SXM6 AC
gemm,tf32,warm,16.0,8192.0,8192.0,0.0,269484032.0,2147483648.0,269484032.0,b300,0.04908512160182,0.0490512639284133,0.0491094060242176,0.000653527458285,5490.136791063954,43.7501951287898,7.968871595330739,0.0,132644864,NVIDIA B300 SXM6 AC
gemm,tf32,warm,32.0,8192.0,8192.0,0.0,270532608.0,4294967296.0,270532608.0,b300,0.0483891218900681,0.0482992626726627,0.0484567351639271,0.0024187111354871,5590.773244751254,88.758942676361,15.875968992248062,0.0,132644864,NVIDIA B300 SXM6 AC
gemm,tf32,warm,64.0,8192.0,8192.0,0.0,272629760.0,8589934592.0,272629760.0,b300,0.0490430407226086,0.0489509128034114,0.0490660466253757,0.0010700430409938,5558.989736016083,175.15093814401445,31.50769230769231,0.0,132644864,NVIDIA B300 SXM6 AC
gemm,tf32,warm,128.0,8192.0,8192.0,0.0,276824064.0,17179869184.0,276824064.0,b300,0.0506652779877186,0.0506384305655956,0.0506905920803546,0.0006521152349151,5463.78259420787,339.0856591799308,62.06060606060606,0.0,132644864,NVIDIA B300 SXM6 AC
gemm,tf32,warm,256.0,8192.0,8192.0,0.0,285212672.0,34359738368.0,285212672.0,b300,0.0612975992262363,0.0612764492630958,0.0613535352051257,0.0006590011005538,4652.9174975897695,560.5397079449323,120.47058823529412,0.0,132644864,NVIDIA B300 SXM6 AC
gemm,tf32,warm,512.0,8192.0,8192.0,0.0,301989888.0,68719476736.0,301989888.0,b300,0.0883646383881569,0.083693404495716,0.0899135038256645,0.0531217229937589,3417.542282846871,777.6807328078213,227.55555555555557,0.0,132644864,NVIDIA B300 SXM6 AC
gemm,tf32,warm,1024.0,8192.0,8192.0,0.0,335544320.0,137438953472.0,335544320.0,b300,0.163910463452339,0.1630613446235658,0.165509444475174,0.0074203318319495,2047.1195854898413,838.500182216639,409.6,0.0,132644864,NVIDIA B300 SXM6 AC
gemm,tf32,warm,2048.0,8192.0,8192.0,0.0,402653184.0,274877906944.0,402653184.0,b300,0.314739942550659,0.3102009713649752,0.3166301429271698,0.010981334959452,1279.3202563897364,873.3492950287267,682.6666666666666,0.0,132644864,NVIDIA B300 SXM6 AC
read_reduce,fp32,warm,0.0,16777216.0,0.0,0.0,71303168.0,0.0,71303168.0,b300,0.008260159753263,0.0082374395802617,0.0082654083147645,0.0020823000381426,8632.177842787265,0.0,0.0,0.0,132644864,NVIDIA B300 SXM6 AC
read_reduce,fp32,warm,0.0,67108864.0,0.0,0.0,272629760.0,0.0,272629760.0,b300,0.051226083189249,0.0511990405619144,0.0512349739670753,0.0004950222520033,5322.08872954038,0.0,0.0,0.0,132644864,NVIDIA B300 SXM6 AC
read_reduce,fp32,warm,0.0,134217728.0,0.0,0.0,541065216.0,0.0,541065216.0,b300,0.0963529646396637,0.0963293597102165,0.0963643193244934,0.0002128009021775,5615.449592272022,0.0,0.0,0.0,132644864,NVIDIA B300 SXM6 AC
gemm,fp8_e4m3,warm,256.0,256.0,256.0,0.0,262152.0,33554432.0,262152.0,b300,0.0145536009222269,0.0122485762462019,0.0154742715880274,0.1232354844014862,18.012861655401718,2.305575931297813,127.99609386920564,0.0001655438077451,132644864,NVIDIA B300 SXM6 AC
gemm,fp8_e4m3,warm,512.0,512.0,512.0,0.0,1048584.0,268435456.0,1048584.0,b300,0.0106235193088651,0.0104176953434943,0.0113401280716061,0.0819615414050973,98.70401413258402,25.268034838134696,255.99804688990105,0.0001959319195084,132644864,NVIDIA B300 SXM6 AC
gemm,fp8_e4m3,warm,1024.0,1024.0,1024.0,0.0,4194312.0,2147483648.0,4194312.0,b300,0.0092671997845172,0.0089085442945361,0.0099200965836644,0.0770200832514289,452.5975588664266,231.72950815064988,511.99902343936265,0.0002203731078509,132644864,NVIDIA B300 SXM6 AC
gemm,fp8_e4m3,warm,2048.0,2048.0,2048.0,0.0,16777224.0,17179869184.0,16777224.0,b300,0.0102859195321798,0.0102809596806764,0.0102884799242019,0.000225543717904,1631.0864524568722,1670.2317308872853,1023.9995117189828,0.0002671880664032,132644864,NVIDIA B300 SXM6 AC
gemm,fp8_e4m3,warm,4096.0,4096.0,4096.0,0.0,67108872.0,137438953472.0,67108872.0,b300,0.043048482388258,0.0430300146341324,0.0441709764301776,0.0008066121950299,1558.913770635147,3192.655021666644,2047.999755859404,0.0002161337444008,132644864,NVIDIA B300 SXM6 AC
gemm,fp8_e4m3,warm,8192.0,8192.0,8192.0,0.0,268435464.0,1099511627776.0,268435464.0,b300,0.359974712133408,0.324388349056244,0.3630041897296906,0.0540711714551185,745.7064481254918,3054.4135204933973,4095.999877929691,0.0002217307610558,132644864,NVIDIA B300 SXM6 AC
gemm,fp8_e4m3,warm,16.0,8192.0,8192.0,0.0,67502088.0,2147483648.0,67502088.0,b300,0.0123078403994441,0.0123035203665494,0.0123168317601084,0.0005199977026871,5484.478658258262,174.48094696588635,31.81358846262652,0.0002530148875453,132644864,NVIDIA B300 SXM6 AC
gemm,fp8_e4m3,warm,32.0,8192.0,8192.0,0.0,67895304.0,4294967296.0,67895304.0,b300,0.0123052801936865,0.0120094722136855,0.0123102715238928,0.0003705527426907,5517.574807832106,349.03449806885584,63.25867980501273,0.0002319161509569,132644864,NVIDIA B300 SXM6 AC
gemm,fp8_e4m3,warm,64.0,8192.0,8192.0,0.0,68681736.0,8589934592.0,68681736.0,b300,0.0102659203112125,0.0102627523243427,0.0102781757712364,0.0007481211015404,6690.265842506628,836.7427694347112,125.0686877221624,0.0001987323186798,132644864,NVIDIA B300 SXM6 AC
gemm,fp8_e4m3,warm,128.0,8192.0,8192.0,0.0,70254600.0,17179869184.0,70254600.0,b300,0.0122020803391933,0.0113890241831541,0.0122917760163545,0.0569673796531899,5757.591988174423,1407.9459163055951,244.5372855869936,0.0002148092439754,132644864,NVIDIA B300 SXM6 AC
gemm,fp8_e4m3,warm,256.0,8192.0,8192.0,0.0,73400328.0,34359738368.0,73400328.0,b300,0.0144147202372551,0.0144013755023479,0.0144733754917979,0.0027361321665067,5092.03971994514,2383.656276532974,468.11423469388313,0.0002163155530325,132644864,NVIDIA B300 SXM6 AC
gemm,fp8_e4m3,warm,512.0,8192.0,8192.0,0.0,79691784.0,68719476736.0,79691784.0,b300,0.0255699213594198,0.0250005759298801,0.0286510709673166,0.0818680224803086,3116.622178059302,2687.5122441737262,862.315702908596,0.000221544427151,132644864,NVIDIA B300 SXM6 AC
gemm,fp8_e4m3,warm,1024.0,8192.0,8192.0,0.0,92274696.0,137438953472.0,92274696.0,b300,0.0540142394602299,0.0495693445205688,0.0555260807275771,0.0710716634836472,1708.3401881080056,2544.4948377583805,1489.4544163223252,0.0002176910947441,132644864,NVIDIA B300 SXM6 AC
gemm,fp8_e4m3,warm,2048.0,8192.0,8192.0,0.0,117440520.0,274877906944.0,117440520.0,b300,0.100058950483799,0.0946960866451263,0.1020663216710094,0.0384809100139019,1173.7132903369334,2747.159605561791,2340.571269132664,0.0001937280562835,132644864,NVIDIA B300 SXM6 AC
gemm,nvfp4,warm,256.0,256.0,256.0,0.0,204800.0,33554432.0,204800.0,b300,0.0423987209796906,0.0357148490846157,0.0470664009451866,0.2349165123201878,4.830334389051528,0.7914019863022024,163.84,0.0017438860836395,132644864,NVIDIA B300 SXM6 AC
gemm,nvfp4,warm,512.0,512.0,512.0,0.0,819200.0,268435456.0,819200.0,b300,0.0269718412309885,0.0234247677028179,0.0293976962566376,0.1255176222033145,30.37241666167026,9.952433491696112,327.68,0.001603183718365,132644864,NVIDIA B300 SXM6 AC
gemm,nvfp4,warm,1024.0,1024.0,1024.0,0.0,3276800.0,2147483648.0,3276800.0,b300,0.0188062414526939,0.0174443520605564,0.0203892145305872,0.0889661630081822,174.24002601703356,114.1899434505231,655.36,0.0016218639624654,132644864,NVIDIA B300 SXM6 AC
gemm,nvfp4,warm,2048.0,2048.0,2048.0,0.0,13107200.0,17179869184.0,13107200.0,b300,0.0324689596891403,0.0285115834325551,0.0390889286994934,0.1895619976089465,403.6840146863063,529.1167117296354,1310.72,0.0016792424026379,132644864,NVIDIA B300 SXM6 AC
gemm,nvfp4,warm,4096.0,4096.0,4096.0,0.0,52428800.0,137438953472.0,52428800.0,b300,0.0292758401483297,0.0292023044079542,0.0295718394219875,0.0067167824188119,1790.8555223133797,4694.620300413187,2621.44,0.0014803961283711,132644864,NVIDIA B300 SXM6 AC
gemm,nvfp4,warm,8192.0,8192.0,8192.0,0.0,209715200.0,1099511627776.0,209715200.0,b300,0.196123659610748,0.159862932562828,0.1998224824666976,0.1970925574905733,1069.3008707681036,5606.216149332675,5242.88,0.0014889542444756,132644864,NVIDIA B300 SXM6 AC
gemm,nvfp4,warm,16.0,8192.0,8192.0,0.0,38141952.0,2147483648.0,38141952.0,b300,0.0123351998627186,0.0123343041166663,0.0129798401147127,0.0058110264994158,3092.122740165619,174.09394836726287,56.302405498281786,0.0012116821753516,132644864,NVIDIA B300 SXM6 AC
gemm,nvfp4,warm,32.0,8192.0,8192.0,0.0,38469632.0,4294967296.0,38469632.0,b300,0.0123292803764343,0.0123089283704757,0.0123400324955582,0.0013626580848028,3120.184700603397,348.3550673573156,111.64565587734242,0.0013557997384746,132644864,NVIDIA B300 SXM6 AC
gemm,nvfp4,warm,64.0,8192.0,8192.0,0.0,39124992.0,8589934592.0,39124992.0,b300,0.012157279998064,0.0121337920427322,0.0121967677026987,0.0032572940558253,3218.235658488618,706.5671427628478,219.55108877721943,0.0014251063712256,132644864,NVIDIA B300 SXM6 AC
gemm,nvfp4,warm,128.0,8192.0,8192.0,0.0,40435712.0,17179869184.0,40435712.0,b300,0.0123148802667856,0.0123127358034252,0.0123177602887153,5.8496550177115614e-05,3283.4839741851933,1395.0496319753702,424.86871961102105,0.0015934812072598,132644864,NVIDIA B300 SXM6 AC
gemm,nvfp4,warm,256.0,8192.0,8192.0,0.0,43122688.0,34359738368.0,43122688.0,b300,0.012314080260694,0.0123121920973062,0.012321631796658,0.0002793041944861,3501.9008392892906,2790.280527704109,796.790273556231,0.0012582357776167,132644864,NVIDIA B300 SXM6 AC
gemm,nvfp4,warm,512.0,8192.0,8192.0,0.0,48496640.0,68719476736.0,48496640.0,b300,0.0184438396245241,0.0184227839112281,0.0184637438505888,0.001669972240853,2629.4221261561934,3725.876939670752,1416.994594594595,0.0015921400421374,132644864,NVIDIA B300 SXM6 AC
gemm,nvfp4,warm,1024.0,8192.0,8192.0,0.0,59244544.0,137438953472.0,59244544.0,b300,0.028616800904274,0.0286094076931476,0.028625151515007,0.0003326709854656,2070.27138351973,4802.736473994656,2319.858407079646,0.0017854160634339,132644864,NVIDIA B300 SXM6 AC
gemm,nvfp4,warm,2048.0,8192.0,8192.0,0.0,80740352.0,274877906944.0,80740352.0,b300,0.0511833615601063,0.049404352158308,0.0584559701383113,0.1434356915414741,1577.472630538031,5370.454354022877,3404.4675324675327,0.0018309972128148,132644864,NVIDIA B300 SXM6 AC
copy,fp32,warm,0.0,1024.0,0.0,0.0,8192.0,0.0,8192.0,gh200,0.0018737600184977,0.0018670399673283,0.0018799679819494,0.0014089673396418,4.371957945056352,0.0,0.0,0.0,62914560,NVIDIA GH200 144G HBM3e
add,fp32,warm,0.0,1024.0,0.0,0.0,12288.0,1024.0,12288.0,gh200,0.0018996800063177,0.0018834560876712,0.0019187199650332,0.0100226882656334,6.468457824019646,0.0005390381520016,0.0833333333333333,0.0,62914560,NVIDIA GH200 144G HBM3e
triad,fp32,warm,0.0,1024.0,0.0,0.0,12288.0,2048.0,12288.0,gh200,0.0018911999650299,0.0018852800363674,0.0018999039893969,0.0049069317593965,6.497462049078138,0.001082910341513,0.1666666666666666,0.0,62914560,NVIDIA GH200 144G HBM3e
copy,fp32,warm,0.0,16384.0,0.0,0.0,131072.0,0.0,131072.0,gh200,0.0020177599508315,0.0020124160684645,0.0020262720063328,0.0043612475253035,64.95916421870922,0.0,0.0,0.0,62914560,NVIDIA GH200 144G HBM3e
add,fp32,warm,0.0,16384.0,0.0,0.0,196608.0,16384.0,196608.0,gh200,0.0020187201444059,0.0020043839234858,0.0020884479396045,0.0045573199749895,97.39240010301424,0.0081160333419178,0.0833333333333333,0.0,62914560,NVIDIA GH200 144G HBM3e
triad,fp32,warm,0.0,16384.0,0.0,0.0,196608.0,32768.0,196608.0,gh200,0.0020134400110691,0.0020056319888681,0.0020230398979038,0.0046487147562145,97.64780620188276,0.0162746343669804,0.1666666666666666,0.0,62914560,NVIDIA GH200 144G HBM3e
copy,fp32,warm,0.0,262144.0,0.0,0.0,2097152.0,0.0,2097152.0,gh200,0.0025907200761139,0.0025825279764831,0.0026043840218335,0.0049098333090388,809.4861422256439,0.0,0.0,0.0,62914560,NVIDIA GH200 144G HBM3e
add,fp32,warm,0.0,262144.0,0.0,0.0,3145728.0,262144.0,3145728.0,gh200,0.0027038401458412,0.0027012799400836,0.0027131839189678,0.0026332343199231,1163.4297259911705,0.0969524771659308,0.0833333333333333,0.0,62914560,NVIDIA GH200 144G HBM3e
triad,fp32,warm,0.0,262144.0,0.0,0.0,3145728.0,524288.0,3145728.0,gh200,0.0027084799949079,0.0026960640680044,0.0027156480122357,0.0049916903302915,1161.4366751513985,0.1935727791918997,0.1666666666666666,0.0,62914560,NVIDIA GH200 144G HBM3e
copy,fp32,warm,0.0,1048576.0,0.0,0.0,8388608.0,0.0,8388608.0,gh200,0.0044812802225351,0.004480511881411,0.004492671880871,0.0018744786187434,1871.9222149545544,0.0,0.0,0.0,62914560,NVIDIA GH200 144G HBM3e
add,fp32,warm,0.0,1048576.0,0.0,0.0,12582912.0,1048576.0,12582912.0,gh200,0.0046001602895557,0.0045974398963153,0.0046038720756769,0.0006087296909148,2735.320338416959,0.2279433615347466,0.0833333333333333,0.0,62914560,NVIDIA GH200 144G HBM3e
triad,fp32,warm,0.0,1048576.0,0.0,0.0,12582912.0,2097152.0,12582912.0,gh200,0.0045924801379442,0.0045854721218347,0.0045968319289386,0.0015851817572329,2739.894702219141,0.4566491170365235,0.1666666666666666,0.0,62914560,NVIDIA GH200 144G HBM3e
copy,fp32,warm,0.0,4194304.0,0.0,0.0,33554432.0,0.0,33554432.0,gh200,0.0122188795357943,0.0122135361656546,0.0122421763837337,0.0009886110603401,2746.1136597430877,0.0,0.0,0.0,62914560,NVIDIA GH200 144G HBM3e
add,fp32,warm,0.0,4194304.0,0.0,0.0,50331648.0,4194304.0,50331648.0,gh200,0.0161022394895554,0.0160837434232235,0.0161079362034797,0.0008197390716094,3125.754528284544,0.260479544023712,0.0833333333333333,0.0,62914560,NVIDIA GH200 144G HBM3e
triad,fp32,warm,0.0,4194304.0,0.0,0.0,50331648.0,8388608.0,50331648.0,gh200,0.0160654410719872,0.0160609915852546,0.0160801596939563,0.0006573281509222,3132.9141711373054,0.5221523618562175,0.1666666666666666,0.0,62914560,NVIDIA GH200 144G HBM3e
copy,fp32,warm,0.0,16777216.0,0.0,0.0,134217728.0,0.0,134217728.0,gh200,0.051759198307991,0.0517434239387512,0.0517643198370933,0.0002271843307373,2593.1183709867933,0.0,0.0,0.0,62914560,NVIDIA GH200 144G HBM3e
add,fp32,warm,0.0,16777216.0,0.0,0.0,201326592.0,16777216.0,201326592.0,gh200,0.0600934401154518,0.0600834891200065,0.0601017259061336,0.0001077724485635,3350.2257752794712,0.2791854812732893,0.0833333333333333,0.0,62914560,NVIDIA GH200 144G HBM3e
triad,fp32,warm,0.0,16777216.0,0.0,0.0,201326592.0,33554432.0,201326592.0,gh200,0.0600964799523354,0.0600784309208393,0.0601008638739586,0.0001663771184108,3350.056312111443,0.5583427186852405,0.1666666666666666,0.0,62914560,NVIDIA GH200 144G HBM3e
copy,fp32,warm,0.0,67108864.0,0.0,0.0,536870912.0,0.0,536870912.0,gh200,0.168280273675919,0.168270069360733,0.1682968795299532,0.0001098458545213,3190.337763735326,0.0,0.0,0.0,62914560,NVIDIA GH200 144G HBM3e
add,fp32,warm,0.0,67108864.0,0.0,0.0,805306368.0,67108864.0,805306368.0,gh200,0.215599313378334,0.2155608355998992,0.2156424313783648,0.0002274576886195,3735.1991311161887,0.3112665942596824,0.0833333333333333,0.0,62914560,NVIDIA GH200 144G HBM3e
triad,fp32,warm,0.0,67108864.0,0.0,0.0,805306368.0,134217728.0,805306368.0,gh200,0.215676844120026,0.2156395643949508,0.215693646669388,0.0002013979992043,3733.8564150718016,0.622309402511967,0.1666666666666666,0.0,62914560,NVIDIA GH200 144G HBM3e
fma,fp32,streaming,0.0,67108864.0,0.0,1.0,536870912.0,134217728.0,536870912.0,gh200,0.130508929491043,0.1304897636175154,0.130518543720245,8.608970730056983e-05,4113.671869761572,1.0284179674403928,0.25,0.0,62914560,NVIDIA GH200 144G HBM3e
fma,fp64,streaming,0.0,33554432.0,0.0,1.0,536870912.0,67108864.0,536870912.0,gh200,0.22984467446804,0.2297905176877978,0.229909238219261,0.0003786480246015,2335.798787779406,0.2919748484724258,0.125,0.0,62914560,NVIDIA GH200 144G HBM3e
fma,fp32,streaming,0.0,67108864.0,0.0,2.0,536870912.0,268435456.0,536870912.0,gh200,0.13041116297245,0.130378106236458,0.1304287165403364,0.0001355729628776,4116.755803438518,2.0583779017192594,0.5,0.0,62914560,NVIDIA GH200 144G HBM3e
fma,fp64,streaming,0.0,33554432.0,0.0,2.0,536870912.0,134217728.0,536870912.0,gh200,0.224500373005867,0.2244254559278488,0.2245670527219775,0.0003587224582023,2391.4032070938683,0.597850801773467,0.25,0.0,62914560,NVIDIA GH200 144G HBM3e
fma,fp32,streaming,0.0,67108864.0,0.0,4.0,536870912.0,536870912.0,536870912.0,gh200,0.130528420209885,0.1304951488971709,0.1306059539318088,0.0006243425794778,4113.057609497847,4.113057609497846,1.0,0.0,62914560,NVIDIA GH200 144G HBM3e
fma,fp64,streaming,0.0,33554432.0,0.0,4.0,536870912.0,268435456.0,536870912.0,gh200,0.224542185664177,0.2244104713201524,0.224733090400696,0.0008632090832094,2390.957896895769,1.1954789484478845,0.5,0.0,62914560,NVIDIA GH200 144G HBM3e
fma,fp32,streaming,0.0,67108864.0,0.0,8.0,536870912.0,1073741824.0,536870912.0,gh200,0.130802854895592,0.1307623416185382,0.1308600038290019,0.0004099438700996,4104.428090874126,8.208856181748251,2.0,0.0,62914560,NVIDIA GH200 144G HBM3e
fma,fp64,streaming,0.0,33554432.0,0.0,8.0,536870912.0,536870912.0,536870912.0,gh200,0.223953813314438,0.2238291621208192,0.2241294503211973,0.0008808469011756,2397.2394309991805,2.39723943099918,1.0,0.0,62914560,NVIDIA GH200 144G HBM3e
fma,fp32,streaming,0.0,67108864.0,0.0,16.0,536870912.0,2147483648.0,536870912.0,gh200,0.131131708621979,0.1311057627201082,0.131154081225395,0.0002219292962573,4094.134955166861,16.376539820667446,4.0,0.0,62914560,NVIDIA GH200 144G HBM3e
fma,fp64,streaming,0.0,33554432.0,0.0,16.0,536870912.0,1073741824.0,536870912.0,gh200,0.222818180918694,0.2227236419916154,0.2229850828647612,0.0007417203484903,2409.457387123645,4.81891477424729,2.0,0.0,62914560,NVIDIA GH200 144G HBM3e
fma,fp32,streaming,0.0,67108864.0,0.0,32.0,536870912.0,4294967296.0,536870912.0,gh200,0.134298712015152,0.1341745406389238,0.1343886554241182,0.0008060351724018,3997.58794365376,31.98070354923008,8.0,0.0,62914560,NVIDIA GH200 144G HBM3e
fma,fp64,streaming,0.0,33554432.0,0.0,32.0,536870912.0,2147483648.0,536870912.0,gh200,0.211044818162918,0.2109334766864778,0.2111179023981094,0.0005037429275114,2543.8715656385243,10.1754862625541,4.0,0.0,62914560,NVIDIA GH200 144G HBM3e
fma,fp32,streaming,0.0,67108864.0,0.0,64.0,536870912.0,8589934592.0,536870912.0,gh200,0.175935998558998,0.1757257342338564,0.1766820013523102,0.0032722488145648,3051.512575011571,48.824201200185136,16.0,0.0,62914560,NVIDIA GH200 144G HBM3e
fma,fp64,streaming,0.0,33554432.0,0.0,64.0,536870912.0,4294967296.0,536870912.0,gh200,0.157011941075325,0.1485630601644514,0.1570927768945696,0.0291316899583207,3419.2998846020328,27.35439907681626,8.0,0.0,62914560,NVIDIA GH200 144G HBM3e
fma,fp32,streaming,0.0,67108864.0,0.0,128.0,536870912.0,17179869184.0,536870912.0,gh200,0.313453257083893,0.3094670355319976,0.3275281727313994,0.0250768082819258,1712.7622695472942,54.80839262551341,32.0,0.0,62914560,NVIDIA GH200 144G HBM3e
fma,fp64,streaming,0.0,33554432.0,0.0,128.0,536870912.0,8589934592.0,536870912.0,gh200,0.275275409221649,0.2751731157302856,0.2754132270812986,0.0005347683320143,1950.304654956364,31.204874479301814,16.0,0.0,62914560,NVIDIA GH200 144G HBM3e
fma,fp32,streaming,0.0,67108864.0,0.0,256.0,536870912.0,34359738368.0,536870912.0,gh200,0.583403587341309,0.5789430379867554,0.584118914604187,0.0055698430550083,920.2393054294232,58.89531554748308,64.0,0.0,62914560,NVIDIA GH200 144G HBM3e
fma,fp64,streaming,0.0,33554432.0,0.0,256.0,536870912.0,17179869184.0,536870912.0,gh200,0.533711552619934,0.5336434125900266,0.5337333321571354,7.454607304751137e-05,1005.9196008865785,32.189427228370505,32.0,0.0,62914560,NVIDIA GH200 144G HBM3e
fma,fp32,streaming,0.0,67108864.0,0.0,512.0,536870912.0,68719476736.0,536870912.0,gh200,1.12587106227875,1.125175309181214,1.126275372505186,0.0003694746492933,476.8493746640752,61.03671995700162,128.0,0.0,62914560,NVIDIA GH200 144G HBM3e
fma,fp64,streaming,0.0,33554432.0,0.0,512.0,536870912.0,34359738368.0,536870912.0,gh200,1.05460798740387,1.0544465541839618,1.054774045944214,0.0002157868482585,509.0715397686451,32.58057854519328,64.0,0.0,62914560,NVIDIA GH200 144G HBM3e
fma,fp32,streaming,0.0,67108864.0,0.0,1024.0,536870912.0,137438953472.0,536870912.0,gh200,2.24271202087402,2.2345328330993643,2.247399139404296,0.0049903706072406,239.38468559631343,61.282479512656245,256.0,0.0,62914560,NVIDIA GH200 144G HBM3e
fma,fp64,streaming,0.0,33554432.0,0.0,1024.0,536870912.0,68719476736.0,536870912.0,gh200,2.09763550758362,2.097437191009518,2.09794707298279,0.0001569085035318,255.94099168279752,32.760446935398086,128.0,0.0,62914560,NVIDIA GH200 144G HBM3e
fma,fp32,streaming,0.0,67108864.0,0.0,2048.0,536870912.0,274877906944.0,536870912.0,gh200,4.40067195892334,4.4005407333374,4.401052951812742,6.815563061945341e-05,121.99748515936868,62.462712401596754,512.0,0.0,62914560,NVIDIA GH200 144G HBM3e
fma,fp64,streaming,0.0,33554432.0,0.0,2048.0,536870912.0,137438953472.0,536870912.0,gh200,4.18344783782959,4.183136081695556,4.183499240875246,6.212011271544147e-05,128.3321635195847,32.853033861013685,256.0,0.0,62914560,NVIDIA GH200 144G HBM3e
gemm,fp32,warm,256.0,256.0,256.0,0.0,786432.0,33554432.0,786432.0,gh200,0.0083166398108005,0.0082815678790211,0.0083948157727718,0.0037226520628845,94.5612672775231,4.0346140705076525,42.66666666666666,0.0,62914560,NVIDIA GH200 144G HBM3e
gemm,fp32,cold,256.0,256.0,256.0,0.0,786432.0,33554432.0,786432.0,gh200,0.0167679991573095,0.0163008004426956,0.0174207996577024,0.023854922507715,46.900765715817606,2.001099337208218,42.66666666666666,0.0,62914560,NVIDIA GH200 144G HBM3e
gemm,fp32,warm,512.0,512.0,512.0,0.0,3145728.0,268435456.0,3145728.0,gh200,0.0146116800606251,0.0145942395552993,0.0146261123940348,0.0010238590028817,215.2885901517216,18.37129302628024,85.33333333333333,0.0,62914560,NVIDIA GH200 144G HBM3e
gemm,fp32,cold,512.0,512.0,512.0,0.0,3145728.0,268435456.0,3145728.0,gh200,0.0226559992879629,0.0220352001488208,0.0228544000536203,0.0204802181504823,138.84746199084324,11.848316756551956,85.33333333333333,0.0,62914560,NVIDIA GH200 144G HBM3e
gemm,fp32,warm,1024.0,1024.0,1024.0,0.0,12582912.0,2147483648.0,12582912.0,gh200,0.0561137571930885,0.0560951359570026,0.0562876485288143,0.001007971760061,224.2393421759652,38.27018106469806,170.66666666666666,0.0,62914560,NVIDIA GH200 144G HBM3e
gemm,fp32,cold,1024.0,1024.0,1024.0,0.0,12582912.0,2147483648.0,12582912.0,gh200,0.0679040029644966,0.0671360000967979,0.0694207996129989,0.0249764069712699,185.3044216933564,31.62528796899949,170.66666666666666,0.0,62914560,NVIDIA GH200 144G HBM3e
gemm,fp32,warm,2048.0,2048.0,2048.0,0.0,50331648.0,17179869184.0,50331648.0,gh200,0.34048056602478,0.3404235303401948,0.3410731732845308,0.0003437747491555,147.82531816026437,50.45770859870357,341.3333333333333,0.0,62914560,NVIDIA GH200 144G HBM3e
gemm,fp32,cold,2048.0,2048.0,2048.0,0.0,50331648.0,17179869184.0,50331648.0,gh200,0.345311999320984,0.344870388507843,0.3476159930229186,0.0042164980199793,145.7570200252854,49.75172950196408,341.3333333333333,0.0,62914560,NVIDIA GH200 144G HBM3e
gemm,fp32,warm,4096.0,4096.0,4096.0,0.0,201326592.0,137438953472.0,201326592.0,gh200,2.66534399986267,2.663765954971316,2.667387390136718,0.0008429446556526,75.53493733280703,51.56518388586293,682.6666666666666,0.0,62914560,NVIDIA GH200 144G HBM3e
gemm,fp32,warm,8192.0,8192.0,8192.0,0.0,805306368.0,1099511627776.0,805306368.0,gh200,21.378719329834,21.3665340423584,21.3893955230713,0.0008075491278776,37.66859724268867,51.430191435350935,1365.3333333333333,0.0,62914560,NVIDIA GH200 144G HBM3e
gemm,fp32,warm,1.0,8192.0,8192.0,0.0,268500992.0,134217728.0,268500992.0,gh200,0.0661651194095612,0.0661197781562805,0.0662532150745391,0.0007713501848758,4058.0443955369055,2.0285269519305795,0.4998779594825482,0.0,62914560,NVIDIA GH200 144G HBM3e
gemm,fp32,warm,2.0,8192.0,8192.0,0.0,268566528.0,268435456.0,268566528.0,gh200,0.254782736301422,0.2546451151371004,0.2551809668540952,0.0015071779569504,1054.1001792298478,1.0535857330711218,0.9995119570522206,0.0,62914560,NVIDIA GH200 144G HBM3e
gemm,fp32,warm,4.0,8192.0,8192.0,0.0,268697600.0,536870912.0,268697600.0,gh200,0.141908064484596,0.1418213784694674,0.1420187711715698,0.0005805767314193,1893.4625102237717,3.783230459451985,1.9980487804878049,0.0,62914560,NVIDIA GH200 144G HBM3e
gemm,fp32,warm,8.0,8192.0,8192.0,0.0,268959744.0,1073741824.0,268959744.0,gh200,0.138853713870049,0.1388020634651186,0.1389266341924666,0.000652049217054,1937.0007218655685,7.732899567993537,3.992202729044834,0.0,62914560,NVIDIA GH200 144G HBM3e
gemm,fp32,warm,16.0,8192.0,8192.0,0.0,269484032.0,2147483648.0,269484032.0,gh200,0.139752969145775,0.1395626187324526,0.1398055791854855,0.0008343939855821,1928.2884195390775,15.366282814070162,7.968871595330739,0.0,62914560,NVIDIA GH200 144G HBM3e
gemm,fp32,warm,32.0,8192.0,8192.0,0.0,270532608.0,4294967296.0,270532608.0,gh200,0.141089975833893,0.1409959256649016,0.1412314385175704,0.0013238789960875,1917.4474047575247,30.441335542196985,15.875968992248062,0.0,62914560,NVIDIA GH200 144G HBM3e
gemm,fp32,warm,64.0,8192.0,8192.0,0.0,272629760.0,8589934592.0,272629760.0,gh200,0.199730917811394,0.1995853126049042,0.1999440610408786,0.0007709429811081,1364.985266114105,43.00753576925671,31.50769230769231,0.0,62914560,NVIDIA GH200 144G HBM3e
gemm,fp32,warm,128.0,8192.0,8192.0,0.0,276824064.0,17179869184.0,276824064.0,gh200,0.340846836566925,0.3407750964164734,0.3411812543869018,0.0006487759556295,812.165566176953,50.403487258496966,62.06060606060606,0.0,62914560,NVIDIA GH200 144G HBM3e
gemm,fp32,warm,256.0,8192.0,8192.0,0.0,285212672.0,34359738368.0,285212672.0,gh200,0.720280885696411,0.7200061798095703,0.7208137392997742,0.0008260299224409,395.9742340298801,47.70324889959968,120.47058823529412,0.0,62914560,NVIDIA GH200 144G HBM3e
gemm,fp32,warm,512.0,8192.0,8192.0,0.0,301989888.0,68719476736.0,301989888.0,gh200,1.36173713207245,1.361331701278684,1.365003466606142,0.0016650939733494,221.76812314752453,50.46456846734781,227.55555555555557,0.0,62914560,NVIDIA GH200 144G HBM3e
gemm,fp32,warm,1024.0,8192.0,8192.0,0.0,335544320.0,137438953472.0,335544320.0,gh200,2.69192242622375,2.689380502700806,2.69297022819519,0.0009773494937133,124.64858449532076,51.05606020928339,409.6,0.0,62914560,NVIDIA GH200 144G HBM3e
gemm,fp32,warm,2048.0,8192.0,8192.0,0.0,402653184.0,274877906944.0,402653184.0,gh200,5.36126947402954,5.357907199859618,5.363232040405272,0.0003482488432988,75.1040748745213,51.2710484476732,682.6666666666666,0.0,62914560,NVIDIA GH200 144G HBM3e
gemm,fp64,warm,256.0,256.0,256.0,0.0,1572864.0,33554432.0,1572864.0,gh200,0.00579663971439,0.0055761919356882,0.0059959042817354,0.0336885951844073,271.3406520842407,5.788600577797133,21.33333333333333,0.0,62914560,NVIDIA GH200 144G HBM3e
gemm,fp64,cold,256.0,256.0,256.0,0.0,1572864.0,33554432.0,1572864.0,gh200,0.0123840002343059,0.0119552001357078,0.0134911999106407,0.0516795654790675,127.00774953499152,2.7094986567464856,21.33333333333333,0.0,62914560,NVIDIA GH200 144G HBM3e
gemm,fp64,warm,512.0,512.0,512.0,0.0,6291456.0,268435456.0,6291456.0,gh200,0.0087016001343727,0.008689216338098,0.0087117763236165,0.0014618005341165,723.0228811765028,30.848976263530783,42.66666666666666,0.0,62914560,NVIDIA GH200 144G HBM3e
gemm,fp64,cold,512.0,512.0,512.0,0.0,6291456.0,268435456.0,6291456.0,gh200,0.0186880007386208,0.0180991999804973,0.0191615998744964,0.0308219519420037,336.6575209405904,14.364054226798524,42.66666666666666,0.0,62914560,NVIDIA GH200 144G HBM3e
gemm,fp64,warm,1024.0,1024.0,1024.0,0.0,25165824.0,2147483648.0,25165824.0,gh200,0.0404880009591579,0.0404690869152545,0.0406627506017685,0.0024046744626514,621.5625223232413,53.04000190491659,85.33333333333333,0.0,62914560,NVIDIA GH200 144G HBM3e
gemm,fp64,cold,1024.0,1024.0,1024.0,0.0,25165824.0,2147483648.0,25165824.0,gh200,0.0494400002062321,0.0488319993019104,0.0506496012210845,0.0200647645935274,509.0174736048596,43.436157747614686,85.33333333333333,0.0,62914560,NVIDIA GH200 144G HBM3e
gemm,fp64,warm,2048.0,2048.0,2048.0,0.0,100663296.0,17179869184.0,100663296.0,gh200,0.281159073114395,0.2807051360607145,0.2813253641128544,0.0016093158746024,358.0296907546113,61.10373388878701,170.66666666666666,0.0,62914560,NVIDIA GH200 144G HBM3e
gemm,fp64,cold,2048.0,2048.0,2048.0,0.0,100663296.0,17179869184.0,100663296.0,gh200,0.289759993553162,0.2887744069099428,0.2917055964469908,0.002208689903208,347.4023268900004,59.28999712256008,170.66666666666666,0.0,62914560,NVIDIA GH200 144G HBM3e
gemm,fp64,warm,4096.0,4096.0,4096.0,0.0,402653184.0,137438953472.0,402653184.0,gh200,2.17818307876587,2.177100038528444,2.179287433624268,0.0007141557725401,184.85736480339293,63.09798051955812,341.3333333333333,0.0,62914560,NVIDIA GH200 144G HBM3e
gemm,fp64,warm,8192.0,8192.0,8192.0,0.0,1610612736.0,1099511627776.0,1610612736.0,gh200,17.2548809051514,17.117075347900418,17.38721237182616,0.0082619551127176,93.34244292113056,63.72177436749179,682.6666666666666,0.0,62914560,NVIDIA GH200 144G HBM3e
gemm,fp64,warm,1.0,8192.0,8192.0,0.0,537001984.0,134217728.0,537001984.0,gh200,0.12111672013998,0.1210773736238482,0.1212411522865294,0.0004056653258915,4433.755994873068,1.1081684497803324,0.2499389797412741,0.0,62914560,NVIDIA GH200 144G HBM3e
gemm,fp64,warm,2.0,8192.0,8192.0,0.0,537133056.0,268435456.0,537133056.0,gh200,0.129245772957802,0.1292096018791202,0.1293379485607146,0.000569087328504,4155.904241258017,2.076937990750712,0.4997559785261103,0.0,62914560,NVIDIA GH200 144G HBM3e
gemm,fp64,warm,4.0,8192.0,8192.0,0.0,537395200.0,536870912.0,537395200.0,gh200,0.131470501422882,0.1314137816429134,0.131626868247986,0.0007774710988642,4087.5724530131606,4.083584577449246,0.9990243902439024,0.0,62914560,NVIDIA GH200 144G HBM3e
gemm,fp64,warm,8.0,8192.0,8192.0,0.0,537919488.0,1073741824.0,537919488.0,gh200,0.130170300602913,0.1301085740327838,0.1302285909652712,0.0007046468918306,4132.428714603139,8.248746596010944,1.996101364522417,0.0,62914560,NVIDIA GH200 144G HBM3e
gemm,fp64,warm,16.0,8192.0,8192.0,0.0,538968064.0,2147483648.0,538968064.0,gh200,0.13059663772583,0.130565032362938,0.1306907862424848,0.0004123597474809,4126.967381285042,16.44363656978943,3.9844357976653697,0.0,62914560,NVIDIA GH200 144G HBM3e
gemm,fp64,warm,32.0,8192.0,8192.0,0.0,541065216.0,4294967296.0,541065216.0,gh200,0.131264880299568,0.1312135517597202,0.131289291381836,0.000314393048863,4121.93432672319,32.71985077957013,7.937984496124031,0.0,62914560,NVIDIA GH200 144G HBM3e
gemm,fp64,warm,64.0,8192.0,8192.0,0.0,545259520.0,8589934592.0,545259520.0,gh200,0.165368139743805,0.1628646790981292,0.166184028983116,0.0120602364388616,3297.246500110228,51.9443140940442,15.753846153846156,0.0,62914560,NVIDIA GH200 144G HBM3e
gemm,fp64,warm,128.0,8192.0,8192.0,0.0,553648128.0,17179869184.0,553648128.0,gh200,0.30376723408699,0.3034659147262571,0.3049275815486908,0.001750020627433,1822.6064758566145,56.556031250823416,31.03030303030303,0.0,62914560,NVIDIA GH200 144G HBM3e
gemm,fp64,warm,256.0,8192.0,8192.0,0.0,570425344.0,34359738368.0,570425344.0,gh200,0.569924712181091,0.5695915102958679,0.5707599043846134,0.0004838549428717,1000.8784174614804,60.2882058517974,60.23529411764706,0.0,62914560,NVIDIA GH200 144G HBM3e
gemm,fp64,warm,512.0,8192.0,8192.0,0.0,603979776.0,68719476736.0,603979776.0,gh200,1.10853278636932,1.107039976119996,1.112549257278442,0.0018696001859113,544.8461095843289,61.99137957937253,113.77777777777776,0.0,62914560,NVIDIA GH200 144G HBM3e
gemm,fp64,warm,1024.0,8192.0,8192.0,0.0,671088640.0,137438953472.0,671088640.0,gh200,2.18965339660645,2.186762523651124,2.191042041778564,0.0011902127944971,306.4816746979503,62.76744697814022,204.8,0.0,62914560,NVIDIA GH200 144G HBM3e
gemm,fp64,warm,2048.0,8192.0,8192.0,0.0,805306368.0,274877906944.0,805306368.0,gh200,4.34368801116943,4.339079952239986,4.3448448181152335,0.0010396433388304,185.3969175339532,63.28214785158936,341.3333333333333,0.0,62914560,NVIDIA GH200 144G HBM3e
gemm,fp16,warm,256.0,256.0,256.0,0.0,393216.0,33554432.0,393216.0,gh200,0.0046452800743281,0.0042754881083965,0.0046951038762927,0.0471704487210526,84.64850207269119,7.223338843536315,85.33333333333333,0.0001984265214773,62914560,NVIDIA GH200 144G HBM3e
gemm,fp16,cold,256.0,256.0,256.0,0.0,393216.0,33554432.0,393216.0,gh200,0.0099520003423094,0.0096320001408457,0.010624000057578,0.05787778431704,39.51125266026166,3.371626893675661,85.33333333333333,0.0001984265214773,62914560,NVIDIA GH200 144G HBM3e
gemm,fp16,warm,512.0,512.0,512.0,0.0,1572864.0,268435456.0,1572864.0,gh200,0.0047259200364351,0.0046899199485778,0.0047743681818246,0.0073636523439739,332.81646491556967,56.80067667892389,170.66666666666666,0.000200911459712,62914560,NVIDIA GH200 144G HBM3e
gemm,fp16,cold,512.0,512.0,512.0,0.0,1572864.0,268435456.0,1572864.0,gh200,0.0097920000553131,0.0094719998538494,0.0106431998312473,0.0522875991051981,160.62745007303883,27.41375147913196,170.66666666666666,0.000200911459712,62914560,NVIDIA GH200 144G HBM3e
gemm,fp16,warm,1024.0,1024.0,1024.0,0.0,6291456.0,2147483648.0,6291456.0,gh200,0.0061908797360956,0.0061718080192804,0.0061976958066225,0.0019124751886323,1016.2458758999828,346.8785923071942,341.3333333333333,0.0001899405204345,62914560,NVIDIA GH200 144G HBM3e
gemm,fp16,cold,1024.0,1024.0,1024.0,0.0,6291456.0,2147483648.0,6291456.0,gh200,0.0123519999906421,0.0121152000501751,0.0128960000351071,0.0518134513832954,509.3471506449498,173.8571607534762,341.3333333333333,0.0001899405204345,62914560,NVIDIA GH200 144G HBM3e
gemm,fp16,warm,2048.0,2048.0,2048.0,0.0,25165824.0,17179869184.0,25165824.0,gh200,0.0232161600142717,0.0232065290212631,0.0233319047838449,0.0029049073092511,1083.9787451727495,739.996156704597,682.6666666666666,0.0002214878090706,62914560,NVIDIA GH200 144G HBM3e
gemm,fp16,cold,2048.0,2048.0,2048.0,0.0,25165824.0,17179869184.0,25165824.0,gh200,0.0309759993106127,0.0302079997956752,0.0318080000579357,0.032541330296432,812.4297701471709,554.6187230871353,682.6666666666666,0.0002214878090706,62914560,NVIDIA GH200 144G HBM3e
gemm,fp16,warm,4096.0,4096.0,4096.0,0.0,100663296.0,137438953472.0,100663296.0,gh200,0.162440210580826,0.1616137802600864,0.1881819337606434,0.1424210759607833,619.694444128491,846.0894810500998,1365.3333333333333,0.0002273709783179,62914560,NVIDIA GH200 144G HBM3e
gemm,fp16,warm,8192.0,8192.0,8192.0,0.0,402653184.0,1099511627776.0,402653184.0,gh200,1.47124671936035,1.40878667831421,1.471706604957582,0.0169409641061128,273.68161893000547,747.3332740915349,2730.6666666666665,0.0002014828336355,62914560,NVIDIA GH200 144G HBM3e
gemm,fp16,warm,1.0,8192.0,8192.0,0.0,134250496.0,134217728.0,134250496.0,gh200,0.0405188798904419,0.0401431992650031,0.0405312649905681,0.0086557931520431,3313.2825083762664,3.312473798952694,0.9997559189650964,0.0002413515983138,62914560,NVIDIA GH200 144G HBM3e
gemm,fp16,warm,2.0,8192.0,8192.0,0.0,134283264.0,268435456.0,134283264.0,gh200,0.0518195182085037,0.0518014088273048,0.0520877443253994,0.0022122621421003,2591.3645792631823,5.180199764110294,1.9990239141044408,0.0003341280574451,62914560,NVIDIA GH200 144G HBM3e
gemm,fp16,warm,4.0,8192.0,8192.0,0.0,134348800.0,536870912.0,134348800.0,gh200,0.0520849600434303,0.0520501412451267,0.0522211842238903,0.0028338620100212,2579.4163975161964,10.307599574854963,3.9960975609756098,0.0002622357767924,62914560,NVIDIA GH200 144G HBM3e
gemm,fp16,warm,8.0,8192.0,8192.0,0.0,134479872.0,1073741824.0,134479872.0,gh200,0.0407460778951645,0.0407304629683494,0.0407714247703552,0.000532104944992,3300.437218669316,26.35202894282557,7.984405458089668,0.0001884462654639,62914560,NVIDIA GH200 144G HBM3e
gemm,fp16,warm,16.0,8192.0,8192.0,0.0,134742016.0,2147483648.0,134742016.0,gh200,0.0395803190767765,0.0395564168691635,0.0395946554839611,0.0006770975836542,3404.268059048039,54.25635007727925,15.93774319066148,0.0002192352371322,62914560,NVIDIA GH200 144G HBM3e
gemm,fp16,warm,32.0,8192.0,8192.0,0.0,135266304.0,4294967296.0,135266304.0,gh200,0.0397574417293072,0.0397379197180271,0.0397777289152145,0.0005050454414398,3402.288932999641,108.02926720594208,31.751937984496124,0.0002453159182464,62914560,NVIDIA GH200 144G HBM3e
gemm,fp16,warm,64.0,8192.0,8192.0,0.0,136314880.0,8589934592.0,136314880.0,gh200,0.0366046391427517,0.0365969270467758,0.036628320813179,0.0004873812625164,3723.97824954361,234.66792169431736,63.01538461538462,0.0002063616112378,62914560,NVIDIA GH200 144G HBM3e
gemm,fp16,warm,128.0,8192.0,8192.0,0.0,138412032.0,17179869184.0,138412032.0,gh200,0.0382977612316608,0.0381228789687156,0.0386039033532143,0.0075618086592667,3614.10243180415,448.58677456575145,124.12121212121212,0.0002660988993651,62914560,NVIDIA GH200 144G HBM3e
gemm,fp16,warm,256.0,8192.0,8192.0,0.0,142606336.0,34359738368.0,142606336.0,gh200,0.0480792000889778,0.0472563818097114,0.0511183016002178,0.0280288206517174,2966.0713101733286,714.6487109688208,240.94117647058823,0.0002089550692324,62914560,NVIDIA GH200 144G HBM3e
gemm,fp16,warm,512.0,8192.0,8192.0,0.0,150994944.0,68719476736.0,150994944.0,gh200,0.0966955870389938,0.095367494225502,0.1000039517879488,0.0297549086310633,1561.549483526164,710.6785205025742,455.1111111111111,0.0002104103882757,62914560,NVIDIA GH200 144G HBM3e
gemm,fp16,warm,1024.0,8192.0,8192.0,0.0,167772160.0,137438953472.0,167772160.0,gh200,0.18052065372467,0.1768618166446682,0.1826353996992114,0.0177060846573075,929.3793066797,761.3475280320102,819.2,0.0002004140174646,62914560,NVIDIA GH200 144G HBM3e
gemm,fp16,warm,2048.0,8192.0,8192.0,0.0,201326592.0,274877906944.0,201326592.0,gh200,0.355888903141022,0.3525291502475736,0.3593004703521728,0.0074417689347793,565.7006729434993,772.3699854588577,1365.3333333333333,0.0002256969776948,62914560,NVIDIA GH200 144G HBM3e
gemm,bf16,warm,256.0,256.0,256.0,0.0,393216.0,33554432.0,393216.0,gh200,0.0046985601074993,0.004626015946269,0.0047311360947787,0.013638245322312,83.68861757719964,7.141428699921037,85.33333333333333,0.0015699538480616,62914560,NVIDIA GH200 144G HBM3e
gemm,bf16,cold,256.0,256.0,256.0,0.0,393216.0,33554432.0,393216.0,gh200,0.0100480001419783,0.0095424000173807,0.0108991999179124,0.0748407770240643,39.133757408823215,3.339413965552914,85.33333333333333,0.0015699538480616,62914560,NVIDIA GH200 144G HBM3e
gemm,bf16,warm,512.0,512.0,512.0,0.0,1572864.0,268435456.0,1572864.0,gh200,0.0047940798103809,0.0047077440656721,0.0048067840747535,0.0054233969823625,328.0846506965055,55.99311371887027,170.66666666666666,0.0016239479948725,62914560,NVIDIA GH200 144G HBM3e
gemm,bf16,cold,512.0,512.0,512.0,0.0,1572864.0,268435456.0,1572864.0,gh200,0.0110080000013113,0.0107583997771143,0.0113216001540422,0.0363372321749637,142.88372091321187,24.385488369188163,170.66666666666666,0.0016239479948725,62914560,NVIDIA GH200 144G HBM3e
gemm,bf16,warm,1024.0,1024.0,1024.0,0.0,6291456.0,2147483648.0,6291456.0,gh200,0.0066169602796435,0.0066137602552771,0.0066330241970717,0.001765188481707,950.807581444168,324.5423211329427,341.3333333333333,0.0014144454356515,62914560,NVIDIA GH200 144G HBM3e
gemm,bf16,cold,1024.0,1024.0,1024.0,0.0,6291456.0,2147483648.0,6291456.0,gh200,0.0124800000339746,0.0124223999679089,0.0130431998521089,0.0269230579797554,504.1230755506907,172.0740097879691,341.3333333333333,0.0014144454356515,62914560,NVIDIA GH200 144G HBM3e
gemm,bf16,warm,2048.0,2048.0,2048.0,0.0,25165824.0,17179869184.0,25165824.0,gh200,0.023779358714819,0.0235101759433746,0.0250294402241707,0.0306685588142551,1058.3054110839823,722.4698272999987,682.6666666666666,0.0015212681809329,62914560,NVIDIA GH200 144G HBM3e
gemm,bf16,cold,2048.0,2048.0,2048.0,0.0,25165824.0,17179869184.0,25165824.0,gh200,0.0309120006859303,0.0302848003804684,0.0320255987346172,0.0279502817407399,814.1117831772793,555.7669773156894,682.6666666666666,0.0015212681809329,62914560,NVIDIA GH200 144G HBM3e
gemm,bf16,warm,4096.0,4096.0,4096.0,0.0,100663296.0,137438953472.0,100663296.0,gh200,0.188523590564728,0.160208162665367,0.191791608929634,0.1453113771186623,533.9559664573549,729.0278795364418,1365.3333333333333,0.0017106645640478,62914560,NVIDIA GH200 144G HBM3e
gemm,bf16,warm,8192.0,8192.0,8192.0,0.0,402653184.0,1099511627776.0,402653184.0,gh200,1.47442710399628,1.447498345375062,1.506835150718688,0.0227935064471962,273.0912792559569,745.7212532215999,2730.6666666666665,0.001961559904137,62914560,NVIDIA GH200 144G HBM3e
gemm,bf16,warm,1.0,8192.0,8192.0,0.0,134250496.0,134217728.0,134250496.0,gh200,0.0349035188555717,0.0347678408026695,0.0349824331700801,0.0029681379973112,3846.331269793143,3.84539245327623,0.9997559189650964,0.0015990532871483,62914560,NVIDIA GH200 144G HBM3e
gemm,bf16,warm,2.0,8192.0,8192.0,0.0,134283264.0,268435456.0,134283264.0,gh200,0.0523335970938206,0.0517576977610588,0.0527135677635669,0.0178622973075603,2565.909309831404,5.129314071776199,1.9990239141044408,0.0025542627029183,62914560,NVIDIA GH200 144G HBM3e
gemm,bf16,warm,4.0,8192.0,8192.0,0.0,134348800.0,536870912.0,134348800.0,gh200,0.0527008026838303,0.0526718065142631,0.0527118392288684,0.0004174099461903,2549.2742644927685,10.187148670597445,3.9960975609756098,0.0026630088725515,62914560,NVIDIA GH200 144G HBM3e
gemm,bf16,warm,8.0,8192.0,8192.0,0.0,134479872.0,1073741824.0,134479872.0,gh200,0.040782880038023,0.040749280154705,0.0408240303397178,0.0010042867043295,3297.458930674359,26.32824908390288,7.984405458089668,0.0016939623537978,62914560,NVIDIA GH200 144G HBM3e
gemm,bf16,warm,16.0,8192.0,8192.0,0.0,134742016.0,2147483648.0,134742016.0,gh200,0.040119681507349,0.0400895684957504,0.0401244781911372,0.0001914194146554,3358.5016365426127,53.52693658863245,15.93774319066148,0.001948402555698,62914560,NVIDIA GH200 144G HBM3e
gemm,bf16,warm,32.0,8192.0,8192.0,0.0,135266304.0,4294967296.0,135266304.0,gh200,0.0349446386098862,0.0349363841116428,0.0349619194865227,0.0004669853460106,3870.874313799078,122.90776115752732,31.751937984496124,0.0016650696901783,62914560,NVIDIA GH200 144G HBM3e
gemm,bf16,warm,64.0,8192.0,8192.0,0.0,136314880.0,8589934592.0,136314880.0,gh200,0.0366473607718945,0.03662054464221,0.0366602227091789,0.0007203593695142,3719.637025118117,234.39435776744315,63.01538461538462,0.0015532854263537,62914560,NVIDIA GH200 144G HBM3e
gemm,bf16,warm,128.0,8192.0,8192.0,0.0,138412032.0,17179869184.0,138412032.0,gh200,0.0385497584939003,0.0384121291339397,0.0389260172843933,0.0084627916060518,3590.477279433562,445.65439201696574,124.12121212121212,0.0017658919966917,62914560,NVIDIA GH200 144G HBM3e
gemm,bf16,warm,256.0,8192.0,8192.0,0.0,142606336.0,34359738368.0,142606336.0,gh200,0.0508798398077488,0.0479753941297531,0.0535198397934437,0.0997817169234661,2802.806308723512,675.3114494430297,240.94117647058823,0.0014572168435032,62914560,NVIDIA GH200 144G HBM3e
gemm,bf16,warm,512.0,8192.0,8192.0,0.0,150994944.0,68719476736.0,150994944.0,gh200,0.0983994752168655,0.0980379477143287,0.1010050088167189,0.0082578087271295,1534.509647203075,698.3723905493106,455.1111111111111,0.0017062043159246,62914560,NVIDIA GH200 144G HBM3e
gemm,bf16,warm,1024.0,8192.0,8192.0,0.0,167772160.0,137438953472.0,167772160.0,gh200,0.183703005313873,0.1836368739604952,0.1881496608257296,0.007714408546328,913.2793429990232,748.1584377847998,819.2,0.0017767034432755,62914560,NVIDIA GH200 144G HBM3e
gemm,bf16,warm,2048.0,8192.0,8192.0,0.0,201326592.0,274877906944.0,201326592.0,gh200,0.362174779176712,0.3522567451000216,0.3661912560462956,0.0270553493668701,555.8824180348818,758.9647947569587,1365.3333333333333,0.0016934063772307,62914560,NVIDIA GH200 144G HBM3e
gemm,tf32,warm,256.0,256.0,256.0,0.0,786432.0,33554432.0,786432.0,gh200,0.0062646400183439,0.0062567362561821,0.0062823998741805,0.0027072345251088,125.53506629226796,5.356162828470099,42.66666666666666,0.0,62914560,NVIDIA GH200 144G HBM3e
gemm,tf32,cold,256.0,256.0,256.0,0.0,786432.0,33554432.0,786432.0,gh200,0.0121280001476407,0.0109888000413775,0.0126784002408385,0.0963061096311343,64.84432638739597,2.766691259195561,42.66666666666666,0.0,62914560,NVIDIA GH200 144G HBM3e
gemm,tf32,warm,512.0,512.0,512.0,0.0,3145728.0,268435456.0,3145728.0,gh200,0.0084246406331658,0.0084208004176616,0.0085171204060316,0.0004558424274271,373.3961051841196,31.863134309044877,85.33333333333333,0.0,62914560,NVIDIA GH200 144G HBM3e
gemm,tf32,cold,512.0,512.0,512.0,0.0,3145728.0,268435456.0,3145728.0,gh200,0.0141120003536344,0.0137408001348376,0.0144383996725082,0.0249433019779683,222.91155903988127,19.0217863714032,85.33333333333333,0.0,62914560,NVIDIA GH200 144G HBM3e
gemm,tf32,warm,1024.0,1024.0,1024.0,0.0,12582912.0,2147483648.0,12582912.0,gh200,0.0137371197342873,0.0137225277721881,0.0137423679232597,0.0007395872033563,915.9789128570784,156.3270677942747,170.66666666666666,0.0,62914560,NVIDIA GH200 144G HBM3e
gemm,tf32,cold,1024.0,1024.0,1024.0,0.0,12582912.0,2147483648.0,12582912.0,gh200,0.0230400003492832,0.0227071996778249,0.0259968001395463,0.0576388822641713,546.1333250540279,93.2067541425541,170.66666666666666,0.0,62914560,NVIDIA GH200 144G HBM3e
gemm,tf32,warm,2048.0,2048.0,2048.0,0.0,50331648.0,17179869184.0,50331648.0,gh200,0.0484422408044338,0.0480772137641906,0.0489722229540348,0.0134874033105409,1039.0032988604703,354.64645934437385,341.3333333333333,0.0,62914560,NVIDIA GH200 144G HBM3e
gemm,tf32,cold,2048.0,2048.0,2048.0,0.0,50331648.0,17179869184.0,50331648.0,gh200,0.0584320016205311,0.0580288000404834,0.0589375987648963,0.0068455522558456,861.3712795064528,294.0147300715359,341.3333333333333,0.0,62914560,NVIDIA GH200 144G HBM3e
gemm,tf32,warm,4096.0,4096.0,4096.0,0.0,201326592.0,137438953472.0,201326592.0,gh200,0.354682266712189,0.3359177052974698,0.3554131507873536,0.0261933246518291,567.6251983676668,387.4988020856606,682.6666666666666,0.0,62914560,NVIDIA GH200 144G HBM3e
gemm,tf32,warm,8192.0,8192.0,8192.0,0.0,805306368.0,1099511627776.0,805306368.0,gh200,2.74080014228821,2.663492584228516,2.746285820007326,0.0085013599374858,293.8216309809713,401.1644668326862,1365.3333333333333,0.0,62914560,NVIDIA GH200 144G HBM3e
gemm,tf32,warm,1.0,8192.0,8192.0,0.0,268500992.0,134217728.0,268500992.0,gh200,0.0661332830786705,0.0659171521663665,0.0664884492754936,0.0049512412830684,4059.99792389859,2.0295034777018093,0.4998779594825482,0.0,62914560,NVIDIA GH200 144G HBM3e
gemm,tf32,warm,2.0,8192.0,8192.0,0.0,268566528.0,268435456.0,268566528.0,gh200,0.106118507683277,0.1060961619019505,0.1061523899435998,7.242161667917604e-05,2530.817044672056,2.529581897261284,0.9995119570522206,0.0,62914560,NVIDIA GH200 144G HBM3e
gemm,tf32,warm,4.0,8192.0,8192.0,0.0,268697600.0,536870912.0,268697600.0,gh200,0.0926427766680717,0.0926268085837364,0.0926944687962532,0.0004317491700175,2900.362118492111,5.795064993826189,1.9980487804878049,0.0,62914560,NVIDIA GH200 144G HBM3e
gemm,tf32,warm,8.0,8192.0,8192.0,0.0,268959744.0,1073741824.0,268959744.0,gh200,0.0801073610782623,0.0800802558660507,0.0801259830594062,0.0003145511628348,3357.491001822355,13.40378474021868,3.992202729044834,0.0,62914560,NVIDIA GH200 144G HBM3e
gemm,tf32,warm,16.0,8192.0,8192.0,0.0,269484032.0,2147483648.0,269484032.0,gh200,0.077791839838028,0.0777633935213089,0.0778176009654998,0.0003958895298211,3464.168382713384,27.605513026447507,7.968871595330739,0.0,62914560,NVIDIA GH200 144G HBM3e
gemm,tf32,warm,32.0,8192.0,8192.0,0.0,270532608.0,4294967296.0,270532608.0,gh200,0.0746491178870201,0.0746184289455413,0.0746760636568069,0.0003943913881648,3624.056327222052,57.53540587713768,15.875968992248062,0.0,62914560,NVIDIA GH200 144G HBM3e
gemm,tf32,warm,64.0,8192.0,8192.0,0.0,272629760.0,8589934592.0,272629760.0,gh200,0.0879081636667252,0.0878851816058158,0.0879549756646156,0.0004550449646121,3101.30195681923,97.71486780870435,31.50769230769231,0.0,62914560,NVIDIA GH200 144G HBM3e
gemm,tf32,warm,128.0,8192.0,8192.0,0.0,276824064.0,17179869184.0,276824064.0,gh200,0.0751750394701958,0.0737442553043365,0.075635965168476,0.0215368991111142,3682.393330963941,228.53156187315608,62.06060606060606,0.0,62914560,NVIDIA GH200 144G HBM3e
gemm,tf32,warm,256.0,8192.0,8192.0,0.0,285212672.0,34359738368.0,285212672.0,gh200,0.11509720236063,0.1104149192571638,0.1173418819904328,0.0309877243684247,2478.0156784901965,298.5280064439955,120.47058823529412,0.0,62914560,NVIDIA GH200 144G HBM3e
gemm,tf32,warm,512.0,8192.0,8192.0,0.0,301989888.0,68719476736.0,301989888.0,gh200,0.1809191852808,0.177462011575699,0.1835745990276339,0.0136815876347813,1669.1977002399678,379.8352100101616,227.55555555555557,0.0,62914560,NVIDIA GH200 144G HBM3e
gemm,tf32,warm,1024.0,8192.0,8192.0,0.0,335544320.0,137438953472.0,335544320.0,gh200,0.347044229507446,0.3427810907363894,0.3496053278446196,0.006781697557517,966.863274102648,396.0271970724446,409.6,0.0,62914560,NVIDIA GH200 144G HBM3e
gemm,tf32,warm,2048.0,8192.0,8192.0,0.0,402653184.0,274877906944.0,402653184.0,gh200,0.684560000896454,0.6736783862113952,0.6852683544158937,0.0080393915164734,588.1926835817347,401.5395386584642,682.6666666666666,0.0,62914560,NVIDIA GH200 144G HBM3e
read_reduce,fp32,warm,0.0,16777216.0,0.0,0.0,71303168.0,0.0,71303168.0,gh200,0.0198528002947569,0.0198371525853872,0.0198741436004638,0.0014425723357305,3591.5924676294194,0.0,0.0,0.0,62914560,NVIDIA GH200 144G HBM3e
read_reduce,fp32,warm,0.0,67108864.0,0.0,0.0,272629760.0,0.0,272629760.0,gh200,0.0660043209791183,0.065972676873207,0.0660453766584396,0.000466590284402,4130.48351919644,0.0,0.0,0.0,62914560,NVIDIA GH200 144G HBM3e
read_reduce,fp32,warm,0.0,134217728.0,0.0,0.0,541065216.0,0.0,541065216.0,gh200,0.124456875026226,0.1244370967149734,0.1244664579629898,7.713573956431487e-05,4347.41122887735,0.0,0.0,0.0,62914560,NVIDIA GH200 144G HBM3e
gemm,fp8_e4m3,warm,256.0,256.0,256.0,0.0,262152.0,33554432.0,262152.0,gh200,0.0038526400458067,0.0038018240127712,0.0039843200705945,0.0317704523784828,68.04476849201819,8.709464575212726,127.99609386920564,0.0001655438077451,62914560,NVIDIA GH200 144G HBM3e
gemm,fp8_e4m3,warm,512.0,512.0,512.0,0.0,1048584.0,268435456.0,1048584.0,gh200,0.0040283198468387,0.0039787838235497,0.0040370880626142,0.0122333887543409,260.3030642720422,66.6370760530992,255.99804688990105,0.0001959319195084,62914560,NVIDIA GH200 144G HBM3e
gemm,fp8_e4m3,warm,1024.0,1024.0,1024.0,0.0,4194312.0,2147483648.0,4194312.0,gh200,0.0055564804933965,0.0055402879603207,0.0055706556886434,0.003800937460376,754.8504858398478,386.4827115927305,511.99902343936265,0.0002203731078509,62914560,NVIDIA GH200 144G HBM3e
gemm,fp8_e4m3,warm,2048.0,2048.0,2048.0,0.0,16777224.0,17179869184.0,16777224.0,gh200,0.0151641592383385,0.0151377277448773,0.0152168959379196,0.0028910064319763,1106.3735045450655,1132.925928432967,1023.9995117189828,0.0002671880664032,62914560,NVIDIA GH200 144G HBM3e
gemm,fp8_e4m3,warm,4096.0,4096.0,4096.0,0.0,67108872.0,137438953472.0,67108872.0,gh200,0.121597439050674,0.0994215369224551,0.1227575406432148,0.1555644448354946,551.8937941779624,1130.278355736787,2047.999755859404,0.0002161337444008,62914560,NVIDIA GH200 144G HBM3e
gemm,fp8_e4m3,warm,8192.0,8192.0,8192.0,0.0,268435464.0,1099511627776.0,268435464.0,gh200,0.887986898422241,0.8245693206787106,0.9011668562889098,0.0505445783540125,302.2966492827217,1238.2070385605828,4095.999877929691,0.0002217307610558,62914560,NVIDIA GH200 144G HBM3e
gemm,fp8_e4m3,warm,16.0,8192.0,8192.0,0.0,67502088.0,2147483648.0,67502088.0,gh200,0.0206081606447697,0.0204019512981176,0.0214626882225275,0.0151086115755324,3275.5028051051154,104.20549824979292,31.81358846262652,0.0002530148875453,62914560,NVIDIA GH200 144G HBM3e
gemm,fp8_e4m3,warm,32.0,8192.0,8192.0,0.0,67895304.0,4294967296.0,67895304.0,gh200,0.0202398393303156,0.0201972156763076,0.0205378241837024,0.0152016610067528,3354.537696270404,212.2036260222145,63.25867980501273,0.0002319161509569,62914560,NVIDIA GH200 144G HBM3e
gemm,fp8_e4m3,warm,64.0,8192.0,8192.0,0.0,68681736.0,8589934592.0,68681736.0,gh200,0.02186912111938,0.0218594554811716,0.0218888640403747,0.0009181582835056,3140.580530194949,392.7882855972553,125.0686877221624,0.0001987323186798,62914560,NVIDIA GH200 144G HBM3e
gemm,fp8_e4m3,warm,128.0,8192.0,8192.0,0.0,70254600.0,17179869184.0,70254600.0,gh200,0.0223190411925316,0.022262879833579,0.0226280320435762,0.0086706434847502,3147.742745486244,769.7404667073571,244.5372855869936,0.0002148092439754,62914560,NVIDIA GH200 144G HBM3e
gemm,fp8_e4m3,warm,256.0,8192.0,8192.0,0.0,73400328.0,34359738368.0,73400328.0,gh200,0.0288411192595959,0.0285772792994976,0.031854049116373,0.0603222380220873,2544.9888868504486,1191.3455250724353,468.11423469388313,0.0002163155530325,62914560,NVIDIA GH200 144G HBM3e
gemm,fp8_e4m3,warm,512.0,8192.0,8192.0,0.0,79691784.0,68719476736.0,79691784.0,gh200,0.0603369623422623,0.0585960298776626,0.0615156807005405,0.0352832202847763,1320.7788543935503,1138.9283462131846,862.315702908596,0.000221544427151,62914560,NVIDIA GH200 144G HBM3e
gemm,fp8_e4m3,warm,1024.0,8192.0,8192.0,0.0,92274696.0,137438953472.0,92274696.0,gh200,0.117371454834938,0.1172726079821584,0.118746416270733,0.0059712771839381,786.1766400507507,1170.9742685330375,1489.4544163223252,0.0002176910947441,62914560,NVIDIA GH200 144G HBM3e
gemm,fp8_e4m3,warm,2048.0,8192.0,8192.0,0.0,117440520.0,274877906944.0,117440520.0,gh200,0.233933657407761,0.2224040538072586,0.2342129081487655,0.0332868824567552,502.024895867352,1175.0250476564413,2340.571269132664,0.0001937280562835,62914560,NVIDIA GH200 144G HBM3e
copy,fp32,warm,0.0,1024.0,0.0,0.0,8192.0,0.0,8192.0,mi100,0.0025271999184042,0.0022513630334287,0.0026147251483052,0.0628373278242128,3.241532235080465,0.0,0.0,0.0,8388608,AMD Instinct MI100
add,fp32,warm,0.0,1024.0,0.0,0.0,12288.0,1024.0,12288.0,mi100,0.002594405086711,0.0023393629584461,0.0027144000865519,0.0627494585109704,4.736345940324071,0.000394695495027,0.0833333333333333,0.0,8388608,AMD Instinct MI100
triad,fp32,warm,0.0,1024.0,0.0,0.0,12288.0,2048.0,12288.0,mi100,0.0025663999840617,0.0023689650464802,0.0026980819180607,0.0515888078715329,4.788029954922444,0.000798004992487,0.1666666666666666,0.0,8388608,AMD Instinct MI100
copy,fp32,warm,0.0,16384.0,0.0,0.0,131072.0,0.0,131072.0,mi100,0.0025664048735052,0.0023104029241949,0.0026318399235606,0.032729635635791,51.07222221760362,0.0,0.0,0.0,8388608,AMD Instinct MI100
add,fp32,warm,0.0,16384.0,0.0,0.0,196608.0,16384.0,196608.0,mi100,0.0026008049026131,0.0023680048994719,0.0026363229844719,0.0361436485732093,75.59505897672602,0.0062995882480605,0.0833333333333333,0.0,8388608,AMD Instinct MI100
triad,fp32,warm,0.0,16384.0,0.0,0.0,196608.0,32768.0,196608.0,mi100,0.0026152050122618,0.0023984030354768,0.0026940830983221,0.0313541312403062,75.17880972167276,0.0125298016202787,0.1666666666666666,0.0,8388608,AMD Instinct MI100
copy,fp32,warm,0.0,262144.0,0.0,0.0,2097152.0,0.0,2097152.0,mi100,0.0078456094488501,0.0078171301633119,0.0078787330538034,0.0032632931073598,267.302624948704,0.0,0.0,0.0,8388608,AMD Instinct MI100
add,fp32,warm,0.0,262144.0,0.0,0.0,3145728.0,262144.0,3145728.0,mi100,0.0076688099652528,0.0075204896740615,0.0077332900837063,0.0090757320396261,410.1976726836612,0.0341831393903051,0.0833333333333333,0.0,8388608,AMD Instinct MI100
triad,fp32,warm,0.0,262144.0,0.0,0.0,3145728.0,524288.0,3145728.0,mi100,0.0077328099869191,0.0075091300532221,0.0078296098858118,0.0216221369000751,406.8027024227055,0.0678004504037842,0.1666666666666666,0.0,8388608,AMD Instinct MI100
copy,fp32,warm,0.0,1048576.0,0.0,0.0,8388608.0,0.0,8388608.0,mi100,0.0095424093306064,0.0095256129279732,0.009582251496613,0.0037723680578839,879.0870009206437,0.0,0.0,0.0,8388608,AMD Instinct MI100
add,fp32,warm,0.0,1048576.0,0.0,0.0,12582912.0,1048576.0,12582912.0,mi100,0.0147456200793386,0.0147318605333566,0.0147984182462096,0.0022786285015392,853.3321713361541,0.0711110142780128,0.0833333333333333,0.0,8388608,AMD Instinct MI100
triad,fp32,warm,0.0,1048576.0,0.0,0.0,12582912.0,2097152.0,12582912.0,mi100,0.0152304200455546,0.0152107398957014,0.015287378616631,0.0034405091154885,826.1697288954716,0.1376949548159119,0.1666666666666666,0.0,8388608,AMD Instinct MI100
copy,fp32,warm,0.0,4194304.0,0.0,0.0,33554432.0,0.0,33554432.0,mi100,0.0346744395792484,0.0346413180232048,0.0347125194966793,0.0010382097947646,967.6993314718576,0.0,0.0,0.0,8388608,AMD Instinct MI100
add,fp32,warm,0.0,4194304.0,0.0,0.0,50331648.0,4194304.0,50331648.0,mi100,0.0517040602862835,0.0515437334775924,0.0517336562275886,0.0015860060552469,973.4563924248018,0.0811213660354001,0.0833333333333333,0.0,8388608,AMD Instinct MI100
triad,fp32,warm,0.0,4194304.0,0.0,0.0,50331648.0,8388608.0,50331648.0,mi100,0.0521728694438934,0.0521115906536578,0.0522176705300808,0.0011346266003523,964.7092164276406,0.1607848694046068,0.1666666666666666,0.0,8388608,AMD Instinct MI100
copy,fp32,warm,0.0,16777216.0,0.0,0.0,134217728.0,0.0,134217728.0,mi100,0.132255911827087,0.1322241395711897,0.1323717951774596,0.0005916257076757,1014.8334856704016,0.0,0.0,0.0,8388608,AMD Instinct MI100
add,fp32,warm,0.0,16777216.0,0.0,0.0,201326592.0,16777216.0,201326592.0,mi100,0.203620448708534,0.2034558683633806,0.2040589451789852,0.0010275719174084,988.7346446632308,0.0823945537219359,0.0833333333333333,0.0,8388608,AMD Instinct MI100
triad,fp32,warm,0.0,16777216.0,0.0,0.0,201326592.0,33554432.0,201326592.0,mi100,0.202742829918861,0.2026555359363556,0.2119247525930406,0.0040273144453185,993.0146091014524,0.165502434850242,0.1666666666666666,0.0,8388608,AMD Instinct MI100
copy,fp32,warm,0.0,67108864.0,0.0,0.0,536870912.0,0.0,536870912.0,mi100,0.533387303352356,0.5333046197891238,0.5341899633407592,0.000270819825866,1006.531105307062,0.0,0.0,0.0,8388608,AMD Instinct MI100
add,fp32,warm,0.0,67108864.0,0.0,0.0,805306368.0,67108864.0,805306368.0,mi100,0.848001062870026,0.8470911145210266,0.8523502945899964,0.0011157230459592,949.6525455693092,0.0791377121307757,0.0833333333333333,0.0,8388608,AMD Instinct MI100
triad,fp32,warm,0.0,67108864.0,0.0,0.0,805306368.0,134217728.0,805306368.0,mi100,0.861877381801605,0.8614177823066712,0.9133814334869386,0.0075522290848013,934.3630370211677,0.1557271728368612,0.1666666666666666,0.0,8388608,AMD Instinct MI100
fma,fp32,streaming,0.0,67108864.0,0.0,1.0,536870912.0,134217728.0,536870912.0,mi100,0.578182578086853,0.5779023051261905,0.5864288449287416,0.0029769716258088,928.5490991036964,0.2321372747759241,0.25,0.0,8388608,AMD Instinct MI100
fma,fp64,streaming,0.0,33554432.0,0.0,1.0,536870912.0,67108864.0,536870912.0,mi100,0.594240605831146,0.593862688541412,0.5991516709327698,0.0010558990573741,903.4571295394652,0.1129321411924331,0.125,0.0,8388608,AMD Instinct MI100
fma,fp32,streaming,0.0,67108864.0,0.0,2.0,536870912.0,268435456.0,536870912.0,mi100,0.578565537929535,0.5784355521202086,0.5832171916961668,0.0001131690327085,927.934480718046,0.463967240359023,0.5,0.0,8388608,AMD Instinct MI100
fma,fp64,streaming,0.0,33554432.0,0.0,2.0,536870912.0,134217728.0,536870912.0,mi100,0.59188574552536,0.5917827129364011,0.5971477746963498,0.0012503782654818,907.05159916205,0.2267628997905125,0.25,0.0,8388608,AMD Instinct MI100
fma,fp32,streaming,0.0,67108864.0,0.0,4.0,536870912.0,536870912.0,536870912.0,mi100,0.579805672168732,0.5794957399368288,0.6323297977447514,0.0104172952523906,925.9497410431724,0.9259497410431724,1.0,0.0,8388608,AMD Instinct MI100
fma,fp64,streaming,0.0,33554432.0,0.0,4.0,536870912.0,268435456.0,536870912.0,mi100,0.588650763034821,0.588134801387787,0.5931077957153322,0.0008748551147779,912.036381694526,0.456018190847263,0.5,0.0,8388608,AMD Instinct MI100
fma,fp32,streaming,0.0,67108864.0,0.0,8.0,536870912.0,1073741824.0,536870912.0,mi100,0.580524384975433,0.5801287412643432,0.5852574467659,0.000605467400401,924.8033775923464,1.8496067551846929,2.0,0.0,8388608,AMD Instinct MI100
fma,fp64,streaming,0.0,33554432.0,0.0,8.0,536870912.0,536870912.0,536870912.0,mi100,0.588125765323639,0.588052713871002,0.5929837226867675,0.0006503422024251,912.850522208572,0.912850522208572,1.0,0.0,8388608,AMD Instinct MI100
fma,fp32,streaming,0.0,67108864.0,0.0,16.0,536870912.0,2147483648.0,536870912.0,mi100,0.581949830055237,0.581704521179199,0.5869214653968811,0.0008497466789062,922.5381369198816,3.690152547679526,4.0,0.0,8388608,AMD Instinct MI100
fma,fp64,streaming,0.0,33554432.0,0.0,16.0,536870912.0,1073741824.0,536870912.0,mi100,0.599225759506226,0.5989447712898254,0.6038117289543148,0.0006716673264809,895.9409763064798,1.7918819526129597,2.0,0.0,8388608,AMD Instinct MI100
fma,fp32,streaming,0.0,67108864.0,0.0,32.0,536870912.0,4294967296.0,536870912.0,mi100,0.588275730609894,0.587469732761383,0.6231057763099672,0.0095278150779525,912.6178151925455,7.300942521540366,8.0,0.0,8388608,AMD Instinct MI100
fma,fp64,streaming,0.0,33554432.0,0.0,32.0,536870912.0,2147483648.0,536870912.0,mi100,0.604382753372192,0.6041844725608826,0.6093963742256163,0.0002262358651898,888.2962146164737,3.5531848584658947,4.0,0.0,8388608,AMD Instinct MI100
fma,fp32,streaming,0.0,67108864.0,0.0,64.0,536870912.0,8589934592.0,536870912.0,mi100,0.830994367599487,0.8306822896003726,0.8325196385383604,0.001496223005224,646.0584246207007,10.336934793931212,16.0,0.0,8388608,AMD Instinct MI100
fma,fp64,streaming,0.0,33554432.0,0.0,64.0,536870912.0,4294967296.0,536870912.0,mi100,0.658798396587372,0.65680273771286,0.6595237731933592,0.0008611390250958,814.9244363389982,6.519395490711986,8.0,0.0,8388608,AMD Instinct MI100
fma,fp32,streaming,0.0,67108864.0,0.0,128.0,536870912.0,17179869184.0,536870912.0,mi100,1.54972207546234,1.546532702445986,1.553580713272094,0.0015357679312724,346.430447433506,11.085774317872191,32.0,0.0,8388608,AMD Instinct MI100
fma,fp64,streaming,0.0,33554432.0,0.0,128.0,536870912.0,8589934592.0,536870912.0,mi100,1.17525792121887,1.174382638931272,1.177296614646912,0.0009410395487169,456.8111410329458,7.308978256527133,16.0,0.0,8388608,AMD Instinct MI100
fma,fp32,streaming,0.0,67108864.0,0.0,256.0,536870912.0,34359738368.0,536870912.0,mi100,3.01821732521057,3.008755922317506,3.023843622207642,0.0032026204249011,177.87682401648942,11.384116737055322,64.0,0.0,8388608,AMD Instinct MI100
fma,fp64,streaming,0.0,33554432.0,0.0,256.0,536870912.0,17179869184.0,536870912.0,mi100,2.21650242805481,2.2153505325317377,2.219982957839968,0.0008121712201706,242.2153502764961,7.750891208847877,32.0,0.0,8388608,AMD Instinct MI100
fma,fp32,streaming,0.0,67108864.0,0.0,512.0,536870912.0,68719476736.0,536870912.0,mi100,6.03195381164551,6.008892726898192,6.034428882598879,0.0022723456678477,89.00447993542282,11.39257343173412,128.0,0.0,8388608,AMD Instinct MI100
fma,fp64,streaming,0.0,33554432.0,0.0,512.0,536870912.0,34359738368.0,536870912.0,mi100,4.2663254737854,4.264373397827146,4.268709754943848,0.0006234958170395,125.83918299220812,8.05370771150132,64.0,0.0,8388608,AMD Instinct MI100
fma,fp32,streaming,0.0,67108864.0,0.0,1024.0,536870912.0,137438953472.0,536870912.0,mi100,12.0537748336792,11.9939037322998,12.0548629760742,0.0003053175654748,44.5396499775274,11.402150394247013,256.0,0.0,8388608,AMD Instinct MI100
fma,fp64,streaming,0.0,33554432.0,0.0,1024.0,536870912.0,68719476736.0,536870912.0,mi100,8.37113094329834,8.368042945861815,8.37468318939209,0.0004635005691087,64.13361774370543,8.209103071194296,128.0,0.0,8388608,AMD Instinct MI100
fma,fp32,streaming,0.0,67108864.0,0.0,2048.0,536870912.0,274877906944.0,536870912.0,mi100,24.0749073028564,23.801663208007778,25.07362937927246,0.005908089605723,22.30001990231141,11.417610189983442,512.0,0.0,8388608,AMD Instinct MI100
fma,fp64,streaming,0.0,33554432.0,0.0,2048.0,536870912.0,137438953472.0,536870912.0,mi100,16.5694618225098,16.5548671722412,16.5782928466797,0.0007629066773203,32.401228099675194,8.29471439351685,256.0,0.0,8388608,AMD Instinct MI100
gemm,fp32,warm,256.0,256.0,256.0,0.0,786432.0,33554432.0,786432.0,mi100,0.0070808101445436,0.0070232080295681,0.0071566498838365,0.0040111669636124,111.0652572158019,4.738784307874215,42.66666666666666,0.0,8388608,AMD Instinct MI100
gemm,fp32,cold,256.0,256.0,256.0,0.0,786432.0,33554432.0,786432.0,mi100,0.0223999992012978,0.0221760001033544,0.0243519995361566,0.0285491124661846,35.10857268041492,1.4979657676977032,42.66666666666666,0.0,8388608,AMD Instinct MI100
gemm,fp32,warm,512.0,512.0,512.0,0.0,3145728.0,268435456.0,3145728.0,mi100,0.0177504252642393,0.017743220180273,0.0177662651985883,0.000743623583858,177.21986674524953,15.122761962261295,85.33333333333333,0.0,8388608,AMD Instinct MI100
gemm,fp32,cold,512.0,512.0,512.0,0.0,3145728.0,268435456.0,3145728.0,mi100,0.0331199988722801,0.0326720006763935,0.033696000277996,0.0144927519930649,94.97971337894062,8.1049355416696,85.33333333333333,0.0,8388608,AMD Instinct MI100
gemm,fp32,warm,1024.0,1024.0,1024.0,0.0,12582912.0,2147483648.0,12582912.0,mi100,0.0883192867040634,0.0881555184721946,0.0885383650660514,0.0016814557499254,142.4707158489889,24.31500217156077,170.66666666666666,0.0,8388608,AMD Instinct MI100
gemm,fp32,cold,1024.0,1024.0,1024.0,0.0,12582912.0,2147483648.0,12582912.0,mi100,0.102559998631477,0.1018560007214544,0.1041280001401898,0.0124804491270454,122.68830116908894,20.938803399524517,170.66666666666666,0.0,8388608,AMD Instinct MI100
gemm,fp32,warm,2048.0,2048.0,2048.0,0.0,50331648.0,17179869184.0,50331648.0,mi100,0.459885209798813,0.4576147079467774,0.4601449072360994,0.0013228405565959,109.44393715557564,37.35686388243648,341.3333333333333,0.0,8388608,AMD Instinct MI100
gemm,fp32,cold,2048.0,2048.0,2048.0,0.0,50331648.0,17179869184.0,50331648.0,mi100,0.460161000490189,0.4574089944362642,0.462112599611282,0.00625866191257,109.37834355015733,37.334474598453696,341.3333333333333,0.0,8388608,AMD Instinct MI100
gemm,fp32,warm,4096.0,4096.0,4096.0,0.0,201326592.0,137438953472.0,201326592.0,mi100,3.47619581222534,3.471569156646726,3.477034759521486,0.0006121648902202,57.91578002941028,39.53717250007742,682.6666666666666,0.0,8388608,AMD Instinct MI100
gemm,fp32,warm,8192.0,8192.0,8192.0,0.0,805306368.0,1099511627776.0,805306368.0,mi100,27.5777931213379,27.5590747833252,28.25171394348144,0.0010558690383504,29.201262206035853,39.86945666530762,1365.3333333333333,0.0,8388608,AMD Instinct MI100
gemm,fp32,warm,1.0,8192.0,8192.0,0.0,268500992.0,134217728.0,268500992.0,mi100,0.970359206199646,0.96931654214859,0.9772341132164002,0.000794198941691,276.7026790538404,0.1383175705887881,0.4998779594825482,0.0,8388608,AMD Instinct MI100
gemm,fp32,warm,2.0,8192.0,8192.0,0.0,268566528.0,268435456.0,268566528.0,mi100,0.9258171916008,0.9248524188995358,0.92802357673645,0.0009807737064576,290.08591591999976,0.2899443415344849,0.9995119570522206,0.0,8388608,AMD Instinct MI100
gemm,fp32,warm,4.0,8192.0,8192.0,0.0,268697600.0,536870912.0,268697600.0,mi100,0.927001118659973,0.926637935638428,0.9291867256164552,0.0014109951983275,289.85682389295926,0.5791480734953955,1.9980487804878049,0.0,8388608,AMD Instinct MI100
gemm,fp32,warm,8.0,8192.0,8192.0,0.0,268959744.0,1073741824.0,268959744.0,mi100,0.926233112812042,0.9256826758384707,0.9282795667648314,0.0012869046352696,290.38018645591137,1.1592565728298374,3.992202729044834,0.0,8388608,AMD Instinct MI100
gemm,fp32,warm,16.0,8192.0,8192.0,0.0,269484032.0,2147483648.0,269484032.0,mi100,0.927627861499786,0.92727278470993,0.9303630590438842,0.0014044838232802,290.50877316718254,2.315027110686342,7.968871595330739,0.0,8388608,AMD Instinct MI100
gemm,fp32,warm,32.0,8192.0,8192.0,0.0,270532608.0,4294967296.0,270532608.0,mi100,0.929033160209656,0.9286395311355592,0.9315163731575016,0.0011194879701078,291.19801056288304,4.623050586300654,15.875968992248062,0.0,8388608,AMD Instinct MI100
gemm,fp32,warm,64.0,8192.0,8192.0,0.0,272629760.0,8589934592.0,272629760.0,mi100,0.931361198425293,0.9310379028320312,0.9330668210983276,0.0008590363740433,292.7218360190989,9.222989541032527,31.50769230769231,0.0,8388608,AMD Instinct MI100
gemm,fp32,warm,128.0,8192.0,8192.0,0.0,276824064.0,17179869184.0,276824064.0,mi100,0.931617081165314,0.9306700110435484,0.9325996518135068,0.0009360559966287,297.1436114650607,18.44091261455892,62.06060606060606,0.0,8388608,AMD Instinct MI100
gemm,fp32,warm,256.0,8192.0,8192.0,0.0,285212672.0,34359738368.0,285212672.0,mi100,1.00271320343018,1.000846004486084,1.003277921676632,0.0002752227699414,284.4409259041533,34.26676566186506,120.47058823529412,0.0,8388608,AMD Instinct MI100
gemm,fp32,warm,512.0,8192.0,8192.0,0.0,301989888.0,68719476736.0,301989888.0,mi100,1.96797049045563,1.966892004013062,1.970447254180912,0.0013008424188881,153.45244731290785,34.918956899648364,227.55555555555557,0.0,8388608,AMD Instinct MI100
gemm,fp32,warm,1024.0,8192.0,8192.0,0.0,335544320.0,137438953472.0,335544320.0,mi100,3.88330078125,3.87929449081421,3.888414287567136,0.0013061047619603,86.40698696843958,35.39230186227285,409.6,0.0,8388608,AMD Instinct MI100
gemm,fp32,warm,2048.0,8192.0,8192.0,0.0,402653184.0,274877906944.0,402653184.0,mi100,7.11176919937134,7.0933205604553216,7.595785236358647,0.0005794041098773,56.61786437551902,38.65112874702099,682.6666666666666,0.0,8388608,AMD Instinct MI100
gemm,fp64,warm,256.0,256.0,256.0,0.0,1572864.0,33554432.0,1572864.0,mi100,0.0351904444396496,0.0351718798279762,0.0352080434560775,0.0004774853560038,44.69576969104234,0.9535097534089032,21.33333333333333,0.0,8388608,AMD Instinct MI100
gemm,fp64,cold,256.0,256.0,256.0,0.0,1572864.0,33554432.0,1572864.0,mi100,0.0500800013542175,0.0496639996767043,0.0537920005619525,0.0079872066631517,31.407027904713523,0.6700165953005551,21.33333333333333,0.0,8388608,AMD Instinct MI100
gemm,fp64,warm,512.0,512.0,512.0,0.0,6291456.0,268435456.0,6291456.0,mi100,0.0732592940330505,0.0732357680797577,0.0733282521367073,0.000524220417269,85.87928785065343,3.6641829482945454,42.66666666666666,0.0,8388608,AMD Instinct MI100
gemm,fp64,cold,512.0,512.0,512.0,0.0,6291456.0,268435456.0,6291456.0,mi100,0.111680999398232,0.1110723987221718,0.112415999174118,0.0078796122904092,56.33416636581064,2.403591098274587,42.66666666666666,0.0,8388608,AMD Instinct MI100
gemm,fp64,warm,1024.0,1024.0,1024.0,0.0,25165824.0,2147483648.0,25165824.0,mi100,0.294282197952271,0.2924911975860595,0.2943555653095242,0.0013425527967464,85.51595772735661,7.297361726067765,85.33333333333333,0.0,8388608,AMD Instinct MI100
gemm,fp64,cold,1024.0,1024.0,1024.0,0.0,25165824.0,2147483648.0,25165824.0,mi100,0.300480991601944,0.2994239926338196,0.3029125988483428,0.0074547216559755,83.75180029137385,7.146820291530569,85.33333333333333,0.0,8388608,AMD Instinct MI100
gemm,fp64,warm,2048.0,2048.0,2048.0,0.0,100663296.0,17179869184.0,100663296.0,mi100,2.2171938419342,2.212525367736816,2.222779560089112,0.0026901200429895,45.40121576027153,7.748474156419675,170.66666666666666,0.0,8388608,AMD Instinct MI100
gemm,fp64,cold,2048.0,2048.0,2048.0,0.0,100663296.0,17179869184.0,100663296.0,mi100,2.19920206069946,2.17193865776062,2.218307018280032,0.0124770140724506,45.77264536028302,7.81186480815497,170.66666666666666,0.0,8388608,AMD Instinct MI100
gemm,fp64,warm,4096.0,4096.0,4096.0,0.0,402653184.0,137438953472.0,402653184.0,mi100,14.9531383514404,14.9381628036499,15.00264282226562,0.0035364005821096,26.927670602419955,9.19131156562601,341.3333333333333,0.0,8388608,AMD Instinct MI100
gemm,fp64,warm,8192.0,8192.0,8192.0,0.0,1610612736.0,1099511627776.0,1610612736.0,mi100,122.659980773926,122.3204025268554,124.27067565918,0.0057635649891018,13.130710814055256,8.963898582395055,682.6666666666666,0.0,8388608,AMD Instinct MI100
gemm,fp64,warm,1.0,8192.0,8192.0,0.0,537001984.0,134217728.0,537001984.0,mi100,2.97549653053284,2.96242456436157,3.110600900650028,0.0275136803386055,180.4747471521453,0.0451076741722716,0.2499389797412741,0.0,8388608,AMD Instinct MI100
gemm,fp64,warm,2.0,8192.0,8192.0,0.0,537133056.0,268435456.0,537133056.0,mi100,3.01653671264648,3.000131559371948,3.030206060409546,0.0057239521881921,178.0628273967733,0.0889879625448003,0.4997559785261103,0.0,8388608,AMD Instinct MI100
gemm,fp64,warm,4.0,8192.0,8192.0,0.0,537395200.0,536870912.0,537395200.0,mi100,3.02723002433777,3.005880641937256,3.035699510574342,0.0053999240615374,177.520438050478,0.1773472473792092,0.9990243902439024,0.0,8388608,AMD Instinct MI100
gemm,fp64,warm,8.0,8192.0,8192.0,0.0,537919488.0,1073741824.0,537919488.0,mi100,3.018963098526,2.997273015975948,3.039006090164186,0.0054852738202547,178.18021302169532,0.3556657663435009,1.996101364522417,0.0,8388608,AMD Instinct MI100
gemm,fp64,warm,16.0,8192.0,8192.0,0.0,538968064.0,2147483648.0,538968064.0,mi100,3.00653672218323,2.9883552551269563,3.025880765914914,0.0070203560906277,179.26541858721163,0.714271551102353,3.9844357976653697,0.0,8388608,AMD Instinct MI100
gemm,fp64,warm,32.0,8192.0,8192.0,0.0,541065216.0,4294967296.0,541065216.0,mi100,3.02520370483398,3.010227346420288,3.02976336479187,0.0035478236253198,178.85249020931406,1.41972829437471,7.937984496124031,0.0,8388608,AMD Instinct MI100
gemm,fp64,warm,64.0,8192.0,8192.0,0.0,545259520.0,8589934592.0,545259520.0,mi100,3.03101658821106,3.024595308303836,3.046328878402714,0.0027317302242849,179.89328138973278,2.834011079124405,15.753846153846156,0.0,8388608,AMD Instinct MI100
gemm,fp64,warm,128.0,8192.0,8192.0,0.0,553648128.0,17179869184.0,553648128.0,mi100,3.63846826553345,3.623037576675418,3.6636841297149614,0.0048900643883206,152.16516610701495,4.72173121495707,31.03030303030303,0.0,8388608,AMD Instinct MI100
gemm,fp64,warm,256.0,8192.0,8192.0,0.0,570425344.0,34359738368.0,570425344.0,mi100,6.84920787811279,6.76328783035278,6.971528053283692,0.0141622742680752,83.28340359223748,5.016600310497129,60.23529411764706,0.0,8388608,AMD Instinct MI100
gemm,fp64,warm,512.0,8192.0,8192.0,0.0,603979776.0,68719476736.0,603979776.0,mi100,12.899374961853,12.68356704711912,13.3041429519653,0.0340419082543028,46.8224063403176,5.327349343609469,113.77777777777776,0.0,8388608,AMD Instinct MI100
gemm,fp64,warm,1024.0,8192.0,8192.0,0.0,671088640.0,137438953472.0,671088640.0,mi100,20.7717037200928,19.93765602111818,21.57861671447756,0.0317547040477576,32.30782843059933,6.616643262586743,204.8,0.0,8388608,AMD Instinct MI100
gemm,fp64,warm,2048.0,8192.0,8192.0,0.0,805306368.0,274877906944.0,805306368.0,mi100,34.6241989135742,33.4807418823242,35.314151763916044,0.0331074906853135,23.25848375611904,7.9388957887553,341.3333333333333,0.0,8388608,AMD Instinct MI100
gemm,fp16,warm,256.0,256.0,256.0,0.0,393216.0,33554432.0,393216.0,mi100,0.0073304097168147,0.0070862481370568,0.007493126951158,0.0174062146743713,53.64174925966647,4.577429270158205,85.33333333333333,0.0001984265214773,8388608,AMD Instinct MI100
gemm,fp16,cold,256.0,256.0,256.0,0.0,393216.0,33554432.0,393216.0,mi100,0.0199999995529652,0.0199359998106956,0.0206079997122287,0.0239999970197667,19.660800439453094,1.677721637499998,85.33333333333333,0.0001984265214773,8388608,AMD Instinct MI100
gemm,fp16,warm,512.0,512.0,512.0,0.0,1572864.0,268435456.0,1572864.0,mi100,0.0106808105483651,0.0105291314423084,0.0107612920925021,0.0069655985259738,147.2607339000837,25.13249858561429,170.66666666666666,0.000200911459712,8388608,AMD Instinct MI100
gemm,fp16,cold,512.0,512.0,512.0,0.0,1572864.0,268435456.0,1572864.0,mi100,0.0257600005716085,0.02553599961102,0.0261439997702837,0.0124223461012978,61.05838373829616,10.42063082466921,170.66666666666666,0.000200911459712,8388608,AMD Instinct MI100
gemm,fp16,warm,1024.0,1024.0,1024.0,0.0,6291456.0,2147483648.0,6291456.0,mi100,0.0252616312354803,0.0248221095651387,0.0253971479833125,0.0135224761995345,249.05185026862264,85.00969822502317,341.3333333333333,0.0001899405204345,8388608,AMD Instinct MI100
gemm,fp16,cold,1024.0,1024.0,1024.0,0.0,6291456.0,2147483648.0,6291456.0,mi100,0.0411200001835823,0.0408959999680519,0.0421765990555286,0.015576369990901,153.00233394726362,52.22479665399931,341.3333333333333,0.0001899405204345,8388608,AMD Instinct MI100
gemm,fp16,warm,2048.0,2048.0,2048.0,0.0,25165824.0,17179869184.0,25165824.0,mi100,0.146661221981049,0.1457043081521992,0.1467266231775282,0.0009522195493914,171.59153360423952,117.1398202738275,682.6666666666666,0.0002214878090706,8388608,AMD Instinct MI100
gemm,fp16,cold,2048.0,2048.0,2048.0,0.0,25165824.0,17179869184.0,25165824.0,mi100,0.151999995112419,0.1508480012416842,0.1540483951568602,0.0105295823841591,165.56463690270115,113.02545879224398,682.6666666666666,0.0002214878090706,8388608,AMD Instinct MI100
gemm,fp16,warm,4096.0,4096.0,4096.0,0.0,100663296.0,137438953472.0,100663296.0,mi100,1.02856123447418,1.025991582870484,1.070420408248904,0.0043361898204242,97.86806329665048,133.6225290876935,1365.3333333333333,0.0002273709783179,8388608,AMD Instinct MI100
gemm,fp16,warm,8192.0,8192.0,8192.0,0.0,402653184.0,1099511627776.0,402653184.0,mi100,8.14808940887451,8.133801460266113,8.153705215454103,0.0016641715115513,49.41688336917969,134.94103618677337,2730.6666666666665,0.0002014828336355,8388608,AMD Instinct MI100
gemm,fp16,warm,1.0,8192.0,8192.0,0.0,134250496.0,134217728.0,134250496.0,mi100,0.213499113917351,0.2133420288562772,0.21410009264946,0.0007192719157745,628.8105535274989,0.6286570727968356,0.9997559189650964,0.0002413515983138,8388608,AMD Instinct MI100
gemm,fp16,warm,2.0,8192.0,8192.0,0.0,134283264.0,268435456.0,134283264.0,mi100,0.267810761928558,0.2649032115936278,0.2695618987083434,0.010243719340619,501.4110076570478,1.0023325951016435,1.9990239141044408,0.0002342787664311,8388608,AMD Instinct MI100
gemm,fp16,warm,4.0,8192.0,8192.0,0.0,134348800.0,536870912.0,134348800.0,mi100,0.475325435400009,0.4750249445438384,0.4753589689731598,0.0003653771096181,282.6459305442787,1.129480713667674,3.9960975609756098,0.0001983548544171,8388608,AMD Instinct MI100
gemm,fp16,warm,8.0,8192.0,8192.0,0.0,134479872.0,1073741824.0,134479872.0,mi100,0.286387801170349,0.286361825466156,0.287280809879303,0.0008947321318937,469.5726265240215,3.749258242187898,7.984405458089668,0.0001884462654639,8388608,AMD Instinct MI100
gemm,fp16,warm,16.0,8192.0,8192.0,0.0,134742016.0,2147483648.0,134742016.0,mi100,0.287474602460861,0.2873618304729464,0.2882943987846374,0.0006979024671973,468.70928717379417,7.470168250053933,15.93774319066148,0.0002192352371322,8388608,AMD Instinct MI100
gemm,fp16,warm,32.0,8192.0,8192.0,0.0,135266304.0,4294967296.0,135266304.0,mi100,0.288857102394104,0.288765746355057,0.2898470342159274,0.0009023531339291,468.2810388904635,14.868830506165413,31.751937984496124,0.0002453159182464,8388608,AMD Instinct MI100
gemm,fp16,warm,64.0,8192.0,8192.0,0.0,136314880.0,8589934592.0,136314880.0,mi100,0.291719049215317,0.2916906476020814,0.2928741455078126,0.000831590891608,467.2813803783735,29.445915908151044,63.01538461538462,0.0002063616112378,8388608,AMD Instinct MI100
gemm,fp16,warm,128.0,8192.0,8192.0,0.0,138412032.0,17179869184.0,138412032.0,mi100,0.306621670722961,0.3063523411750792,0.307574200630188,0.0016654005300667,451.4098161217644,56.02953354044688,124.12121212121212,0.0002660988993651,8388608,AMD Instinct MI100
gemm,fp16,warm,256.0,8192.0,8192.0,0.0,142606336.0,34359738368.0,142606336.0,mi100,0.335756301879883,0.3336725175380704,0.3361142873764033,0.000884422239012,424.73167354284686,102.33534910773534,240.94117647058823,0.0002089550692324,8388608,AMD Instinct MI100
gemm,fp16,warm,512.0,8192.0,8192.0,0.0,150994944.0,68719476736.0,150994944.0,mi100,0.669819414615631,0.6680178165435788,0.670680201053619,0.0017119598708092,225.42634731877237,102.59403540196573,455.1111111111111,0.0002104103882757,8388608,AMD Instinct MI100
gemm,fp16,warm,1024.0,8192.0,8192.0,0.0,167772160.0,137438953472.0,167772160.0,mi100,1.16473543643951,1.160270500183104,1.17544975280762,0.0104764245138118,144.0431489857166,118.00014764909906,819.2,0.0002004140174646,8388608,AMD Instinct MI100
gemm,fp16,warm,2048.0,8192.0,8192.0,0.0,201326592.0,274877906944.0,201326592.0,mi100,2.46167159080505,2.43506565093994,2.489881706237794,0.0134960787889684,81.78450478609918,111.66311053462074,1365.3333333333333,0.0002256969776948,8388608,AMD Instinct MI100
gemm,bf16,warm,256.0,256.0,256.0,0.0,393216.0,33554432.0,393216.0,mi100,0.0095528103411197,0.0095241701230406,0.0095592103898525,0.0018424037939202,41.16233715092345,3.512519436878801,85.33333333333333,0.0015699538480616,8388608,AMD Instinct MI100
gemm,bf16,cold,256.0,256.0,256.0,0.0,393216.0,33554432.0,393216.0,mi100,0.0257600005716085,0.0250559996813535,0.0294719994068146,0.0434782655852817,15.26459593457404,1.3025788530836513,85.33333333333333,0.0015699538480616,8388608,AMD Instinct MI100
gemm,bf16,warm,512.0,512.0,512.0,0.0,1572864.0,268435456.0,1572864.0,mi100,0.0117104146629572,0.0116684919223189,0.0117497731000184,0.0030060930675585,134.31326261873025,22.922796820263297,170.66666666666666,0.0016239479948725,8388608,AMD Instinct MI100
gemm,bf16,cold,512.0,512.0,512.0,0.0,1572864.0,268435456.0,1572864.0,mi100,0.0267200004309416,0.0264959994703531,0.0273599993437528,0.0179640689343238,58.86466970931007,10.046236963722253,170.66666666666666,0.0016239479948725,8388608,AMD Instinct MI100
gemm,bf16,warm,1024.0,1024.0,1024.0,0.0,6291456.0,2147483648.0,6291456.0,mi100,0.037912841886282,0.0375123664736747,0.0380035623908043,0.0064885546062958,165.9452493398137,56.64264510798974,341.3333333333333,0.0014144454356515,8388608,AMD Instinct MI100
gemm,bf16,cold,1024.0,1024.0,1024.0,0.0,6291456.0,2147483648.0,6291456.0,mi100,0.0531199984252453,0.0526720002293586,0.0564479999244213,0.0180722870442859,118.43855772800596,40.42702770449269,341.3333333333333,0.0014144454356515,8388608,AMD Instinct MI100
gemm,bf16,warm,2048.0,2048.0,2048.0,0.0,25165824.0,17179869184.0,25165824.0,mi100,0.254908263683319,0.2527218937873839,0.2551222860813142,0.0015495185368183,98.72502223491796,67.396281845704,682.6666666666666,0.0015212681809329,8388608,AMD Instinct MI100
gemm,bf16,cold,2048.0,2048.0,2048.0,0.0,25165824.0,17179869184.0,25165824.0,mi100,0.248481005430222,0.2475840002298356,0.2503690004348756,0.0051533173839743,101.27866295625974,69.13956724480664,682.6666666666666,0.0015212681809329,8388608,AMD Instinct MI100
gemm,bf16,warm,4096.0,4096.0,4096.0,0.0,100663296.0,137438953472.0,100663296.0,mi100,1.85840201377869,1.857442045211792,1.8603412628173817,0.0006457269763849,54.16658788230715,73.95544798864336,1365.3333333333333,0.0017106645640478,8388608,AMD Instinct MI100
gemm,bf16,warm,8192.0,8192.0,8192.0,0.0,402653184.0,1099511627776.0,402653184.0,mi100,15.7654571533203,15.75601749420168,15.7964334487915,0.0013142055545585,25.540216188098217,69.7418170043002,2730.6666666666665,0.001961559904137,8388608,AMD Instinct MI100
gemm,bf16,warm,1.0,8192.0,8192.0,0.0,134250496.0,134217728.0,134250496.0,mi100,2.85920333862305,2.858579301834106,2.85933661460876,0.0001212854708918,46.95381198899028,0.0469423514539673,0.9997559189650964,0.0015990532871483,8388608,AMD Instinct MI100
gemm,bf16,warm,2.0,8192.0,8192.0,0.0,134283264.0,268435456.0,134283264.0,mi100,0.221860244870186,0.2216606557369236,0.2221450448036198,0.0015144280706783,605.2605958249587,1.209930405319195,1.9990239141044408,0.0017156106562808,8388608,AMD Instinct MI100
gemm,bf16,warm,4.0,8192.0,8192.0,0.0,134348800.0,536870912.0,134348800.0,mi100,0.460583359003067,0.4604370594024658,0.4607943713665006,0.0005417799850437,291.6926922648662,1.1656324561140408,3.9960975609756098,0.00165211749215,8388608,AMD Instinct MI100
gemm,bf16,warm,8.0,8192.0,8192.0,0.0,134479872.0,1073741824.0,134479872.0,mi100,0.460499584674835,0.4604241073131562,0.4607669472694394,0.000388821963936,292.03038716084416,2.331689017175083,7.984405458089668,0.0016939623537978,8388608,AMD Instinct MI100
gemm,bf16,warm,16.0,8192.0,8192.0,0.0,134742016.0,2147483648.0,134742016.0,mi100,0.460267156362534,0.4601924836635592,0.4603532552719115,0.0001697746367957,292.74740579983745,4.665732973370172,15.93774319066148,0.001948402555698,8388608,AMD Instinct MI100
gemm,bf16,warm,32.0,8192.0,8192.0,0.0,135266304.0,4294967296.0,135266304.0,mi100,0.460370004177094,0.4602397501468659,0.4605452299118042,0.0002854192024139,293.82084578205075,9.329381273823875,31.751937984496124,0.0016650696901783,8388608,AMD Instinct MI100
gemm,bf16,warm,64.0,8192.0,8192.0,0.0,136314880.0,8589934592.0,136314880.0,mi100,0.461158573627472,0.461097639799118,0.461479341983795,0.0005782635214333,295.59220579538953,18.626856537506395,63.01538461538462,0.0015532854263537,8388608,AMD Instinct MI100
gemm,bf16,warm,128.0,8192.0,8192.0,0.0,138412032.0,17179869184.0,138412032.0,mi100,0.462960481643677,0.4627578020095825,0.4632324814796448,0.0005060711804573,298.971591502988,37.10871632715876,124.12121212121212,0.0017658919966917,8388608,AMD Instinct MI100
gemm,bf16,warm,256.0,8192.0,8192.0,0.0,142606336.0,34359738368.0,142606336.0,mi100,0.526318550109863,0.5207513689994814,0.5442130565643308,0.005787607472571,270.9506172074546,65.28316047539613,240.94117647058823,0.0014572168435032,8388608,AMD Instinct MI100
gemm,bf16,warm,512.0,8192.0,8192.0,0.0,150994944.0,68719476736.0,150994944.0,mi100,1.03431689739227,1.032474398612976,1.035283637046816,0.0004966300269968,145.98518537277107,66.43947992076338,455.1111111111111,0.0017062043159246,8388608,AMD Instinct MI100
gemm,bf16,warm,1024.0,8192.0,8192.0,0.0,167772160.0,137438953472.0,167772160.0,mi100,2.04759335517883,2.046626281738282,2.05058002471924,0.0009550280971776,81.93626902317591,67.1221915837857,819.2,0.0017767034432755,8388608,AMD Instinct MI100
gemm,bf16,warm,2048.0,8192.0,8192.0,0.0,201326592.0,274877906944.0,201326592.0,mi100,3.70048403739929,3.699581480026246,3.70232071876526,0.000216223808392,54.40547505820154,74.28160861279784,1365.3333333333333,0.0016934063772307,8388608,AMD Instinct MI100
read_reduce,fp32,warm,0.0,16777216.0,0.0,0.0,71303168.0,0.0,71303168.0,mi100,0.0761792957782745,0.0757741779088974,0.0764420181512832,0.0067471997959435,935.9914301063268,0.0,0.0,0.0,8388608,AMD Instinct MI100
read_reduce,fp32,warm,0.0,67108864.0,0.0,0.0,272629760.0,0.0,272629760.0,mi100,0.271715313196182,0.2716268599033354,0.2718078553676604,0.0005289970564604,1003.3654592119282,0.0,0.0,0.0,8388608,AMD Instinct MI100
read_reduce,fp32,warm,0.0,134217728.0,0.0,0.0,541065216.0,0.0,541065216.0,mi100,0.533028483390808,0.5326338768005372,0.5396981477737426,0.0010414600277722,1015.077491840712,0.0,0.0,0.0,8388608,AMD Instinct MI100
copy,fp32,warm,0.0,1024.0,0.0,0.0,8192.0,0.0,8192.0,mi210,0.0034792050719261,0.0029508829116821,0.0035558450501412,0.0403540851573223,2.3545608352038974,0.0,0.0,0.0,8388608,AMD Instinct MI210
add,fp32,warm,0.0,1024.0,0.0,0.0,12288.0,1024.0,12288.0,mi210,0.0036392051260918,0.0031128030270338,0.0038060848135501,0.0317651643442817,3.376561522157489,0.0002813801268464,0.0833333333333333,0.0,8388608,AMD Instinct MI210
triad,fp32,warm,0.0,1024.0,0.0,0.0,12288.0,2048.0,12288.0,mi210,0.0035056048072874,0.002931361971423,0.0035614449530839,0.0527163161481942,3.505243938066182,0.000584207323011,0.1666666666666666,0.0,8388608,AMD Instinct MI210
copy,fp32,warm,0.0,16384.0,0.0,0.0,131072.0,0.0,131072.0,mi210,0.0036064048763364,0.0030368050094693,0.0037155250553041,0.0444764419724432,36.34422769890122,0.0,0.0,0.0,8388608,AMD Instinct MI210
add,fp32,warm,0.0,16384.0,0.0,0.0,196608.0,16384.0,196608.0,mi210,0.0036448049359023,0.0030483249574899,0.0037076849490404,0.0342398180489235,53.94198138379247,0.004495165115316,0.0833333333333333,0.0,8388608,AMD Instinct MI210
triad,fp32,warm,0.0,16384.0,0.0,0.0,196608.0,32768.0,196608.0,mi210,0.0037184050306677,0.0031139229889959,0.0038228850811719,0.0193631316580861,52.8742830268524,0.0088123805044754,0.1666666666666666,0.0,8388608,AMD Instinct MI210
copy,fp32,warm,0.0,262144.0,0.0,0.0,2097152.0,0.0,2097152.0,mi210,0.0040608053095638,0.003719525039196,0.004094404913485,0.0204891615894632,516.4374650173091,0.0,0.0,0.0,8388608,AMD Instinct MI210
add,fp32,warm,0.0,262144.0,0.0,0.0,3145728.0,262144.0,3145728.0,mi210,0.004085605032742,0.0037979249842464,0.0042521651834249,0.0330918179984203,769.9540153270202,0.064162834610585,0.0833333333333333,0.0,8388608,AMD Instinct MI210
triad,fp32,warm,0.0,262144.0,0.0,0.0,3145728.0,524288.0,3145728.0,mi210,0.0041720001026988,0.003760162834078,0.0042940850369632,0.0454458394191867,754.0095691668557,0.1256682615278092,0.1666666666666666,0.0,8388608,AMD Instinct MI210
copy,fp32,warm,0.0,1048576.0,0.0,0.0,8388608.0,0.0,8388608.0,mi210,0.0087600098922848,0.00874496512115,0.008806886896491,0.0038812505521749,957.6025715893344,0.0,0.0,0.0,8388608,AMD Instinct MI210
add,fp32,warm,0.0,1048576.0,0.0,0.0,12582912.0,1048576.0,12582912.0,mi210,0.0127920098602772,0.0127515323460101,0.0128358531743288,0.0031271577588774,983.6540260239708,0.0819711688353309,0.0833333333333333,0.0,8388608,AMD Instinct MI210
triad,fp32,warm,0.0,1048576.0,0.0,0.0,12582912.0,2097152.0,12582912.0,mi210,0.0126488097012043,0.0126444902271032,0.0127188935875892,0.0045223831496178,994.7902053425609,0.1657983675570934,0.1666666666666666,0.0,8388608,AMD Instinct MI210
copy,fp32,warm,0.0,4194304.0,0.0,0.0,33554432.0,0.0,33554432.0,mi210,0.0303248353302479,0.0302771531045436,0.030383388698101,0.0016751612755414,1106.5000562931564,0.0,0.0,0.0,8388608,AMD Instinct MI210
add,fp32,warm,0.0,4194304.0,0.0,0.0,50331648.0,4194304.0,50331648.0,mi210,0.0425648465752602,0.0424936465919017,0.0427138037979602,0.00223658256136,1182.4698559880178,0.0985391546656681,0.0833333333333333,0.0,8388608,AMD Instinct MI210
triad,fp32,warm,0.0,4194304.0,0.0,0.0,50331648.0,8388608.0,50331648.0,mi210,0.0425512455403805,0.0425232402980327,0.0426765270531177,0.0024537606952319,1182.8478193954631,0.1971413032325772,0.1666666666666666,0.0,8388608,AMD Instinct MI210
copy,fp32,warm,0.0,16777216.0,0.0,0.0,134217728.0,0.0,134217728.0,mi210,0.112710565328598,0.1126652806997298,0.1200353503227234,0.0017231240377001,1190.8176275107812,0.0,0.0,0.0,8388608,AMD Instinct MI210
add,fp32,warm,0.0,16777216.0,0.0,0.0,201326592.0,16777216.0,201326592.0,mi210,0.16077096760273,0.1604648768901822,0.1615088999271392,0.002868759811356,1252.2571394698837,0.1043547616224903,0.0833333333333333,0.0,8388608,AMD Instinct MI210
triad,fp32,warm,0.0,16777216.0,0.0,0.0,201326592.0,33554432.0,201326592.0,mi210,0.160083591938019,0.1595160663127898,0.1609847873449326,0.003758670274343,1257.6341495257643,0.2096056915876273,0.1666666666666666,0.0,8388608,AMD Instinct MI210
copy,fp32,warm,0.0,67108864.0,0.0,0.0,536870912.0,0.0,536870912.0,mi210,0.414702653884888,0.4145903229713436,0.4397316873073576,0.0032365891126128,1294.592419341071,0.0,0.0,0.0,8388608,AMD Instinct MI210
add,fp32,warm,0.0,67108864.0,0.0,0.0,805306368.0,67108864.0,805306368.0,mi210,0.664937853813171,0.6639687180519106,0.6760922193527226,0.0044345070181392,1211.100200389958,0.1009250166991631,0.0833333333333333,0.0,8388608,AMD Instinct MI210
triad,fp32,warm,0.0,67108864.0,0.0,0.0,805306368.0,134217728.0,805306368.0,mi210,0.649727582931519,0.6494374036788938,0.6608724474906919,0.0037703818681869,1239.4523322628877,0.2065753887104812,0.1666666666666666,0.0,8388608,AMD Instinct MI210
fma,fp32,streaming,0.0,67108864.0,0.0,1.0,536870912.0,134217728.0,536870912.0,mi210,0.425018668174744,0.4245707094669344,0.4349960863590237,0.0059245816989505,1263.170190395657,0.3157925475989143,0.25,0.0,8388608,AMD Instinct MI210
fma,fp64,streaming,0.0,33554432.0,0.0,1.0,536870912.0,67108864.0,536870912.0,mi210,0.429331332445145,0.4290368139743806,0.4347590982913968,0.0009021607640549,1250.4815545196557,0.1563101943149569,0.125,0.0,8388608,AMD Instinct MI210
fma,fp32,streaming,0.0,67108864.0,0.0,2.0,536870912.0,268435456.0,536870912.0,mi210,0.423396795988083,0.42289280295372,0.457334303855896,0.0183322623702565,1268.0089152472256,0.6340044576236128,0.5,0.0,8388608,AMD Instinct MI210
fma,fp64,streaming,0.0,33554432.0,0.0,2.0,536870912.0,134217728.0,536870912.0,mi210,0.430098652839661,0.4297851860523222,0.4352884948253629,0.0007990387283114,1248.2506244913611,0.3120626561228403,0.25,0.0,8388608,AMD Instinct MI210
fma,fp32,streaming,0.0,67108864.0,0.0,4.0,536870912.0,536870912.0,536870912.0,mi210,0.423233151435852,0.4229291796684268,0.429228860139847,0.001215800077569,1268.4991952511823,1.2684991952511824,1.0,0.0,8388608,AMD Instinct MI210
fma,fp64,streaming,0.0,33554432.0,0.0,4.0,536870912.0,268435456.0,536870912.0,mi210,0.43079486489296,0.4304324567317964,0.436788558959961,0.0012912764145079,1246.2333136988457,0.6231166568494229,0.5,0.0,8388608,AMD Instinct MI210
fma,fp32,streaming,0.0,67108864.0,0.0,8.0,536870912.0,1073741824.0,536870912.0,mi210,0.423418641090393,0.4231931865215304,0.4295830607414248,0.001322639786728,1267.9434958683994,2.5358869917367985,2.0,0.0,8388608,AMD Instinct MI210
fma,fp64,streaming,0.0,33554432.0,0.0,8.0,536870912.0,536870912.0,536870912.0,mi210,0.431401401758194,0.4308893859386442,0.436889755725861,0.0012506710509239,1244.4811486749015,1.2444811486749014,1.0,0.0,8388608,AMD Instinct MI210
fma,fp32,streaming,0.0,67108864.0,0.0,16.0,536870912.0,2147483648.0,536870912.0,mi210,0.423662275075912,0.4233444392681122,0.429547381401062,0.0007767794404329,1267.214344028633,5.068857376114532,4.0,0.0,8388608,AMD Instinct MI210
fma,fp64,streaming,0.0,33554432.0,0.0,16.0,536870912.0,1073741824.0,536870912.0,mi210,0.43219393491745,0.4315598905086518,0.4375758945941924,0.0011450816996414,1242.1990884775917,2.4843981769551835,2.0,0.0,8388608,AMD Instinct MI210
fma,fp32,streaming,0.0,67108864.0,0.0,32.0,536870912.0,4294967296.0,536870912.0,mi210,0.424873173236847,0.4246055543422698,0.430600470304489,0.0008258759693374,1263.6027544641408,10.108822035713128,8.0,0.0,8388608,AMD Instinct MI210
fma,fp64,streaming,0.0,33554432.0,0.0,32.0,536870912.0,2147483648.0,536870912.0,mi210,0.433563321828842,0.4331845164299014,0.439000290632248,0.0014975971563314,1238.275668097083,4.953102672388332,4.0,0.0,8388608,AMD Instinct MI210
fma,fp32,streaming,0.0,67108864.0,0.0,64.0,536870912.0,8589934592.0,536870912.0,mi210,0.545023024082184,0.5247357964515688,0.5598086833953855,0.0152905155299629,985.042628068948,15.760682049103169,16.0,0.0,8388608,AMD Instinct MI210
fma,fp64,streaming,0.0,33554432.0,0.0,64.0,536870912.0,4294967296.0,536870912.0,mi210,0.448080509901047,0.4475410580635066,0.4524569392204286,0.0008503110091759,1198.1572510675844,9.585258008540675,8.0,0.0,8388608,AMD Instinct MI210
fma,fp32,streaming,0.0,67108864.0,0.0,128.0,536870912.0,17179869184.0,536870912.0,mi210,0.952135801315308,0.9519858837127686,0.9578873753547672,0.0003404867903145,563.8595999208841,18.04350719746829,32.0,0.0,8388608,AMD Instinct MI210
fma,fp64,streaming,0.0,33554432.0,0.0,128.0,536870912.0,8589934592.0,536870912.0,mi210,0.700460135936737,0.6907693028450012,0.7015553593635557,0.0016652809180839,766.4546266891172,12.263274027025876,16.0,0.0,8388608,AMD Instinct MI210
fma,fp32,streaming,0.0,67108864.0,0.0,256.0,536870912.0,34359738368.0,536870912.0,mi210,1.77185797691345,1.768990778923034,1.777093148231506,0.00224847279449,302.9988401978025,19.39192577265936,64.0,0.0,8388608,AMD Instinct MI210
fma,fp64,streaming,0.0,33554432.0,0.0,256.0,536870912.0,17179869184.0,536870912.0,mi210,1.24662148952484,1.240841484069826,1.24692740440369,0.0002485795013072,430.66072301114656,13.78114313635669,32.0,0.0,8388608,AMD Instinct MI210
fma,fp32,streaming,0.0,67108864.0,0.0,512.0,536870912.0,68719476736.0,536870912.0,mi210,3.41968393325806,3.419197511672972,3.420778369903564,0.0003555693383222,156.9943078009853,20.09527139852612,128.0,0.0,8388608,AMD Instinct MI210
fma,fp64,streaming,0.0,33554432.0,0.0,512.0,536870912.0,34359738368.0,536870912.0,mi210,2.33866286277771,2.337274503707888,2.339362621307372,0.0004276147477075,229.5631920893207,14.692044293716522,64.0,0.0,8388608,AMD Instinct MI210
fma,fp32,streaming,0.0,67108864.0,0.0,1024.0,536870912.0,137438953472.0,536870912.0,mi210,6.80592823028564,6.804759597778322,6.807031440734862,0.0001762760713074,78.88283476322638,20.194005699385954,256.0,0.0,8388608,AMD Instinct MI210
fma,fp64,streaming,0.0,33554432.0,0.0,1024.0,536870912.0,68719476736.0,536870912.0,mi210,4.51392507553101,4.510844993591308,4.51606101989746,0.0006114265136212,118.93660240624251,15.223885107999042,128.0,0.0,8388608,AMD Instinct MI210
fma,fp32,streaming,0.0,67108864.0,0.0,2048.0,536870912.0,274877906944.0,536870912.0,mi210,13.5723352432251,13.56974430084226,13.5774560928345,0.000300633272733,39.55626665411096,20.25280852690481,512.0,0.0,8388608,AMD Instinct MI210
fma,fp64,streaming,0.0,33554432.0,0.0,2048.0,536870912.0,137438953472.0,536870912.0,mi210,8.85488986968994,8.853193664550783,8.859161949157713,0.0005465790345198,60.62988020186398,15.52124933167718,256.0,0.0,8388608,AMD Instinct MI210
gemm,fp32,warm,256.0,256.0,256.0,0.0,786432.0,33554432.0,786432.0,mi210,0.0071624098345637,0.0069497650489211,0.0073574481531977,0.0330618799962915,109.79991625233524,4.684796426766304,42.66666666666666,0.0,8388608,AMD Instinct MI210
gemm,fp32,cold,256.0,256.0,256.0,0.0,786432.0,33554432.0,786432.0,mi210,0.0233600009232759,0.0227200005203485,0.0241920001804828,0.0171232579065756,33.66575209405919,1.4364054226798584,42.66666666666666,0.0,8388608,AMD Instinct MI210
gemm,fp32,warm,512.0,512.0,512.0,0.0,3145728.0,268435456.0,3145728.0,mi210,0.0158088188618422,0.0155337771400809,0.016178099438548,0.0125500822111184,198.98564386697188,16.980108276648266,85.33333333333333,0.0,8388608,AMD Instinct MI210
gemm,fp32,cold,512.0,512.0,512.0,0.0,3145728.0,268435456.0,3145728.0,mi210,0.0326399989426136,0.0320000015199184,0.0341120012104511,0.0367647016862988,96.37647371039132,8.22412575662006,85.33333333333333,0.0,8388608,AMD Instinct MI210
gemm,fp32,warm,1024.0,1024.0,1024.0,0.0,12582912.0,2147483648.0,12582912.0,mi210,0.06697928160429,0.0669552817940712,0.0672799244523048,0.0002807068049407,187.86274947436985,32.061909243625784,170.66666666666666,0.0,8388608,AMD Instinct MI210
gemm,fp32,cold,1024.0,1024.0,1024.0,0.0,12582912.0,2147483648.0,12582912.0,mi210,0.0825600028038025,0.0819199979305267,0.0832959979772567,0.0048449528454791,152.40929714964184,26.01118671353888,170.66666666666666,0.0,8388608,AMD Instinct MI210
gemm,fp32,warm,2048.0,2048.0,2048.0,0.0,50331648.0,17179869184.0,50331648.0,mi210,0.448603332042694,0.4485229671001436,0.448800563812256,0.0003939843070617,112.19633115700952,38.29634770159259,341.3333333333333,0.0,8388608,AMD Instinct MI210
gemm,fp32,cold,2048.0,2048.0,2048.0,0.0,50331648.0,17179869184.0,50331648.0,mi210,0.466720014810562,0.4662079989910126,0.47120099067688,0.0073716238759557,107.84120329707572,36.8097973920685,341.3333333333333,0.0,8388608,AMD Instinct MI210
gemm,fp32,warm,4096.0,4096.0,4096.0,0.0,201326592.0,137438953472.0,201326592.0,mi210,3.51104402542114,3.50987915992737,3.512669467926022,0.0004739112501872,57.34094774725915,39.14475366212891,682.6666666666666,0.0,8388608,AMD Instinct MI210
gemm,fp32,warm,8192.0,8192.0,8192.0,0.0,805306368.0,1099511627776.0,805306368.0,mi210,26.9840316772461,26.97772865295412,26.993440246582,0.0004091209949182,29.843811985999967,40.74675129821862,1365.3333333333333,0.0,8388608,AMD Instinct MI210
gemm,fp32,warm,1.0,8192.0,8192.0,0.0,268500992.0,134217728.0,268500992.0,mi210,0.866384983062744,0.8651225686073306,0.9710106849670396,0.0474617089933015,309.90956358780176,0.1549169602703973,0.4998779594825482,0.0,8388608,AMD Instinct MI210
gemm,fp32,warm,2.0,8192.0,8192.0,0.0,268566528.0,268435456.0,268566528.0,mi210,0.830764591693878,0.8280329585075378,0.8344897389411928,0.0032259483249906,323.2763296428045,0.3231185569099383,0.9995119570522206,0.0,8388608,AMD Instinct MI210
gemm,fp32,warm,4.0,8192.0,8192.0,0.0,268697600.0,536870912.0,268697600.0,mi210,0.834560930728912,0.8326272130012514,0.839129328727722,0.0025653837355405,321.96283112045205,0.6432974420826204,1.9980487804878049,0.0,8388608,AMD Instinct MI210
gemm,fp32,warm,8.0,8192.0,8192.0,0.0,268959744.0,1073741824.0,268959744.0,mi210,0.83626002073288,0.8345517873764037,0.8399430632591244,0.0025237141677021,321.62214781508936,1.2839808162286608,3.992202729044834,0.0,8388608,AMD Instinct MI210
gemm,fp32,warm,16.0,8192.0,8192.0,0.0,269484032.0,2147483648.0,269484032.0,mi210,0.838164746761322,0.8371789336204531,0.8423841953277588,0.0008271185659637,321.516781803684,2.562125949937528,7.968871595330739,0.0,8388608,AMD Instinct MI210
gemm,fp32,warm,32.0,8192.0,8192.0,0.0,270532608.0,4294967296.0,270532608.0,mi210,0.841997146606445,0.8403605461120603,0.8475072741508484,0.0024974572374167,321.2987230305291,5.100928564081579,15.875968992248062,0.0,8388608,AMD Instinct MI210
gemm,fp32,warm,64.0,8192.0,8192.0,0.0,272629760.0,8589934592.0,272629760.0,mi210,0.822088241577148,0.8178656935691836,0.8266556024551392,0.0042110294168824,331.6307741818192,10.44892039268255,31.50769230769231,0.0,8388608,AMD Instinct MI210
gemm,fp32,warm,128.0,8192.0,8192.0,0.0,276824064.0,17179869184.0,276824064.0,mi210,0.882840991020203,0.8816490411758426,0.8883466482162478,0.0014226673743995,313.56050162567175,19.45975476755684,62.06060606060606,0.0,8388608,AMD Instinct MI210
gemm,fp32,warm,256.0,8192.0,8192.0,0.0,285212672.0,34359738368.0,285212672.0,mi210,1.0650178194046,1.06093304157257,1.066051220893858,0.0033227494418246,267.80084502196274,32.26212532970469,120.47058823529412,0.0,8388608,AMD Instinct MI210
gemm,fp32,warm,512.0,8192.0,8192.0,0.0,301989888.0,68719476736.0,301989888.0,mi210,2.15070486068726,2.138079071044924,2.160031080245972,0.0069021728888298,140.4143792670366,31.95207208209899,227.55555555555557,0.0,8388608,AMD Instinct MI210
gemm,fp32,warm,1024.0,8192.0,8192.0,0.0,335544320.0,137438953472.0,335544320.0,mi210,4.70180606842041,4.670854091644286,4.748781967163088,0.0089370088562321,71.36498509661573,29.231097895573807,409.6,0.0,8388608,AMD Instinct MI210
gemm,fp32,warm,2048.0,8192.0,8192.0,0.0,402653184.0,274877906944.0,402653184.0,mi210,8.44528961181641,8.315194129943844,9.018540191650388,0.0396293140284802,47.67784202884162,32.548073491689216,682.6666666666666,0.0,8388608,AMD Instinct MI210
gemm,fp64,warm,256.0,256.0,256.0,0.0,1572864.0,33554432.0,1572864.0,mi210,0.0103056142106652,0.0097492927685379,0.0103628922253847,0.0101690206802759,152.62205316906346,3.2559371342733536,21.33333333333333,0.0,8388608,AMD Instinct MI210
gemm,fp64,cold,256.0,256.0,256.0,0.0,1572864.0,33554432.0,1572864.0,mi210,0.0268799997866154,0.0260799992829561,0.0273599993437528,0.0238095320589114,58.51428617879641,1.2483047718143234,21.33333333333333,0.0,8388608,AMD Instinct MI210
gemm,fp64,warm,512.0,512.0,512.0,0.0,6291456.0,268435456.0,6291456.0,mi210,0.0299608390778303,0.0299254767596721,0.0303382750600576,0.0015353647409023,209.98931250411476,8.959544000175562,42.66666666666666,0.0,8388608,AMD Instinct MI210
gemm,fp64,cold,512.0,512.0,512.0,0.0,6291456.0,268435456.0,6291456.0,mi210,0.0481600016355515,0.0469759993255138,0.0494720004498958,0.0215946933798434,130.63654041397862,5.573825724329754,42.66666666666666,0.0,8388608,AMD Instinct MI210
gemm,fp64,warm,1024.0,1024.0,1024.0,0.0,25165824.0,2147483648.0,25165824.0,mi210,0.0869737267494202,0.0868714287877082,0.0871548384428024,0.0015216197212538,289.349725952358,24.69117661460121,85.33333333333333,0.0,8388608,AMD Instinct MI210
gemm,fp64,cold,1024.0,1024.0,1024.0,0.0,25165824.0,2147483648.0,25165824.0,mi210,0.10352099686861,0.1026566013693807,0.105311998724937,0.0092686575618162,243.09874094374055,20.744425893865863,85.33333333333333,0.0,8388608,AMD Instinct MI210
gemm,fp64,warm,2048.0,2048.0,2048.0,0.0,100663296.0,17179869184.0,100663296.0,mi210,0.719178020954132,0.7148671984672547,0.721194088459015,0.0047196602298813,139.96992826122553,23.888201089915825,170.66666666666666,0.0,8388608,AMD Instinct MI210
gemm,fp64,cold,2048.0,2048.0,2048.0,0.0,100663296.0,17179869184.0,100663296.0,mi210,0.685760974884033,0.6716169953346248,0.7146249890327452,0.0349976010763867,146.7906452638587,25.05227012503188,170.66666666666666,0.0,8388608,AMD Instinct MI210
gemm,fp64,warm,4096.0,4096.0,4096.0,0.0,402653184.0,137438953472.0,402653184.0,mi210,3.83565282821655,3.83396954536438,3.838398265838626,0.0003003189851948,104.9764413082245,35.8319586332073,341.3333333333333,0.0,8388608,AMD Instinct MI210
gemm,fp64,warm,8192.0,8192.0,8192.0,0.0,1610612736.0,1099511627776.0,1610612736.0,mi210,30.569637298584,30.56096763610838,30.58496856689452,0.0005888704606035,52.68668124088618,35.96744106044496,682.6666666666666,0.0,8388608,AMD Instinct MI210
gemm,fp64,warm,1.0,8192.0,8192.0,0.0,537001984.0,134217728.0,537001984.0,mi210,3.23197221755981,3.229047489166256,3.3641321182251,0.0366438194984712,166.15303222050744,0.0415281193541126,0.2499389797412741,0.0,8388608,AMD Instinct MI210
gemm,fp64,warm,2.0,8192.0,8192.0,0.0,537133056.0,268435456.0,537133056.0,mi210,2.92973732948303,2.902009344100956,2.967331933975218,0.0119418541790737,183.33829814524037,0.0916244105908863,0.4997559785261103,0.0,8388608,AMD Instinct MI210
gemm,fp64,warm,4.0,8192.0,8192.0,0.0,537395200.0,536870912.0,537395200.0,mi210,2.91091060638428,2.88424925804138,2.979294776916504,0.0207220447064535,184.614120001271,0.1844340086646843,0.9990243902439024,0.0,8388608,AMD Instinct MI210
gemm,fp64,warm,8.0,8192.0,8192.0,0.0,537919488.0,1073741824.0,537919488.0,mi210,2.91104412078857,2.894435787200926,2.953988027572632,0.0106399742370977,184.78575579070355,0.3688510992781295,1.996101364522417,0.0,8388608,AMD Instinct MI210
gemm,fp64,warm,16.0,8192.0,8192.0,0.0,538968064.0,2147483648.0,538968064.0,mi210,2.96205735206604,2.9315187454223617,3.1561056613922123,0.009740965080725,181.9573357092728,0.7249973220478416,3.9844357976653697,0.0,8388608,AMD Instinct MI210
gemm,fp64,warm,32.0,8192.0,8192.0,0.0,541065216.0,4294967296.0,541065216.0,mi210,3.00656414031982,2.9896520137786897,3.04746537208557,0.0106211962084744,179.961308240191,1.4285300747128338,7.937984496124031,0.0,8388608,AMD Instinct MI210
gemm,fp64,warm,64.0,8192.0,8192.0,0.0,545259520.0,8589934592.0,545259520.0,mi210,3.14675617218018,3.090890312194824,3.192343473434448,0.0110386808998498,173.27669834114462,2.7297744477128014,15.753846153846156,0.0,8388608,AMD Instinct MI210
gemm,fp64,warm,128.0,8192.0,8192.0,0.0,553648128.0,17179869184.0,553648128.0,mi210,3.52150869369507,3.518148851394652,3.538820838928218,0.0024852951312087,157.21901496118832,4.87855367637142,31.03030303030303,0.0,8388608,AMD Instinct MI210
gemm,fp64,warm,256.0,8192.0,8192.0,0.0,570425344.0,34359738368.0,570425344.0,mi210,3.41619682312012,3.39819979667664,3.442820930480958,0.0088941895659086,166.97672105409097,10.05789190349348,60.23529411764706,0.0,8388608,AMD Instinct MI210
gemm,fp64,warm,512.0,8192.0,8192.0,0.0,603979776.0,68719476736.0,603979776.0,mi210,3.55949282646179,3.534846353530888,3.56510543823242,0.0051422694319556,169.68141402334794,19.305974217767584,113.77777777777776,0.0,8388608,AMD Instinct MI210
gemm,fp64,warm,1024.0,8192.0,8192.0,0.0,671088640.0,137438953472.0,671088640.0,mi210,4.13892555236816,4.133653545379636,4.153237628936768,0.0031167784721495,162.14078545482045,33.20643286114723,204.8,0.0,8388608,AMD Instinct MI210
gemm,fp64,warm,2048.0,8192.0,8192.0,0.0,805306368.0,274877906944.0,805306368.0,mi210,7.60216999053955,7.596538448333735,7.613002490997314,0.001204924622901,105.931118220476,36.15782168592248,341.3333333333333,0.0,8388608,AMD Instinct MI210
gemm,fp16,warm,256.0,256.0,256.0,0.0,393216.0,33554432.0,393216.0,mi210,0.0071808099746704,0.0071720099076628,0.0077244902029633,0.0518604506989056,54.75928222401514,4.672792083115958,85.33333333333333,0.0001984265214773,8388608,AMD Instinct MI210
gemm,fp16,cold,256.0,256.0,256.0,0.0,393216.0,33554432.0,393216.0,mi210,0.0216000005602837,0.0210240002721547,0.0222086001187563,0.029652792605163,18.20444397223828,1.5534458856309996,85.33333333333333,0.0001984265214773,8388608,AMD Instinct MI210
gemm,fp16,warm,512.0,512.0,512.0,0.0,1572864.0,268435456.0,1572864.0,mi210,0.0120608154684305,0.0115878548473119,0.0121240150183439,0.0105132336931898,130.41108241121944,22.256824731514783,170.66666666666666,0.000200911459712,8388608,AMD Instinct MI210
gemm,fp16,cold,512.0,512.0,512.0,0.0,1572864.0,268435456.0,1572864.0,mi210,0.0291200000792742,0.0284800007939339,0.029279999434948,0.0219951718344505,54.01318666614519,9.218250524355446,170.66666666666666,0.000200911459712,8388608,AMD Instinct MI210
gemm,fp16,warm,1024.0,1024.0,1024.0,0.0,6291456.0,2147483648.0,6291456.0,mi210,0.0228880308568478,0.0228176303207874,0.0232489913702011,0.0028837676162868,274.87974126518964,93.8256183518514,341.3333333333333,0.0001899405204345,8388608,AMD Instinct MI210
gemm,fp16,cold,1024.0,1024.0,1024.0,0.0,6291456.0,2147483648.0,6291456.0,mi210,0.0398400016129017,0.0390400007367134,0.0407684005796909,0.0260918517787088,157.91806589592576,53.902699825809336,341.3333333333333,0.0001899405204345,8388608,AMD Instinct MI210
gemm,fp16,warm,2048.0,2048.0,2048.0,0.0,25165824.0,17179869184.0,25165824.0,mi210,0.132623642683029,0.1308883517980573,0.132720074057579,0.0009151457120967,189.75367808397792,129.5385109053289,682.6666666666666,0.0002214878090706,8388608,AMD Instinct MI210
gemm,fp16,cold,2048.0,2048.0,2048.0,0.0,25165824.0,17179869184.0,25165824.0,mi210,0.159841001033783,0.1590083986520766,0.1627199977636338,0.0120119350244823,157.44285782270038,107.4809909402968,682.6666666666666,0.0002214878090706,8388608,AMD Instinct MI210
gemm,fp16,warm,4096.0,4096.0,4096.0,0.0,100663296.0,137438953472.0,100663296.0,mi210,1.01743340492249,1.006551814079282,1.018090963363646,0.0032394828262947,98.93846173417975,135.0839797544001,1365.3333333333333,0.0002273709783179,8388608,AMD Instinct MI210
gemm,fp16,warm,8192.0,8192.0,8192.0,0.0,402653184.0,1099511627776.0,402653184.0,mi210,8.14113140106201,8.121819114685058,8.146779060363768,0.0018228579427743,49.45911866100993,135.05636669033112,2730.6666666666665,0.0002014828336355,8388608,AMD Instinct MI210
gemm,fp16,warm,1.0,8192.0,8192.0,0.0,134250496.0,134217728.0,134250496.0,mi210,0.190145328640938,0.1900398284196852,0.193397006392479,0.0011003933485981,706.0415155058197,0.7058691841620301,0.9997559189650964,0.0002413515983138,8388608,AMD Instinct MI210
gemm,fp16,warm,2.0,8192.0,8192.0,0.0,134283264.0,268435456.0,134283264.0,mi210,0.316493988037109,0.3153170228004454,0.3173004984855654,0.0029303348771201,424.2837749709649,0.8481534125334661,1.9990239141044408,0.0002342787664311,8388608,AMD Instinct MI210
gemm,fp16,warm,4.0,8192.0,8192.0,0.0,134348800.0,536870912.0,134348800.0,mi210,0.260605067014694,0.2603405833244326,0.2616850554943083,0.0009028578682151,515.5264306216458,2.0600939120256205,3.9960975609756098,0.0001983548544171,8388608,AMD Instinct MI210
gemm,fp16,warm,8.0,8192.0,8192.0,0.0,134479872.0,1073741824.0,134479872.0,mi210,0.310864180326462,0.3101769745349884,0.3117585182189942,0.0022026444388025,432.60008875507145,3.4540545098260678,7.984405458089668,0.0001884462654639,8388608,AMD Instinct MI210
gemm,fp16,warm,16.0,8192.0,8192.0,0.0,134742016.0,2147483648.0,134742016.0,mi210,0.312352925539017,0.3119868338108062,0.3131746888160706,0.0016844093857118,431.3774739502766,6.875183398055771,15.93774319066148,0.0002192352371322,8388608,AMD Instinct MI210
gemm,fp16,warm,32.0,8192.0,8192.0,0.0,135266304.0,4294967296.0,135266304.0,mi210,0.314199060201645,0.3135811209678652,0.3151882827281952,0.0013608376773042,430.5114850222324,13.669573974039254,31.751937984496124,0.0002453159182464,8388608,AMD Instinct MI210
gemm,fp16,warm,64.0,8192.0,8192.0,0.0,136314880.0,8589934592.0,136314880.0,mi210,0.320339769124985,0.3156826257705686,0.3243866801261904,0.0191091691096497,425.53217907457145,26.815073930606843,63.01538461538462,0.0002063616112378,8388608,AMD Instinct MI210
gemm,fp16,warm,128.0,8192.0,8192.0,0.0,138412032.0,17179869184.0,138412032.0,mi210,0.336894780397415,0.3365084946155548,0.3379999339580536,0.0023746688542689,410.8464721143007,50.99476211455077,124.12121212121212,0.0002660988993651,8388608,AMD Instinct MI210
gemm,fp16,warm,256.0,8192.0,8192.0,0.0,142606336.0,34359738368.0,142606336.0,mi210,0.342374324798584,0.3418297410011288,0.3430975317955016,0.0011938361668563,416.5217005798964,100.35722856325032,240.94117647058823,0.0002089550692324,8388608,AMD Instinct MI210
gemm,fp16,warm,512.0,8192.0,8192.0,0.0,150994944.0,68719476736.0,150994944.0,mi210,0.622189283370972,0.6214326620101932,0.6232421636581418,0.0012110814817759,242.6832927464154,110.44786300992416,455.1111111111111,0.0002104103882757,8388608,AMD Instinct MI210
gemm,fp16,warm,1024.0,8192.0,8192.0,0.0,167772160.0,137438953472.0,167772160.0,mi210,1.21354174613953,1.211753773689272,1.214823770523072,0.0012772195004175,138.25001120374313,113.25440917810636,819.2,0.0002004140174646,8388608,AMD Instinct MI210
gemm,fp16,warm,2048.0,8192.0,8192.0,0.0,201326592.0,274877906944.0,201326592.0,mi210,2.24826979637146,2.237222623825076,2.251690244674682,0.0017870233778034,89.54734539641377,122.26197558123695,1365.3333333333333,0.0002256969776948,8388608,AMD Instinct MI210
gemm,bf16,warm,256.0,256.0,256.0,0.0,393216.0,33554432.0,393216.0,mi210,0.00712481001392,0.0069665699265897,0.007672650180757,0.0386256240272722,55.1896821433492,4.709519542899132,85.33333333333333,0.0015699538480616,8388608,AMD Instinct MI210
gemm,bf16,cold,256.0,256.0,256.0,0.0,393216.0,33554432.0,393216.0,mi210,0.0225610006600618,0.0221760001033544,0.0231680005788802,0.0319135146827449,17.429014161418973,1.4872758751077526,85.33333333333333,0.0015699538480616,8388608,AMD Instinct MI210
gemm,bf16,warm,512.0,512.0,512.0,0.0,1572864.0,268435456.0,1572864.0,mi210,0.0107392147183418,0.0102641750127077,0.01087905485183,0.0128128223877896,146.45987078679622,24.99581794761322,170.66666666666666,0.0016239479948725,8388608,AMD Instinct MI210
gemm,bf16,cold,512.0,512.0,512.0,0.0,1572864.0,268435456.0,1572864.0,mi210,0.0278399996459484,0.0276800002902746,0.032736000418663,0.0143678253202784,56.49655244262553,9.642078283541425,170.66666666666666,0.0016239479948725,8388608,AMD Instinct MI210
gemm,bf16,warm,1024.0,1024.0,1024.0,0.0,6291456.0,2147483648.0,6291456.0,mi210,0.0325384438037872,0.0324862837791442,0.0326202109456062,0.0027536867712224,193.35454510174603,65.99835139472931,341.3333333333333,0.0014144454356515,8388608,AMD Instinct MI210
gemm,bf16,cold,1024.0,1024.0,1024.0,0.0,6291456.0,2147483648.0,6291456.0,mi210,0.0508799999952316,0.0504964001476764,0.052607998996973,0.0314464874641931,123.6528302002678,42.20683270835808,341.3333333333333,0.0014144454356515,8388608,AMD Instinct MI210
gemm,bf16,warm,2048.0,2048.0,2048.0,0.0,25165824.0,17179869184.0,25165824.0,mi210,0.134005919098854,0.1320966571569444,0.134071293473244,0.001569278721135,187.79636130427625,128.20231598371925,682.6666666666666,0.0015212681809329,8388608,AMD Instinct MI210
gemm,bf16,cold,2048.0,2048.0,2048.0,0.0,25165824.0,17179869184.0,25165824.0,mi210,0.172321006655693,0.1708159983158112,0.1779845982789996,0.0167158886940285,146.04037249087526,99.69689428710416,682.6666666666666,0.0015212681809329,8388608,AMD Instinct MI210
gemm,bf16,warm,4096.0,4096.0,4096.0,0.0,100663296.0,137438953472.0,100663296.0,mi210,1.03450548648834,1.02640142440796,1.035457468032838,0.0011444952968197,97.30571496696898,132.85473616823498,1365.3333333333333,0.0017106645640478,8388608,AMD Instinct MI210
gemm,bf16,warm,8192.0,8192.0,8192.0,0.0,402653184.0,1099511627776.0,402653184.0,mi210,8.57529163360596,8.541467666625971,8.58425178527832,0.0028546421785522,46.95504260426908,128.21856967139075,2730.6666666666665,0.001961559904137,8388608,AMD Instinct MI210
gemm,bf16,warm,1.0,8192.0,8192.0,0.0,134250496.0,134217728.0,134250496.0,mi210,0.142900735139847,0.1427470028400422,0.1459943324327472,0.0008373908983033,939.4667974844104,0.9392374914562228,0.9997559189650964,0.0015990532871483,8388608,AMD Instinct MI210
gemm,bf16,warm,2.0,8192.0,8192.0,0.0,134283264.0,268435456.0,134283264.0,mi210,0.108538433909416,0.108414889872074,0.109396079182625,0.0014838566365156,1237.1955183365749,2.4731834275776525,1.9990239141044408,0.0017156106562808,8388608,AMD Instinct MI210
gemm,bf16,warm,4.0,8192.0,8192.0,0.0,134348800.0,536870912.0,134348800.0,mi210,0.117294132709503,0.1168059691786766,0.1179949089884758,0.0036344835453987,1145.400855921204,4.577133566686098,3.9960975609756098,0.00165211749215,8388608,AMD Instinct MI210
gemm,bf16,warm,8.0,8192.0,8192.0,0.0,134479872.0,1073741824.0,134479872.0,mi210,0.118762098252773,0.118409885466099,0.119193768501282,0.0023832214584495,1132.346716490082,9.041115303593324,7.984405458089668,0.0016939623537978,8388608,AMD Instinct MI210
gemm,bf16,warm,16.0,8192.0,8192.0,0.0,134742016.0,2147483648.0,134742016.0,mi210,0.127483814954758,0.1271819978952408,0.1282156974077224,0.0024816213212539,1056.9342943480144,16.845147352721664,15.93774319066148,0.001948402555698,8388608,AMD Instinct MI210
gemm,bf16,warm,32.0,8192.0,8192.0,0.0,135266304.0,4294967296.0,135266304.0,mi210,0.192175596952438,0.1920527160167696,0.1926511883735654,0.000509278119975,703.8682649882825,22.34918149916283,31.751937984496124,0.0016650696901783,8388608,AMD Instinct MI210
gemm,bf16,warm,64.0,8192.0,8192.0,0.0,136314880.0,8589934592.0,136314880.0,mi210,0.235375478863716,0.2351726740598678,0.236642092466354,0.0011713254317695,579.1379826737485,36.494602723564206,63.01538461538462,0.0015532854263537,8388608,AMD Instinct MI210
gemm,bf16,warm,128.0,8192.0,8192.0,0.0,138412032.0,17179869184.0,138412032.0,mi210,0.319335222244263,0.3190404832363132,0.3208880662918094,0.0027469614876635,433.43803739296607,53.79885458065422,124.12121212121212,0.0017658919966917,8388608,AMD Instinct MI210
gemm,bf16,warm,256.0,8192.0,8192.0,0.0,142606336.0,34359738368.0,142606336.0,mi210,0.328019797801971,0.322426974773407,0.3286476612091068,0.0076950766809275,434.7491735425462,104.74897734295702,240.94117647058823,0.0014572168435032,8388608,AMD Instinct MI210
gemm,bf16,warm,512.0,8192.0,8192.0,0.0,150994944.0,68719476736.0,150994944.0,mi210,0.575132250785828,0.5680877089500428,0.577157473564148,0.0053811654080714,262.53951816071714,119.48465182069972,455.1111111111111,0.0017062043159246,8388608,AMD Instinct MI210
gemm,bf16,warm,1024.0,8192.0,8192.0,0.0,167772160.0,137438953472.0,167772160.0,mi210,1.150674700737,1.142507147789,1.15235552787781,0.0030343766870591,145.803292531367,119.44205724169586,819.2,0.0017767034432755,8388608,AMD Instinct MI210
gemm,bf16,warm,2048.0,8192.0,8192.0,0.0,201326592.0,274877906944.0,201326592.0,mi210,2.30404353141785,2.292619466781616,2.306843519210816,0.0028601928070361,87.37968239519708,119.3023930302424,1365.3333333333333,0.0016934063772307,8388608,AMD Instinct MI210
read_reduce,fp32,warm,0.0,16777216.0,0.0,0.0,71303168.0,0.0,71303168.0,mi210,0.060584869235754,0.0603787884116173,0.0607744894921779,0.0031891468350454,1176.9137888626592,0.0,0.0,0.0,8388608,AMD Instinct MI210
read_reduce,fp32,warm,0.0,67108864.0,0.0,0.0,272629760.0,0.0,272629760.0,mi210,0.204394742846489,0.2041739791631698,0.2046201676130296,0.0009466198828182,1333.839394317294,0.0,0.0,0.0,8388608,AMD Instinct MI210
read_reduce,fp32,warm,0.0,134217728.0,0.0,0.0,541065216.0,0.0,541065216.0,mi210,0.408887654542923,0.4077291965484618,0.4130928635597226,0.0038909276411438,1323.2613163751114,0.0,0.0,0.0,8388608,AMD Instinct MI210
copy,fp32,warm,0.0,1024.0,0.0,0.0,8192.0,0.0,8192.0,rtx4080,0.002006399910897,0.0019793279469013,0.0020434560719877,0.0233652825636268,4.082934790571001,0.0,0.0,0.0,67108864,NVIDIA GeForce RTX 4080
add,fp32,warm,0.0,1024.0,0.0,0.0,12288.0,1024.0,12288.0,rtx4080,0.0019916798919439,0.0019836480729281,0.0020296319853514,0.017432489303498,6.169666144496042,0.0005141388453746,0.0833333333333333,0.0,67108864,NVIDIA GeForce RTX 4080
triad,fp32,warm,0.0,1024.0,0.0,0.0,12288.0,2048.0,12288.0,rtx4080,0.0019859201274812,0.0019681599922478,0.0020275199785828,0.024089561569068,6.187560028199676,0.0010312600046999,0.1666666666666666,0.0,67108864,NVIDIA GeForce RTX 4080
copy,fp32,warm,0.0,16384.0,0.0,0.0,131072.0,0.0,131072.0,rtx4080,0.0019916798919439,0.0019563200417906,0.0020236160606145,0.0214090739052157,65.80977220795779,0.0,0.0,0.0,67108864,NVIDIA GeForce RTX 4080
add,fp32,warm,0.0,16384.0,0.0,0.0,196608.0,16384.0,196608.0,rtx4080,0.0019624000415206,0.0019577600527554,0.002006720053032,0.0149204882894145,100.1875233592305,0.0083489602799358,0.0833333333333333,0.0,67108864,NVIDIA GeForce RTX 4080
triad,fp32,warm,0.0,16384.0,0.0,0.0,196608.0,32768.0,196608.0,rtx4080,0.0019711998756974,0.0019560639746487,0.0020705280359834,0.017694752061687,99.740266029812,0.0166233776716353,0.1666666666666666,0.0,67108864,NVIDIA GeForce RTX 4080
copy,fp32,warm,0.0,262144.0,0.0,0.0,2097152.0,0.0,2097152.0,rtx4080,0.0021401599515229,0.0021377599798142,0.0021424639504402,0.0011214200476357,979.9043284160396,0.0,0.0,0.0,67108864,NVIDIA GeForce RTX 4080
add,fp32,warm,0.0,262144.0,0.0,0.0,3145728.0,262144.0,3145728.0,rtx4080,0.0022579201031476,0.0022524159401655,0.0022618880029767,0.0021967595798318,1393.19721526671,0.1160997679388924,0.0833333333333333,0.0,67108864,NVIDIA GeForce RTX 4080
triad,fp32,warm,0.0,262144.0,0.0,0.0,3145728.0,524288.0,3145728.0,rtx4080,0.0022675199434161,0.0022558720316737,0.0022810239810496,0.0049039811790286,1387.2989338567054,0.2312164889761175,0.1666666666666666,0.0,67108864,NVIDIA GeForce RTX 4080
copy,fp32,warm,0.0,1048576.0,0.0,0.0,8388608.0,0.0,8388608.0,rtx4080,0.0043003200553357,0.0042936317622661,0.0043100800365209,0.0022138380552738,1950.69387674798,0.0,0.0,0.0,67108864,NVIDIA GeForce RTX 4080
add,fp32,warm,0.0,1048576.0,0.0,0.0,12582912.0,1048576.0,12582912.0,rtx4080,0.004592640325427,0.0045829760842025,0.0046085441485047,0.0020380487132224,2739.799136965933,0.2283165947471611,0.0833333333333333,0.0,67108864,NVIDIA GeForce RTX 4080
triad,fp32,warm,0.0,1048576.0,0.0,0.0,12582912.0,2097152.0,12582912.0,rtx4080,0.0046835197135806,0.0046729282476007,0.0046897278167307,0.0024254850622138,2686.6358571127275,0.4477726428521213,0.1666666666666666,0.0,67108864,NVIDIA GeForce RTX 4080
copy,fp32,warm,0.0,4194304.0,0.0,0.0,33554432.0,0.0,33554432.0,rtx4080,0.0128972800448537,0.0128901124000549,0.0129024004563689,0.0006574790973297,2601.6673192568974,0.0,0.0,0.0,67108864,NVIDIA GeForce RTX 4080
add,fp32,warm,0.0,4194304.0,0.0,0.0,50331648.0,4194304.0,50331648.0,rtx4080,0.013996159657836,0.0139913285151124,0.0140005121007562,0.0004400708478451,3596.104162174296,0.2996753468478579,0.0833333333333333,0.0,67108864,NVIDIA GeForce RTX 4080
triad,fp32,warm,0.0,4194304.0,0.0,0.0,50331648.0,8388608.0,50331648.0,rtx4080,0.0139969596639276,0.0139899518340825,0.0140031037852168,0.0005943794051534,3595.898624307155,0.5993164373845259,0.1666666666666666,0.0,67108864,NVIDIA GeForce RTX 4080
copy,fp32,warm,0.0,16777216.0,0.0,0.0,134217728.0,0.0,134217728.0,rtx4080,0.220114499330521,0.2200285822153088,0.2203065663576128,0.0006712527537595,609.7632296292325,0.0,0.0,0.0,67108864,NVIDIA GeForce RTX 4080
add,fp32,warm,0.0,16777216.0,0.0,0.0,201326592.0,16777216.0,201326592.0,rtx4080,0.318258672952652,0.3179178774356846,0.32077631354332,0.0019061729532622,632.5879201725692,0.0527156600143807,0.0833333333333333,0.0,67108864,NVIDIA GeForce RTX 4080
triad,fp32,warm,0.0,16777216.0,0.0,0.0,201326592.0,33554432.0,201326592.0,rtx4080,0.314627230167389,0.31445500254631,0.3163713157176971,0.0015049533311011,639.8892806985891,0.1066482134497648,0.1666666666666666,0.0,67108864,NVIDIA GeForce RTX 4080
copy,fp32,warm,0.0,67108864.0,0.0,0.0,536870912.0,0.0,536870912.0,rtx4080,0.855272710323334,0.8550213813781736,0.8576162695884706,0.0002950360284045,627.7189784262345,0.0,0.0,0.0,67108864,NVIDIA GeForce RTX 4080
add,fp32,warm,0.0,67108864.0,0.0,0.0,805306368.0,67108864.0,805306368.0,rtx4080,1.26748156547546,1.266661572456358,1.268455266952512,0.0008179239957513,635.3594323858367,0.0529466193654863,0.0833333333333333,0.0,67108864,NVIDIA GeForce RTX 4080
triad,fp32,warm,0.0,67108864.0,0.0,0.0,805306368.0,134217728.0,805306368.0,rtx4080,1.26441383361816,1.264203095436098,1.265039300918582,0.0004791323800701,636.9009469752402,0.1061501578292067,0.1666666666666666,0.0,67108864,NVIDIA GeForce RTX 4080
fma,fp32,streaming,0.0,67108864.0,0.0,1.0,536870912.0,134217728.0,536870912.0,rtx4080,0.871975600719452,0.8717412590980528,0.8745935440063476,0.0008746816240233,615.6948790276208,0.1539237197569052,0.25,0.0,67108864,NVIDIA GeForce RTX 4080
fma,fp64,streaming,0.0,33554432.0,0.0,1.0,536870912.0,67108864.0,536870912.0,rtx4080,0.849519312381744,0.8488848686218262,0.8506946802139282,0.0011988014230975,631.9702261915726,0.0789962782739465,0.125,0.0,67108864,NVIDIA GeForce RTX 4080
fma,fp32,streaming,0.0,67108864.0,0.0,2.0,536870912.0,268435456.0,536870912.0,rtx4080,0.874309778213501,0.8741213321685792,0.8744727492332458,8.153535157429103e-05,614.0511353961999,0.3070255676980999,0.5,0.0,67108864,NVIDIA GeForce RTX 4080
fma,fp64,streaming,0.0,33554432.0,0.0,2.0,536870912.0,134217728.0,536870912.0,rtx4080,0.852146089076996,0.851856982707977,0.8535351872444152,0.0006971568632322,630.022150992341,0.1575055377480852,0.25,0.0,67108864,NVIDIA GeForce RTX 4080
fma,fp32,streaming,0.0,67108864.0,0.0,4.0,536870912.0,536870912.0,536870912.0,rtx4080,0.871936023235321,0.8717015385627745,0.8728043437004089,0.0009375090362012,615.7228256356916,0.6157228256356917,1.0,0.0,67108864,NVIDIA GeForce RTX 4080
fma,fp64,streaming,0.0,33554432.0,0.0,4.0,536870912.0,268435456.0,536870912.0,rtx4080,0.854540526866913,0.8538557410240174,0.8552840352058411,0.000699318697861,628.2568176940458,0.3141284088470228,0.5,0.0,67108864,NVIDIA GeForce RTX 4080
fma,fp32,streaming,0.0,67108864.0,0.0,8.0,536870912.0,1073741824.0,536870912.0,rtx4080,0.871810913085938,0.8715974092483519,0.871889472007751,0.0002401795090569,615.8111855925786,1.231622371185157,2.0,0.0,67108864,NVIDIA GeForce RTX 4080
fma,fp64,streaming,0.0,33554432.0,0.0,8.0,536870912.0,536870912.0,536870912.0,rtx4080,0.856998920440674,0.8568297863006593,0.8575301408767697,0.0003693127916593,626.4545954432914,0.6264545954432914,1.0,0.0,67108864,NVIDIA GeForce RTX 4080
fma,fp32,streaming,0.0,67108864.0,0.0,16.0,536870912.0,2147483648.0,536870912.0,rtx4080,0.871438562870026,0.8711493730545046,0.8718292117118834,0.0004147654020813,616.0743107716634,2.464297243086653,4.0,0.0,67108864,NVIDIA GeForce RTX 4080
fma,fp64,streaming,0.0,33554432.0,0.0,16.0,536870912.0,1073741824.0,536870912.0,rtx4080,1.51100552082062,1.510841083526614,1.51103019714355,7.005788374768518e-05,355.30704858604884,0.7106140971720977,2.0,0.0,67108864,NVIDIA GeForce RTX 4080
fma,fp32,streaming,0.0,67108864.0,0.0,32.0,536870912.0,4294967296.0,536870912.0,rtx4080,0.871656775474548,0.8714518904685974,0.8728244066238404,0.0008760614590814,615.9200812816678,4.927360650253342,8.0,0.0,67108864,NVIDIA GeForce RTX 4080
fma,fp64,streaming,0.0,33554432.0,0.0,32.0,536870912.0,2147483648.0,536870912.0,rtx4080,3.01769614219666,3.01746883392334,3.01779313087463,6.103276926222122e-05,177.90754492902573,0.711630179716103,4.0,0.0,67108864,NVIDIA GeForce RTX 4080
fma,fp32,streaming,0.0,67108864.0,0.0,64.0,536870912.0,8589934592.0,536870912.0,rtx4080,0.87192440032959,0.8714068174362182,0.8721314787864686,0.0006706445734835,615.7310333293359,9.851696533269374,16.0,0.0,67108864,NVIDIA GeForce RTX 4080
fma,fp64,streaming,0.0,33554432.0,0.0,64.0,536870912.0,4294967296.0,536870912.0,rtx4080,6.03647994995117,6.035590457916261,6.037199020385746,0.0001466497348694,88.9377445881093,0.7115019567048744,8.0,0.0,67108864,NVIDIA GeForce RTX 4080
fma,fp32,streaming,0.0,67108864.0,0.0,128.0,536870912.0,17179869184.0,536870912.0,rtx4080,0.872107684612274,0.8717652201652526,0.8728031873703004,0.0007788996085781,615.601629790345,19.69925215329104,32.0,0.0,67108864,NVIDIA GeForce RTX 4080
fma,fp64,streaming,0.0,33554432.0,0.0,128.0,536870912.0,8589934592.0,536870912.0,rtx4080,12.0679998397827,12.06725749969484,12.06916465759276,9.411883707989972e-05,44.487149413955166,0.7117943906232826,16.0,0.0,67108864,NVIDIA GeForce RTX 4080
fma,fp32,streaming,0.0,67108864.0,0.0,256.0,536870912.0,34359738368.0,536870912.0,rtx4080,0.863988876342773,0.8637662529945376,0.8643628835678098,0.0003865038445488,621.3863704733689,39.76872771029561,64.0,0.0,67108864,NVIDIA GeForce RTX 4080
fma,fp64,streaming,0.0,33554432.0,0.0,256.0,536870912.0,17179869184.0,536870912.0,rtx4080,24.12646484375,24.12489585876466,24.1274871826172,6.830462852401287e-05,22.2523654201696,0.7120756934454272,32.0,0.0,67108864,NVIDIA GeForce RTX 4080
fma,fp32,streaming,0.0,67108864.0,0.0,512.0,536870912.0,68719476736.0,536870912.0,rtx4080,1.45305609703064,1.432898688316346,1.457754516601564,0.0100037590906914,369.477071874314,47.29306519991219,128.0,0.0,67108864,NVIDIA GeForce RTX 4080
fma,fp64,streaming,0.0,33554432.0,0.0,512.0,536870912.0,34359738368.0,536870912.0,rtx4080,48.2101135253906,48.20866012573242,48.21176452636718,4.415258373294389e-05,11.13606404841276,0.7127080990984167,64.0,0.0,67108864,NVIDIA GeForce RTX 4080
fma,fp32,streaming,0.0,67108864.0,0.0,1024.0,536870912.0,137438953472.0,536870912.0,rtx4080,2.80412817001343,2.790078115463256,2.809736156463624,0.0037625731568947,191.45733698664307,49.01307826858063,256.0,0.0,67108864,NVIDIA GeForce RTX 4080
fma,fp64,streaming,0.0,33554432.0,0.0,1024.0,536870912.0,68719476736.0,536870912.0,rtx4080,96.4566421508789,96.455680847168,96.4752014160156,4.231669258984777e-05,5.565929935236794,0.7124390317103096,128.0,0.0,67108864,NVIDIA GeForce RTX 4080
fma,fp32,streaming,0.0,67108864.0,0.0,2048.0,536870912.0,274877906944.0,536870912.0,rtx4080,5.56100273132324,5.536608028411864,5.566532230377198,0.0050091886072247,96.54210543289044,49.42955798163991,512.0,0.0,67108864,NVIDIA GeForce RTX 4080
fma,fp64,streaming,0.0,33554432.0,0.0,2048.0,536870912.0,137438953472.0,536870912.0,rtx4080,192.901123046875,192.8988433837892,192.914944458008,3.448830118972783e-05,2.7831404168110536,0.7124839467036297,256.0,0.0,67108864,NVIDIA GeForce RTX 4080
gemm,fp32,warm,256.0,256.0,256.0,0.0,786432.0,33554432.0,786432.0,rtx4080,0.0078643206506967,0.0078182397410273,0.008006720431149,0.0047811232495489,99.99999172596364,4.266666313641116,42.66666666666666,0.0,67108864,NVIDIA GeForce RTX 4080
gemm,fp32,cold,256.0,256.0,256.0,0.0,786432.0,33554432.0,786432.0,rtx4080,0.0139840003103018,0.0132159998640417,0.0145791999995708,0.0583524128806485,56.2379850221147,2.3994873609435605,42.66666666666666,0.0,67108864,NVIDIA GeForce RTX 4080
gemm,fp32,warm,512.0,512.0,512.0,0.0,3145728.0,268435456.0,3145728.0,rtx4080,0.0170691199600697,0.0170610886067152,0.0170741755515337,0.0003889167881752,184.29350823937585,15.726379369760071,85.33333333333333,0.0,67108864,NVIDIA GeForce RTX 4080
gemm,fp32,cold,512.0,512.0,512.0,0.0,3145728.0,268435456.0,3145728.0,rtx4080,0.0307199992239475,0.0302463997155427,0.0311295993626117,0.0020833189330001,102.40000258684174,8.738133554077162,85.33333333333333,0.0,67108864,NVIDIA GeForce RTX 4080
gemm,fp32,warm,1024.0,1024.0,1024.0,0.0,12582912.0,2147483648.0,12582912.0,rtx4080,0.0736972838640213,0.0732439056038856,0.0758673280477523,0.0257365883090113,170.73779846780656,29.13925093850565,170.66666666666666,0.0,67108864,NVIDIA GeForce RTX 4080
gemm,fp32,cold,1024.0,1024.0,1024.0,0.0,12582912.0,2147483648.0,12582912.0,rtx4080,0.0870399996638298,0.0868991985917091,0.0886272013187408,0.0123161847000991,144.5647064406979,24.67237656587911,170.66666666666666,0.0,67108864,NVIDIA GeForce RTX 4080
gemm,fp32,warm,2048.0,2048.0,2048.0,0.0,50331648.0,17179869184.0,50331648.0,rtx4080,0.485587686300278,0.4834815859794616,0.4899288594722748,0.0021899370544992,103.65099737903132,35.379540438709355,341.3333333333333,0.0,67108864,NVIDIA GeForce RTX 4080
gemm,fp32,cold,2048.0,2048.0,2048.0,0.0,50331648.0,17179869184.0,50331648.0,rtx4080,0.495775997638702,0.4952319920063018,0.496409595012665,0.0010004819818262,101.52094542640468,34.65248270554613,341.3333333333333,0.0,67108864,NVIDIA GeForce RTX 4080
gemm,fp32,warm,4096.0,4096.0,4096.0,0.0,201326592.0,137438953472.0,201326592.0,rtx4080,3.67614698410034,3.625834178924564,3.699638986587522,0.0054352852393005,54.76565351460517,37.38668613263713,682.6666666666666,0.0,67108864,NVIDIA GeForce RTX 4080
gemm,fp32,warm,8192.0,8192.0,8192.0,0.0,805306368.0,1099511627776.0,805306368.0,rtx4080,28.8864002227783,28.73241615295406,28.90869178771974,0.004233402199687,27.878391277185784,38.06329689045099,1365.3333333333333,0.0,67108864,NVIDIA GeForce RTX 4080
gemm,fp32,warm,1.0,8192.0,8192.0,0.0,268500992.0,134217728.0,268500992.0,rtx4080,0.401501774787903,0.401432555913925,0.4022612869739534,0.0001537986028083,668.74173132071,0.3342892520734229,0.4998779594825482,0.0,67108864,NVIDIA GeForce RTX 4080
gemm,fp32,warm,2.0,8192.0,8192.0,0.0,268566528.0,268435456.0,268566528.0,rtx4080,0.431074142456055,0.430962920188904,0.4313861787319183,0.0005922106394934,623.0170208536191,0.6227129617902449,0.9995119570522206,0.0,67108864,NVIDIA GeForce RTX 4080
gemm,fp32,warm,4.0,8192.0,8192.0,0.0,268697600.0,536870912.0,268697600.0,rtx4080,0.446154445409775,0.445913165807724,0.4463735163211822,0.0004070015488498,602.2524324580291,1.2033297382185792,1.9980487804878049,0.0,67108864,NVIDIA GeForce RTX 4080
gemm,fp32,warm,8.0,8192.0,8192.0,0.0,268959744.0,1073741824.0,268959744.0,rtx4080,0.447464168071747,0.447087925672531,0.4476631700992587,0.0007525439234834,601.0754898186052,2.399615210815796,3.992202729044834,0.0,67108864,NVIDIA GeForce RTX 4080
gemm,fp32,warm,16.0,8192.0,8192.0,0.0,269484032.0,2147483648.0,269484032.0,rtx4080,0.448916852474213,0.4487325727939606,0.449258416891098,0.0007376611133785,600.2983191981635,4.783700224583031,7.968871595330739,0.0,67108864,NVIDIA GeForce RTX 4080
gemm,fp32,warm,32.0,8192.0,8192.0,0.0,270532608.0,4294967296.0,270532608.0,rtx4080,0.450869590044022,0.4507362127304076,0.4509672343730926,0.0002492948324016,600.0240734212874,9.525963584238731,15.875968992248062,0.0,67108864,NVIDIA GeForce RTX 4080
gemm,fp32,warm,64.0,8192.0,8192.0,0.0,272629760.0,8589934592.0,272629760.0,rtx4080,0.458502233028412,0.4581981778144838,0.4588173925876622,0.0007336795542501,594.6094486809315,18.73477155228535,31.50769230769231,0.0,67108864,NVIDIA GeForce RTX 4080
gemm,fp32,warm,128.0,8192.0,8192.0,0.0,276824064.0,17179869184.0,276824064.0,rtx4080,0.583182632923126,0.5723520040512086,0.5989394068717953,0.0271079919719392,474.6781683337446,29.458814810530576,62.06060606060606,0.0,67108864,NVIDIA GeForce RTX 4080
gemm,fp32,warm,256.0,8192.0,8192.0,0.0,285212672.0,34359738368.0,285212672.0,rtx4080,1.04923856258392,1.048939657211304,1.061846613883976,0.0018711262239352,271.82824018364096,32.74730799388804,120.47058823529412,0.0,67108864,NVIDIA GeForce RTX 4080
gemm,fp32,warm,512.0,8192.0,8192.0,0.0,301989888.0,68719476736.0,301989888.0,rtx4080,1.8664448261261,1.816837143898012,1.90795137882233,0.0435420889252871,161.79952590765578,36.81838100654211,227.55555555555557,0.0,67108864,NVIDIA GeForce RTX 4080
gemm,fp32,warm,1024.0,8192.0,8192.0,0.0,335544320.0,137438953472.0,335544320.0,rtx4080,3.69886088371277,3.646996545791626,3.718282365798948,0.0050177428381979,90.71558259395631,37.1571026304845,409.6,0.0,67108864,NVIDIA GeForce RTX 4080
gemm,fp32,warm,2048.0,8192.0,8192.0,0.0,402653184.0,274877906944.0,402653184.0,rtx4080,7.41947221755981,7.336422348022462,7.447552013397216,0.0104870184060027,54.269787957023794,37.048175245328245,682.6666666666666,0.0,67108864,NVIDIA GeForce RTX 4080
gemm,fp64,warm,256.0,256.0,256.0,0.0,1572864.0,33554432.0,1572864.0,rtx4080,0.0562943965196609,0.0559854410588741,0.0566046722233295,0.0034149025914979,27.93997444222845,0.5960527881008737,21.33333333333333,0.0,67108864,NVIDIA GeForce RTX 4080
gemm,fp64,cold,256.0,256.0,256.0,0.0,1572864.0,33554432.0,1572864.0,rtx4080,0.0631679967045784,0.0624639987945557,0.0634879991412163,0.0162107459486108,24.899697347628557,0.5311935434160758,21.33333333333333,0.0,67108864,NVIDIA GeForce RTX 4080
gemm,fp64,warm,512.0,512.0,512.0,0.0,6291456.0,268435456.0,6291456.0,rtx4080,0.433493345975876,0.43346146941185,0.4335869312286374,4.674945858257666e-05,14.51338540349849,0.6192377772159355,42.66666666666666,0.0,67108864,NVIDIA GeForce RTX 4080
gemm,fp64,cold,512.0,512.0,512.0,0.0,6291456.0,268435456.0,6291456.0,rtx4080,0.440255999565125,0.4397184014320372,0.440319985151291,0.0006904702915003,14.29044920731247,0.609725832845332,42.66666666666666,0.0,67108864,NVIDIA GeForce RTX 4080
gemm,fp64,warm,1024.0,1024.0,1024.0,0.0,25165824.0,2147483648.0,25165824.0,rtx4080,3.00952529907227,3.009350347518922,3.00970673561096,6.559525635357186e-05,8.36205763339412,0.7135622513829649,85.33333333333333,0.0,67108864,NVIDIA GeForce RTX 4080
gemm,fp64,cold,1024.0,1024.0,1024.0,0.0,25165824.0,2147483648.0,25165824.0,rtx4080,3.01568007469177,3.01465606689453,3.016255950927734,0.0002121960720171,8.344991304348548,0.7121059246377428,85.33333333333333,0.0,67108864,NVIDIA GeForce RTX 4080
gemm,fp64,warm,2048.0,2048.0,2048.0,0.0,100663296.0,17179869184.0,100663296.0,rtx4080,23.2324485778809,23.22974739074704,23.236607742309538,4.5441506723171365e-05,4.332875015844834,0.7394773360375184,170.66666666666666,0.0,67108864,NVIDIA GeForce RTX 4080
gemm,fp64,cold,2048.0,2048.0,2048.0,0.0,100663296.0,17179869184.0,100663296.0,rtx4080,23.2325115203857,23.23040084838866,23.2394104003906,0.0001969537114458,4.332863277036215,0.7394753326141806,170.66666666666666,0.0,67108864,NVIDIA GeForce RTX 4080
gemm,fp64,warm,4096.0,4096.0,4096.0,0.0,402653184.0,137438953472.0,402653184.0,rtx4080,185.387008666992,185.382431030273,185.3984741210938,6.55581293203776e-05,2.1719600898425417,0.7413623773329209,341.3333333333333,0.0,67108864,NVIDIA GeForce RTX 4080
gemm,fp64,warm,8192.0,8192.0,8192.0,0.0,1610612736.0,1099511627776.0,1610612736.0,rtx4080,1482.29833984375,1482.249096679686,1482.31008300781,2.5323256517356013e-05,1.086564487530746,0.7417613568209893,682.6666666666666,0.0,67108864,NVIDIA GeForce RTX 4080
gemm,fp64,warm,1.0,8192.0,8192.0,0.0,537001984.0,134217728.0,537001984.0,rtx4080,0.804957151412964,0.80484014749527,0.8354967236518862,0.0004010754583139,667.1187193720625,0.1667389720861586,0.2499389797412741,0.0,67108864,NVIDIA GeForce RTX 4080
gemm,fp64,warm,2.0,8192.0,8192.0,0.0,537133056.0,268435456.0,537133056.0,rtx4080,6.88931179046631,6.888313770294189,6.889974403381352,0.0001474605296513,77.9661412252099,0.0389640451999096,0.4997559785261103,0.0,67108864,NVIDIA GeForce RTX 4080
gemm,fp64,warm,4.0,8192.0,8192.0,0.0,537395200.0,536870912.0,537395200.0,rtx4080,6.88891220092773,6.888687992095948,6.89040632247925,0.0001950911103518,78.00871666322426,0.0779326105981869,0.9990243902439024,0.0,67108864,NVIDIA GeForce RTX 4080
gemm,fp64,warm,8.0,8192.0,8192.0,0.0,537919488.0,1073741824.0,537919488.0,rtx4080,6.88998413085938,6.889257526397706,6.891830348968506,0.0002554441225841,78.07267444793169,0.1558409719974308,1.996101364522417,0.0,67108864,NVIDIA GeForce RTX 4080
gemm,fp64,warm,16.0,8192.0,8192.0,0.0,538968064.0,2147483648.0,538968064.0,rtx4080,6.88998413085938,6.889062499999996,6.901407909393312,0.0001149533155281,78.22486289714794,0.3116819439948617,3.9844357976653697,0.0,67108864,NVIDIA GeForce RTX 4080
gemm,fp64,warm,32.0,8192.0,8192.0,0.0,541065216.0,4294967296.0,541065216.0,rtx4080,6.89007997512817,6.889721488952636,6.893158435821534,0.0001544339285423,78.52814741674098,0.6233552167034323,7.937984496124031,0.0,67108864,NVIDIA GeForce RTX 4080
gemm,fp64,warm,64.0,8192.0,8192.0,0.0,545259520.0,8589934592.0,545259520.0,rtx4080,13.7340803146362,13.7334783554077,13.73754253387448,0.0001398144755279,39.70120368518052,0.6254466549788439,15.753846153846156,0.0,67108864,NVIDIA GeForce RTX 4080
gemm,fp64,warm,128.0,8192.0,8192.0,0.0,553648128.0,17179869184.0,553648128.0,rtx4080,24.0363521575928,24.03487930297848,24.04057655334472,5.860194409360053e-05,23.03378334491197,0.7147452771269656,31.03030303030303,0.0,67108864,NVIDIA GeForce RTX 4080
gemm,fp64,warm,256.0,8192.0,8192.0,0.0,570425344.0,34359738368.0,570425344.0,rtx4080,48.0525741577148,48.0516792297363,48.05775299072266,6.462012969508619e-05,11.870859241125975,0.7150446978184117,60.23529411764706,0.0,67108864,NVIDIA GeForce RTX 4080
gemm,fp64,warm,512.0,8192.0,8192.0,0.0,603979776.0,68719476736.0,603979776.0,rtx4080,92.873405456543,92.86920166015626,92.87879028320316,7.684975638519303e-05,6.503258635031017,0.7399263158079735,113.77777777777776,0.0,67108864,NVIDIA GeForce RTX 4080
gemm,fp64,warm,1024.0,8192.0,8192.0,0.0,671088640.0,137438953472.0,671088640.0,rtx4080,185.321472167969,185.3142761230468,185.332534790039,4.3268022634841646e-05,3.621213624893657,0.741624550378221,204.8,0.0,67108864,NVIDIA GeForce RTX 4080
gemm,fp64,warm,2048.0,8192.0,8192.0,0.0,805306368.0,274877906944.0,805306368.0,rtx4080,370.617309570312,370.608502197266,370.6247558593752,1.8897617565623703e-05,2.1728784576566587,0.7416758468801395,341.3333333333333,0.0,67108864,NVIDIA GeForce RTX 4080
gemm,fp16,warm,256.0,256.0,256.0,0.0,393216.0,33554432.0,393216.0,rtx4080,0.0049500800669193,0.0049356799572706,0.0049682558514177,0.0047514086261279,79.43629086482977,6.778563487132141,85.33333333333333,0.0001984265214773,67108864,NVIDIA GeForce RTX 4080
gemm,fp16,cold,256.0,256.0,256.0,0.0,393216.0,33554432.0,393216.0,rtx4080,0.0092160003259778,0.0091392001137137,0.0102336000651121,0.0642360926896336,42.66666515751024,3.64088876010754,85.33333333333333,0.0001984265214773,67108864,NVIDIA GeForce RTX 4080
gemm,fp16,warm,512.0,512.0,512.0,0.0,1572864.0,268435456.0,1572864.0,rtx4080,0.0055654402822256,0.0055633921176195,0.0055749118328094,0.0011210964941196,282.61268116078224,48.23256425144016,170.66666666666666,0.000200911459712,67108864,NVIDIA GeForce RTX 4080
gemm,fp16,cold,512.0,512.0,512.0,0.0,1572864.0,268435456.0,1572864.0,rtx4080,0.0122880004346371,0.0116671998053789,0.0152831995859742,0.0703125023684715,127.9999954725304,21.845332560645183,170.66666666666666,0.000200911459712,67108864,NVIDIA GeForce RTX 4080
gemm,fp16,warm,1024.0,1024.0,1024.0,0.0,6291456.0,2147483648.0,6291456.0,rtx4080,0.0267783999443054,0.0267733436077833,0.0267865594476461,0.0001852322783536,234.94518018571603,80.19462150339106,341.3333333333333,0.0001899405204345,67108864,NVIDIA GeForce RTX 4080
gemm,fp16,cold,1024.0,1024.0,1024.0,0.0,6291456.0,2147483648.0,6291456.0,rtx4080,0.037151999771595,0.0368640013039112,0.0384320013225078,0.0142118943370012,169.3436702917458,57.80263945958257,341.3333333333333,0.0001899405204345,67108864,NVIDIA GeForce RTX 4080
gemm,fp16,warm,2048.0,2048.0,2048.0,0.0,25165824.0,17179869184.0,25165824.0,rtx4080,0.196190029382706,0.1960688441991806,0.1962089776992798,0.0001696783175564,128.27269601407357,87.5674938122742,682.6666666666666,0.0002214878090706,67108864,NVIDIA GeForce RTX 4080
gemm,fp16,cold,2048.0,2048.0,2048.0,0.0,25165824.0,17179869184.0,25165824.0,rtx4080,0.203776001930237,0.203244802355766,0.2061695963144302,0.0043184453348179,123.49748626737488,84.30761729186123,682.6666666666666,0.0002214878090706,67108864,NVIDIA GeForce RTX 4080
gemm,fp16,warm,4096.0,4096.0,4096.0,0.0,100663296.0,137438953472.0,100663296.0,rtx4080,1.34378051757812,1.343667173385618,1.343862867355346,9.60749608261582e-05,74.91051900456505,102.2778286142328,1365.3333333333333,0.0002273709783179,67108864,NVIDIA GeForce RTX 4080
gemm,fp16,warm,8192.0,8192.0,8192.0,0.0,402653184.0,1099511627776.0,402653184.0,rtx4080,10.5510396957397,10.5488384246826,10.55313892364504,0.0001789205958644,38.16241769638904,104.20884192293968,2730.6666666666665,0.0002866580011699,67108864,NVIDIA GeForce RTX 4080
gemm,fp16,warm,1.0,8192.0,8192.0,0.0,134250496.0,134217728.0,134250496.0,rtx4080,0.202156126499176,0.2021044582128522,0.20216346681118,0.0001499284854377,664.0931359581982,0.6639310434183011,0.9997559189650964,0.0002413515983138,67108864,NVIDIA GeForce RTX 4080
gemm,fp16,warm,2.0,8192.0,8192.0,0.0,134283264.0,268435456.0,134283264.0,rtx4080,0.233946546912193,0.2338535785675048,0.2342411041259764,0.0013928444198358,573.9912205261164,1.1474221763177026,1.9990239141044408,0.0002342787664311,67108864,NVIDIA GeForce RTX 4080
gemm,fp16,warm,4.0,8192.0,8192.0,0.0,134348800.0,536870912.0,134348800.0,rtx4080,0.230801492929459,0.229974550008774,0.2313813656568526,0.0045012126806758,582.0967546386786,2.326115421463441,3.9960975609756098,0.0001983548544171,67108864,NVIDIA GeForce RTX 4080
gemm,fp16,warm,8.0,8192.0,8192.0,0.0,134479872.0,1073741824.0,134479872.0,rtx4080,0.242427989840508,0.2419227242469788,0.2432435095310212,0.0043905713831052,554.7208970732858,4.4291165583083405,7.984405458089668,0.0001884462654639,67108864,NVIDIA GeForce RTX 4080
gemm,fp16,warm,16.0,8192.0,8192.0,0.0,134742016.0,2147483648.0,134742016.0,rtx4080,0.215650498867035,0.2155571132898328,0.2158549368381498,0.0006727445850841,624.8166209115925,9.958166845345849,15.93774319066148,0.0002192352371322,67108864,NVIDIA GeForce RTX 4080
gemm,fp16,warm,32.0,8192.0,8192.0,0.0,135266304.0,4294967296.0,135266304.0,rtx4080,0.238879233598709,0.2386535048484802,0.2390496790409088,0.0009704063037222,566.2539265645528,17.9796595597551,31.751937984496124,0.0002453159182464,67108864,NVIDIA GeForce RTX 4080
gemm,fp16,warm,64.0,8192.0,8192.0,0.0,136314880.0,8589934592.0,136314880.0,rtx4080,0.242483213543892,0.2422690361738207,0.2429133594036102,0.0022054938024388,562.162130762613,35.42486288621019,63.01538461538462,0.0002063616112378,67108864,NVIDIA GeForce RTX 4080
gemm,fp16,warm,128.0,8192.0,8192.0,0.0,138412032.0,17179869184.0,138412032.0,rtx4080,0.245990484952927,0.2459045261144636,0.246364277601242,0.0012382980471085,562.6723002171676,69.8395679299854,124.12121212121212,0.0002660988993651,67108864,NVIDIA GeForce RTX 4080
gemm,fp16,warm,256.0,8192.0,8192.0,0.0,142606336.0,34359738368.0,142606336.0,rtx4080,0.38496258854866,0.3849380075931548,0.385027825832367,8.717058749917277e-05,370.4420643513371,89.25474679900451,240.94117647058823,0.0002089550692324,67108864,NVIDIA GeForce RTX 4080
gemm,fp16,warm,512.0,8192.0,8192.0,0.0,150994944.0,68719476736.0,150994944.0,rtx4080,0.763002872467041,0.7629496216773985,0.76306072473526,7.714202506960264e-05,197.8956429243619,90.06450593535405,455.1111111111111,0.0002104103882757,67108864,NVIDIA GeForce RTX 4080
gemm,fp16,warm,1024.0,8192.0,8192.0,0.0,167772160.0,137438953472.0,167772160.0,rtx4080,1.33463776111603,1.334510636329648,1.334806823730468,7.793133700044672e-05,125.70613906481124,102.97846912189335,819.2,0.0002004140174646,67108864,NVIDIA GeForce RTX 4080
gemm,fp16,warm,2048.0,8192.0,8192.0,0.0,201326592.0,274877906944.0,201326592.0,rtx4080,2.66469955444336,2.66421298980713,2.675732946395872,0.0034714617019899,75.55320511248253,103.15530938024284,1365.3333333333333,0.0002256969776948,67108864,NVIDIA GeForce RTX 4080
gemm,bf16,warm,256.0,256.0,256.0,0.0,393216.0,33554432.0,393216.0,rtx4080,0.0050687999464571,0.0049753599800169,0.0051245439797639,0.0151515388145234,77.57575839520737,6.619798049724364,85.33333333333333,0.0015699538480616,67108864,NVIDIA GeForce RTX 4080
gemm,bf16,cold,256.0,256.0,256.0,0.0,393216.0,33554432.0,393216.0,rtx4080,0.0101119996979833,0.0093183998018503,0.01064959987998,0.0490505934188273,38.886077110783695,3.318278580120208,85.33333333333333,0.0015699538480616,67108864,NVIDIA GeForce RTX 4080
gemm,bf16,warm,512.0,512.0,512.0,0.0,1572864.0,268435456.0,1572864.0,rtx4080,0.0055793602950871,0.0055775999091565,0.005590016208589,0.0009320135858476,281.9075873958138,48.11222824888555,170.66666666666666,0.0016239479948725,67108864,NVIDIA GeForce RTX 4080
gemm,bf16,cold,512.0,512.0,512.0,0.0,1572864.0,268435456.0,1572864.0,rtx4080,0.0120959999039769,0.0114751998335122,0.0135552000254392,0.1164021182353126,130.03174706399236,22.192084832254697,170.66666666666666,0.0016239479948725,67108864,NVIDIA GeForce RTX 4080
gemm,bf16,warm,1024.0,1024.0,1024.0,0.0,6291456.0,2147483648.0,6291456.0,rtx4080,0.026844160631299,0.0268387205898762,0.0268521599471569,0.0002234619582816,234.3696301930359,79.99816710588959,341.3333333333333,0.0014144454356515,67108864,NVIDIA GeForce RTX 4080
gemm,bf16,cold,1024.0,1024.0,1024.0,0.0,6291456.0,2147483648.0,6291456.0,rtx4080,0.0377920009195805,0.0370176002383232,0.0378880016505718,0.0131245211175526,166.47586385774878,56.82376153011158,341.3333333333333,0.0014144454356515,67108864,NVIDIA GeForce RTX 4080
gemm,bf16,warm,2048.0,2048.0,2048.0,0.0,25165824.0,17179869184.0,25165824.0,rtx4080,0.196116894483566,0.1960941731929778,0.196908733248711,0.0017848320918309,128.3205308052072,87.60014902968811,682.6666666666666,0.0015212681809329,67108864,NVIDIA GeForce RTX 4080
gemm,bf16,cold,2048.0,2048.0,2048.0,0.0,25165824.0,17179869184.0,25165824.0,rtx4080,0.204671993851662,0.2041216045618058,0.2050943940877914,0.0017198016352746,122.95685172363726,83.93854411000304,682.6666666666666,0.0015212681809329,67108864,NVIDIA GeForce RTX 4080
gemm,bf16,warm,4096.0,4096.0,4096.0,0.0,100663296.0,137438953472.0,100663296.0,rtx4080,1.35094857215881,1.3508570909500102,1.35114052295685,9.64476044204111e-05,74.51304814597087,101.73514840196556,1365.3333333333333,0.0017106645640478,67108864,NVIDIA GeForce RTX 4080
gemm,bf16,warm,8192.0,8192.0,8192.0,0.0,402653184.0,1099511627776.0,402653184.0,rtx4080,10.5949764251709,10.5943040847778,10.59640960693358,8.303600891557075e-05,38.00416044753069,103.7766941287238,2730.6666666666665,0.0026657358147404,67108864,NVIDIA GeForce RTX 4080
gemm,bf16,warm,1.0,8192.0,8192.0,0.0,134250496.0,134217728.0,134250496.0,rtx4080,0.202083364129066,0.2020329058170318,0.2021257489919658,0.0001892477907265,664.3322501017813,0.6641700991986565,0.9997559189650964,0.0015990532871483,67108864,NVIDIA GeForce RTX 4080
gemm,bf16,warm,2.0,8192.0,8192.0,0.0,134283264.0,268435456.0,134283264.0,rtx4080,0.236829146742821,0.2363205671310422,0.2374947696924212,0.0034840390641739,567.0048042938809,1.1334561631955764,1.9990239141044408,0.0017156106562808,67108864,NVIDIA GeForce RTX 4080
gemm,bf16,warm,4.0,8192.0,8192.0,0.0,134348800.0,536870912.0,134348800.0,rtx4080,0.230292469263077,0.2298780202865602,0.2310440242290494,0.0031491136722062,583.3833838766358,2.331256917423122,3.9960975609756098,0.00165211749215,67108864,NVIDIA GeForce RTX 4080
gemm,bf16,warm,8.0,8192.0,8192.0,0.0,134479872.0,1073741824.0,134479872.0,rtx4080,0.215845391154289,0.2157910376787186,0.2158707112073898,0.000319845049467,623.037959165281,4.974587681756317,7.984405458089668,0.0016939623537978,67108864,NVIDIA GeForce RTX 4080
gemm,bf16,warm,16.0,8192.0,8192.0,0.0,134742016.0,2147483648.0,134742016.0,rtx4080,0.215790942311287,0.2154673814773555,0.215905559062958,0.0013288001886559,624.4099708579487,9.951685761222402,15.93774319066148,0.001948402555698,67108864,NVIDIA GeForce RTX 4080
gemm,bf16,warm,32.0,8192.0,8192.0,0.0,135266304.0,4294967296.0,135266304.0,rtx4080,0.231508955359459,0.2310709297657012,0.2319507837295532,0.0024765544286818,584.2810866213573,18.552056827915344,31.751937984496124,0.0016650696901783,67108864,NVIDIA GeForce RTX 4080
gemm,bf16,warm,64.0,8192.0,8192.0,0.0,136314880.0,8589934592.0,136314880.0,rtx4080,0.241869449615479,0.2413797050714494,0.2422834455966954,0.0021136261254626,563.5886641190596,35.51475643433336,63.01538461538462,0.0015532854263537,67108864,NVIDIA GeForce RTX 4080
gemm,bf16,warm,128.0,8192.0,8192.0,0.0,138412032.0,17179869184.0,138412032.0,rtx4080,0.24655793607235,0.246266269683838,0.2467373698949814,0.0009304238193804,561.3773144149956,69.67883272254005,124.12121212121212,0.0017658919966917,67108864,NVIDIA GeForce RTX 4080
gemm,bf16,warm,256.0,8192.0,8192.0,0.0,142606336.0,34359738368.0,142606336.0,rtx4080,0.38727679848671,0.387206906080246,0.3873423397541047,8.430260811794579e-05,368.22845199412006,88.72139643340681,240.94117647058823,0.0014572168435032,67108864,NVIDIA GeForce RTX 4080
gemm,bf16,warm,512.0,8192.0,8192.0,0.0,150994944.0,68719476736.0,150994944.0,rtx4080,0.76792699098587,0.7679017066955567,0.76800000667572,7.583238853303585e-05,196.62669208455824,89.48699230870561,455.1111111111111,0.0017062043159246,67108864,NVIDIA GeForce RTX 4080
gemm,bf16,warm,1024.0,8192.0,8192.0,0.0,167772160.0,137438953472.0,167772160.0,rtx4080,1.34275650978088,1.342674326896666,1.342854404449466,8.598297315182798e-05,124.94607829335952,102.35582733792012,819.2,0.0017767034432755,67108864,NVIDIA GeForce RTX 4080
gemm,bf16,warm,2048.0,8192.0,8192.0,0.0,201326592.0,274877906944.0,201326592.0,rtx4080,2.68138074874878,2.681209564208986,2.681590986251828,4.863724140286412e-05,75.08317947533021,102.51356771031752,1365.3333333333333,0.0016934063772307,67108864,NVIDIA GeForce RTX 4080
gemm,tf32,warm,256.0,256.0,256.0,0.0,786432.0,33554432.0,786432.0,rtx4080,0.0053299199789762,0.005326815880835,0.0053708800114691,0.0034972736127016,147.55043285866645,6.295485135303101,42.66666666666666,0.0,67108864,NVIDIA GeForce RTX 4080
gemm,tf32,cold,256.0,256.0,256.0,0.0,786432.0,33554432.0,786432.0,rtx4080,0.0120639996603131,0.0114752000197768,0.0123008001595735,0.043766603948039,65.18833074797928,2.781368778580449,42.66666666666666,0.0,67108864,NVIDIA GeForce RTX 4080
gemm,tf32,warm,512.0,512.0,512.0,0.0,3145728.0,268435456.0,3145728.0,rtx4080,0.0089996801689267,0.0089939203113317,0.0090057924389839,0.0007733356596532,349.53775478169604,29.827221741371392,85.33333333333333,0.0,67108864,NVIDIA GeForce RTX 4080
gemm,tf32,cold,512.0,512.0,512.0,0.0,3145728.0,268435456.0,3145728.0,rtx4080,0.0153599996119738,0.0146816000342368,0.0162176005542278,0.0437500007579132,204.8000051736828,17.476267108154268,85.33333333333333,0.0,67108864,NVIDIA GeForce RTX 4080
gemm,tf32,warm,1024.0,1024.0,1024.0,0.0,12582912.0,2147483648.0,12582912.0,rtx4080,0.051697600632906,0.0516771838068962,0.0517131812870502,0.0003822022589269,243.394506629982,41.53932913151692,170.66666666666666,0.0,67108864,NVIDIA GeForce RTX 4080
gemm,tf32,cold,1024.0,1024.0,1024.0,0.0,12582912.0,2147483648.0,12582912.0,rtx4080,0.0583680011332035,0.0582912005484103,0.0587776012718677,0.0005482497780036,215.5789431829973,36.79213963656488,170.66666666666666,0.0,67108864,NVIDIA GeForce RTX 4080
gemm,tf32,warm,2048.0,2048.0,2048.0,0.0,50331648.0,17179869184.0,50331648.0,rtx4080,0.390328943729401,0.390318328142166,0.3903603374958038,3.367114938467031e-05,128.94674814300438,44.013823366145495,341.3333333333333,0.0,67108864,NVIDIA GeForce RTX 4080
gemm,tf32,cold,2048.0,2048.0,2048.0,0.0,50331648.0,17179869184.0,50331648.0,rtx4080,0.398335993289948,0.3982975959777836,0.399263995885849,0.0019682120327042,126.35475791253364,43.129090700811474,341.3333333333333,0.0,67108864,NVIDIA GeForce RTX 4080
gemm,tf32,warm,4096.0,4096.0,4096.0,0.0,201326592.0,137438953472.0,201326592.0,rtx4080,2.69409370422363,2.693880748748778,2.694337701797484,6.190348755067768e-05,74.72887512575116,51.01491208584611,682.6666666666666,0.0,67108864,NVIDIA GeForce RTX 4080
gemm,tf32,warm,8192.0,8192.0,8192.0,0.0,805306368.0,1099511627776.0,805306368.0,rtx4080,20.6373767852783,20.63553352355956,20.6406852722168,0.0001504168835115,39.02174081419429,53.27768345831327,1365.3333333333333,0.0,67108864,NVIDIA GeForce RTX 4080
gemm,tf32,warm,1.0,8192.0,8192.0,0.0,268500992.0,134217728.0,268500992.0,rtx4080,0.401431828737259,0.4013570964336394,0.4072870671749116,0.0003513039560965,668.8582538275421,0.334347499106372,0.4998779594825482,0.0,67108864,NVIDIA GeForce RTX 4080
gemm,tf32,warm,2.0,8192.0,8192.0,0.0,268566528.0,268435456.0,268566528.0,rtx4080,0.428281605243683,0.4280792236328124,0.4286938846111296,0.0004831342784843,627.0792971535433,0.6267732555248691,0.9995119570522206,0.0,67108864,NVIDIA GeForce RTX 4080
gemm,tf32,warm,4.0,8192.0,8192.0,0.0,268697600.0,536870912.0,268697600.0,rtx4080,0.437608540058136,0.4374027371406556,0.4377547442913056,0.0001763519373119,614.0136112615712,1.2268291471840953,1.9980487804878049,0.0,67108864,NVIDIA GeForce RTX 4080
gemm,tf32,warm,8.0,8192.0,8192.0,0.0,268959744.0,1073741824.0,268959744.0,rtx4080,0.443821400403976,0.4435533344745638,0.4443746268749236,0.0010261764987309,606.0089571056892,2.4193106123829464,3.992202729044834,0.0,67108864,NVIDIA GeForce RTX 4080
gemm,tf32,warm,16.0,8192.0,8192.0,0.0,269484032.0,2147483648.0,269484032.0,rtx4080,0.411212265491486,0.4111481249332424,0.4116865396499632,0.0002732281228703,655.3404521577422,5.222323914471036,7.968871595330739,0.0,67108864,NVIDIA GeForce RTX 4080
gemm,tf32,warm,32.0,8192.0,8192.0,0.0,270532608.0,4294967296.0,270532608.0,rtx4080,0.41197481751442,0.411902630329132,0.4121360301971434,0.00039664107296,656.6726811901088,10.425315124630565,15.875968992248062,0.0,67108864,NVIDIA GeForce RTX 4080
gemm,tf32,warm,64.0,8192.0,8192.0,0.0,272629760.0,8589934592.0,272629760.0,rtx4080,0.455108463764191,0.4546771228313442,0.4552836418151854,0.0007775242673884,599.0434845906532,18.87447779141012,31.50769230769231,0.0,67108864,NVIDIA GeForce RTX 4080
gemm,tf32,warm,128.0,8192.0,8192.0,0.0,276824064.0,17179869184.0,276824064.0,rtx4080,0.468232184648514,0.4673738300800324,0.4690153539180758,0.0021408524393159,591.2110979893499,36.69091905097541,62.06060606060606,0.0,67108864,NVIDIA GeForce RTX 4080
gemm,tf32,warm,256.0,8192.0,8192.0,0.0,285212672.0,34359738368.0,285212672.0,rtx4080,0.767508447170258,0.7674767613410952,0.7676067829132079,0.0001067047303823,371.6085119995177,44.76789603382425,120.47058823529412,0.0,67108864,NVIDIA GeForce RTX 4080
gemm,tf32,warm,512.0,8192.0,8192.0,0.0,301989888.0,68719476736.0,301989888.0,rtx4080,1.54632532596588,1.546000981330874,1.546757340431216,0.0001767719226671,195.29518331556025,44.44050393669638,227.55555555555557,0.0,67108864,NVIDIA GeForce RTX 4080
gemm,tf32,warm,1024.0,8192.0,8192.0,0.0,335544320.0,137438953472.0,335544320.0,rtx4080,2.70700812339783,2.706737565994266,2.70730972290039,0.0001122950779968,123.95393907382356,50.77153344463812,409.6,0.0,67108864,NVIDIA GeForce RTX 4080
gemm,tf32,warm,2048.0,8192.0,8192.0,0.0,402653184.0,274877906944.0,402653184.0,rtx4080,5.34653854370117,5.3462484359741245,5.346781921386718,5.5875119420413394e-05,75.31100369123331,51.41231185321527,682.6666666666666,0.0,67108864,NVIDIA GeForce RTX 4080
read_reduce,fp32,warm,0.0,16777216.0,0.0,0.0,71303168.0,0.0,71303168.0,rtx4080,0.101306669414043,0.1012755677103997,0.101414069533348,0.0009550162383295,703.8348848345029,0.0,0.0,0.0,67108864,NVIDIA GeForce RTX 4080
read_reduce,fp32,warm,0.0,67108864.0,0.0,0.0,272629760.0,0.0,272629760.0,rtx4080,0.416548758745193,0.4163366198539729,0.4166370213031772,0.0002942321834992,654.4966328102067,0.0,0.0,0.0,67108864,NVIDIA GeForce RTX 4080
read_reduce,fp32,warm,0.0,134217728.0,0.0,0.0,541065216.0,0.0,541065216.0,rtx4080,0.818030655384064,0.8178360223770144,0.8180896043777467,0.000145034962497,661.424131771652,0.0,0.0,0.0,67108864,NVIDIA GeForce RTX 4080
gemm,fp8_e4m3,warm,256.0,256.0,256.0,0.0,262152.0,33554432.0,262152.0,rtx4080,0.006517759989947,0.006319039966911,0.0065891521051526,0.0235541266875395,40.22118034483324,5.148153974947525,127.99609386920564,0.0001655438077451,67108864,NVIDIA GeForce RTX 4080
gemm,fp8_e4m3,warm,512.0,512.0,512.0,0.0,1048584.0,268435456.0,1048584.0,rtx4080,0.0063436799682676,0.0063185278326272,0.0065264002420008,0.0160916333166922,165.29585433773786,42.31541586945848,255.99804688990105,0.0001959319195084,67108864,NVIDIA GeForce RTX 4080
gemm,fp8_e4m3,warm,1024.0,1024.0,1024.0,0.0,4194312.0,2147483648.0,4194312.0,rtx4080,0.0172441601753235,0.0172365754842758,0.0172551043331623,0.0004501026584063,243.23086525269505,124.53396547969106,511.99902343936265,0.0002203731078509,67108864,NVIDIA GeForce RTX 4080
gemm,fp8_e4m3,warm,2048.0,2048.0,2048.0,0.0,16777224.0,17179869184.0,16777224.0,rtx4080,0.0978974997997284,0.0886716544628143,0.098725202679634,0.1013088698421112,171.37540830278226,175.48833442269037,1023.9995117189828,0.0002671880664032,67108864,NVIDIA GeForce RTX 4080
gemm,fp8_e4m3,warm,4096.0,4096.0,4096.0,0.0,67108872.0,137438953472.0,67108872.0,rtx4080,0.698693692684174,0.6985947370529174,0.6990287661552426,0.0002854002278599,96.04905941284171,196.70845022802524,2047.999755859404,0.0002161337444008,67108864,NVIDIA GeForce RTX 4080
gemm,fp8_e4m3,warm,8192.0,8192.0,8192.0,0.0,268435464.0,1099511627776.0,268435464.0,rtx4080,5.34323167800903,5.291888904571534,5.369309902191162,0.0119578041953962,50.23841004401726,205.77652140767648,4095.999877929691,0.0002217307610558,67108864,NVIDIA GeForce RTX 4080
gemm,fp8_e4m3,warm,16.0,8192.0,8192.0,0.0,67502088.0,2147483648.0,67502088.0,rtx4080,0.0519825592637062,0.0519608333706855,0.052050944417715,0.0007956163274627,1298.552609877548,41.31161832771392,31.81358846262652,0.0002530148875453,67108864,NVIDIA GeForce RTX 4080
gemm,fp8_e4m3,warm,32.0,8192.0,8192.0,0.0,67895304.0,4294967296.0,67895304.0,rtx4080,0.0561660826206207,0.0560875184834003,0.0563456609845161,0.0038399962114398,1208.8310388069162,76.46905562224762,63.25867980501273,0.0002319161509569,67108864,NVIDIA GeForce RTX 4080
gemm,fp8_e4m3,warm,64.0,8192.0,8192.0,0.0,68681736.0,8589934592.0,68681736.0,rtx4080,0.0530788786709309,0.0529487363994121,0.0555278711020946,0.0452368441239782,1293.956046543503,161.8333847113532,125.0686877221624,0.0001987323186798,67108864,NVIDIA GeForce RTX 4080
gemm,fp8_e4m3,warm,128.0,8192.0,8192.0,0.0,70254600.0,17179869184.0,70254600.0,rtx4080,0.105839535593987,0.104974973201752,0.1064444974064826,0.004712878959489,663.784091698068,162.3199599996736,244.5372855869936,0.0002148092439754,67108864,NVIDIA GeForce RTX 4080
gemm,fp8_e4m3,warm,256.0,8192.0,8192.0,0.0,73400328.0,34359738368.0,73400328.0,rtx4080,0.199618086218834,0.199569258093834,0.2033063620328904,0.0072180850861326,367.703795734891,172.12738093447442,468.11423469388313,0.0002163155530325,67108864,NVIDIA GeForce RTX 4080
gemm,fp8_e4m3,warm,512.0,8192.0,8192.0,0.0,79691784.0,68719476736.0,79691784.0,rtx4080,0.393453061580658,0.3933746755123138,0.3935503602027892,0.0002257217680775,202.5445771850047,174.6573694456117,862.315702908596,0.000221544427151,67108864,NVIDIA GeForce RTX 4080
gemm,fp8_e4m3,warm,1024.0,8192.0,8192.0,0.0,92274696.0,137438953472.0,92274696.0,rtx4080,0.692187428474426,0.6889984130859372,0.6927579402923586,0.003338463226229,133.30882966680352,198.5574250819811,1489.4544163223252,0.0002176910947441,67108864,NVIDIA GeForce RTX 4080
gemm,fp8_e4m3,warm,2048.0,8192.0,8192.0,0.0,117440520.0,274877906944.0,117440520.0,rtx4080,1.36869418621063,1.36847655773163,1.369083571434024,0.000251797705844,85.80479202965427,200.83223097851217,2340.571269132664,0.0001937280562835,67108864,NVIDIA GeForce RTX 4080
