batch,prompt_length,repeat,step,gpu_decode_ms,wall_decode_ms
1,128,0,1,12.074239730834961,12.102133128792048
1,128,0,2,12.09609603881836,12.12439127266407
1,128,0,3,12.06339168548584,12.092399876564741
1,128,0,4,11.931839942932129,11.96030480787158
1,128,0,5,11.979647636413574,12.008633930236101
1,128,0,6,11.962847709655762,11.990468949079514
1,128,0,7,12.034591674804688,12.062342837452888
1,128,0,8,12.007967948913574,12.037351727485657
1,128,0,9,12.020671844482422,12.058630120009184
1,128,0,10,11.927424430847168,11.961620301008224
1,128,0,11,11.909088134765625,11.93795120343566
1,128,0,12,11.953632354736328,11.98489498347044
1,128,0,13,11.909152030944824,11.938243173062801
1,128,0,14,11.94934368133545,11.979252565652132
1,128,0,15,11.93990421295166,11.969787068665028
1,128,0,16,11.884639739990234,11.912977788597345
1,128,0,17,11.938176155090332,11.968305800110102
1,128,0,18,11.913727760314941,11.9431191124022
1,128,0,19,11.897088050842285,11.926216073334217
1,128,0,20,11.850208282470703,11.88404718413949
1,128,0,21,11.966079711914062,11.99505478143692
1,128,0,22,11.953984260559082,11.983043979853392
1,128,0,23,11.98095989227295,12.007825076580048
1,128,0,24,11.797120094299316,11.824511922895908
1,128,0,25,11.885248184204102,11.91389188170433
1,128,0,26,11.87657642364502,11.904571205377579
1,128,0,27,11.916000366210938,11.94405136629939
1,128,0,28,11.991935729980469,12.019250076264143
1,128,0,29,12.000351905822754,12.027695309370756
1,128,0,30,12.010784149169922,12.038861867040396
1,128,0,31,11.817343711853027,11.84495072811842
1,128,0,32,11.914719581604004,11.943238787353039
1,128,0,33,11.892831802368164,11.921680998057127
1,128,0,34,12.027935981750488,12.056887149810791
1,128,0,35,11.942367553710938,11.970676016062498
1,128,0,36,11.994624137878418,12.02385313808918
1,128,0,37,11.896384239196777,11.926139704883099
1,128,0,38,11.998496055603027,12.027421034872532
1,128,0,39,12.10086441040039,12.129253707826138
1,128,0,40,11.980031967163086,12.009521946310997
1,128,0,41,12.094016075134277,12.124300003051758
1,128,0,42,11.91708755493164,11.946564074605703
1,128,0,43,12.000160217285156,12.028617784380913
1,128,0,44,11.932095527648926,11.95956114679575
1,128,0,45,11.969280242919922,11.998197995126247
1,128,0,46,12.121024131774902,12.150828260928392
1,128,0,47,12.009663581848145,12.038333807140589
1,128,0,48,12.131584167480469,12.16009771451354
1,128,0,49,12.033151626586914,12.061362620443106
1,128,0,50,12.127424240112305,12.157258111983538
1,128,0,51,12.0731840133667,12.102115899324417
1,128,0,52,12.030464172363281,12.057987041771412
1,128,0,53,11.975359916687012,12.00307672843337
1,128,0,54,12.059167861938477,12.088365852832794
1,128,0,55,13.190303802490234,13.219310902059078
1,128,0,56,12.36678409576416,12.397258076816797
1,128,0,57,14.311519622802734,14.350082259625196
1,128,0,58,21.75449562072754,21.813412196934223
1,128,0,59,12.921695709228516,12.952871154993773
1,128,0,60,12.01318359375,12.041972950100899
1,128,0,61,11.851136207580566,11.87980268150568
1,128,0,62,11.781503677368164,11.809769086539745
1,128,0,63,11.868127822875977,11.895996052771807
1,128,1,1,11.983743667602539,12.013972271233797
1,128,1,2,11.893376350402832,11.921192985028028
1,128,1,3,11.813887596130371,11.843021027743816
1,128,1,4,11.916607856750488,11.944949626922607
1,128,1,5,11.872384071350098,11.899503413587809
1,128,1,6,11.83836841583252,11.867249850183725
1,128,1,7,11.942463874816895,11.970363091677427
1,128,1,8,11.946111679077148,11.974894907325506
1,128,1,9,11.881855964660645,11.910197790712118
1,128,1,10,11.886943817138672,11.916704010218382
1,128,1,11,11.836799621582031,11.866379994899035
1,128,1,12,11.90601634979248,11.935350019484758
1,128,1,13,11.794816017150879,11.82457571849227
1,128,1,14,11.86291217803955,11.891008354723454
1,128,1,15,11.842656135559082,11.87069108709693
1,128,1,16,11.868288040161133,11.897039134055376
1,128,1,17,11.871295928955078,11.906531173735857
1,128,1,18,11.882335662841797,11.912163347005844
1,128,1,19,11.956768035888672,11.984867043793201
1,128,1,20,11.858048439025879,11.88640808686614
1,128,1,21,11.8438081741333,11.870662216097116
1,128,1,22,11.748479843139648,11.776766739785671
1,128,1,23,11.851072311401367,11.879859957844019
1,128,1,24,12.011327743530273,12.041016016155481
1,128,1,25,11.97913646697998,12.007685378193855
1,128,1,26,12.040287971496582,12.068144045770168
1,128,1,27,11.90227222442627,11.931066866964102
1,128,1,28,11.932191848754883,11.96160539984703
1,128,1,29,11.969023704528809,11.997726745903492
1,128,1,30,11.867263793945312,11.895643547177315
1,128,1,31,11.88368034362793,11.911410838365555
1,128,1,32,11.928223609924316,11.957019101828337
1,128,1,33,11.983424186706543,12.012931052595377
1,128,1,34,11.91919994354248,11.947699822485447
1,128,1,35,11.946975708007812,11.975808069109917
1,128,1,36,11.884415626525879,11.91332982853055
1,128,1,37,11.817248344421387,11.845621280372143
1,128,1,38,11.815999984741211,11.849988251924515
1,128,1,39,11.754624366760254,11.782154906541109
1,128,1,40,11.782655715942383,11.811417993158102
1,128,1,41,11.90988826751709,11.93870510905981
1,128,1,42,11.82249641418457,11.850323993712664
1,128,1,43,11.94320011138916,11.97313517332077
1,128,1,44,11.948063850402832,11.976508423686028
1,128,1,45,11.769696235656738,11.797841638326645
1,128,1,46,11.814111709594727,11.843868996948004
1,128,1,47,11.763968467712402,11.792236007750034
1,128,1,48,11.884511947631836,11.91432774066925
1,128,1,49,11.790176391601562,11.819546110928059
1,128,1,50,11.794783592224121,11.822528671473265
1,128,1,51,11.814240455627441,11.842116713523865
1,128,1,52,11.856287956237793,11.885016225278378
1,128,1,53,11.760671615600586,11.787715833634138
1,128,1,54,11.731231689453125,11.758530046790838
1,128,1,55,11.776576042175293,11.804761830717325
1,128,1,56,11.795968055725098,11.825953144580126
1,128,1,57,11.813535690307617,11.84086874127388
1,128,1,58,11.768351554870605,11.795567814260721
1,128,1,59,11.755104064941406,11.783097870647907
1,128,1,60,11.872960090637207,11.90181728452444
1,128,1,61,11.811519622802734,11.840599123388529
1,128,1,62,11.874367713928223,11.903475970029831
1,128,1,63,11.87228775024414,11.901781894266605
1,128,2,1,11.902112007141113,11.928885243833065
1,128,2,2,11.736479759216309,11.762233916670084
1,128,2,3,11.75158405303955,11.778315994888544
1,128,2,4,11.797247886657715,11.825970839709044
1,128,2,5,11.826944351196289,11.855026707053185
1,128,2,6,11.785056114196777,11.812096927314997
1,128,2,7,11.769536018371582,11.795432772487402
1,128,2,8,11.690143585205078,11.71659491956234
1,128,2,9,11.763744354248047,11.791094671934843
1,128,2,10,11.684224128723145,11.7106968536973
1,128,2,11,11.628928184509277,11.655964888632298
1,128,2,12,11.648799896240234,11.676379945129156
1,128,2,13,11.63696002960205,11.665720026940107
1,128,2,14,11.694432258605957,11.729664634913206
1,128,2,15,11.686623573303223,11.713758111000061
1,128,2,16,11.692480087280273,11.719641275703907
1,128,2,17,11.753888130187988,11.781889945268631
1,128,2,18,11.734975814819336,11.762200854718685
1,128,2,19,11.765727996826172,11.792626697570086
1,128,2,20,11.870112419128418,11.897214222699404
1,128,2,21,11.733344078063965,11.760871857404709
1,128,2,22,11.642687797546387,11.670305859297514
1,128,2,23,11.751551628112793,11.778810992836952
1,128,2,24,11.776512145996094,11.804047040641308
1,128,2,25,11.728351593017578,11.755038984119892
1,128,2,26,11.798208236694336,11.828198097646236
1,128,2,27,11.750975608825684,11.776651255786419
1,128,2,28,11.757568359375,11.790940072387457
1,128,2,29,11.772512435913086,11.799128726124763
1,128,2,30,11.722047805786133,11.749258264899254
1,128,2,31,11.667167663574219,11.6922277957201
1,128,2,32,11.74623966217041,11.773006990551949
1,128,2,33,11.646559715270996,11.673297733068466
1,128,2,34,11.595232009887695,11.621585115790367
1,128,2,35,11.629280090332031,11.65500096976757
1,128,2,36,11.63548755645752,11.661147233098745
1,128,2,37,11.49510383605957,11.519917752593756
1,128,2,38,11.605792045593262,11.633871123194695
1,128,2,39,11.545536041259766,11.571031995117664
1,128,2,40,11.554656028747559,11.579480953514576
1,128,2,41,11.670528411865234,11.696549132466316
1,128,2,42,11.68832015991211,11.716173030436039
1,128,2,43,11.718015670776367,11.744588147848845
1,128,2,44,11.685919761657715,11.711790226399899
1,128,2,45,11.589471817016602,11.615217197686434
1,128,2,46,11.674752235412598,11.700422037392855
1,128,2,47,11.61404800415039,11.640229262411594
1,128,2,48,11.675935745239258,11.703392956405878
1,128,2,49,11.752351760864258,11.779686901718378
1,128,2,50,11.651776313781738,11.678705923259258
1,128,2,51,11.756959915161133,11.783536057919264
1,128,2,52,11.771712303161621,11.797849088907242
1,128,2,53,11.705856323242188,11.738528963178396
1,128,2,54,11.696991920471191,11.724240146577358
1,128,2,55,11.63913631439209,11.666079983115196
1,128,2,56,11.633407592773438,11.660060845315456
1,128,2,57,11.620160102844238,11.646778788417578
1,128,2,58,11.686431884765625,11.712272185832262
1,128,2,59,11.614399909973145,11.639486998319626
1,128,2,60,11.638431549072266,11.66420802474022
1,128,2,61,11.697823524475098,11.724013835191727
1,128,2,62,11.610527992248535,11.635913979262114
1,128,2,63,11.632096290588379,11.65815070271492
1,128,3,1,11.780287742614746,11.808388866484165
1,128,3,2,11.688735961914062,11.715400032699108
1,128,3,3,11.660096168518066,11.685874313116074
1,128,3,4,11.675583839416504,11.701995972543955
1,128,3,5,11.675616264343262,11.701836716383696
1,128,3,6,11.747551918029785,11.775844264775515
1,128,3,7,11.845919609069824,11.872984003275633
1,128,3,8,11.82960033416748,11.858727782964706
1,128,3,9,11.80777645111084,11.833939235657454
1,128,3,10,11.748319625854492,11.773821897804737
1,128,3,11,11.677824020385742,11.704789008945227
1,128,3,12,11.753824234008789,11.783692985773087
1,128,3,13,11.769920349121094,11.79613173007965
1,128,3,14,11.746496200561523,11.772418860346079
1,128,3,15,11.729599952697754,11.756293941289186
1,128,3,16,11.77017593383789,11.799330823123455
1,128,3,17,11.793120384216309,11.821070220321417
1,128,3,18,11.661696434020996,11.696632951498032
1,128,3,19,11.691519737243652,11.717529036104679
1,128,3,20,11.680383682250977,11.708145029842854
1,128,3,21,12.278656005859375,12.30731699615717
1,128,3,22,11.765503883361816,11.792195029556751
1,128,3,23,11.77286434173584,11.80112874135375
1,128,3,24,11.763456344604492,11.794999241828918
1,128,3,25,11.686847686767578,11.717371642589569
1,128,3,26,11.817472457885742,11.845482978969812
1,128,3,27,11.822527885437012,11.850425973534584
1,128,3,28,11.850239753723145,11.878036428242922
1,128,3,29,11.916864395141602,11.94424880668521
1,128,3,30,11.793791770935059,11.82219386100769
1,128,3,31,11.843328475952148,11.870827991515398
1,128,3,32,11.831328392028809,11.860608123242855
1,128,3,33,11.844415664672852,11.873003095388412
1,128,3,34,11.754783630371094,11.78409205749631
1,128,3,35,11.866527557373047,11.895203031599522
1,128,3,36,11.970047950744629,12.001166120171547
1,128,3,37,11.756863594055176,11.785014998167753
1,128,3,38,11.801952362060547,11.830186937004328
1,128,3,39,11.887519836425781,11.91700529307127
1,128,3,40,11.857343673706055,11.887679807841778
1,128,3,41,11.87161636352539,11.900296900421381
1,128,3,42,11.759072303771973,11.788451112806797
1,128,3,43,11.98572826385498,12.014410924166441
1,128,3,44,11.964672088623047,11.993229854851961
1,128,3,45,11.915552139282227,11.94473309442401
1,128,3,46,11.892064094543457,11.921815108507872
1,128,3,47,12.000800132751465,12.029692064970732
1,128,3,48,11.947615623474121,11.975942179560661
1,128,3,49,11.927328109741211,11.95547915995121
1,128,3,50,11.925375938415527,11.952927801758051
1,128,3,51,11.885120391845703,11.914094910025597
1,128,3,52,11.891648292541504,11.921112891286612
1,128,3,53,11.931679725646973,11.962776072323322
1,128,3,54,11.92959976196289,11.958313640207052
1,128,3,55,11.84067153930664,11.86989014968276
1,128,3,56,11.955327987670898,11.983566917479038
1,128,3,57,11.956480026245117,11.985871009528637
1,128,3,58,11.911904335021973,11.942270677536726
1,128,3,59,11.885855674743652,11.915670242160559
1,128,3,60,11.907008171081543,11.935514863580465
1,128,3,61,11.982175827026367,12.011907994747162
1,128,3,62,11.94495964050293,11.974018067121506
1,128,3,63,12.020256042480469,12.050032150000334
1,128,4,1,11.943840026855469,11.97164412587881
1,128,4,2,11.947872161865234,11.975910980254412
1,128,4,3,11.954079627990723,11.984213255345821
1,128,4,4,11.94918441772461,11.977604124695063
1,128,4,5,12.037216186523438,12.066354975104332
1,128,4,6,11.973919868469238,12.001746334135532
1,128,4,7,11.885248184204102,11.915346141904593
1,128,4,8,11.95308780670166,11.982148978859186
1,128,4,9,12.003935813903809,12.03370513394475
1,128,4,10,11.876704216003418,11.905713938176632
1,128,4,11,11.97436809539795,12.003990821540356
1,128,4,12,11.900735855102539,11.930209584534168
1,128,4,13,12.091679573059082,12.121243868023157
1,128,4,14,11.937952041625977,11.966934893280268
1,128,4,15,11.864352226257324,11.890861205756664
1,128,4,16,11.899359703063965,11.927743908017874
1,128,4,17,11.882719993591309,11.91011443734169
1,128,4,18,11.908096313476562,11.936226859688759
1,128,4,19,11.962719917297363,11.990983039140701
1,128,4,20,11.962944030761719,11.992504820227623
1,128,4,21,11.876192092895508,11.90368877723813
1,128,4,22,11.822784423828125,11.851256247609854
1,128,4,23,11.909440040588379,11.937276925891638
1,128,4,24,11.812383651733398,11.840739753097296
1,128,4,25,11.881376266479492,11.911006178706884
1,128,4,26,12.016192436218262,12.044474016875029
1,128,4,27,12.07158374786377,12.098920065909624
1,128,4,28,11.98579216003418,12.016274966299534
1,128,4,29,11.989824295043945,12.017826084047556
1,128,4,30,11.926783561706543,11.956245172768831
1,128,4,31,11.988896369934082,12.019068002700806
1,128,4,32,12.07436752319336,12.104416731745005
1,128,4,33,12.073823928833008,12.103465851396322
1,128,4,34,11.854304313659668,11.882485821843147
1,128,4,35,11.975808143615723,12.004583142697811
1,128,4,36,11.918560028076172,11.94885978475213
1,128,4,37,11.82800006866455,11.857148725539446
1,128,4,38,12.017184257507324,12.049759738147259
1,128,4,39,11.870304107666016,11.899302713572979
1,128,4,40,11.905887603759766,11.93415466696024
1,128,4,41,11.90236759185791,11.929995846003294
1,128,4,42,11.898015975952148,11.92749897018075
1,128,4,43,11.994144439697266,12.02191598713398
1,128,4,44,11.877216339111328,11.904802173376083
1,128,4,45,11.967040061950684,11.99630182236433
1,128,4,46,12.107040405273438,12.134657707065344
1,128,4,47,11.848287582397461,11.87713723629713
1,128,4,48,11.876031875610352,11.915117967873812
1,128,4,49,12.018624305725098,12.04576576128602
1,128,4,50,12.019552230834961,12.049347162246704
1,128,4,51,11.957568168640137,11.986101046204567
1,128,4,52,11.892352104187012,11.921741999685764
1,128,4,53,11.875967979431152,11.907412204891443
1,128,4,54,11.953472137451172,11.983478907495737
1,128,4,55,11.924256324768066,11.953679844737053
1,128,4,56,11.92745590209961,11.9559271261096
1,128,4,57,11.790847778320312,11.81870885193348
1,128,4,58,11.798111915588379,11.826400645077229
1,128,4,59,11.632672309875488,11.660420801490545
1,128,4,60,11.681695938110352,11.708175297826529
1,128,4,61,11.828767776489258,11.857257690280676
1,128,4,62,11.823136329650879,11.851903051137924
1,128,4,63,12.82476806640625,12.853177264332771
1,128,5,1,11.879520416259766,11.906704865396023
1,128,5,2,11.858367919921875,11.885656975209713
1,128,5,3,11.73033618927002,11.758293956518173
1,128,5,4,11.759712219238281,11.788191739469767
1,128,5,5,18.832416534423828,18.866002094000578
1,128,5,6,17.021440505981445,17.061212100088596
1,128,5,7,12.43388843536377,12.465576641261578
1,128,5,8,11.812735557556152,11.84214185923338
1,128,5,9,11.843520164489746,11.870703659951687
1,128,5,10,11.8024320602417,11.830434203147888
1,128,5,11,11.74608039855957,11.77950669080019
1,128,5,12,11.810624122619629,11.839673854410648
1,128,5,13,11.960543632507324,11.989722028374672
1,128,5,14,11.804096221923828,11.832559015601873
1,128,5,15,11.771648406982422,11.79979182779789
1,128,5,16,11.81334400177002,11.842233594506979
1,128,5,17,11.8722562789917,11.899577919393778
1,128,5,18,11.822431564331055,11.850684881210327
1,128,5,19,11.812447547912598,11.840314138680696
1,128,5,20,11.918335914611816,11.947683990001678
1,128,5,21,11.908479690551758,11.938147712498903
1,128,5,22,12.018400192260742,12.048072181642056
1,128,5,23,11.999679565429688,12.027787044644356
1,128,5,24,11.901408195495605,11.929184198379517
1,128,5,25,11.898943901062012,11.927494779229164
1,128,5,26,11.894783973693848,11.922375299036503
1,128,5,27,11.880319595336914,11.909636203199625
1,128,5,28,11.896896362304688,11.925172992050648
1,128,5,29,12.144224166870117,12.17268081381917
1,128,5,30,11.870207786560059,11.89846033230424
1,128,5,31,11.87673568725586,11.90528180450201
1,128,5,32,11.967488288879395,11.99687970802188
1,128,5,33,11.778623580932617,11.807703878730536
1,128,5,34,11.890591621398926,11.925245635211468
1,128,5,35,11.823583602905273,11.851576156914234
1,128,5,36,11.9136962890625,11.942379176616669
1,128,5,37,11.743871688842773,11.77258137613535
1,128,5,38,11.935872077941895,11.96462381631136
1,128,5,39,11.761024475097656,11.789107229560614
1,128,5,40,11.742015838623047,11.769861914217472
1,128,5,41,11.882975578308105,11.911445762962103
1,128,5,42,11.819680213928223,11.849136091768742
1,128,5,43,11.854304313659668,11.884641833603382
1,128,5,44,11.84505558013916,11.872901115566492
1,128,5,45,11.83903980255127,11.86765218153596
1,128,5,46,12.129023551940918,12.157957069575787
1,128,5,47,12.01478385925293,12.044994626194239
1,128,5,48,12.058272361755371,12.086394242942333
1,128,5,49,11.968640327453613,11.999009177088737
1,128,5,50,11.88265609741211,11.910476256161928
1,128,5,51,11.906559944152832,11.934780981391668
1,128,5,52,11.945440292358398,11.973087210208178
1,128,5,53,11.843520164489746,11.871485970914364
1,128,5,54,11.89516830444336,11.923457961529493
1,128,5,55,11.963135719299316,11.992250103503466
1,128,5,56,11.873727798461914,11.902434285730124
1,128,5,57,11.8788480758667,11.908083222806454
1,128,5,58,11.787775993347168,11.815725360065699
1,128,5,59,11.74073600769043,11.767726857215166
1,128,5,60,11.78991985321045,11.817559599876404
1,128,5,61,11.881183624267578,11.908215004950762
1,128,5,62,11.840096473693848,11.867265217006207
1,128,5,63,11.796159744262695,11.825241148471832
1,128,6,1,11.898783683776855,11.926291044801474
1,128,6,2,11.953023910522461,11.979972012341022
1,128,6,3,11.834207534790039,11.86113664880395
1,128,6,4,11.869983673095703,11.89800025895238
1,128,6,5,11.85644817352295,11.884336825460196
1,128,6,6,11.966943740844727,11.995919048786163
1,128,6,7,11.77667236328125,11.804758105427027
1,128,6,8,11.809184074401855,11.838778853416443
1,128,6,9,11.994720458984375,12.021983973681927
1,128,6,10,11.894207954406738,11.923606973141432
1,128,6,11,11.707967758178711,11.735430918633938
1,128,6,12,11.852448463439941,11.879244819283485
1,128,6,13,11.834815979003906,11.862754821777344
1,128,6,14,11.803296089172363,11.830251663923264
1,128,6,15,11.714912414550781,11.743003036826849
1,128,6,16,11.739680290222168,11.768156196922064
1,128,6,17,11.785887718200684,11.813688091933727
1,128,6,18,11.815775871276855,11.843280866742134
1,128,6,19,11.860735893249512,11.886795051395893
1,128,6,20,11.692000389099121,11.718021240085363
1,128,6,21,11.612159729003906,11.63715310394764
1,128,6,22,11.675871849060059,11.70100923627615
1,128,6,23,11.739392280578613,11.765747796744108
1,128,6,24,11.638879776000977,11.666090227663517
1,128,6,25,11.624128341674805,11.651288252323866
1,128,6,26,11.694527626037598,11.721913237124681
1,128,6,27,11.798399925231934,11.824461165815592
1,128,6,28,11.83836841583252,11.863627936691046
1,128,6,29,11.804351806640625,11.831479147076607
1,128,6,30,11.905664443969727,11.931775603443384
1,128,6,31,11.828096389770508,11.854989919811487
1,128,6,32,11.784095764160156,11.810361873358488
1,128,6,33,11.779680252075195,11.808409821242094
1,128,6,34,11.742560386657715,11.772150173783302
1,128,6,35,11.800191879272461,11.82697108015418
1,128,6,36,11.827903747558594,11.854381300508976
1,128,6,37,11.836864471435547,11.863995809108019
1,128,6,38,12.008928298950195,12.036030180752277
1,128,6,39,11.776384353637695,11.80339278653264
1,128,6,40,11.687423706054688,11.716295033693314
1,128,6,41,11.77184009552002,11.800394859164953
1,128,6,42,11.743904113769531,11.77099859341979
1,128,6,43,11.879551887512207,11.90679194405675
1,128,6,44,11.841376304626465,11.86909107491374
1,128,6,45,11.795328140258789,11.821818072348833
1,128,6,46,11.790975570678711,11.81835401803255
1,128,6,47,11.833151817321777,11.860203929245472
1,128,6,48,11.752320289611816,11.779290158301592
1,128,6,49,12.041152000427246,12.069553136825562
1,128,6,50,11.807104110717773,11.836037039756775
1,128,6,51,11.807328224182129,11.834721080958843
1,128,6,52,11.752799987792969,11.779727879911661
1,128,6,53,11.723520278930664,11.75065292045474
1,128,6,54,11.855551719665527,11.882863007485867
1,128,6,55,11.773183822631836,11.800430249422789
1,128,6,56,11.76956844329834,11.796990875154734
1,128,6,57,11.786016464233398,11.813554912805557
1,128,6,58,11.708479881286621,11.73574011772871
1,128,6,59,11.664608001708984,11.693073902279139
1,128,6,60,11.74681568145752,11.774391867220402
1,128,6,61,11.711199760437012,11.738305911421776
1,128,6,62,11.76364803314209,11.791829019784927
1,128,6,63,11.752351760864258,11.77808316424489
1,1024,0,1,12.056768417358398,12.090416625142097
1,1024,0,2,12.100288391113281,12.129751965403557
1,1024,0,3,11.990912437438965,12.020869180560112
1,1024,0,4,11.861824035644531,11.89013198018074
1,1024,0,5,11.860128402709961,11.88984839245677
1,1024,0,6,11.864031791687012,11.891891714185476
1,1024,0,7,12.004096031188965,12.0323421433568
1,1024,0,8,11.824640274047852,11.852300725877285
1,1024,0,9,11.84489631652832,11.87342032790184
1,1024,0,10,11.831392288208008,11.859588790684938
1,1024,0,11,11.635680198669434,11.663155630230904
1,1024,0,12,11.810624122619629,11.838825885206461
1,1024,0,13,11.825471878051758,11.853499803692102
1,1024,0,14,11.924480438232422,11.952848173677921
1,1024,0,15,11.981568336486816,12.0106041431427
1,1024,0,16,11.830495834350586,11.865671258419752
1,1024,0,17,11.82579231262207,11.853329837322235
1,1024,0,18,11.789600372314453,11.817296966910362
1,1024,0,19,12.012224197387695,12.039151974022388
1,1024,0,20,11.89465618133545,11.924706865102053
1,1024,0,21,12.058783531188965,12.087307870388031
1,1024,0,22,11.82863998413086,11.856799013912678
1,1024,0,23,11.826208114624023,11.853414122015238
1,1024,0,24,11.875840187072754,11.903710663318634
1,1024,0,25,11.804863929748535,11.832882184535265
1,1024,0,26,11.883487701416016,11.911299079656601
1,1024,0,27,11.799519538879395,11.828063055872917
1,1024,0,28,11.805567741394043,11.834284290671349
1,1024,0,29,11.822303771972656,11.850692797452211
1,1024,0,30,11.831680297851562,11.860313825309277
1,1024,0,31,11.78991985321045,11.818661354482174
1,1024,0,32,11.87606430053711,11.906172148883343
1,1024,0,33,12.024703979492188,12.05327408388257
1,1024,0,34,11.82960033416748,11.85751985758543
1,1024,0,35,11.806367874145508,11.832889169454575
1,1024,0,36,11.830080032348633,11.857294011861086
1,1024,0,37,11.768416404724121,11.795248836278915
1,1024,0,38,11.715616226196289,11.743186041712761
1,1024,0,39,11.868127822875977,11.897420044988394
1,1024,0,40,11.76144027709961,11.790551245212555
1,1024,0,41,11.78867244720459,11.816950049251318
1,1024,0,42,11.81760025024414,11.844933032989502
1,1024,0,43,11.71555233001709,11.742620263248682
1,1024,0,44,11.873760223388672,11.901073157787323
1,1024,0,45,11.78268814086914,11.808902025222778
1,1024,0,46,12.061087608337402,12.088249903172255
1,1024,0,47,11.750720024108887,11.778880376368761
1,1024,0,48,11.85324764251709,11.882126331329346
1,1024,0,49,11.885408401489258,11.915873736143112
1,1024,0,50,11.788031578063965,11.81682012975216
1,1024,0,51,11.753439903259277,11.780811939388514
1,1024,0,52,11.871359825134277,11.89995277673006
1,1024,0,53,11.845696449279785,11.873538140207529
1,1024,0,54,11.910271644592285,11.939154006540775
1,1024,0,55,11.803199768066406,11.831782292574644
1,1024,0,56,11.819744110107422,11.847853660583496
1,1024,0,57,11.869952201843262,11.89883891493082
1,1024,0,58,11.694527626037598,11.72200683504343
1,1024,0,59,11.836832046508789,11.865769978612661
1,1024,0,60,11.82857608795166,11.85595104470849
1,1024,0,61,11.763199806213379,11.79051399230957
1,1024,0,62,11.866656303405762,11.894637253135443
1,1024,0,63,11.77184009552002,11.799690313637257
1,1024,1,1,12.194304466247559,12.232944834977388
1,1024,1,2,11.818655967712402,11.852774769067764
1,1024,1,3,11.928544044494629,11.958382558077574
1,1024,1,4,11.850432395935059,11.878950987011194
1,1024,1,5,11.76255989074707,11.789842043071985
1,1024,1,6,11.83948802947998,11.867810972034931
1,1024,1,7,11.944640159606934,11.972082313150167
1,1024,1,8,11.796544075012207,11.825371067970991
1,1024,1,9,11.831808090209961,11.860674247145653
1,1024,1,10,11.74176025390625,11.770232114940882
1,1024,1,11,11.800671577453613,11.829291004687548
1,1024,1,12,11.752448081970215,11.779787950217724
1,1024,1,13,11.732671737670898,11.759955901652575
1,1024,1,14,11.781184196472168,11.809259187430143
1,1024,1,15,11.717568397521973,11.745361145585775
1,1024,1,16,11.701408386230469,11.729659978300333
1,1024,1,17,11.799488067626953,11.829247698187828
1,1024,1,18,11.75113582611084,11.780041735619307
1,1024,1,19,11.808320045471191,11.835017707198858
1,1024,1,20,11.881759643554688,11.910227127373219
1,1024,1,21,11.998047828674316,12.025289237499237
1,1024,1,22,11.888799667358398,11.915519833564758
1,1024,1,23,11.829279899597168,11.857159901410341
1,1024,1,24,11.819616317749023,11.847171001136303
1,1024,1,25,11.821120262145996,11.848644353449345
1,1024,1,26,11.772735595703125,11.801265180110931
1,1024,1,27,11.765952110290527,11.794282589107752
1,1024,1,28,11.819104194641113,11.848689056932926
1,1024,1,29,11.787455558776855,11.814413126558065
1,1024,1,30,11.871647834777832,11.897874064743519
1,1024,1,31,11.832223892211914,11.859456077218056
1,1024,1,32,11.854399681091309,11.882042977958918
1,1024,1,33,11.921952247619629,11.949602980166674
1,1024,1,34,11.872832298278809,11.902133002877235
1,1024,1,35,11.853568077087402,11.881422717124224
1,1024,1,36,11.791744232177734,11.818911880254745
1,1024,1,37,11.851743698120117,11.880334001034498
1,1024,1,38,11.78495979309082,11.81252021342516
1,1024,1,39,11.758943557739258,11.793977115303278
1,1024,1,40,11.79155158996582,11.818904895335436
1,1024,1,41,11.943391799926758,11.976320762187243
1,1024,1,42,11.849791526794434,11.878646910190582
1,1024,1,43,11.744959831237793,11.771478690207005
1,1024,1,44,11.74828815460205,11.776751838624477
1,1024,1,45,11.833151817321777,11.861395090818405
1,1024,1,46,11.803520202636719,11.8314060382545
1,1024,1,47,11.776927947998047,11.804533656686544
1,1024,1,48,11.774911880493164,11.802535969763994
1,1024,1,49,11.980511665344238,12.008576653897762
1,1024,1,50,12.050463676452637,12.078586034476757
1,1024,1,51,11.880000114440918,11.907028034329414
1,1024,1,52,11.804224014282227,11.831745970994234
1,1024,1,53,11.701824188232422,11.728898156434298
1,1024,1,54,11.695679664611816,11.723605915904045
1,1024,1,55,11.712096214294434,11.741214897483587
1,1024,1,56,11.613823890686035,11.641982942819595
1,1024,1,57,11.811967849731445,11.83999190106988
1,1024,1,58,11.785183906555176,11.812263168394566
1,1024,1,59,11.725184440612793,11.7536261677742
1,1024,1,60,11.736800193786621,11.763629037886858
1,1024,1,61,11.763487815856934,11.791272088885307
1,1024,1,62,11.698464393615723,11.726619210094213
1,1024,1,63,11.672575950622559,11.700536124408245
1,1024,2,1,12.008607864379883,12.038412969559431
1,1024,2,2,11.823360443115234,11.851761024445295
1,1024,2,3,11.78377628326416,11.80998282507062
1,1024,2,4,11.715328216552734,11.74252200871706
1,1024,2,5,11.742112159729004,11.76852360367775
1,1024,2,6,11.690688133239746,11.717301327735186
1,1024,2,7,11.683103561401367,11.711828410625458
1,1024,2,8,11.694016456604004,11.72226620838046
1,1024,2,9,11.727904319763184,11.755337007343769
1,1024,2,10,11.853311538696289,11.881756130605936
1,1024,2,11,11.751392364501953,11.779890861362219
1,1024,2,12,11.803135871887207,11.831014882773161
1,1024,2,13,11.77616024017334,11.803288012742996
1,1024,2,14,11.71622371673584,11.743946932256222
1,1024,2,15,11.761119842529297,11.78776379674673
1,1024,2,16,11.676799774169922,11.704940348863602
1,1024,2,17,11.639103889465332,11.667802929878235
1,1024,2,18,11.786784172058105,11.814175639301538
1,1024,2,19,11.82528018951416,11.854080017656088
1,1024,2,20,11.803296089172363,11.830395087599754
1,1024,2,21,11.682111740112305,11.709406971931458
1,1024,2,22,11.771424293518066,11.797734070569277
1,1024,2,23,11.678336143493652,11.714165098965168
1,1024,2,24,11.563679695129395,11.590145993977785
1,1024,2,25,11.599616050720215,11.625397950410843
1,1024,2,26,11.620063781738281,11.646292638033628
1,1024,2,27,11.629792213439941,11.655387002974749
1,1024,2,28,11.606911659240723,11.633854825049639
1,1024,2,29,11.603615760803223,11.630224995315075
1,1024,2,30,11.574687957763672,11.600076220929623
1,1024,2,31,11.557408332824707,11.583176907151937
1,1024,2,32,11.578975677490234,11.605509091168642
1,1024,2,33,11.569855690002441,11.597549077123404
1,1024,2,34,11.589759826660156,11.615384835749865
1,1024,2,35,11.526847839355469,11.552318930625916
1,1024,2,36,11.436511993408203,11.463132221251726
1,1024,2,37,11.49027156829834,11.514953803271055
1,1024,2,38,11.400735855102539,11.425482109189034
1,1024,2,39,11.484352111816406,11.509736999869347
1,1024,2,40,11.340096473693848,11.365368962287903
1,1024,2,41,11.398303985595703,11.424371972680092
1,1024,2,42,11.511775970458984,11.536974925547838
1,1024,2,43,11.404735565185547,11.430597864091396
1,1024,2,44,11.52297592163086,11.548624839633703
1,1024,2,45,11.524928092956543,11.550751980394125
1,1024,2,46,11.484064102172852,11.510336305946112
1,1024,2,47,11.3821439743042,11.408984195441008
1,1024,2,48,11.419360160827637,11.443937662988901
1,1024,2,49,11.379743576049805,11.405359022319317
1,1024,2,50,11.395711898803711,11.419804766774178
1,1024,2,51,11.361984252929688,11.386677157133818
1,1024,2,52,11.347935676574707,11.372259818017483
1,1024,2,53,11.3406400680542,11.364795733243227
1,1024,2,54,11.352607727050781,11.377738323062658
1,1024,2,55,11.355680465698242,11.37948501855135
1,1024,2,56,11.332096099853516,11.355835944414139
1,1024,2,57,11.352831840515137,11.377323884516954
1,1024,2,58,11.654175758361816,11.678414884954691
1,1024,2,59,11.372544288635254,11.396528221666813
1,1024,2,60,11.305248260498047,11.329384054988623
1,1024,2,61,11.354975700378418,11.37932576239109
1,1024,2,62,11.320256233215332,11.345013976097107
1,1024,2,63,11.410592079162598,11.435412801802158
1,1024,3,1,11.772383689880371,11.800131760537624
1,1024,3,2,11.56931209564209,11.594195384532213
1,1024,3,3,11.485600471496582,11.509774718433619
1,1024,3,4,11.469887733459473,11.49869617074728
1,1024,3,5,11.494208335876465,11.520319618284702
1,1024,3,6,11.505120277404785,11.529507115483284
1,1024,3,7,11.441568374633789,11.46582793444395
1,1024,3,8,11.491904258728027,11.516121681779623
1,1024,3,9,11.4651517868042,11.49002369493246
1,1024,3,10,11.419743537902832,11.444888077676296
1,1024,3,11,11.4683198928833,11.493626050651073
1,1024,3,12,11.571616172790527,11.599349789321423
1,1024,3,13,11.62172794342041,11.648177169263363
1,1024,3,14,11.572575569152832,11.606692802160978
1,1024,3,15,11.630559921264648,11.656756047159433
1,1024,3,16,11.616576194763184,11.643033940345049
1,1024,3,17,11.621696472167969,11.64946984499693
1,1024,3,18,11.713664054870605,11.74035295844078
1,1024,3,19,11.681280136108398,11.708857957273722
1,1024,3,20,11.71008014678955,11.738108936697245
1,1024,3,21,11.754783630371094,11.782809160649776
1,1024,3,22,11.821344375610352,11.850308161228895
1,1024,3,23,11.737312316894531,11.765415780246258
1,1024,3,24,11.88326358795166,11.911711655557156
1,1024,3,25,11.790047645568848,11.816756799817085
1,1024,3,26,11.809887886047363,11.83715695515275
1,1024,3,27,11.750687599182129,11.778831016272306
1,1024,3,28,11.823455810546875,11.850734241306782
1,1024,3,29,11.818559646606445,11.846546083688736
1,1024,3,30,11.724831581115723,11.751482728868723
1,1024,3,31,11.687264442443848,11.714205145835876
1,1024,3,32,11.753055572509766,11.779867112636566
1,1024,3,33,11.791711807250977,11.818787083029747
1,1024,3,34,11.733728408813477,11.760721914470196
1,1024,3,35,11.70297622680664,11.73004088923335
1,1024,3,36,11.793696403503418,11.821542866528034
1,1024,3,37,11.785823822021484,11.812670156359673
1,1024,3,38,11.722240447998047,11.748786084353924
1,1024,3,39,11.779199600219727,11.80743332952261
1,1024,3,40,11.702752113342285,11.72863319516182
1,1024,3,41,11.709759712219238,11.735958978533745
1,1024,3,42,11.81824016571045,11.846138164401054
1,1024,3,43,11.745408058166504,11.773292906582355
1,1024,3,44,11.738688468933105,11.766132898628712
1,1024,3,45,11.878432273864746,11.905396822839975
1,1024,3,46,11.86508846282959,11.891968082636595
1,1024,3,47,11.835007667541504,11.862022336572409
1,1024,3,48,11.77785587310791,11.806245893239975
1,1024,3,49,11.850432395935059,11.877167969942093
1,1024,3,50,11.782560348510742,11.808604933321476
1,1024,3,51,11.825216293334961,11.852146126329899
1,1024,3,52,11.771552085876465,11.799383908510208
1,1024,3,53,12.749247550964355,12.776226736605167
1,1024,3,54,11.867263793945312,11.895962059497833
1,1024,3,55,21.2794246673584,21.31158532574773
1,1024,3,56,15.220735549926758,15.258606057614088
1,1024,3,57,12.186400413513184,12.215865310281515
1,1024,3,58,11.78428840637207,11.812335811555386
1,1024,3,59,11.743680000305176,11.771826073527336
1,1024,3,60,11.7293119430542,11.758042965084314
1,1024,3,61,11.827936172485352,11.85766700655222
1,1024,3,62,11.816032409667969,11.84427971020341
1,1024,3,63,11.818143844604492,11.849054601043463
1,1024,4,1,12.042048454284668,12.07323418930173
1,1024,4,2,11.848159790039062,11.875474825501442
1,1024,4,3,11.777152061462402,11.804333422333002
1,1024,4,4,11.822751998901367,11.849930044263601
1,1024,4,5,19.780256271362305,19.812458660453558
1,1024,4,6,16.007776260375977,16.043951734900475
1,1024,4,7,12.333951950073242,12.362183071672916
1,1024,4,8,11.825535774230957,11.853489093482494
1,1024,4,9,11.75648021697998,11.784469243139029
1,1024,4,10,11.705951690673828,11.733627878129482
1,1024,4,11,11.725024223327637,11.753545608371496
1,1024,4,12,11.738719940185547,11.766558978706598
1,1024,4,13,11.770048141479492,11.796347796916962
1,1024,4,14,11.717184066772461,11.74899097532034
1,1024,4,15,11.835552215576172,11.864342261105776
1,1024,4,16,11.79248046875,11.820752173662186
1,1024,4,17,11.748384475708008,11.775754857808352
1,1024,4,18,11.717663764953613,11.743130162358284
1,1024,4,19,11.664799690246582,11.692434083670378
1,1024,4,20,11.705727577209473,11.732970364391804
1,1024,4,21,11.8187837600708,11.84734283015132
1,1024,4,22,11.783424377441406,11.811865027993917
1,1024,4,23,11.802623748779297,11.829866096377373
1,1024,4,24,11.762335777282715,11.790488846600056
1,1024,4,25,11.811455726623535,11.840388178825378
1,1024,4,26,11.735360145568848,11.762598995119333
1,1024,4,27,11.785408020019531,11.81191997602582
1,1024,4,28,11.722463607788086,11.750100180506706
1,1024,4,29,11.766912460327148,11.794500052928925
1,1024,4,30,11.740447998046875,11.76849426701665
1,1024,4,31,11.661727905273438,11.689899023622274
1,1024,4,32,11.852255821228027,11.881153099238873
1,1024,4,33,11.849727630615234,11.87692815437913
1,1024,4,34,11.809632301330566,11.837270110845566
1,1024,4,35,11.834367752075195,11.86206704005599
1,1024,4,36,11.897024154663086,11.924590915441513
1,1024,4,37,11.798720359802246,11.826295871287584
1,1024,4,38,11.695455551147461,11.723111849278212
1,1024,4,39,11.896896362304688,11.926391161978245
1,1024,4,40,11.829855918884277,11.858577840030193
1,1024,4,41,11.939647674560547,11.968355160206556
1,1024,4,42,11.89891242980957,11.927066836506128
1,1024,4,43,11.87724781036377,11.904804036021233
1,1024,4,44,12.011136054992676,12.03909795731306
1,1024,4,45,11.921279907226562,11.949284002184868
1,1024,4,46,11.896032333374023,11.923776008188725
1,1024,4,47,11.935839653015137,11.97107182815671
1,1024,4,48,11.772671699523926,11.801661923527718
1,1024,4,49,11.821696281433105,11.848865076899529
1,1024,4,50,11.818495750427246,11.846456676721573
1,1024,4,51,11.76211166381836,11.789995711296797
1,1024,4,52,11.875295639038086,11.90340705215931
1,1024,4,53,11.97708797454834,12.004440184682608
1,1024,4,54,11.886048316955566,11.913977097719908
1,1024,4,55,11.840864181518555,11.8695511482656
1,1024,4,56,11.941056251525879,11.969204992055893
1,1024,4,57,11.9017915725708,11.929166968911886
1,1024,4,58,11.77295970916748,11.800698935985565
1,1024,4,59,11.95587158203125,11.98397483676672
1,1024,4,60,11.83011245727539,11.859064921736717
1,1024,4,61,11.801407814025879,11.829691007733345
1,1024,4,62,11.79651165008545,11.825192254036665
1,1024,4,63,11.71020793914795,11.73823093995452
1,1024,5,1,12.123583793640137,12.156602926552296
1,1024,5,2,12.04911994934082,12.077352032065392
1,1024,5,3,11.915840148925781,11.94358104839921
1,1024,5,4,11.920512199401855,11.949306819587946
1,1024,5,5,11.865152359008789,11.893917806446552
1,1024,5,6,11.764512062072754,11.791861616075039
1,1024,5,7,11.845952033996582,11.87393581494689
1,1024,5,8,11.807744026184082,11.835691053420305
1,1024,5,9,11.91385555267334,11.940674856305122
1,1024,5,10,11.830495834350586,11.85823418200016
1,1024,5,11,11.699295997619629,11.726778000593185
1,1024,5,12,11.773280143737793,11.800841894000769
1,1024,5,13,11.923295974731445,11.95261674001813
1,1024,5,14,11.886431694030762,11.915743816643953
1,1024,5,15,11.875264167785645,11.906192172318697
1,1024,5,16,11.808032035827637,11.83591689914465
1,1024,5,17,11.880352020263672,11.908718384802341
1,1024,5,18,11.772000312805176,11.799140833318233
1,1024,5,19,11.832672119140625,11.861552949994802
1,1024,5,20,11.878368377685547,11.90633000805974
1,1024,5,21,11.825984001159668,11.852745898067951
1,1024,5,22,11.909279823303223,11.93702407181263
1,1024,5,23,11.765600204467773,11.792613659054041
1,1024,5,24,11.79520034790039,11.824417859315872
1,1024,5,25,11.809920310974121,11.838624719530344
1,1024,5,26,11.791135787963867,11.819099076092243
1,1024,5,27,11.845343589782715,11.872623581439257
1,1024,5,28,11.888416290283203,11.9152064435184
1,1024,5,29,11.998944282531738,12.026376090943813
1,1024,5,30,11.827872276306152,11.85616897419095
1,1024,5,31,11.810111999511719,11.838308069854975
1,1024,5,32,11.763263702392578,11.792973149567842
1,1024,5,33,11.795488357543945,11.823281180113554
1,1024,5,34,11.830080032348633,11.857356876134872
1,1024,5,35,11.847200393676758,11.87731884419918
1,1024,5,36,11.853856086730957,11.887016706168652
1,1024,5,37,11.810432434082031,11.839574202895164
1,1024,5,38,11.715583801269531,11.743570677936077
1,1024,5,39,11.907103538513184,11.935611255466938
1,1024,5,40,11.78816032409668,11.816652026027441
1,1024,5,41,11.810848236083984,11.839276179671288
1,1024,5,42,11.793279647827148,11.822083964943886
1,1024,5,43,11.793824195861816,11.82198105379939
1,1024,5,44,11.75107192993164,11.779173742979765
1,1024,5,45,11.821599960327148,11.850067880004644
1,1024,5,46,11.854816436767578,11.881756130605936
1,1024,5,47,11.809920310974121,11.838539969176054
1,1024,5,48,11.863743782043457,11.892029084265232
1,1024,5,49,11.9399995803833,11.968986131250858
1,1024,5,50,11.892895698547363,11.921427678316832
1,1024,5,51,11.834431648254395,11.861642822623253
1,1024,5,52,11.799072265625,11.827678885310888
1,1024,5,53,11.826144218444824,11.853876058012247
1,1024,5,54,11.871711730957031,11.900785844773054
1,1024,5,55,11.879903793334961,11.913149151951075
1,1024,5,56,11.866687774658203,11.89521700143814
1,1024,5,57,11.744576454162598,11.778214946389198
1,1024,5,58,11.774880409240723,11.80184492841363
1,1024,5,59,11.791808128356934,11.819258332252502
1,1024,5,60,11.760640144348145,11.78801292553544
1,1024,5,61,11.700927734375,11.730915866792202
1,1024,5,62,11.765983581542969,11.794494930654764
1,1024,5,63,11.78927993774414,11.818800121545792
1,1024,6,1,12.07420825958252,12.102767825126648
1,1024,6,2,11.747072219848633,11.7739737033844
1,1024,6,3,11.729087829589844,11.756900232285261
1,1024,6,4,11.707072257995605,11.736480053514242
1,1024,6,5,11.829183578491211,11.85733824968338
1,1024,6,6,11.789695739746094,11.818031780421734
1,1024,6,7,11.796799659729004,11.82438200339675
1,1024,6,8,11.759552001953125,11.786150746047497
1,1024,6,9,11.627488136291504,11.655538808554411
1,1024,6,10,11.73904037475586,11.767191346734762
1,1024,6,11,11.605888366699219,11.632530950009823
1,1024,6,12,11.65392017364502,11.681679636240005
1,1024,6,13,11.732128143310547,11.759902350604534
1,1024,6,14,11.757120132446289,11.784945148974657
1,1024,6,15,11.671135902404785,11.69735612347722
1,1024,6,16,11.67961597442627,11.706501711159945
1,1024,6,17,11.699456214904785,11.728718876838684
1,1024,6,18,11.768159866333008,11.79506815969944
1,1024,6,19,11.664480209350586,11.689518112689257
1,1024,6,20,11.643648147583008,11.670432053506374
1,1024,6,21,11.649984359741211,11.676071211695671
1,1024,6,22,11.67580795288086,11.701792012900114
1,1024,6,23,11.763936042785645,11.788994073867798
1,1024,6,24,11.595328330993652,11.622064746916294
1,1024,6,25,11.607071876525879,11.633307673037052
1,1024,6,26,11.698176383972168,11.725150048732758
1,1024,6,27,11.665023803710938,11.6907162591815
1,1024,6,28,11.584992408752441,11.61157712340355
1,1024,6,29,11.692319869995117,11.718892958015203
1,1024,6,30,11.67852783203125,11.70369703322649
1,1024,6,31,11.60086441040039,11.626548133790493
1,1024,6,32,11.691935539245605,11.71852182596922
1,1024,6,33,11.53264045715332,11.558745056390762
1,1024,6,34,11.632096290588379,11.66001008823514
1,1024,6,35,11.62003231048584,11.645490303635597
1,1024,6,36,11.561599731445312,11.587325017899275
1,1024,6,37,11.560799598693848,11.586545966565609
1,1024,6,38,11.442815780639648,11.469907127320766
1,1024,6,39,11.52137565612793,11.54738012701273
1,1024,6,40,11.621855735778809,11.648536194115877
1,1024,6,41,11.61683177947998,11.64288492873311
1,1024,6,42,11.555135726928711,11.581220664083958
1,1024,6,43,11.437376022338867,11.464332230389118
1,1024,6,44,11.560864448547363,11.58541813492775
1,1024,6,45,11.636896133422852,11.662231758236885
1,1024,6,46,11.649951934814453,11.67540205642581
1,1024,6,47,11.50921630859375,11.533800046890974
1,1024,6,48,11.511615753173828,11.536194011569023
1,1024,6,49,11.515040397644043,11.539715807884932
1,1024,6,50,11.53542423248291,11.560116894543171
1,1024,6,51,11.505184173583984,11.534553952515125
1,1024,6,52,11.498432159423828,11.524172965437174
1,1024,6,53,11.511391639709473,11.536335106939077
1,1024,6,54,11.430015563964844,11.45491935312748
1,1024,6,55,11.361472129821777,11.386225000023842
1,1024,6,56,11.3307523727417,11.35457819327712
1,1024,6,57,11.47702407836914,11.500999797135592
1,1024,6,58,11.62934398651123,11.653749272227287
1,1024,6,59,11.342464447021484,11.366330087184906
1,1024,6,60,11.256095886230469,11.280449107289314
1,1024,6,61,11.296928405761719,11.32061518728733
1,1024,6,62,11.306431770324707,11.330683715641499
1,1024,6,63,11.300959587097168,11.32364384829998
1,4096,0,1,12.133407592773438,12.168577872216702
1,4096,0,2,12.016480445861816,12.044926173985004
1,4096,0,3,12.091103553771973,12.11851416155696
1,4096,0,4,12.005311965942383,12.03231792896986
1,4096,0,5,11.904383659362793,11.932861059904099
1,4096,0,6,12.034687995910645,12.062801979482174
1,4096,0,7,12.056256294250488,12.084452901035547
1,4096,0,8,12.017984390258789,12.045633047819138
1,4096,0,9,11.9136323928833,11.94099709391594
1,4096,0,10,11.963104248046875,11.993349064141512
1,4096,0,11,11.935263633728027,11.963518802076578
1,4096,0,12,12.071167945861816,12.100123800337315
1,4096,0,13,12.007040023803711,12.035605031996965
1,4096,0,14,11.92198371887207,11.951345950365067
1,4096,0,15,11.845503807067871,11.87412766739726
1,4096,0,16,12.003007888793945,12.03153096139431
1,4096,0,17,11.867520332336426,11.89521374180913
1,4096,0,18,11.974431991577148,12.004615738987923
1,4096,0,19,11.92137622833252,11.950649786740541
1,4096,0,20,11.999903678894043,12.029592879116535
1,4096,0,21,11.89686393737793,11.925516184419394
1,4096,0,22,12.071904182434082,12.09914218634367
1,4096,0,23,11.912735939025879,11.941783130168915
1,4096,0,24,12.007776260375977,12.035666964948177
1,4096,0,25,11.86847972869873,11.895763222128153
1,4096,0,26,11.812895774841309,11.840969789773226
1,4096,0,27,11.841983795166016,11.871343944221735
1,4096,0,28,11.900320053100586,11.929194908589125
1,4096,0,29,11.822463989257812,11.851908173412085
1,4096,0,30,11.882719993591309,11.910224799066782
1,4096,0,31,11.947808265686035,11.976445093750954
1,4096,0,32,11.993791580200195,12.022954411804676
1,4096,0,33,11.895584106445312,11.92300720140338
1,4096,0,34,11.868576049804688,11.895547155290842
1,4096,0,35,11.90652847290039,11.935217771679163
1,4096,0,36,11.982144355773926,12.010164093226194
1,4096,0,37,11.827743530273438,11.85359200462699
1,4096,0,38,11.789600372314453,11.816563084721565
1,4096,0,39,11.813952445983887,11.841521132737398
1,4096,0,40,11.913375854492188,11.940381024032831
1,4096,0,41,11.77724838256836,11.80330291390419
1,4096,0,42,11.819808006286621,11.847109999507666
1,4096,0,43,11.712512016296387,11.74231804907322
1,4096,0,44,11.770624160766602,11.798569932579994
1,4096,0,45,11.864992141723633,11.892884969711304
1,4096,0,46,11.913887977600098,11.94201409816742
1,4096,0,47,11.79526424407959,11.822965927422047
1,4096,0,48,11.813376426696777,11.840643361210823
1,4096,0,49,11.789664268493652,11.817066930234432
1,4096,0,50,11.856575965881348,11.884565930813551
1,4096,0,51,11.720255851745605,11.747578158974648
1,4096,0,52,11.711423873901367,11.739098932594061
1,4096,0,53,11.630399703979492,11.656631249934435
1,4096,0,54,11.662240028381348,11.689412873238325
1,4096,0,55,11.65881633758545,11.68778631836176
1,4096,0,56,11.649824142456055,11.678162030875683
1,4096,0,57,11.660063743591309,11.686647776514292
1,4096,0,58,11.752575874328613,11.780798900872469
1,4096,0,59,11.824352264404297,11.852528899908066
1,4096,0,60,11.768192291259766,11.796568054705858
1,4096,0,61,11.722304344177246,11.749952100217342
1,4096,0,62,11.759231567382812,11.786341201514006
1,4096,0,63,11.782591819763184,11.810552328824997
1,4096,1,1,12.12230396270752,12.160781770944595
1,4096,1,2,11.963135719299316,11.990290135145187
1,4096,1,3,11.91420841217041,11.942870914936066
1,4096,1,4,11.954527854919434,11.983689852058887
1,4096,1,5,11.884991645812988,11.912657879292965
1,4096,1,6,11.913920402526855,11.941211298108101
1,4096,1,7,11.973088264465332,12.001993134617805
1,4096,1,8,12.01638412475586,12.044569943100214
1,4096,1,9,12.074175834655762,12.100060004740953
1,4096,1,10,11.934304237365723,11.961245909333229
1,4096,1,11,11.866559982299805,11.894587893038988
1,4096,1,12,11.881888389587402,11.911703739315271
1,4096,1,13,11.881440162658691,11.909977998584509
1,4096,1,14,11.808992385864258,11.837237048894167
1,4096,1,15,11.792832374572754,11.819919105619192
1,4096,1,16,11.873184204101562,11.900993064045906
1,4096,1,17,11.7805757522583,11.808018200099468
1,4096,1,18,11.79206371307373,11.819530744105577
1,4096,1,19,11.821056365966797,11.847811285406351
1,4096,1,20,11.856672286987305,11.883317958563566
1,4096,1,21,11.797087669372559,11.824144050478935
1,4096,1,22,11.93769645690918,11.963426601141691
1,4096,1,23,11.772671699523926,11.80148497223854
1,4096,1,24,11.771871566772461,11.797734070569277
1,4096,1,25,11.712703704833984,11.740298010408878
1,4096,1,26,11.894880294799805,11.923399288207293
1,4096,1,27,12.1079683303833,12.135521043092012
1,4096,1,28,11.819104194641113,11.848730966448784
1,4096,1,29,11.777600288391113,11.807185132056475
1,4096,1,30,12.957375526428223,12.995063792914152
1,4096,1,31,11.927647590637207,11.95581303909421
1,4096,1,32,11.763008117675781,11.789339128881693
1,4096,1,33,11.70803165435791,11.734314262866974
1,4096,1,34,11.756256103515625,11.784030124545097
1,4096,1,35,11.73196792602539,11.760155204683542
1,4096,1,36,11.949888229370117,11.97856292128563
1,4096,1,37,11.950143814086914,11.980229988694191
1,4096,1,38,11.848735809326172,11.877304874360561
1,4096,1,39,11.75830364227295,11.789346113801003
1,4096,1,40,11.889984130859375,11.919139884412289
1,4096,1,41,11.744735717773438,11.77271269261837
1,4096,1,42,11.915871620178223,11.94391492754221
1,4096,1,43,11.8307523727417,11.85973035171628
1,4096,1,44,11.827199935913086,11.855225078761578
1,4096,1,45,11.751808166503906,11.780243832617998
1,4096,1,46,11.850784301757812,11.879729572683573
1,4096,1,47,11.857376098632812,11.8865380063653
1,4096,1,48,11.89510440826416,11.923662852495909
1,4096,1,49,11.749279975891113,11.77921425551176
1,4096,1,50,11.828479766845703,11.85751985758543
1,4096,1,51,11.903103828430176,11.932338122278452
1,4096,1,52,11.850144386291504,11.878074612468481
1,4096,1,53,11.833663940429688,11.861493811011314
1,4096,1,54,11.906208038330078,11.934124864637852
1,4096,1,55,11.855392456054688,11.883227154612541
1,4096,1,56,11.88377571105957,11.911691632121801
1,4096,1,57,11.870528221130371,11.899716686457396
1,4096,1,58,11.838080406188965,11.867064982652664
1,4096,1,59,11.908512115478516,11.935814283788204
1,4096,1,60,11.921952247619629,11.949636042118073
1,4096,1,61,11.802559852600098,11.830024886876345
1,4096,1,62,11.862879753112793,11.897027026861906
1,4096,1,63,11.741120338439941,11.769253760576248
1,4096,2,1,12.055839538574219,12.08848599344492
1,4096,2,2,11.890432357788086,11.91724557429552
1,4096,2,3,11.83033561706543,11.856688186526299
1,4096,2,4,11.876480102539062,11.917245108634233
1,4096,2,5,22.99567985534668,23.058109916746616
1,4096,2,6,13.297183990478516,13.329265639185905
1,4096,2,7,11.797696113586426,11.824558954685926
1,4096,2,8,11.878944396972656,11.906382162123919
1,4096,2,9,11.782976150512695,11.811562348157167
1,4096,2,10,11.89459228515625,11.922185774892569
1,4096,2,11,11.80297565460205,11.830154806375504
1,4096,2,12,11.863007545471191,11.889852117747068
1,4096,2,13,11.86019229888916,11.888884007930756
1,4096,2,14,11.83779239654541,11.865835171192884
1,4096,2,15,11.854592323303223,11.882646940648556
1,4096,2,16,11.962112426757812,11.990735307335854
1,4096,2,17,11.855263710021973,11.884349398314953
1,4096,2,18,11.85968017578125,11.887494940310717
1,4096,2,19,11.887104034423828,11.914282105863094
1,4096,2,20,11.973024368286133,12.000392191112041
1,4096,2,21,11.90447998046875,11.932312976568937
1,4096,2,22,11.930656433105469,11.957773007452488
1,4096,2,23,11.890687942504883,11.919667012989521
1,4096,2,24,11.929183959960938,11.956301983445883
1,4096,2,25,11.9399995803833,11.966923717409372
1,4096,2,26,11.990912437438965,12.018811888992786
1,4096,2,27,11.886272430419922,11.91372936591506
1,4096,2,28,11.924192428588867,11.95151126012206
1,4096,2,29,11.762240409851074,11.788208037614822
1,4096,2,30,11.774944305419922,11.801670771092176
1,4096,2,31,11.711199760437012,11.738467030227184
1,4096,2,32,11.740639686584473,11.76665211096406
1,4096,2,33,11.722880363464355,11.749019846320152
1,4096,2,34,11.712512016296387,11.737008579075336
1,4096,2,35,11.577823638916016,11.603686958551407
1,4096,2,36,11.642592430114746,11.669240891933441
1,4096,2,37,11.60217571258545,11.627670843154192
1,4096,2,38,11.74614429473877,11.772955767810345
1,4096,2,39,11.647232055664062,11.67477061972022
1,4096,2,40,11.644512176513672,11.670766398310661
1,4096,2,41,11.618464469909668,11.645141057670116
1,4096,2,42,11.50921630859375,11.540241073817015
1,4096,2,43,11.585344314575195,11.611304711550474
1,4096,2,44,11.660544395446777,11.6873849183321
1,4096,2,45,11.542559623718262,11.56759262084961
1,4096,2,46,11.526368141174316,11.558289639651775
1,4096,2,47,11.519935607910156,11.546657886356115
1,4096,2,48,11.65385627746582,11.6787850856781
1,4096,2,49,11.52723217010498,11.552388779819012
1,4096,2,50,11.544927597045898,11.575389187783003
1,4096,2,51,11.52064037322998,11.545646004378796
1,4096,2,52,11.511775970458984,11.538318824023008
1,4096,2,53,11.59660816192627,11.621595360338688
1,4096,2,54,11.613471984863281,11.637974064797163
1,4096,2,55,11.504960060119629,11.529990937560797
1,4096,2,56,11.489376068115234,11.515288148075342
1,4096,2,57,11.536128044128418,11.56048895791173
1,4096,2,58,11.430527687072754,11.455669067800045
1,4096,2,59,11.36246395111084,11.386621743440628
1,4096,2,60,11.447615623474121,11.47095300257206
1,4096,2,61,11.356767654418945,11.380808893591166
1,4096,2,62,11.433664321899414,11.456797830760479
1,4096,2,63,11.477631568908691,11.50093274191022
1,4096,3,1,11.929439544677734,11.959252879023552
1,4096,3,2,11.72815990447998,11.75282197073102
1,4096,3,3,11.725472450256348,11.750187259167433
1,4096,3,4,11.824383735656738,11.851694900542498
1,4096,3,5,11.628576278686523,11.654321569949389
1,4096,3,6,11.587264060974121,11.611685622483492
1,4096,3,7,11.686944007873535,11.711934581398964
1,4096,3,8,11.665056228637695,11.691680178046227
1,4096,3,9,11.627455711364746,11.652022134512663
1,4096,3,10,11.643072128295898,11.669580359011889
1,4096,3,11,11.63481616973877,11.660761199891567
1,4096,3,12,11.662303924560547,11.687777005136013
1,4096,3,13,11.528063774108887,11.553780641406775
1,4096,3,14,11.533535957336426,11.560298036783934
1,4096,3,15,11.591456413269043,11.618062853813171
1,4096,3,16,11.57811164855957,11.604689061641693
1,4096,3,17,11.61075210571289,11.637653224170208
1,4096,3,18,11.601984024047852,11.627485044300556
1,4096,3,19,11.648415565490723,11.674541048705578
1,4096,3,20,11.681920051574707,11.7087890394032
1,4096,3,21,11.68505573272705,11.71137299388647
1,4096,3,22,12.016096115112305,12.04350357875228
1,4096,3,23,11.774847984313965,11.801555287092924
1,4096,3,24,11.78825569152832,11.81430323049426
1,4096,3,25,11.788543701171875,11.817226186394691
1,4096,3,26,11.857184410095215,11.886715423315763
1,4096,3,27,11.852479934692383,11.881380807608366
1,4096,3,28,11.90447998046875,11.940971948206425
1,4096,3,29,11.74396800994873,11.771231889724731
1,4096,3,30,11.774144172668457,11.801728047430515
1,4096,3,31,11.784159660339355,11.810262221843004
1,4096,3,32,11.757472038269043,11.785611044615507
1,4096,3,33,11.759488105773926,11.786770075559616
1,4096,3,34,11.95740795135498,11.98668498545885
1,4096,3,35,11.854880332946777,11.883744969964027
1,4096,3,36,12.832159996032715,12.862381059676409
1,4096,3,37,11.748767852783203,11.776647064834833
1,4096,3,38,11.758463859558105,11.78682316094637
1,4096,3,39,11.766816139221191,11.794509831815958
1,4096,3,40,18.152095794677734,18.1853543035686
1,4096,3,41,18.335039138793945,18.3789380826056
1,4096,3,42,12.525440216064453,12.555405963212252
1,4096,3,43,11.887264251708984,11.915373150259256
1,4096,3,44,11.885919570922852,11.914672795683146
1,4096,3,45,11.8024320602417,11.829992290586233
1,4096,3,46,11.818719863891602,11.84657122939825
1,4096,3,47,11.850655555725098,11.878362856805325
1,4096,3,48,11.916383743286133,11.943682096898556
1,4096,3,49,11.91478443145752,11.944982223212719
1,4096,3,50,11.87667179107666,11.905522085726261
1,4096,3,51,11.709312438964844,11.73722604289651
1,4096,3,52,11.791584014892578,11.83051522821188
1,4096,3,53,11.747648239135742,11.77511503919959
1,4096,3,54,11.834400177001953,11.86129404231906
1,4096,3,55,12.394207954406738,12.421973049640656
1,4096,3,56,21.753568649291992,21.78601687774062
1,4096,3,57,16.12633514404297,16.166016925126314
1,4096,3,58,12.1212797164917,12.151099275797606
1,4096,3,59,11.757120132446289,11.7859928868711
1,4096,3,60,11.813504219055176,11.84201892465353
1,4096,3,61,11.679391860961914,11.707030236721039
1,4096,3,62,11.781184196472168,11.808994226157665
1,4096,3,63,11.748991966247559,11.776680126786232
1,4096,4,1,12.178655624389648,12.216420844197273
1,4096,4,2,11.953920364379883,11.981792282313108
1,4096,4,3,11.885087966918945,11.912417598068714
1,4096,4,4,12.010335922241211,12.038085144013166
1,4096,4,5,12.165120124816895,12.193858157843351
1,4096,4,6,12.08563232421875,12.115272227674723
1,4096,4,7,12.014816284179688,12.044147122651339
1,4096,4,8,11.888511657714844,11.918801814317703
1,4096,4,9,11.992639541625977,12.020315043628216
1,4096,4,10,12.097824096679688,12.125683948397636
1,4096,4,11,11.877920150756836,11.906133964657784
1,4096,4,12,11.981696128845215,12.010273989289999
1,4096,4,13,11.83456039428711,11.863255873322487
1,4096,4,14,11.917152404785156,11.945019010454416
1,4096,4,15,11.856287956237793,11.884531937539577
1,4096,4,16,11.918656349182129,11.946467217057943
1,4096,4,17,11.988320350646973,12.017689645290375
1,4096,4,18,11.859583854675293,11.888102162629366
1,4096,4,19,11.829504013061523,11.858351994305849
1,4096,4,20,12.06163215637207,12.090593110769987
1,4096,4,21,11.801312446594238,11.829545255750418
1,4096,4,22,11.859935760498047,11.889005079865456
1,4096,4,23,11.94275188446045,11.972854845225811
1,4096,4,24,11.858752250671387,11.887744069099426
1,4096,4,25,11.877792358398438,11.91446604207158
1,4096,4,26,12.051103591918945,12.079457752406597
1,4096,4,27,11.823552131652832,11.851934716105461
1,4096,4,28,11.935999870300293,11.964845936745405
1,4096,4,29,11.86291217803955,11.890775058418512
1,4096,4,30,11.932767868041992,11.96033414453268
1,4096,4,31,11.855615615844727,11.883188970386982
1,4096,4,32,11.96940803527832,11.997157707810402
1,4096,4,33,11.759039878845215,11.785964947193861
1,4096,4,34,11.897567749023438,11.924962047487497
1,4096,4,35,11.806207656860352,11.833767406642437
1,4096,4,36,11.884575843811035,11.91210001707077
1,4096,4,37,11.967519760131836,11.997336987406015
1,4096,4,38,11.928159713745117,11.956020258367062
1,4096,4,39,11.78876781463623,11.815875303000212
1,4096,4,40,11.99846363067627,12.026199139654636
1,4096,4,41,11.834303855895996,11.863351799547672
1,4096,4,42,11.844736099243164,11.874185875058174
1,4096,4,43,11.909407615661621,11.93767599761486
1,4096,4,44,11.898943901062012,11.926612816751003
1,4096,4,45,11.662688255310059,11.692424770444632
1,4096,4,46,11.752096176147461,11.780467815697193
1,4096,4,47,11.749855995178223,11.77818700671196
1,4096,4,48,11.842687606811523,11.870137881487608
1,4096,4,49,12.134847640991211,12.162454426288605
1,4096,4,50,11.915776252746582,11.945528909564018
1,4096,4,51,11.785759925842285,11.81340403854847
1,4096,4,52,11.768416404724121,11.795591097325087
1,4096,4,53,11.783455848693848,11.811424046754837
1,4096,4,54,11.778623580932617,11.80541142821312
1,4096,4,55,11.636320114135742,11.664897203445435
1,4096,4,56,11.867936134338379,11.895919218659401
1,4096,4,57,11.792608261108398,11.820217128843069
1,4096,4,58,11.79196834564209,11.821453925222158
1,4096,4,59,11.945023536682129,11.975276283919811
1,4096,4,60,11.859295845031738,11.887631844729185
1,4096,4,61,11.899711608886719,11.929247062653303
1,4096,4,62,11.884096145629883,11.91233191639185
1,4096,4,63,11.854816436767578,11.884775944054127
1,4096,5,1,12.189984321594238,12.224629987031221
1,4096,5,2,11.944576263427734,11.974222958087921
1,4096,5,3,11.992128372192383,12.018978130072355
1,4096,5,4,12.008288383483887,12.037369422614574
1,4096,5,5,11.98198413848877,12.011168990284204
1,4096,5,6,12.106592178344727,12.135534081608057
1,4096,5,7,12.061663627624512,12.089491821825504
1,4096,5,8,12.09609603881836,12.12535286322236
1,4096,5,9,12.000448226928711,12.02903687953949
1,4096,5,10,11.991583824157715,12.022410985082388
1,4096,5,11,11.901984214782715,11.930795386433601
1,4096,5,12,11.873215675354004,11.901527643203735
1,4096,5,13,11.903360366821289,11.938837822526693
1,4096,5,14,11.858816146850586,11.888028122484684
1,4096,5,15,11.858624458312988,11.886104941368103
1,4096,5,16,12.072256088256836,12.101212982088327
1,4096,5,17,12.046560287475586,12.0756346732378
1,4096,5,18,11.878016471862793,11.905538383871317
1,4096,5,19,11.872063636779785,11.908107902854681
1,4096,5,20,12.4749755859375,12.50371802598238
1,4096,5,21,12.464703559875488,12.493281625211239
1,4096,5,22,11.877951622009277,11.905224993824959
1,4096,5,23,11.707488059997559,11.734329164028168
1,4096,5,24,11.800640106201172,11.828293092548847
1,4096,5,25,19.561119079589844,19.593026023358107
1,4096,5,26,17.09235191345215,17.133796121925116
1,4096,5,27,12.293631553649902,12.324912007898092
1,4096,5,28,11.828800201416016,11.85614988207817
1,4096,5,29,11.813247680664062,11.84022519737482
1,4096,5,30,11.78825569152832,11.815241072326899
1,4096,5,31,11.76585578918457,11.793755926191807
1,4096,5,32,11.765279769897461,11.792284436523914
1,4096,5,33,11.728768348693848,11.756385676562786
1,4096,5,34,11.778047561645508,11.806637980043888
1,4096,5,35,11.8154878616333,11.841668747365475
1,4096,5,36,11.792192459106445,11.81838195770979
1,4096,5,37,11.685791969299316,11.71274809166789
1,4096,5,38,12.44655990600586,12.474811635911465
1,4096,5,39,12.013407707214355,12.04045582562685
1,4096,5,40,11.778495788574219,11.80476089939475
1,4096,5,41,22.04070472717285,22.069111932069063
1,4096,5,42,14.951552391052246,14.985726214945316
1,4096,5,43,11.808032035827637,11.834574863314629
1,4096,5,44,11.7008638381958,11.725630145519972
1,4096,5,45,11.748096466064453,11.774545069783926
1,4096,5,46,11.777119636535645,11.802467983216047
1,4096,5,47,11.612735748291016,11.638754047453403
1,4096,5,48,11.69603157043457,11.721286922693253
1,4096,5,49,11.543904304504395,11.568252928555012
1,4096,5,50,11.577152252197266,11.603676714003086
1,4096,5,51,11.518176078796387,11.543553322553635
1,4096,5,52,11.580575942993164,11.606765910983086
1,4096,5,53,11.537247657775879,11.562710162252188
1,4096,5,54,11.676128387451172,11.702435091137886
1,4096,5,55,11.747679710388184,11.773942038416862
1,4096,5,56,11.638303756713867,11.66544621810317
1,4096,5,57,11.540672302246094,11.566421948373318
1,4096,5,58,11.927200317382812,11.95374596863985
1,4096,5,59,11.720992088317871,11.74897700548172
1,4096,5,60,11.636032104492188,11.663063894957304
1,4096,5,61,11.511808395385742,11.536312755197287
1,4096,5,62,11.674943923950195,11.700523551553488
1,4096,5,63,11.575712203979492,11.601292993873358
1,4096,6,1,12.126527786254883,12.164473067969084
1,4096,6,2,11.845919609069824,11.875808238983154
1,4096,6,3,11.845536231994629,11.875240132212639
1,4096,6,4,11.91648006439209,11.944971978664398
1,4096,6,5,11.984576225280762,12.013365048915148
1,4096,6,6,11.86847972869873,11.896874755620956
1,4096,6,7,11.794528007507324,11.82266278192401
1,4096,6,8,11.939200401306152,11.968022678047419
1,4096,6,9,11.876319885253906,11.903738137334585
1,4096,6,10,11.9999361038208,12.027542106807232
1,4096,6,11,11.890815734863281,11.919372715055943
1,4096,6,12,11.809375762939453,11.836026329547167
1,4096,6,13,11.80515193939209,11.833420023322105
1,4096,6,14,11.849535942077637,11.876439675688744
1,4096,6,15,11.771200180053711,11.79826632142067
1,4096,6,16,13.974080085754395,14.002685900777578
1,4096,6,17,11.928640365600586,11.957500129938126
1,4096,6,18,11.833791732788086,11.860963888466358
1,4096,6,19,11.864800453186035,11.899139266461134
1,4096,6,20,11.849535942077637,11.877969838678837
1,4096,6,21,11.935744285583496,11.963979806751013
1,4096,6,22,11.947423934936523,11.974272783845663
1,4096,6,23,11.940511703491211,11.96903083473444
1,4096,6,24,11.905983924865723,11.933974921703339
1,4096,6,25,11.802047729492188,11.829191818833351
1,4096,6,26,11.767935752868652,11.793869081884623
1,4096,6,27,11.772576332092285,11.801833752542734
1,4096,6,28,11.894816398620605,11.924380902200937
1,4096,6,29,11.82534408569336,11.852347757667303
1,4096,6,30,11.90169620513916,11.930717155337334
1,4096,6,31,11.802847862243652,11.83044072240591
1,4096,6,32,11.822624206542969,11.851230170577765
1,4096,6,33,11.74988842010498,11.77810225635767
1,4096,6,34,11.72208023071289,11.750171892344952
1,4096,6,35,11.728704452514648,11.755045969039202
1,4096,6,36,11.788543701171875,11.816348880529404
1,4096,6,37,11.715007781982422,11.741830967366695
1,4096,6,38,11.772928237915039,11.80059090256691
1,4096,6,39,11.69820785522461,11.724654119461775
1,4096,6,40,11.8023042678833,11.829669121652842
1,4096,6,41,11.72652816772461,11.753587052226067
1,4096,6,42,11.774144172668457,11.80192083120346
1,4096,6,43,11.728447914123535,11.755520012229681
1,4096,6,44,11.844160079956055,11.873010080307722
1,4096,6,45,11.792415618896484,11.819443199783564
1,4096,6,46,11.87168025970459,11.899712961167097
1,4096,6,47,11.83078384399414,11.859387625008821
1,4096,6,48,11.851648330688477,11.87992887571454
1,4096,6,49,11.815168380737305,11.843890883028507
1,4096,6,50,11.83788776397705,11.86433620750904
1,4096,6,51,11.792832374572754,11.820620857179165
1,4096,6,52,11.775808334350586,11.804102919995785
1,4096,6,53,11.827263832092285,11.85525069013238
1,4096,6,54,11.868191719055176,11.894743889570236
1,4096,6,55,11.754688262939453,11.781611945480108
1,4096,6,56,11.791744232177734,11.819027829915285
1,4096,6,57,11.731424331665039,11.758761946111917
1,4096,6,58,11.713279724121094,11.740574147552252
1,4096,6,59,11.720000267028809,11.74820400774479
1,4096,6,60,11.812255859375,11.840087827295065
1,4096,6,61,11.783616065979004,11.811372824013233
1,4096,6,62,11.832608222961426,11.859849095344543
1,4096,6,63,11.812895774841309,11.840196792036295
8,128,0,1,12.348223686218262,12.378748040646315
8,128,0,2,12.164671897888184,12.193040922284126
8,128,0,3,11.999679565429688,12.027343269437551
8,128,0,4,12.024991989135742,12.052805162966251
8,128,0,5,12.145024299621582,12.173325754702091
8,128,0,6,12.577568054199219,12.605934869498014
8,128,0,7,12.701151847839355,12.730998918414116
8,128,0,8,12.061599731445312,12.089487165212631
8,128,0,9,12.21622371673584,12.244920711964369
8,128,0,10,12.086175918579102,12.11338397115469
8,128,0,11,12.171456336975098,12.198385782539845
8,128,0,12,23.137632369995117,23.167460691183805
8,128,0,13,15.429247856140137,15.467361081391573
8,128,0,14,12.433119773864746,12.461263220757246
8,128,0,15,11.967519760131836,11.99463801458478
8,128,0,16,11.91971206665039,11.946968268603086
8,128,0,17,11.972576141357422,12.000533752143383
8,128,0,18,12.016287803649902,12.044654693454504
8,128,0,19,12.122943878173828,12.153201270848513
8,128,0,20,11.928223609924316,11.955650988966227
8,128,0,21,12.052127838134766,12.07989826798439
8,128,0,22,12.07043170928955,12.09763903170824
8,128,0,23,12.227680206298828,12.256425805389881
8,128,0,24,12.182656288146973,12.210921384394169
8,128,0,25,12.144864082336426,12.17280374839902
8,128,0,26,12.011679649353027,12.040023691952229
8,128,0,27,12.357343673706055,12.384318746626377
8,128,0,28,12.031776428222656,12.058823835104704
8,128,0,29,12.059967994689941,12.087842915207148
8,128,0,30,12.028703689575195,12.059961911290884
8,128,0,31,12.01478385925293,12.044460978358984
8,128,0,32,12.056672096252441,12.086080852895975
8,128,0,33,12.07862377166748,12.106855865567923
8,128,0,34,12.082240104675293,12.110140640288591
8,128,0,35,12.0316801071167,12.059371918439865
8,128,0,36,12.126591682434082,12.15477380901575
8,128,0,37,12.05510425567627,12.083677109330893
8,128,0,38,12.00601577758789,12.034425046294928
8,128,0,39,12.013216018676758,12.04194687306881
8,128,0,40,12.04089641571045,12.068642769008875
8,128,0,41,12.019455909729004,12.048244941979647
8,128,0,42,12.026559829711914,12.054592370986938
8,128,0,43,12.02012825012207,12.046659830957651
8,128,0,44,12.01030445098877,12.037763837724924
8,128,0,45,11.931520462036133,11.95912016555667
8,128,0,46,11.976192474365234,12.00380502268672
8,128,0,47,12.043999671936035,12.07150798290968
8,128,0,48,12.097855567932129,12.125883251428604
8,128,0,49,11.992447853088379,12.020034715533257
8,128,0,50,12.017248153686523,12.045549228787422
8,128,0,51,12.017888069152832,12.052061036229134
8,128,0,52,12.07759952545166,12.106338981539011
8,128,0,53,12.064127922058105,12.091848999261856
8,128,0,54,12.106047630310059,12.132786680012941
8,128,0,55,12.105152130126953,12.132731731981039
8,128,0,56,12.040351867675781,12.067535892128944
8,128,0,57,11.958399772644043,11.98703283444047
8,128,0,58,12.034912109375,12.063154950737953
8,128,0,59,12.081472396850586,12.110184878110886
8,128,0,60,11.968864440917969,11.999490670859814
8,128,0,61,12.04412841796875,12.072980869561434
8,128,0,62,12.028512001037598,12.058315798640251
8,128,0,63,12.097248077392578,12.125959154218435
8,128,1,1,12.258463859558105,12.291288003325462
8,128,1,2,12.065119743347168,12.092595919966698
8,128,1,3,12.064640045166016,12.093306053429842
8,128,1,4,12.023679733276367,12.05124706029892
8,128,1,5,11.942591667175293,11.969714891165495
8,128,1,6,11.909760475158691,11.936989147216082
8,128,1,7,12.072511672973633,12.100022751837969
8,128,1,8,11.972064018249512,11.99833583086729
8,128,1,9,11.921407699584961,11.947716120630503
8,128,1,10,11.803647994995117,11.83039415627718
8,128,1,11,11.91801643371582,11.9453608058393
8,128,1,12,11.92182445526123,11.948592960834503
8,128,1,13,11.901439666748047,11.92894484847784
8,128,1,14,11.892704010009766,11.919349897652864
8,128,1,15,11.976320266723633,12.002832256257534
8,128,1,16,12.000672340393066,12.02882593497634
8,128,1,17,11.889311790466309,11.917408090084791
8,128,1,18,11.9269437789917,11.954094748944044
8,128,1,19,11.959936141967773,11.987700592726469
8,128,1,20,12.010016441345215,12.037572916597128
8,128,1,21,11.874560356140137,11.902155820280313
8,128,1,22,11.986016273498535,12.012448161840439
8,128,1,23,11.999360084533691,12.025872711092234
8,128,1,24,12.096832275390625,12.124613858759403
8,128,1,25,11.974016189575195,12.001816648989916
8,128,1,26,11.962592124938965,11.99599402025342
8,128,1,27,12.008000373840332,12.036236003041267
8,128,1,28,11.980863571166992,12.007940094918013
8,128,1,29,12.006048202514648,12.034150771796703
8,128,1,30,12.055904388427734,12.083228211849928
8,128,1,31,12.000160217285156,12.027347926050425
8,128,1,32,11.959424018859863,11.987663805484772
8,128,1,33,12.04371166229248,12.071393895894289
8,128,1,34,12.049440383911133,12.076847720891237
8,128,1,35,12.048864364624023,12.076982762664557
8,128,1,36,12.076864242553711,12.105022091418505
8,128,1,37,12.025568008422852,12.053028214722872
8,128,1,38,12.070719718933105,12.106535956263542
8,128,1,39,12.171135902404785,12.200203258544207
8,128,1,40,12.04800033569336,12.075749225914478
8,128,1,41,12.03264045715332,12.059551198035479
8,128,1,42,12.03279972076416,12.060007080435753
8,128,1,43,12.043999671936035,12.071736622601748
8,128,1,44,12.110783576965332,12.139104306697845
8,128,1,45,12.071935653686523,12.100534979254007
8,128,1,46,12.080544471740723,12.109685223549604
8,128,1,47,12.082079887390137,12.109109200537205
8,128,1,48,12.000448226928711,12.02780893072486
8,128,1,49,12.026176452636719,12.054576072841883
8,128,1,50,12.021951675415039,12.049977667629719
8,128,1,51,12.01411247253418,12.042148038744926
8,128,1,52,12.02511978149414,12.053496204316616
8,128,1,53,11.968031883239746,11.996021028608084
8,128,1,54,11.980416297912598,12.008448597043753
8,128,1,55,12.10649585723877,12.134294025599957
8,128,1,56,12.034527778625488,12.062907218933105
8,128,1,57,11.965824127197266,11.994319036602974
8,128,1,58,11.960960388183594,11.988664977252483
8,128,1,59,12.4104642868042,12.442167848348618
8,128,1,60,12.587648391723633,12.61499896645546
8,128,1,61,21.558208465576172,21.58726193010807
8,128,1,62,14.920639991760254,14.955906197428703
8,128,1,63,12.29526424407959,12.322663329541683
8,128,2,1,12.318304061889648,12.34885212033987
8,128,2,2,12.193696022033691,12.220724020153284
8,128,2,3,12.138239860534668,12.166630011051893
8,128,2,4,12.233792304992676,12.26432016119361
8,128,2,5,12.145503997802734,12.173345778137445
8,128,2,6,12.150815963745117,12.177848722785711
8,128,2,7,12.188447952270508,12.223496101796627
8,128,2,8,12.104096412658691,12.135560624301434
8,128,2,9,12.18995189666748,12.218378949910402
8,128,2,10,12.210335731506348,12.236899230629206
8,128,2,11,12.075679779052734,12.104676570743322
8,128,2,12,12.057600021362305,12.08709366619587
8,128,2,13,12.035807609558105,12.064413633197546
8,128,2,14,12.082880020141602,12.111500836908817
8,128,2,15,12.086655616760254,12.115236837416887
8,128,2,16,11.970080375671387,11.998920701444149
8,128,2,17,12.006624221801758,12.034911662340164
8,128,2,18,12.092703819274902,12.120729312300682
8,128,2,19,12.12604808807373,12.154513970017433
8,128,2,20,12.15113639831543,12.180146761238575
8,128,2,21,12.095775604248047,12.125087901949883
8,128,2,22,12.122048377990723,12.149389367550611
8,128,2,23,12.005632400512695,12.032396160066128
8,128,2,24,11.99942398071289,12.027142103761435
8,128,2,25,11.995903968811035,12.023881077766418
8,128,2,26,11.971391677856445,11.9977961294353
8,128,2,27,12.018303871154785,12.044756207615137
8,128,2,28,12.023679733276367,12.05079397186637
8,128,2,29,11.945280075073242,11.973083019256592
8,128,2,30,11.996607780456543,12.022336013615131
8,128,2,31,12.026911735534668,12.053282000124454
8,128,2,32,11.895071983337402,11.924060061573982
8,128,2,33,11.97753620147705,12.00567977502942
8,128,2,34,11.968352317810059,11.99497515335679
8,128,2,35,11.941503524780273,11.97547698393464
8,128,2,36,11.95139217376709,11.9843571446836
8,128,2,37,11.926112174987793,11.954024899750948
8,128,2,38,11.99721622467041,12.025089003145695
8,128,2,39,12.023839950561523,12.051930651068687
8,128,2,40,11.984736442565918,12.01251894235611
8,128,2,41,12.001983642578125,12.029095087200403
8,128,2,42,12.0098876953125,12.03717989847064
8,128,2,43,11.929056167602539,11.955366004258394
8,128,2,44,11.891136169433594,11.9182039052248
8,128,2,45,11.868831634521484,11.894699651747942
8,128,2,46,11.875616073608398,11.902654077857733
8,128,2,47,11.834752082824707,11.860496830195189
8,128,2,48,11.8090238571167,11.835010722279549
8,128,2,49,11.722399711608887,11.747177224606276
8,128,2,50,11.65555191040039,11.680017225444317
8,128,2,51,11.820223808288574,11.84838218614459
8,128,2,52,11.842016220092773,11.868948116898537
8,128,2,53,11.836832046508789,11.868006084114313
8,128,2,54,11.800288200378418,11.82664604857564
8,128,2,55,11.853792190551758,11.879097670316696
8,128,2,56,11.81328010559082,11.839499231427908
8,128,2,57,11.720352172851562,11.74597768113017
8,128,2,58,11.828255653381348,11.853421106934547
8,128,2,59,11.723584175109863,11.751572135835886
8,128,2,60,11.949024200439453,11.978490743786097
8,128,2,61,11.902976036071777,11.931309010833502
8,128,2,62,11.962719917297363,11.993316002190113
8,128,2,63,11.991104125976562,12.019769288599491
8,128,3,1,12.274080276489258,12.305387761443853
8,128,3,2,12.165696144104004,12.192040216177702
8,128,3,3,12.072704315185547,12.099913787096739
8,128,3,4,12.0632963180542,12.090705335140228
8,128,3,5,12.029952049255371,12.05834187567234
8,128,3,6,12.076128005981445,12.102247681468725
8,128,3,7,12.088031768798828,12.115370016545057
8,128,3,8,12.003744125366211,12.030418030917645
8,128,3,9,12.031200408935547,12.066645082086325
8,128,3,10,12.006688117980957,12.035729829221964
8,128,3,11,12.001791954040527,12.029143050312996
8,128,3,12,12.09823989868164,12.125600129365921
8,128,3,13,12.07158374786377,12.100455816835165
8,128,3,14,12.006208419799805,12.032676953822374
8,128,3,15,12.00169563293457,12.029023841023445
8,128,3,16,11.951519966125488,11.977631133049726
8,128,3,17,11.975968360900879,12.002290226519108
8,128,3,18,11.989184379577637,12.014524079859257
8,128,3,19,11.98419189453125,12.010850012302399
8,128,3,20,11.936223983764648,11.960769072175026
8,128,3,21,11.868160247802734,11.89210219308734
8,128,3,22,11.837920188903809,11.8644367903471
8,128,3,23,11.803744316101074,11.82844303548336
8,128,3,24,11.739871978759766,11.76454033702612
8,128,3,25,11.708064079284668,11.732243932783604
8,128,3,26,11.67632007598877,11.70012354850769
8,128,3,27,11.766976356506348,11.791691184043884
8,128,3,28,11.77558422088623,11.800666805356741
8,128,3,29,11.75046443939209,11.776318773627281
8,128,3,30,11.826335906982422,11.857114266604185
8,128,3,31,11.777215957641602,11.80421281605959
8,128,3,32,12.380224227905273,12.405964080244303
8,128,3,33,12.034432411193848,12.061371002346277
8,128,3,34,11.997119903564453,12.025744654238224
8,128,3,35,11.959232330322266,11.986274737864733
8,128,3,36,11.943743705749512,11.971994303166866
8,128,3,37,21.8538875579834,21.885359659790993
8,128,3,38,15.054880142211914,15.093047637492418
8,128,3,39,12.163071632385254,12.192402966320515
8,128,3,40,12.006112098693848,12.033515144139528
8,128,3,41,12.046560287475586,12.074201367795467
8,128,3,42,12.012895584106445,12.046737596392632
8,128,3,43,12.060256004333496,12.089414987713099
8,128,3,44,12.068191528320312,12.096581980586052
8,128,3,45,12.014304161071777,12.042108923196793
8,128,3,46,12.973376274108887,13.002542778849602
8,128,3,47,12.331520080566406,12.36055325716734
8,128,3,48,11.998496055603027,12.025855015963316
8,128,3,49,12.00438404083252,12.031155172735453
8,128,3,50,11.935168266296387,11.961766052991152
8,128,3,51,11.868224143981934,11.894640978425741
8,128,3,52,19.089632034301758,19.12043010815978
8,128,3,53,16.857311248779297,16.898151021450758
8,128,3,54,12.39628791809082,12.426052708178759
8,128,3,55,11.885279655456543,11.91049674525857
8,128,3,56,11.900256156921387,11.926637031137943
8,128,3,57,11.8504638671875,11.877462267875671
8,128,3,58,11.84556770324707,11.872359085828066
8,128,3,59,11.804256439208984,11.830991134047508
8,128,3,60,11.885120391845703,11.917239986360073
8,128,3,61,11.82595157623291,11.85291213914752
8,128,3,62,11.789407730102539,11.815003119409084
8,128,3,63,11.818495750427246,11.843993794173002
8,128,4,1,12.26694393157959,12.303896714001894
8,128,4,2,12.081855773925781,12.112853117287159
8,128,4,3,12.051520347595215,12.077444233000278
8,128,4,4,12.082847595214844,12.111338786780834
8,128,4,5,12.190336227416992,12.219340074807405
8,128,4,6,12.12384033203125,12.151739094406366
8,128,4,7,12.149215698242188,12.177038937807083
8,128,4,8,12.062432289123535,12.090624775737524
8,128,4,9,12.182047843933105,12.211264576762915
8,128,4,10,12.129376411437988,12.157155200839043
8,128,4,11,12.134048461914062,12.162466067820787
8,128,4,12,12.190079689025879,12.21933076158166
8,128,4,13,12.091775894165039,12.119537685066462
8,128,4,14,12.152640342712402,12.181132100522518
8,128,4,15,12.058752059936523,12.086467817425728
8,128,4,16,12.278847694396973,12.307972647249699
8,128,4,17,12.208000183105469,12.235172092914581
8,128,4,18,12.228799819946289,12.257032096385956
8,128,4,19,12.381600379943848,12.414027005434036
8,128,4,20,12.145343780517578,12.174243573099375
8,128,4,21,12.236224174499512,12.263396754860878
8,128,4,22,12.157567977905273,12.185544706881046
8,128,4,23,12.162976264953613,12.190752197057009
8,128,4,24,12.161055564880371,12.188606895506382
8,128,4,25,12.102944374084473,12.131255120038986
8,128,4,26,12.23311996459961,12.260658200830221
8,128,4,27,12.176287651062012,12.204291298985481
8,128,4,28,12.085408210754395,12.112772092223167
8,128,4,29,12.052895545959473,12.080861255526543
8,128,4,30,12.044256210327148,12.071803212165833
8,128,4,31,12.137151718139648,12.164840009063482
8,128,4,32,11.939295768737793,11.967200320214033
8,128,4,33,11.969056129455566,11.995926965028048
8,128,4,34,12.048383712768555,12.07757880911231
8,128,4,35,12.108672142028809,12.136833276599646
8,128,4,36,12.118751525878906,12.147588189691305
8,128,4,37,12.114368438720703,12.14224612340331
8,128,4,38,12.088031768798828,12.11451180279255
8,128,4,39,12.026656150817871,12.05351296812296
8,128,4,40,11.952447891235352,11.977894697338343
8,128,4,41,11.861184120178223,11.887615080922842
8,128,4,42,11.91004753112793,11.935719288885593
8,128,4,43,12.022720336914062,12.04997394233942
8,128,4,44,11.91327953338623,11.939854826778173
8,128,4,45,11.94438362121582,11.973017361015081
8,128,4,46,11.946751594543457,11.97436498478055
8,128,4,47,11.943231582641602,11.969688814133406
8,128,4,48,11.873311996459961,11.898389086127281
8,128,4,49,11.881535530090332,11.907071806490421
8,128,4,50,11.915936470031738,11.943416204303503
8,128,4,51,11.955904006958008,11.982931289821863
8,128,4,52,11.907072067260742,11.934257112443447
8,128,4,53,11.964768409729004,11.990764178335667
8,128,4,54,11.90783977508545,11.933926027268171
8,128,4,55,11.988639831542969,12.014483567327261
8,128,4,56,11.913887977600098,11.940114200115204
8,128,4,57,11.8722562789917,11.899240780621767
8,128,4,58,11.972319602966309,11.999723967164755
8,128,4,59,12.015935897827148,12.043448630720377
8,128,4,60,11.972064018249512,11.998645029962063
8,128,4,61,11.907679557800293,11.934699956327677
8,128,4,62,12.001983642578125,12.029355857521296
8,128,4,63,12.067872047424316,12.094181962311268
8,128,5,1,12.187040328979492,12.216342147439718
8,128,5,2,12.110655784606934,12.135881930589676
8,128,5,3,11.904671669006348,11.930266860872507
8,128,5,4,12.114944458007812,12.141590006649494
8,128,5,5,12.023743629455566,12.050987221300602
8,128,5,6,12.057344436645508,12.084580957889557
8,128,5,7,12.015263557434082,12.043217197060585
8,128,5,8,11.98588752746582,12.01354619115591
8,128,5,9,12.012415885925293,12.039869092404842
8,128,5,10,11.867327690124512,11.894270312041044
8,128,5,11,11.971776008605957,11.998869013041258
8,128,5,12,11.97116756439209,11.998625006526709
8,128,5,13,11.976479530334473,12.004390824586153
8,128,5,14,12.067999839782715,12.09466066211462
8,128,5,15,12.065695762634277,12.092513032257557
8,128,5,16,11.987327575683594,12.014394160360098
8,128,5,17,12.015487670898438,12.042367830872536
8,128,5,18,12.079232215881348,12.107258196920156
8,128,5,19,12.132448196411133,12.158336117863655
8,128,5,20,11.970975875854492,11.997904162853956
8,128,5,21,12.012960433959961,12.042275629937649
8,128,5,22,11.979519844055176,12.006487231701612
8,128,5,23,12.883904457092285,12.913317885249853
8,128,5,24,12.447680473327637,12.477110605686903
8,128,5,25,12.00710391998291,12.033637147396803
8,128,5,26,12.034015655517578,12.060374021530151
8,128,5,27,12.056672096252441,12.084571179002523
8,128,5,28,23.531967163085938,23.56204017996788
8,128,5,29,14.226400375366211,14.257912058383226
8,128,5,30,12.042847633361816,12.070646975189447
8,128,5,31,12.028575897216797,12.06151768565178
8,128,5,32,11.948320388793945,11.976663954555988
8,128,5,33,11.919008255004883,11.950844898819923
8,128,5,34,11.922304153442383,11.948726139962673
8,128,5,35,11.903136253356934,11.929688975214958
8,128,5,36,11.947999954223633,11.973354034125805
8,128,5,37,11.91708755493164,11.942836921662092
8,128,5,38,12.429792404174805,12.454057112336159
8,128,5,39,11.854463577270508,11.880335863679647
8,128,5,40,11.821248054504395,11.846791952848434
8,128,5,41,11.89788818359375,11.925699654966593
8,128,5,42,11.987263679504395,12.0136309415102
8,128,5,43,18.992992401123047,19.0232009626925
8,128,5,44,17.48601531982422,17.527254298329353
8,128,5,45,12.433792114257812,12.463308870792389
8,128,5,46,11.849920272827148,11.876228731125593
8,128,5,47,11.850239753723145,11.877328157424927
8,128,5,48,11.89187240600586,11.919077951461077
8,128,5,49,11.919808387756348,11.947340797632933
8,128,5,50,11.887104034423828,11.91483112052083
8,128,5,51,11.851840019226074,11.878109071403742
8,128,5,52,11.777888298034668,11.80534902960062
8,128,5,53,11.943072319030762,11.970439925789833
8,128,5,54,11.905759811401367,11.931771878153086
8,128,5,55,11.79206371307373,11.816598940640688
8,128,5,56,11.718688011169434,11.743266601115465
8,128,5,57,11.61184024810791,11.643851175904274
8,128,5,58,11.752863883972168,11.778337880969048
8,128,5,59,11.773152351379395,11.799550149589777
8,128,5,60,11.844032287597656,11.870379094034433
8,128,5,61,11.709792137145996,11.734948027879
8,128,5,62,11.718111991882324,11.74332620576024
8,128,5,63,11.71945571899414,11.745121330022812
8,128,6,1,12.263903617858887,12.296252883970737
8,128,6,2,12.169343948364258,12.19738693907857
8,128,6,3,12.06550407409668,12.09415914490819
8,128,6,4,12.001215934753418,12.028468307107687
8,128,6,5,12.050975799560547,12.078675907105207
8,128,6,6,12.04150390625,12.068499810993671
8,128,6,7,12.017631530761719,12.044120579957962
8,128,6,8,12.0731840133667,12.101368978619576
8,128,6,9,12.0731840133667,12.1004618704319
8,128,6,10,12.069439888000488,12.096831109374762
8,128,6,11,12.080320358276367,12.107202783226967
8,128,6,12,12.047039985656738,12.074531055986881
8,128,6,13,11.98361587524414,12.010764330625534
8,128,6,14,12.047264099121094,12.074967846274376
8,128,6,15,12.063263893127441,12.090617325156927
8,128,6,16,12.07260799407959,12.100519146770239
8,128,6,17,12.095104217529297,12.122885789722204
8,128,6,18,12.080991744995117,12.10862211883068
8,128,6,19,12.023903846740723,12.053505051881075
8,128,6,20,12.002304077148438,12.031475082039833
8,128,6,21,12.015680313110352,12.042647693306208
8,128,6,22,11.996479988098145,12.024222873151302
8,128,6,23,12.01574420928955,12.042392045259476
8,128,6,24,11.993151664733887,12.019080109894276
8,128,6,25,12.000479698181152,12.0267397724092
8,128,6,26,12.019552230834961,12.047212105244398
8,128,6,27,11.985568046569824,12.011671904474497
8,128,6,28,12.008416175842285,12.037057895213366
8,128,6,29,12.006943702697754,12.033133301883936
8,128,6,30,12.069791793823242,12.097598984837532
8,128,6,31,11.963775634765625,11.991573963314295
8,128,6,32,12.108736038208008,12.137313839048147
8,128,6,33,12.112319946289062,12.140482664108276
8,128,6,34,12.063008308410645,12.09064619615674
8,128,6,35,12.516480445861816,12.545411009341478
8,128,6,36,12.165887832641602,12.196565978229046
8,128,6,37,12.228799819946289,12.25806213915348
8,128,6,38,11.990367889404297,12.019310146570206
8,128,6,39,12.012063980102539,12.04023975878954
8,128,6,40,12.012319564819336,12.04105420038104
8,128,6,41,12.100447654724121,12.127913068979979
8,128,6,42,12.128928184509277,12.157394085079432
8,128,6,43,12.123359680175781,12.152172159403563
8,128,6,44,12.200223922729492,12.228101957589388
8,128,6,45,12.095487594604492,12.12335005402565
8,128,6,46,12.033439636230469,12.061791960150003
8,128,6,47,12.162912368774414,12.191534042358398
8,128,6,48,12.04860782623291,12.07826379686594
8,128,6,49,12.129695892333984,12.157573364675045
8,128,6,50,12.140768051147461,12.168129906058311
8,128,6,51,12.15715217590332,12.185532134026289
8,128,6,52,12.156319618225098,12.185823172330856
8,128,6,53,12.145536422729492,12.175665237009525
8,128,6,54,12.215423583984375,12.244020123034716
8,128,6,55,12.213151931762695,12.242043390870094
8,128,6,56,12.074687957763672,12.10409915074706
8,128,6,57,12.070943832397461,12.099269777536392
8,128,6,58,12.104351997375488,12.13328493759036
8,128,6,59,12.079808235168457,12.107349000871181
8,128,6,60,12.183327674865723,12.210994958877563
8,128,6,61,12.198944091796875,12.228352949023247
8,128,6,62,12.161855697631836,12.190191075205803
8,128,6,63,12.094719886779785,12.122944928705692
8,1024,0,1,16.355487823486328,16.387958079576492
8,1024,0,2,15.45088005065918,15.48015233129263
8,1024,0,3,14.85756778717041,14.885248150676489
8,1024,0,4,14.90675163269043,14.93669580668211
8,1024,0,5,14.614175796508789,14.642170630395412
8,1024,0,6,14.357376098632812,14.386534690856934
8,1024,0,7,14.364992141723633,14.394186902791262
8,1024,0,8,14.419743537902832,14.448919799178839
8,1024,0,9,14.332768440246582,14.362326357513666
8,1024,0,10,14.319135665893555,14.34770692139864
8,1024,0,11,14.251423835754395,14.281652867794037
8,1024,0,12,14.399871826171875,14.428923837840557
8,1024,0,13,14.191295623779297,14.21876298263669
8,1024,0,14,14.291199684143066,14.319746755063534
8,1024,0,15,14.217568397521973,14.247782062739134
8,1024,0,16,14.462016105651855,14.49057599529624
8,1024,0,17,14.25324821472168,14.281443785876036
8,1024,0,18,14.372575759887695,14.400839805603027
8,1024,0,19,14.31107234954834,14.33876994997263
8,1024,0,20,14.405632019042969,14.434213750064373
8,1024,0,21,22.730144500732422,22.76283409446478
8,1024,0,22,15.055295944213867,15.089214779436588
8,1024,0,23,14.36415958404541,14.392891898751259
8,1024,0,24,14.552160263061523,14.582700561732054
8,1024,0,25,14.415807723999023,14.44509020075202
8,1024,0,26,14.376768112182617,14.40645894035697
8,1024,0,27,14.417375564575195,14.447650872170925
8,1024,0,28,14.49062442779541,14.521566685289145
8,1024,0,29,14.444735527038574,14.474406838417053
8,1024,0,30,14.334336280822754,14.361810870468616
8,1024,0,31,14.382944107055664,14.411409851163626
8,1024,0,32,14.467519760131836,14.496969990432262
8,1024,0,33,14.392800331115723,14.422996900975704
8,1024,0,34,21.757247924804688,21.79147908464074
8,1024,0,35,16.004575729370117,16.04276103898883
8,1024,0,36,14.594367980957031,14.621745329350233
8,1024,0,37,14.340991973876953,14.368627220392227
8,1024,0,38,14.492959976196289,14.521571807563305
8,1024,0,39,14.343968391418457,14.372860081493855
8,1024,0,40,14.555007934570312,14.584966003894806
8,1024,0,41,14.40556812286377,14.436604920774698
8,1024,0,42,14.36188793182373,14.39004484564066
8,1024,0,43,14.400959968566895,14.42911010235548
8,1024,0,44,14.46127986907959,14.491226058453321
8,1024,0,45,14.459615707397461,14.488574117422104
8,1024,0,46,14.40169620513916,14.431263785809278
8,1024,0,47,14.48528003692627,14.515074901282787
8,1024,0,48,14.522111892700195,14.551729895174503
8,1024,0,49,14.454976081848145,14.483673963695765
8,1024,0,50,14.4301118850708,14.458794612437487
8,1024,0,51,14.374079704284668,14.401592779904604
8,1024,0,52,14.575231552124023,14.60348628461361
8,1024,0,53,14.380512237548828,14.410315081477165
8,1024,0,54,14.446080207824707,14.475238975137472
8,1024,0,55,14.403807640075684,14.433893840759993
8,1024,0,56,14.605183601379395,14.633574988692999
8,1024,0,57,14.430975914001465,14.460721053183079
8,1024,0,58,14.50160026550293,14.532146975398064
8,1024,0,59,14.425567626953125,14.454216696321964
8,1024,0,60,14.62019157409668,14.653990976512432
8,1024,0,61,14.44115161895752,14.470692723989487
8,1024,0,62,14.516223907470703,14.546309132128954
8,1024,0,63,14.432479858398438,14.462437946349382
8,1024,1,1,16.23593521118164,16.271373257040977
8,1024,1,2,15.035584449768066,15.065317042171955
8,1024,1,3,14.718815803527832,14.748761896044016
8,1024,1,4,14.575551986694336,14.607673045247793
8,1024,1,5,14.564031600952148,14.596456196159124
8,1024,1,6,14.501407623291016,14.531951397657394
8,1024,1,7,14.522111892700195,14.552405569702387
8,1024,1,8,14.403167724609375,14.43339791148901
8,1024,1,9,14.296256065368652,14.327141921967268
8,1024,1,10,14.298175811767578,14.32858919724822
8,1024,1,11,14.254303932189941,14.286994934082031
8,1024,1,12,14.402751922607422,14.432793017476797
8,1024,1,13,14.26803207397461,14.298238791525364
8,1024,1,14,14.349408149719238,14.379356056451797
8,1024,1,15,14.278559684753418,14.309003949165344
8,1024,1,16,14.501472473144531,14.530492946505547
8,1024,1,17,14.285120010375977,14.315054286271334
8,1024,1,18,14.415360450744629,14.446828048676252
8,1024,1,19,14.361184120178223,14.393382705748081
8,1024,1,20,14.488448143005371,14.519891235977411
8,1024,1,21,14.335103988647461,14.366667717695236
8,1024,1,22,14.397919654846191,14.428121037781239
8,1024,1,23,14.358431816101074,14.389180112630129
8,1024,1,24,14.501248359680176,14.531886670738459
8,1024,1,25,14.465791702270508,14.496746938675642
8,1024,1,26,14.383456230163574,14.413376804441214
8,1024,1,27,14.417119979858398,14.445525128394365
8,1024,1,28,14.443584442138672,14.473007060587406
8,1024,1,29,14.430815696716309,14.460925944149494
8,1024,1,30,14.361087799072266,14.391583856195211
8,1024,1,31,14.44422435760498,14.476397074759007
8,1024,1,32,14.454463958740234,14.485091902315617
8,1024,1,33,14.4518404006958,14.480182901024818
8,1024,1,34,14.449664115905762,14.481019228696823
8,1024,1,35,14.370176315307617,14.399495907127857
8,1024,1,36,14.538175582885742,14.568428974598646
8,1024,1,37,14.40220832824707,14.432863797992468
8,1024,1,38,14.461567878723145,14.49299929663539
8,1024,1,39,14.386655807495117,14.416870661079884
8,1024,1,40,14.541055679321289,14.570780098438263
8,1024,1,41,14.382176399230957,14.411224983632565
8,1024,1,42,14.4017915725708,14.433895237743855
8,1024,1,43,14.41215991973877,14.441958162933588
8,1024,1,44,14.495936393737793,14.527133665978909
8,1024,1,45,14.426688194274902,14.456452336162329
8,1024,1,46,14.423871994018555,14.454286079853773
8,1024,1,47,14.46009635925293,14.491735026240349
8,1024,1,48,14.517951965332031,14.54852893948555
8,1024,1,49,14.468607902526855,14.496988151222467
8,1024,1,50,14.414752006530762,14.442187268286943
8,1024,1,51,14.408415794372559,14.438577927649021
8,1024,1,52,14.586688041687012,14.6184959448874
8,1024,1,53,14.402976036071777,14.433808159083128
8,1024,1,54,14.51030445098877,14.539745170623064
8,1024,1,55,14.423423767089844,14.454636722803116
8,1024,1,56,14.591775894165039,14.621119014918804
8,1024,1,57,14.422143936157227,14.452619943767786
8,1024,1,58,14.500224113464355,14.53109597787261
8,1024,1,59,14.419296264648438,14.449991751462221
8,1024,1,60,14.600064277648926,14.63061198592186
8,1024,1,61,14.43881607055664,14.469323214143515
8,1024,1,62,14.510208129882812,14.54097917303443
8,1024,1,63,14.45148754119873,14.483112841844559
8,1024,2,1,16.3656005859375,16.4040457457304
8,1024,2,2,15.63424015045166,15.665268059819937
8,1024,2,3,14.953856468200684,14.985644724220037
8,1024,2,4,14.968031883239746,14.998013153672218
8,1024,2,5,14.868736267089844,14.898612163960934
8,1024,2,6,14.3307523727417,14.360606204718351
8,1024,2,7,14.38646411895752,14.415943995118141
8,1024,2,8,14.328927993774414,14.358134008944035
8,1024,2,9,14.304736137390137,14.33534873649478
8,1024,2,10,14.293536186218262,14.32299381121993
8,1024,2,11,14.221728324890137,14.252387452870607
8,1024,2,12,14.439711570739746,14.470808207988739
8,1024,2,13,14.270400047302246,14.29872214794159
8,1024,2,14,14.30998420715332,14.339480083435774
8,1024,2,15,14.278816223144531,14.30768333375454
8,1024,2,16,14.479328155517578,14.509140979498625
8,1024,2,17,14.295104026794434,14.323777984827757
8,1024,2,18,14.375391960144043,14.402388129383326
8,1024,2,19,14.313023567199707,14.341306872665882
8,1024,2,20,14.428256034851074,14.455415774136782
8,1024,2,21,14.319007873535156,14.346892014145851
8,1024,2,22,14.337696075439453,14.366355258971453
8,1024,2,23,14.332063674926758,14.358875807374716
8,1024,2,24,14.434783935546875,14.463032595813274
8,1024,2,25,14.426527976989746,14.453847892582417
8,1024,2,26,14.349311828613281,14.375938102602959
8,1024,2,27,14.339103698730469,14.36566561460495
8,1024,2,28,14.344991683959961,14.370147138834
8,1024,2,29,14.30355167388916,14.330512378364801
8,1024,2,30,14.234720230102539,14.26020823419094
8,1024,2,31,14.272928237915039,14.298070222139359
8,1024,2,32,14.327199935913086,14.352573081851006
8,1024,2,33,14.27785587310791,14.303634408861399
8,1024,2,34,14.312800407409668,14.338451903313398
8,1024,2,35,14.23737621307373,14.263256918638945
8,1024,2,36,14.410943984985352,14.437213074415922
8,1024,2,37,14.269503593444824,14.29497404024005
8,1024,2,38,14.34227180480957,14.368398115038872
8,1024,2,39,14.273119926452637,14.298949856311083
8,1024,2,40,14.437760353088379,14.464508276432753
8,1024,2,41,14.274720191955566,14.300055336207151
8,1024,2,42,14.272992134094238,14.297913759946823
8,1024,2,43,14.318976402282715,14.345131814479828
8,1024,2,44,14.352800369262695,14.377838931977749
8,1024,2,45,14.316255569458008,14.340281952172518
8,1024,2,46,14.273759841918945,14.298595022410154
8,1024,2,47,14.28825569152832,14.3125019967556
8,1024,2,48,14.347359657287598,14.37158789485693
8,1024,2,49,14.302144050598145,14.326272998005152
8,1024,2,50,14.257087707519531,14.282469637691975
8,1024,2,51,14.234560012817383,14.25869483500719
8,1024,2,52,14.40617561340332,14.43100068718195
8,1024,2,53,14.249055862426758,14.272699132561684
8,1024,2,54,14.317440032958984,14.340844005346298
8,1024,2,55,14.226048469543457,14.250509906560183
8,1024,2,56,14.424927711486816,14.449418988078833
8,1024,2,57,14.271455764770508,14.29690420627594
8,1024,2,58,14.343520164489746,14.368866104632616
8,1024,2,59,14.256064414978027,14.282060787081718
8,1024,2,60,14.496895790100098,14.52315179631114
8,1024,2,61,14.300671577453613,14.327588956803083
8,1024,2,62,14.410719871520996,14.43658396601677
8,1024,2,63,14.300992012023926,14.32961830869317
8,1024,3,1,16.313663482666016,16.34917687624693
8,1024,3,2,14.973376274108887,15.005518216639757
8,1024,3,3,14.857343673706055,14.8863410577178
8,1024,3,4,14.879903793334961,14.910794328898191
8,1024,3,5,16.208480834960938,16.246329061686993
8,1024,3,6,20.5031681060791,20.55438095703721
8,1024,3,7,14.43075180053711,14.459891244769096
8,1024,3,8,14.282719612121582,14.311283826828003
8,1024,3,9,14.258336067199707,14.288356993347406
8,1024,3,10,14.312895774841309,14.344420284032822
8,1024,3,11,14.239456176757812,14.268666040152311
8,1024,3,12,14.386528015136719,14.416838996112347
8,1024,3,13,14.24783992767334,14.277658890932798
8,1024,3,14,14.309599876403809,14.338463079184294
8,1024,3,15,14.226719856262207,14.25478095188737
8,1024,3,16,14.462592124938965,14.491589739918709
8,1024,3,17,14.280351638793945,14.309144113212824
8,1024,3,18,14.4202880859375,14.449665322899818
8,1024,3,19,14.324383735656738,14.352978207170963
8,1024,3,20,14.441216468811035,14.471938833594322
8,1024,3,21,14.35315227508545,14.38282523304224
8,1024,3,22,14.336992263793945,14.365543145686388
8,1024,3,23,14.334688186645508,14.363040216267109
8,1024,3,24,14.445504188537598,14.47654003277421
8,1024,3,25,14.428832054138184,14.458590187132359
8,1024,3,26,14.393376350402832,14.423171989619732
8,1024,3,27,14.409343719482422,14.440282713621855
8,1024,3,28,14.435359954833984,14.464413281530142
8,1024,3,29,14.380576133728027,14.411448035389185
8,1024,3,30,14.325535774230957,14.355845749378204
8,1024,3,31,14.376543998718262,14.407559297978878
8,1024,3,32,14.42518424987793,14.45725979283452
8,1024,3,33,14.403679847717285,14.433233067393303
8,1024,3,34,14.418144226074219,14.448659960180521
8,1024,3,35,14.315360069274902,14.343506190925837
8,1024,3,36,14.502079963684082,14.532764907926321
8,1024,3,37,14.366239547729492,14.395844656974077
8,1024,3,38,14.42255973815918,14.451250899583101
8,1024,3,39,14.3340482711792,14.364764094352722
8,1024,3,40,14.538656234741211,14.569106977432966
8,1024,3,41,14.360511779785156,14.389425981789827
8,1024,3,42,14.342880249023438,14.372684061527252
8,1024,3,43,14.415616035461426,14.445179607719183
8,1024,3,44,14.476927757263184,14.507359825074673
8,1024,3,45,14.381248474121094,14.409595634788275
8,1024,3,46,14.380064010620117,14.40872298553586
8,1024,3,47,14.397151947021484,14.425246976315975
8,1024,3,48,14.478048324584961,14.505759812891483
8,1024,3,49,14.41327953338623,14.441406819969416
8,1024,3,50,14.342687606811523,14.369057957082987
8,1024,3,51,14.359935760498047,14.389164745807648
8,1024,3,52,14.519712448120117,14.549353625625372
8,1024,3,53,14.383199691772461,14.41139867529273
8,1024,3,54,14.465760231018066,14.49555391445756
8,1024,3,55,14.39087963104248,14.421753119677305
8,1024,3,56,14.54860782623291,14.576319139450788
8,1024,3,57,14.39782428741455,14.426355250179768
8,1024,3,58,14.457216262817383,14.485673047602177
8,1024,3,59,14.382816314697266,14.411021023988724
8,1024,3,60,14.58886432647705,14.615851920098066
8,1024,3,61,14.417216300964355,14.447633177042007
8,1024,3,62,14.500415802001953,14.529358129948378
8,1024,3,63,14.409024238586426,14.436551835387945
8,1024,4,1,16.006656646728516,16.035950742661953
8,1024,4,2,14.671551704406738,14.695992693305016
8,1024,4,3,14.362431526184082,14.386761002242565
8,1024,4,4,14.370719909667969,14.396457001566887
8,1024,4,5,14.23193645477295,14.256688300520182
8,1024,4,6,14.126943588256836,14.150772243738174
8,1024,4,7,14.178303718566895,14.20221384614706
8,1024,4,8,14.225536346435547,14.249622821807861
8,1024,4,9,14.119104385375977,14.143670909106731
8,1024,4,10,14.125696182250977,14.14936687797308
8,1024,4,11,14.056096076965332,14.081208035349846
8,1024,4,12,14.228799819946289,14.253461267799139
8,1024,4,13,14.076704025268555,14.101233333349228
8,1024,4,14,14.159168243408203,14.184525702148676
8,1024,4,15,14.138527870178223,14.164486899971962
8,1024,4,16,14.33836841583252,14.363777358084917
8,1024,4,17,21.424575805664062,21.45171817392111
8,1024,4,18,14.982943534851074,15.011921059340239
8,1024,4,19,14.184351921081543,14.20797174796462
8,1024,4,20,14.281920433044434,14.307061210274696
8,1024,4,21,14.162752151489258,14.1865280456841
8,1024,4,22,14.176063537597656,14.203861821442842
8,1024,4,23,14.184096336364746,14.208351261913776
8,1024,4,24,14.293439865112305,14.318644069135189
8,1024,4,25,14.274208068847656,14.298793859779835
8,1024,4,26,14.21452808380127,14.241848140954971
8,1024,4,27,14.198528289794922,14.222639612853527
8,1024,4,28,14.291328430175781,14.31588502600789
8,1024,4,29,14.238656044006348,14.262774027884007
8,1024,4,30,20.69808006286621,20.723087713122368
8,1024,4,31,16.2010555267334,16.233473084867
8,1024,4,32,14.52079963684082,14.552395790815353
8,1024,4,33,14.232831954956055,14.256902039051056
8,1024,4,34,14.267552375793457,14.29165992885828
8,1024,4,35,14.189824104309082,14.214341063052416
8,1024,4,36,14.37116813659668,14.395149890333414
8,1024,4,37,14.19916820526123,14.223603997379541
8,1024,4,38,14.358719825744629,14.38380777835846
8,1024,4,39,14.255935668945312,14.28125984966755
8,1024,4,40,14.422464370727539,14.448240865021944
8,1024,4,41,14.266816139221191,14.293415937572718
8,1024,4,42,14.334367752075195,14.365382958203554
8,1024,4,43,14.410207748413086,14.441176783293486
8,1024,4,44,14.482560157775879,14.511359855532646
8,1024,4,45,14.456992149353027,14.487390872091055
8,1024,4,46,14.380448341369629,14.409874100238085
8,1024,4,47,14.442048072814941,14.470637775957584
8,1024,4,48,14.495552062988281,14.524956699460745
8,1024,4,49,14.457375526428223,14.486406929790974
8,1024,4,50,14.425536155700684,14.455935917794704
8,1024,4,51,14.402976036071777,14.433083590120077
8,1024,4,52,14.572959899902344,14.60930285975337
8,1024,4,53,14.415200233459473,14.44346271455288
8,1024,4,54,14.45747184753418,14.486798085272312
8,1024,4,55,14.430144309997559,14.459291938692331
8,1024,4,56,14.587264060974121,14.61700489744544
8,1024,4,57,14.452032089233398,14.480617828667164
8,1024,4,58,14.433440208435059,14.463350642472506
8,1024,4,59,14.39798355102539,14.427056070417166
8,1024,4,60,14.636480331420898,14.666466973721981
8,1024,4,61,14.449631690979004,14.477406162768602
8,1024,4,62,14.529727935791016,14.558265917003155
8,1024,4,63,14.40668773651123,14.435979072004557
8,1024,5,1,16.24323272705078,16.27811836078763
8,1024,5,2,15.164735794067383,15.194464940577745
8,1024,5,3,14.732512474060059,14.760772697627544
8,1024,5,4,14.499711990356445,14.528919942677021
8,1024,5,5,14.504639625549316,14.53402079641819
8,1024,5,6,14.471648216247559,14.501399826258421
8,1024,5,7,14.368864059448242,14.40002815797925
8,1024,5,8,14.36963176727295,14.399621170014143
8,1024,5,9,14.283679962158203,14.31309711188078
8,1024,5,10,14.286911964416504,14.319716952741146
8,1024,5,11,14.258720397949219,14.290374238044024
8,1024,5,12,14.425824165344238,14.454768039286137
8,1024,5,13,14.266783714294434,14.297390822321177
8,1024,5,14,14.350144386291504,14.37948876991868
8,1024,5,15,14.265695571899414,14.297293964773417
8,1024,5,16,14.503520011901855,14.533945824950933
8,1024,5,17,14.276864051818848,14.30639298632741
8,1024,5,18,14.398943901062012,14.429177157580853
8,1024,5,19,14.299936294555664,14.330519363284111
8,1024,5,20,14.427743911743164,14.45841183885932
8,1024,5,21,14.356639862060547,14.388506766408682
8,1024,5,22,14.335807800292969,14.365504961460829
8,1024,5,23,14.355039596557617,14.383700676262379
8,1024,5,24,14.460224151611328,14.489566907286644
8,1024,5,25,14.448639869689941,14.478167053312063
8,1024,5,26,14.338591575622559,14.36794688925147
8,1024,5,27,14.41004753112793,14.442077837884426
8,1024,5,28,14.458080291748047,14.48875991627574
8,1024,5,29,14.417792320251465,14.447515830397606
8,1024,5,30,14.37609577178955,14.405910857021809
8,1024,5,31,14.402015686035156,14.431128278374672
8,1024,5,32,14.465248107910156,14.495743438601494
8,1024,5,33,14.42080020904541,14.451225753873587
8,1024,5,34,14.441439628601074,14.470633119344711
8,1024,5,35,14.351519584655762,14.38290299847722
8,1024,5,36,14.538432121276855,14.566417783498764
8,1024,5,37,14.376832008361816,14.405629597604275
8,1024,5,38,14.473600387573242,14.501664787530899
8,1024,5,39,14.36086368560791,14.388748910278082
8,1024,5,40,14.502528190612793,14.531755354255438
8,1024,5,41,19.235103607177734,19.26683308556676
8,1024,5,42,17.206111907958984,17.245995812118053
8,1024,5,43,14.53974437713623,14.569689985364676
8,1024,5,44,14.4933443069458,14.52338881790638
8,1024,5,45,14.44604778289795,14.474771916866302
8,1024,5,46,14.38764762878418,14.416912104934454
8,1024,5,47,14.437824249267578,14.466179069131613
8,1024,5,48,14.4749755859375,14.504650142043829
8,1024,5,49,14.435040473937988,14.468105975538492
8,1024,5,50,14.397088050842285,14.425199013203382
8,1024,5,51,14.435104370117188,14.463606756180525
8,1024,5,52,14.569727897644043,14.59934702143073
8,1024,5,53,14.405535697937012,14.436446130275726
8,1024,5,54,16.369247436523438,16.40278287231922
8,1024,5,55,20.235679626464844,20.280790980905294
8,1024,5,56,14.759424209594727,14.789482112973928
8,1024,5,57,14.421343803405762,14.450140297412872
8,1024,5,58,14.578880310058594,14.60815779864788
8,1024,5,59,14.436991691589355,14.4662419334054
8,1024,5,60,14.638079643249512,14.667072333395481
8,1024,5,61,14.4453763961792,14.475411735475063
8,1024,5,62,14.528096199035645,14.558293391019106
8,1024,5,63,14.43404769897461,14.465409331023693
8,1024,6,1,16.36016082763672,16.394408885389566
8,1024,6,2,14.838239669799805,14.864895958453417
8,1024,6,3,14.62992000579834,14.657082967460155
8,1024,6,4,14.496576309204102,14.527414925396442
8,1024,6,5,14.389727592468262,14.418503735214472
8,1024,6,6,14.250304222106934,14.277087058871984
8,1024,6,7,14.285728454589844,14.312741812318563
8,1024,6,8,14.310527801513672,14.337262604385614
8,1024,6,9,14.237728118896484,14.264229219406843
8,1024,6,10,14.230079650878906,14.256408903747797
8,1024,6,11,14.170047760009766,14.198192860931158
8,1024,6,12,14.385824203491211,14.412903226912022
8,1024,6,13,14.186911582946777,14.215197879821062
8,1024,6,14,14.260479927062988,14.285537414252758
8,1024,6,15,14.145695686340332,14.170423150062561
8,1024,6,16,14.355135917663574,14.380095060914755
8,1024,6,17,14.137855529785156,14.163936022669077
8,1024,6,18,14.332192420959473,14.36141598969698
8,1024,6,19,14.279871940612793,14.307127799838781
8,1024,6,20,14.387167930603027,14.412879012525082
8,1024,6,21,14.246879577636719,14.273673295974731
8,1024,6,22,14.292448043823242,14.320357237011194
8,1024,6,23,14.30787181854248,14.336096122860909
8,1024,6,24,14.415040016174316,14.442512765526772
8,1024,6,25,14.400320053100586,14.428908005356789
8,1024,6,26,14.319840431213379,14.345441944897175
8,1024,6,27,14.268511772155762,14.294066932052374
8,1024,6,28,14.337727546691895,14.364165253937244
8,1024,6,29,14.287712097167969,14.314364176243544
8,1024,6,30,14.240127563476562,14.266455080360174
8,1024,6,31,14.297311782836914,14.324731193482876
8,1024,6,32,14.339327812194824,14.369030948728323
8,1024,6,33,14.300352096557617,14.327633660286665
8,1024,6,34,14.340703964233398,14.366259798407555
8,1024,6,35,14.233344078063965,14.25971882417798
8,1024,6,36,14.448512077331543,14.474992640316486
8,1024,6,37,14.274463653564453,14.30142717435956
8,1024,6,38,14.377216339111328,14.40342329442501
8,1024,6,39,14.288384437561035,14.31462587788701
8,1024,6,40,14.438176155090332,14.463725965470076
8,1024,6,41,14.28172779083252,14.307117089629173
8,1024,6,42,14.270527839660645,14.295259956270456
8,1024,6,43,14.305760383605957,14.330903068184853
8,1024,6,44,14.369664192199707,14.394396916031837
8,1024,6,45,14.322239875793457,14.347021002322435
8,1024,6,46,14.262975692749023,14.289798680692911
8,1024,6,47,14.330816268920898,14.355636667460203
8,1024,6,48,14.360544204711914,14.385197777301073
8,1024,6,49,14.344127655029297,14.368527103215456
8,1024,6,50,14.284992218017578,14.313721098005772
8,1024,6,51,14.296768188476562,14.323404058814049
8,1024,6,52,14.458880424499512,14.484921004623175
8,1024,6,53,14.311327934265137,14.338517095893621
8,1024,6,54,14.374336242675781,14.401952736079693
8,1024,6,55,14.291616439819336,14.319723006337881
8,1024,6,56,14.470047950744629,14.49545519426465
8,1024,6,57,14.334239959716797,14.36051307246089
8,1024,6,58,14.400863647460938,14.425798784941435
8,1024,6,59,14.27455997467041,14.302549883723259
8,1024,6,60,14.479680061340332,14.5060820505023
8,1024,6,61,14.312895774841309,14.337691012769938
8,1024,6,62,14.41478443145752,14.439328107982874
8,1024,6,63,14.304448127746582,14.32877592742443
8,4096,0,1,38.474334716796875,38.51430816575885
8,4096,0,2,31.647968292236328,31.68153902515769
8,4096,0,3,31.015167236328125,31.05030907317996
8,4096,0,4,30.51603126525879,30.550308059901
8,4096,0,5,30.469568252563477,30.50046693533659
8,4096,0,6,30.475231170654297,30.509425792843103
8,4096,0,7,30.641023635864258,30.671517830342054
8,4096,0,8,30.512256622314453,30.545475892722607
8,4096,0,9,30.413471221923828,30.44780995696783
8,4096,0,10,30.467456817626953,30.50049301236868
8,4096,0,11,30.636831283569336,30.66901583224535
8,4096,0,12,30.581344604492188,30.611825175583363
8,4096,0,13,30.393856048583984,30.427258927375078
8,4096,0,14,30.316831588745117,30.34720290452242
8,4096,0,15,30.440256118774414,30.470421072095633
8,4096,0,16,30.314559936523438,30.34603875130415
8,4096,0,17,30.23699188232422,30.267997179180384
8,4096,0,18,30.325536727905273,30.35461064428091
8,4096,0,19,30.49295997619629,30.52232414484024
8,4096,0,20,30.421344757080078,30.452540144324303
8,4096,0,21,30.461503982543945,30.49483895301819
8,4096,0,22,30.36409568786621,30.397064052522182
8,4096,0,23,30.964191436767578,31.009742058813572
8,4096,0,24,30.508703231811523,30.540747102349997
8,4096,0,25,30.340959548950195,30.371331609785557
8,4096,0,26,30.37081527709961,30.40243498980999
8,4096,0,27,30.557119369506836,30.586541164666414
8,4096,0,28,30.52684783935547,30.5572971701622
8,4096,0,29,30.372352600097656,30.40353301912546
8,4096,0,30,30.49951934814453,30.53524484857917
8,4096,0,31,30.73209571838379,30.7672917842865
8,4096,0,32,30.618783950805664,30.656368006020784
8,4096,0,33,30.4420166015625,30.476688873022795
8,4096,0,34,30.471200942993164,30.50461830571294
8,4096,0,35,30.670400619506836,30.704210978001356
8,4096,0,36,30.587968826293945,30.62415588647127
8,4096,0,37,30.485919952392578,30.518597923219204
8,4096,0,38,30.505855560302734,30.539365950971842
8,4096,0,39,30.683679580688477,30.717081855982542
8,4096,0,40,30.60767936706543,30.64099233597517
8,4096,0,41,30.486112594604492,30.518264044076204
8,4096,0,42,30.505664825439453,30.53696034476161
8,4096,0,43,30.686752319335938,30.719229951500893
8,4096,0,44,30.580896377563477,30.61305172741413
8,4096,0,45,30.51398468017578,30.546956229954958
8,4096,0,46,30.56025505065918,30.59519873932004
8,4096,0,47,30.726335525512695,30.75928706675768
8,4096,0,48,30.651424407958984,30.683305114507675
8,4096,0,49,30.55939292907715,30.59360198676586
8,4096,0,50,30.52694320678711,30.561826657503843
8,4096,0,51,30.719392776489258,30.753192957490683
8,4096,0,52,30.634368896484375,30.668403021991253
8,4096,0,53,30.546527862548828,30.578230042010546
8,4096,0,54,30.555551528930664,30.58771137148142
8,4096,0,55,30.75881576538086,30.79103771597147
8,4096,0,56,30.683359146118164,30.715467873960733
8,4096,0,57,30.545055389404297,30.576936900615692
8,4096,0,58,30.600671768188477,30.633293092250824
8,4096,0,59,30.869216918945312,30.904519837349653
8,4096,0,60,30.705984115600586,30.740648973733187
8,4096,0,61,30.60223960876465,30.63540207222104
8,4096,0,62,30.632383346557617,30.668111983686686
8,4096,0,63,30.84441566467285,30.879564117640257
8,4096,1,1,38.241695404052734,38.28370291739702
8,4096,1,2,31.834304809570312,31.86769923195243
8,4096,1,3,31.745216369628906,31.77934093400836
8,4096,1,4,30.580320358276367,30.61594208702445
8,4096,1,5,30.485023498535156,30.51857277750969
8,4096,1,6,30.52400016784668,30.558142811059952
8,4096,1,7,30.65795135498047,30.690083280205727
8,4096,1,8,30.50079917907715,30.536883044987917
8,4096,1,9,30.479488372802734,30.514304991811514
8,4096,1,10,30.492639541625977,30.529191717505455
8,4096,1,11,30.674175262451172,30.710157938301563
8,4096,1,12,30.597087860107422,30.630754306912422
8,4096,1,13,30.433216094970703,30.468367040157318
8,4096,1,14,30.364383697509766,30.398267786949873
8,4096,1,15,30.481184005737305,30.514815356582403
8,4096,1,16,30.397504806518555,30.43290786445141
8,4096,1,17,30.325824737548828,30.362451914697886
8,4096,1,18,30.37491226196289,30.411898158490658
8,4096,1,19,30.53228759765625,30.56657174602151
8,4096,1,20,30.433439254760742,30.469633638858795
8,4096,1,21,30.344032287597656,30.378706753253937
8,4096,1,22,30.381343841552734,30.41313122957945
8,4096,1,23,30.538175582885742,30.573452822864056
8,4096,1,24,30.63065528869629,30.66533710807562
8,4096,1,25,30.390911102294922,30.43333627283573
8,4096,1,26,31.831199645996094,31.893400941044092
8,4096,1,27,30.62233543395996,30.656530987471342
8,4096,1,28,30.590112686157227,30.623910948634148
8,4096,1,29,30.44937515258789,30.482056085020304
8,4096,1,30,30.41548728942871,30.449509155005217
8,4096,1,31,30.76211166381836,30.799488071352243
8,4096,1,32,30.579008102416992,30.617719050496817
8,4096,1,33,30.83452796936035,30.882261227816343
8,4096,1,34,30.58448028564453,30.61864385381341
8,4096,1,35,30.677600860595703,30.70999216288328
8,4096,1,36,30.532032012939453,30.565376859158278
8,4096,1,37,30.39321517944336,30.424960888922215
8,4096,1,38,30.491424560546875,30.52359912544489
8,4096,1,39,30.636831283569336,30.66826704889536
8,4096,1,40,30.538591384887695,30.570148024708033
8,4096,1,41,30.42950439453125,30.460466165095568
8,4096,1,42,30.466751098632812,30.49710625782609
8,4096,1,43,30.66217613220215,30.700146220624447
8,4096,1,44,30.550655364990234,30.580794904381037
8,4096,1,45,30.455263137817383,30.487118288874626
8,4096,1,46,30.520479202270508,30.55503312498331
8,4096,1,47,30.680383682250977,30.711451079696417
8,4096,1,48,30.575040817260742,30.607291031628847
8,4096,1,49,30.453632354736328,30.483949929475784
8,4096,1,50,30.481151580810547,30.511178076267242
8,4096,1,51,30.663904190063477,30.69508634507656
8,4096,1,52,30.56003189086914,30.592070892453194
8,4096,1,53,30.492704391479492,30.524651054292917
8,4096,1,54,30.531360626220703,30.564427841454744
8,4096,1,55,30.750240325927734,30.783001333475113
8,4096,1,56,30.6474552154541,30.68347182124853
8,4096,1,57,30.585023880004883,30.621693935245275
8,4096,1,58,30.581024169921875,30.612926930189133
8,4096,1,59,30.795711517333984,30.829594936221838
8,4096,1,60,30.672992706298828,30.70816770195961
8,4096,1,61,30.61907196044922,30.651777051389217
8,4096,1,62,30.596832275390625,30.630326364189386
8,4096,1,63,30.82796859741211,30.86209623143077
8,4096,2,1,40.68368148803711,40.72975320741534
8,4096,2,2,33.658145904541016,33.693032804876566
8,4096,2,3,31.115488052368164,31.148675829172134
8,4096,2,4,30.572736740112305,30.61002306640148
8,4096,2,5,30.42630386352539,30.461305752396584
8,4096,2,6,30.451648712158203,30.48707637935877
8,4096,2,7,30.624895095825195,30.658341944217682
8,4096,2,8,30.582176208496094,30.617321841418743
8,4096,2,9,30.50383949279785,30.53716290742159
8,4096,2,10,30.518783569335938,30.551099218428135
8,4096,2,11,30.70377540588379,30.74229136109352
8,4096,2,12,30.553152084350586,30.587117187678814
8,4096,2,13,30.373920440673828,30.408720951527357
8,4096,2,14,30.399904251098633,30.4392552934587
8,4096,2,15,30.56972885131836,30.605588108301163
8,4096,2,16,30.449312210083008,30.484360177069902
8,4096,2,17,30.44099235534668,30.481457244604826
8,4096,2,18,30.44870376586914,30.482498928904533
8,4096,2,19,30.584896087646484,30.617748852819204
8,4096,2,20,30.487199783325195,30.520109925419092
8,4096,2,21,30.43836784362793,30.472685117274523
8,4096,2,22,30.434080123901367,30.468252953141928
8,4096,2,23,30.643680572509766,30.677823815494776
8,4096,2,24,30.519264221191406,30.559869017452
8,4096,2,25,30.434879302978516,30.46755399554968
8,4096,2,26,30.484128952026367,30.516587663441896
8,4096,2,27,30.65273666381836,30.687930062413216
8,4096,2,28,30.56755256652832,30.61784291639924
8,4096,2,29,32.920318603515625,32.99647103995085
8,4096,2,30,30.560575485229492,30.59317683801055
8,4096,2,31,30.72800064086914,30.76120186597109
8,4096,2,32,30.556320190429688,30.590056907385588
8,4096,2,33,30.49225616455078,30.526611022651196
8,4096,2,34,30.515424728393555,30.547716189175844
8,4096,2,35,30.678848266601562,30.713567975908518
8,4096,2,36,30.878143310546875,30.917083844542503
8,4096,2,37,30.510976791381836,30.545912217348814
8,4096,2,38,30.488191604614258,30.52084008231759
8,4096,2,39,30.668031692504883,30.69978393614292
8,4096,2,40,30.606624603271484,30.64272366464138
8,4096,2,41,30.48736000061035,30.519349966198206
8,4096,2,42,30.520511627197266,30.55332601070404
8,4096,2,43,30.66486358642578,30.69690801203251
8,4096,2,44,30.606399536132812,30.63947008922696
8,4096,2,45,30.55116844177246,30.58972116559744
8,4096,2,46,30.55072021484375,30.58396326377988
8,4096,2,47,30.720256805419922,30.754239298403263
8,4096,2,48,30.599584579467773,30.633815098553896
8,4096,2,49,30.52444839477539,30.55652789771557
8,4096,2,50,30.566015243530273,30.60254082083702
8,4096,2,51,30.746559143066406,30.77963972464204
8,4096,2,52,30.60851287841797,30.64352599903941
8,4096,2,53,30.533567428588867,30.57034919038415
8,4096,2,54,30.56879997253418,30.601406935602427
8,4096,2,55,30.719423294067383,30.7532730512321
8,4096,2,56,30.644704818725586,30.677022878080606
8,4096,2,57,30.552095413208008,30.58542124927044
8,4096,2,58,30.601280212402344,30.633884947746992
8,4096,2,59,30.823455810546875,30.859624966979027
8,4096,2,60,30.70262336730957,30.734745785593987
8,4096,2,61,30.62723159790039,30.65915871411562
8,4096,2,62,30.61667251586914,30.6518180295825
8,4096,2,63,30.8505916595459,30.889059882611036
8,4096,3,1,37.73446273803711,37.79010009020567
8,4096,3,2,31.639968872070312,31.67393011972308
8,4096,3,3,31.72444725036621,31.75699384883046
8,4096,3,4,30.68569564819336,30.71956569328904
8,4096,3,5,30.47043228149414,30.50350211560726
8,4096,3,6,30.524959564208984,30.559354927390814
8,4096,3,7,30.65763282775879,30.692413914948702
8,4096,3,8,30.631519317626953,30.666938982903957
8,4096,3,9,30.567808151245117,30.602011363953352
8,4096,3,10,30.566911697387695,30.601014848798513
8,4096,3,11,30.742656707763672,30.780551955103874
8,4096,3,12,30.587200164794922,30.620627105236053
8,4096,3,13,30.395231246948242,30.42862005531788
8,4096,3,14,30.398847579956055,30.434654094278812
8,4096,3,15,30.534912109375,30.5691990070045
8,4096,3,16,30.467967987060547,30.50186624750495
8,4096,3,17,30.373695373535156,30.40777612477541
8,4096,3,18,30.385887145996094,30.41882487013936
8,4096,3,19,30.552127838134766,30.58568201959133
8,4096,3,20,30.461471557617188,30.491983983665705
8,4096,3,21,30.39263916015625,30.426629818975925
8,4096,3,22,30.43414306640625,30.472286976873875
8,4096,3,23,30.56755256652832,30.598707031458616
8,4096,3,24,30.48633575439453,30.521088279783726
8,4096,3,25,30.376127243041992,30.410924926400185
8,4096,3,26,30.417728424072266,30.450819991528988
8,4096,3,27,30.646623611450195,30.682966113090515
8,4096,3,28,30.542463302612305,30.577378813177347
8,4096,3,29,30.44870376586914,30.484827235341072
8,4096,3,30,30.425472259521484,30.460407957434654
8,4096,3,31,30.647104263305664,30.68222338333726
8,4096,3,32,30.547935485839844,30.58696584776044
8,4096,3,33,30.754560470581055,30.798823107033968
8,4096,3,34,30.559263229370117,30.592877883464098
8,4096,3,35,30.636863708496094,30.670282896608114
8,4096,3,36,30.540992736816406,30.572995077818632
8,4096,3,37,30.460735321044922,30.496682040393353
8,4096,3,38,30.52342414855957,30.56525904685259
8,4096,3,39,31.5795841217041,31.632515136152506
8,4096,3,40,30.627487182617188,30.665948055684566
8,4096,3,41,30.462688446044922,30.495572835206985
8,4096,3,42,30.472768783569336,30.509818345308304
8,4096,3,43,30.64419174194336,30.67945083603263
8,4096,3,44,30.559232711791992,30.591294169425964
8,4096,3,45,30.48067283630371,30.513371340930462
8,4096,3,46,30.467647552490234,30.498101841658354
8,4096,3,47,30.676544189453125,30.7122147642076
8,4096,3,48,30.58121681213379,30.611830297857523
8,4096,3,49,30.438304901123047,30.469642020761967
8,4096,3,50,30.514848709106445,30.550511088222265
8,4096,3,51,30.68022346496582,30.711341183632612
8,4096,3,52,30.548479080200195,30.578834004700184
8,4096,3,53,30.475679397583008,30.505823902785778
8,4096,3,54,30.512224197387695,30.54299997165799
8,4096,3,55,30.695648193359375,30.726364813745022
8,4096,3,56,30.623584747314453,30.654244124889374
8,4096,3,57,30.491424560546875,30.52266640588641
8,4096,3,58,30.516223907470703,30.54711502045393
8,4096,3,59,30.736543655395508,30.766510870307684
8,4096,3,60,30.63542366027832,30.66749172285199
8,4096,3,61,30.608224868774414,30.64086800441146
8,4096,3,62,30.6646728515625,30.704817734658718
8,4096,3,63,30.81804847717285,30.852966010570526
8,4096,4,1,36.81932830810547,36.86446510255337
8,4096,4,2,32.29558563232422,32.330420799553394
8,4096,4,3,30.936511993408203,30.971569009125233
8,4096,4,4,30.603904724121094,30.64705803990364
8,4096,4,5,30.448959350585938,30.481820926070213
8,4096,4,6,30.460704803466797,30.494787264615297
8,4096,4,7,30.67910385131836,30.713113024830818
8,4096,4,8,30.645471572875977,30.677360016852617
8,4096,4,9,30.517536163330078,30.550112016499043
8,4096,4,10,30.559232711791992,30.59256076812744
8,4096,4,11,30.707359313964844,30.74106713756919
8,4096,4,12,30.548063278198242,30.58252390474081
8,4096,4,13,30.345407485961914,30.379094183444977
8,4096,4,14,30.390880584716797,30.42776510119438
8,4096,4,15,30.518848419189453,30.552615877240896
8,4096,4,16,30.41980743408203,30.454822815954685
8,4096,4,17,30.35932731628418,30.395925045013428
8,4096,4,18,30.4105281829834,30.445262789726257
8,4096,4,19,30.596479415893555,30.632646288722754
8,4096,4,20,30.48899269104004,30.522789806127548
8,4096,4,21,30.447999954223633,30.48428287729621
8,4096,4,22,30.487232208251953,30.522425193339586
8,4096,4,23,30.636735916137695,30.67316533997655
8,4096,4,24,30.56003189086914,30.59709072113037
8,4096,4,25,30.41187286376953,30.447366647422314
8,4096,4,26,30.478368759155273,30.51161766052246
8,4096,4,27,30.648319244384766,30.685693956911564
8,4096,4,28,30.549152374267578,30.584845691919327
8,4096,4,29,30.482463836669922,30.51723912358284
8,4096,4,30,30.471967697143555,30.507604591548443
8,4096,4,31,30.656639099121094,30.69039201363921
8,4096,4,32,30.590560913085938,30.624011997133493
8,4096,4,33,30.49395179748535,30.52759589627385
8,4096,4,34,30.52822494506836,30.5676837451756
8,4096,4,35,30.731807708740234,30.772562138736248
8,4096,4,36,30.905311584472656,30.94957210123539
8,4096,4,37,30.578752517700195,30.61578283086419
8,4096,4,38,30.54755210876465,30.581944156438112
8,4096,4,39,30.7142391204834,30.74613120406866
8,4096,4,40,30.64259147644043,30.679553747177124
8,4096,4,41,30.510751724243164,30.54389078170061
8,4096,4,42,30.521408081054688,30.5569376796484
8,4096,4,43,30.739328384399414,30.774821061640978
8,4096,4,44,30.613311767578125,30.646333936601877
8,4096,4,45,30.528928756713867,30.562030151486397
8,4096,4,46,30.544160842895508,30.57923913002014
8,4096,4,47,30.75267219543457,30.788095202296972
8,4096,4,48,30.610464096069336,30.643830075860023
8,4096,4,49,30.517887115478516,30.556092970073223
8,4096,4,50,30.58576011657715,30.619988217949867
8,4096,4,51,30.727712631225586,30.764157883822918
8,4096,4,52,30.59427261352539,30.62802879139781
8,4096,4,53,30.55788803100586,30.59112001210451
8,4096,4,54,30.600160598754883,30.638954136520624
8,4096,4,55,30.766080856323242,30.799700878560543
8,4096,4,56,30.638784408569336,30.669841915369034
8,4096,4,57,30.571680068969727,30.60378972440958
8,4096,4,58,30.59494400024414,30.626943800598383
8,4096,4,59,30.784255981445312,30.814880039542913
8,4096,4,60,30.659936904907227,30.69289680570364
8,4096,4,61,30.56697654724121,30.598900746554136
8,4096,4,62,30.61187171936035,30.642288736999035
8,4096,4,63,30.80384063720703,30.835938174277544
8,4096,5,1,36.62287902832031,36.66365798562765
8,4096,5,2,31.4102725982666,31.44582500681281
8,4096,5,3,31.18988800048828,31.222425866872072
8,4096,5,4,30.709951400756836,30.742325820028782
8,4096,5,5,30.52239990234375,30.556094367057085
8,4096,5,6,30.50169563293457,30.534264165908098
8,4096,5,7,30.691423416137695,30.722748953849077
8,4096,5,8,30.58684730529785,30.624772422015667
8,4096,5,9,30.42915153503418,30.462032184004784
8,4096,5,10,30.48486328125,30.51695879548788
8,4096,5,11,30.716415405273438,30.75247909873724
8,4096,5,12,30.613887786865234,30.648748856037855
8,4096,5,13,30.47283172607422,30.50515940412879
8,4096,5,14,30.365440368652344,30.401255004107952
8,4096,5,15,30.465951919555664,30.498960986733437
8,4096,5,16,30.38262367248535,30.41924722492695
8,4096,5,17,30.34819221496582,30.382550321519375
8,4096,5,18,30.382272720336914,30.41681507602334
8,4096,5,19,30.561504364013672,30.597056727856398
8,4096,5,20,30.462047576904297,30.49563430249691
8,4096,5,21,30.446815490722656,30.487241223454475
8,4096,5,22,30.467071533203125,30.50447814166546
8,4096,5,23,30.644256591796875,30.67880729213357
8,4096,5,24,30.582656860351562,30.62150441110134
8,4096,5,25,30.44870376586914,30.4852151311934
8,4096,5,26,30.460960388183594,30.49409482628107
8,4096,5,27,30.654624938964844,30.689035542309284
8,4096,5,28,30.54140853881836,30.575583688914776
8,4096,5,29,30.456607818603516,30.49024986103177
8,4096,5,30,30.512800216674805,30.546197202056646
8,4096,5,31,30.64134407043457,30.67325195297599
8,4096,5,32,30.57491111755371,30.609048902988434
8,4096,5,33,30.490751266479492,30.525606125593185
8,4096,5,34,30.51545524597168,30.55481892079115
8,4096,5,35,30.708032608032227,30.742069240659475
8,4096,5,36,30.60198402404785,30.635681003332138
8,4096,5,37,30.482463836669922,30.521410051733255
8,4096,5,38,30.583616256713867,30.618412420153618
8,4096,5,39,30.695199966430664,30.73252597823739
8,4096,5,40,30.68079948425293,30.72063997387886
8,4096,5,41,30.49363136291504,30.529895331710577
8,4096,5,42,30.558975219726562,30.596280936151743
8,4096,5,43,30.861120223999023,30.899508390575647
8,4096,5,44,30.66396713256836,30.704279895871878
8,4096,5,45,30.553247451782227,30.590123031288385
8,4096,5,46,30.561279296875,30.595737975090742
8,4096,5,47,30.85100746154785,30.892192851752043
8,4096,5,48,30.631263732910156,30.667873099446297
8,4096,5,49,31.005632400512695,31.055655796080828
8,4096,5,50,30.636768341064453,30.676994007080793
8,4096,5,51,30.816287994384766,30.853820964694023
8,4096,5,52,30.626527786254883,30.663087964057922
8,4096,5,53,30.561952590942383,30.597657896578312
8,4096,5,54,30.563392639160156,30.597433913499117
8,4096,5,55,30.80847930908203,30.842882115393877
8,4096,5,56,30.683040618896484,30.71738826110959
8,4096,5,57,30.63577651977539,30.673990957438946
8,4096,5,58,30.616928100585938,30.648077838122845
8,4096,5,59,30.839487075805664,30.87451308965683
8,4096,5,60,30.695903778076172,30.732555780559778
8,4096,5,61,30.626911163330078,30.65784089267254
8,4096,5,62,30.598655700683594,30.629485845565796
8,4096,5,63,30.837984085083008,30.872527044266462
8,4096,6,1,37.7325439453125,37.772675044834614
8,4096,6,2,33.411102294921875,33.44560181722045
8,4096,6,3,31.100160598754883,31.13983478397131
8,4096,6,4,30.6297607421875,30.663513112813234
8,4096,6,5,30.53913688659668,30.58911208063364
8,4096,6,6,32.200767517089844,32.26468712091446
8,4096,6,7,30.7159366607666,30.749769881367683
8,4096,6,8,30.607423782348633,30.64320469275117
8,4096,6,9,30.46329689025879,30.49624804407358
8,4096,6,10,30.467327117919922,30.50007577985525
8,4096,6,11,30.711456298828125,30.746059957891703
8,4096,6,12,30.60425567626953,30.63627891242504
8,4096,6,13,30.410079956054688,30.442717019468546
8,4096,6,14,30.356224060058594,30.391781125217676
8,4096,6,15,30.517440795898438,30.55233508348465
8,4096,6,16,30.393695831298828,30.429132748395205
8,4096,6,17,30.372512817382812,30.40828136727214
8,4096,6,18,30.409568786621094,30.44248092919588
8,4096,6,19,30.59823989868164,30.633096117526293
8,4096,6,20,30.513248443603516,30.546165071427822
8,4096,6,21,30.402528762817383,30.436774250119925
8,4096,6,22,30.461824417114258,30.494432896375656
8,4096,6,23,30.58665657043457,30.62180895358324
8,4096,6,24,30.541215896606445,30.58080840855837
8,4096,6,25,30.410303115844727,30.44461878016591
8,4096,6,26,30.41721534729004,30.44885816052556
8,4096,6,27,30.65376091003418,30.68846184760332
8,4096,6,28,30.530752182006836,30.56335635483265
8,4096,6,29,30.454015731811523,30.487969052046537
8,4096,6,30,30.442943572998047,30.47597175464034
8,4096,6,31,30.658111572265625,30.695042107254267
8,4096,6,32,30.715360641479492,30.753400176763535
8,4096,6,33,30.45769691467285,30.492586083710194
8,4096,6,34,30.52057647705078,30.555388890206814
8,4096,6,35,30.680255889892578,30.711575411260128
8,4096,6,36,30.602304458618164,30.639628879725933
8,4096,6,37,30.50819206237793,30.540264677256346
8,4096,6,38,30.483776092529297,30.51493177190423
8,4096,6,39,30.68000030517578,30.71440989151597
8,4096,6,40,30.60905647277832,30.643459409475327
8,4096,6,41,30.523008346557617,30.558164231479168
8,4096,6,42,30.514080047607422,30.547340400516987
8,4096,6,43,30.725055694580078,30.757373198866844
8,4096,6,44,30.592256546020508,30.624268110841513
8,4096,6,45,30.51203155517578,30.545238871127367
8,4096,6,46,30.543039321899414,30.578183941543102
8,4096,6,47,30.734560012817383,30.767786782234907
8,4096,6,48,30.616992950439453,30.6500350125134
8,4096,6,49,30.530975341796875,30.566069297492504
8,4096,6,50,30.52649688720703,30.559022910892963
8,4096,6,51,30.7475528717041,30.78154707327485
8,4096,6,52,30.613855361938477,30.660477932542562
8,4096,6,53,30.556320190429688,30.592218972742558
8,4096,6,54,30.57379150390625,30.61866806820035
8,4096,6,55,32.358558654785156,32.42173092439771
8,4096,6,56,30.703807830810547,30.740320216864347
8,4096,6,57,30.660032272338867,30.696856323629618
8,4096,6,58,30.618656158447266,30.652865301817656
8,4096,6,59,30.81279945373535,30.847968067973852
8,4096,6,60,30.723936080932617,30.75885819271207
8,4096,6,61,30.620960235595703,30.656494200229645
8,4096,6,62,30.601728439331055,30.636657029390335
8,4096,6,63,30.836448669433594,30.868048314005136
16,128,0,1,12.273823738098145,12.305377051234245
16,128,0,2,12.166336059570312,12.193473055958748
16,128,0,3,12.107232093811035,12.134343385696411
16,128,0,4,12.070464134216309,12.100034859031439
16,128,0,5,11.955424308776855,11.983510106801987
16,128,0,6,11.907615661621094,11.935120914131403
16,128,0,7,11.950176239013672,11.977991089224815
16,128,0,8,12.057408332824707,12.086634058505297
16,128,0,9,11.940095901489258,11.967810802161694
16,128,0,10,12.05065631866455,12.07853201776743
16,128,0,11,12.115167617797852,12.142310850322247
16,128,0,12,12.102144241333008,12.130080722272396
16,128,0,13,12.103039741516113,12.13159691542387
16,128,0,14,12.170175552368164,12.199946213513613
16,128,0,15,12.143872261047363,12.172400951385498
16,128,0,16,12.107775688171387,12.13502511382103
16,128,0,17,12.06339168548584,12.090814299881458
16,128,0,18,12.027999877929688,12.054556980729103
16,128,0,19,12.086048126220703,12.112205848097801
16,128,0,20,12.071999549865723,12.100462801754475
16,128,0,21,12.090784072875977,12.117571663111448
16,128,0,22,12.045856475830078,12.07397086545825
16,128,0,23,12.032416343688965,12.059702072292566
16,128,0,24,11.971839904785156,11.998468544334173
16,128,0,25,12.016127586364746,12.043990194797516
16,128,0,26,11.976927757263184,12.002951931208372
16,128,0,27,11.963264465332031,11.990184895694256
16,128,0,28,12.010623931884766,12.036562897264957
16,128,0,29,11.992799758911133,12.01951690018177
16,128,0,30,11.958016395568848,11.985688004642725
16,128,0,31,12.07033634185791,12.097746133804321
16,128,0,32,12.236960411071777,12.26766500622034
16,128,0,33,12.098048210144043,12.127574998885393
16,128,0,34,12.089088439941406,12.116911821067333
16,128,0,35,12.077055931091309,12.104397639632225
16,128,0,36,12.149791717529297,12.17755302786827
16,128,0,37,12.175104141235352,12.20250828191638
16,128,0,38,12.088640213012695,12.115823104977608
16,128,0,39,12.041824340820312,12.069480959326029
16,128,0,40,12.025504112243652,12.052968144416809
16,128,0,41,11.96390438079834,11.991784907877445
16,128,0,42,12.069472312927246,12.096466962248087
16,128,0,43,12.120320320129395,12.14668108150363
16,128,0,44,11.979552268981934,12.00562110170722
16,128,0,45,11.852831840515137,11.877050157636404
16,128,0,46,11.926079750061035,11.952497996389866
16,128,0,47,12.120479583740234,12.147166300565004
16,128,0,48,12.155488014221191,12.183056678622961
16,128,0,49,12.181440353393555,12.210849206894636
16,128,0,50,12.096128463745117,12.124511878937483
16,128,0,51,12.131263732910156,12.158599216490984
16,128,0,52,12.197471618652344,12.225065845996141
16,128,0,53,12.083328247070312,12.110632844269276
16,128,0,54,12.154815673828125,12.18897569924593
16,128,0,55,12.12060832977295,12.147776316851377
16,128,0,56,12.134655952453613,12.16192776337266
16,128,0,57,12.043135643005371,12.06938922405243
16,128,0,58,12.050751686096191,12.078046798706055
16,128,0,59,12.04032039642334,12.067130766808987
16,128,0,60,12.060799598693848,12.094744015485048
16,128,0,61,12.117376327514648,12.146444991230965
16,128,0,62,12.103296279907227,12.131801340728998
16,128,0,63,12.136159896850586,12.16296199709177
16,128,1,1,12.495552062988281,12.529873754829168
16,128,1,2,12.310144424438477,12.338326778262854
16,128,1,3,12.22985553741455,12.256992049515247
16,128,1,4,12.125856399536133,12.152356095612049
16,128,1,5,13.322400093078613,13.355728704482317
16,128,1,6,12.287936210632324,12.317697051912546
16,128,1,7,12.353504180908203,12.38119788467884
16,128,1,8,12.121888160705566,12.149857357144356
16,128,1,9,12.273247718811035,12.302149087190628
16,128,1,10,12.191904067993164,12.21945509314537
16,128,1,11,23.99193572998047,24.020079988986254
16,128,1,12,14.231648445129395,14.265738893300295
16,128,1,13,12.502559661865234,12.534397188574076
16,128,1,14,12.235008239746094,12.263691984117031
16,128,1,15,12.122943878173828,12.151107657700777
16,128,1,16,12.036064147949219,12.064303271472454
16,128,1,17,12.103296279907227,12.131102848798037
16,128,1,18,12.102144241333008,12.130666058510542
16,128,1,19,12.1943359375,12.222443241626024
16,128,1,20,11.978464126586914,12.006689794361591
16,128,1,21,13.094783782958984,13.121483847498894
16,128,1,22,11.970239639282227,11.997319757938385
16,128,1,23,12.06611156463623,12.093679048120975
16,128,1,24,12.01148796081543,12.039517052471638
16,128,1,25,12.023520469665527,12.050340417772532
16,128,1,26,22.296672821044922,22.326367907226086
16,128,1,27,14.866047859191895,14.902349095791578
16,128,1,28,12.238719940185547,12.267264071851969
16,128,1,29,12.033920288085938,12.062483001500368
16,128,1,30,12.03929615020752,12.069099582731724
16,128,1,31,12.068767547607422,12.095954269170761
16,128,1,32,11.995424270629883,12.023674324154854
16,128,1,33,11.962559700012207,11.98930200189352
16,128,1,34,11.970911979675293,11.99823198840022
16,128,1,35,12.130623817443848,12.158478144556284
16,128,1,36,12.07692813873291,12.103559914976358
16,128,1,37,12.004799842834473,12.03912403434515
16,128,1,38,11.934207916259766,11.967961210757494
16,128,1,39,11.930848121643066,11.964185629040003
16,128,1,40,11.921183586120605,11.95005513727665
16,128,1,41,11.971808433532715,11.99873210862279
16,128,1,42,11.904895782470703,11.937649920582771
16,128,1,43,12.008511543273926,12.036755215376616
16,128,1,44,11.949151992797852,11.97763066738844
16,128,1,45,12.094240188598633,12.123338878154755
16,128,1,46,12.12435245513916,12.15187506750226
16,128,1,47,12.049152374267578,12.076785322278738
16,128,1,48,12.097984313964844,12.12604995816946
16,128,1,49,12.077119827270508,12.104931753128767
16,128,1,50,12.070816040039062,12.098191771656275
16,128,1,51,12.08572769165039,12.115092016756535
16,128,1,52,12.07151985168457,12.10035476833582
16,128,1,53,12.002528190612793,12.031515128910542
16,128,1,54,12.113344192504883,12.142202351242304
16,128,1,55,12.050335884094238,12.078259140253067
16,128,1,56,12.079168319702148,12.106551323086023
16,128,1,57,12.125791549682617,12.152940034866333
16,128,1,58,12.062463760375977,12.08996819332242
16,128,1,59,12.025888442993164,12.053645681589842
16,128,1,60,12.055423736572266,12.083352077752352
16,128,1,61,12.117183685302734,12.144978158175945
16,128,1,62,12.162431716918945,12.191635090857744
16,128,1,63,12.048800468444824,12.076917104423046
16,128,2,1,12.399040222167969,12.43543904274702
16,128,2,2,12.185759544372559,12.214039918035269
16,128,2,3,12.264927864074707,12.292583007365465
16,128,2,4,12.278847694396973,12.306831311434507
16,128,2,5,12.17676830291748,12.20407709479332
16,128,2,6,12.166048049926758,12.193644884973764
16,128,2,7,12.270943641662598,12.298490852117538
16,128,2,8,12.32483196258545,12.353265192359686
16,128,2,9,12.139007568359375,12.166156899183989
16,128,2,10,12.125120162963867,12.152709998190403
16,128,2,11,12.132991790771484,12.159956153482199
16,128,2,12,12.294048309326172,12.323485221713781
16,128,2,13,12.207008361816406,12.234291061758995
16,128,2,14,12.115327835083008,12.142294086515903
16,128,2,15,12.239487648010254,12.266368139535189
16,128,2,16,12.163488388061523,12.192246969789267
16,128,2,17,12.272512435913086,12.300037778913975
16,128,2,18,12.264320373535156,12.293945997953415
16,128,2,19,12.196767807006836,12.227250263094902
16,128,2,20,12.136287689208984,12.16411916539073
16,128,2,21,12.242400169372559,12.269104830920696
16,128,2,22,12.213279724121094,12.240913230925798
16,128,2,23,12.168671607971191,12.19624187797308
16,128,2,24,12.14022445678711,12.168238870799541
16,128,2,25,13.102368354797363,13.141042087227106
16,128,2,26,12.494624137878418,12.523177079856396
16,128,2,27,12.12934398651123,12.158391065895557
16,128,2,28,12.173567771911621,12.201669160276651
16,128,2,29,12.135007858276367,12.164623010903597
16,128,2,30,12.105088233947754,12.133426032960415
16,128,2,31,12.068032264709473,12.097885832190514
16,128,2,32,12.058815956115723,12.087585870176554
16,128,2,33,12.09552001953125,12.123936787247658
16,128,2,34,12.099776268005371,12.127180118113756
16,128,2,35,12.181856155395508,12.21128599718213
16,128,2,36,12.15283203125,12.18157121911645
16,128,2,37,12.202112197875977,12.229789048433304
16,128,2,38,12.095295906066895,12.122247833758593
16,128,2,39,12.111712455749512,12.139547150582075
16,128,2,40,12.087264060974121,12.114841025322676
16,128,2,41,12.17516803741455,12.202777899801731
16,128,2,42,12.04032039642334,12.068390846252441
16,128,2,43,12.168895721435547,12.198405805975199
16,128,2,44,12.020223617553711,12.047996744513512
16,128,2,45,12.136128425598145,12.16283394023776
16,128,2,46,12.227007865905762,12.25524116307497
16,128,2,47,12.263775825500488,12.292598374187946
16,128,2,48,12.188703536987305,12.216569855809212
16,128,2,49,12.174431800842285,12.202782090753317
16,128,2,50,12.06982421875,12.097490951418877
16,128,2,51,12.12816047668457,12.158209923654795
16,128,2,52,12.278783798217773,12.308196630328894
16,128,2,53,12.135680198669434,12.164406012743711
16,128,2,54,12.143648147583008,12.171624228358269
16,128,2,55,12.228096008300781,12.256619054824114
16,128,2,56,12.163680076599121,12.190564069896936
16,128,2,57,12.168736457824707,12.196269817650318
16,128,2,58,12.169343948364258,12.197040021419525
16,128,2,59,12.107392311096191,12.135523371398449
16,128,2,60,12.107199668884277,12.135373894125223
16,128,2,61,12.097920417785645,12.125785928219557
16,128,2,62,12.006367683410645,12.033444829285145
16,128,2,63,12.07868766784668,12.107855640351772
16,128,3,1,12.565247535705566,12.602604925632477
16,128,3,2,12.207200050354004,12.233979068696499
16,128,3,3,12.179871559143066,12.20677513629198
16,128,3,4,12.191136360168457,12.217865325510502
16,128,3,5,24.017728805541992,24.047103710472584
16,128,3,6,14.01529598236084,14.049222227185965
16,128,3,7,12.206624031066895,12.23550783470273
16,128,3,8,12.239935874938965,12.266706675291061
16,128,3,9,12.26899242401123,12.298012617975473
16,128,3,10,12.257023811340332,12.284679803997278
16,128,3,11,12.200480461120605,12.227744795382023
16,128,3,12,23.743616104125977,23.774148896336555
16,128,3,13,14.622528076171875,14.655282720923424
16,128,3,14,12.402112007141113,12.431901879608631
16,128,3,15,12.278976440429688,12.307082768529654
16,128,3,16,12.2326078414917,12.260604184120893
16,128,3,17,12.101568222045898,12.128069996833801
16,128,3,18,12.079327583312988,12.106666807085276
16,128,3,19,12.08569622039795,12.11395999416709
16,128,3,20,12.115008354187012,12.143951375037432
16,128,3,21,12.041119575500488,12.070789001882076
16,128,3,22,12.108896255493164,12.137671932578087
16,128,3,23,12.036543846130371,12.064989656209946
16,128,3,24,12.070688247680664,12.100080959498882
16,128,3,25,12.130847930908203,12.158286292105913
16,128,3,26,12.125280380249023,12.15291302651167
16,128,3,27,12.141887664794922,12.169304769486189
16,128,3,28,12.095040321350098,12.121479026973248
16,128,3,29,12.06668758392334,12.09426810964942
16,128,3,30,12.103936195373535,12.132107745856047
16,128,3,31,12.16703987121582,12.194897048175335
16,128,3,32,12.37183952331543,12.401383370161057
16,128,3,33,12.212960243225098,12.240832671523094
16,128,3,34,12.170175552368164,12.198162265121937
16,128,3,35,12.126943588256836,12.15425506234169
16,128,3,36,12.179391860961914,12.206683401018381
16,128,3,37,12.122464179992676,12.150757946074009
16,128,3,38,12.139871597290039,12.168589048087597
16,128,3,39,12.192480087280273,12.220917269587517
16,128,3,40,12.12559986114502,12.154437135905027
16,128,3,41,12.153727531433105,12.181507889181376
16,128,3,42,12.138079643249512,12.164671905338764
16,128,3,43,12.25158405303955,12.27886462584138
16,128,3,44,12.28320026397705,12.310522142797709
16,128,3,45,12.258687973022461,12.287928257137537
16,128,3,46,12.297151565551758,12.324423994868994
16,128,3,47,12.298463821411133,12.328884098678827
16,128,3,48,12.265536308288574,12.295485008507967
16,128,3,49,12.244159698486328,12.271949090063572
16,128,3,50,12.318976402282715,12.347920332103968
16,128,3,51,12.304032325744629,12.333705089986324
16,128,3,52,12.216992378234863,12.245094869285822
16,128,3,53,12.28662395477295,12.314107734709978
16,128,3,54,12.166815757751465,12.19468703493476
16,128,3,55,12.155296325683594,12.185227125883102
16,128,3,56,12.23840045928955,12.26643193513155
16,128,3,57,12.1976318359375,12.22502812743187
16,128,3,58,12.191871643066406,12.219416908919811
16,128,3,59,12.199007987976074,12.226293794810772
16,128,3,60,12.142208099365234,12.17034924775362
16,128,3,61,12.161664009094238,12.195139192044735
16,128,3,62,12.158080101013184,12.187039013952017
16,128,3,63,12.159775733947754,12.18773191794753
16,128,4,1,12.483231544494629,12.515746988356113
16,128,4,2,12.374879837036133,12.403015047311783
16,128,4,3,12.314335823059082,12.342948000878096
16,128,4,4,12.330080032348633,12.35792925581336
16,128,4,5,12.24022388458252,12.267667334526777
16,128,4,6,12.144255638122559,12.172716204077005
16,128,4,7,12.167008399963379,12.194334995001554
16,128,4,8,12.065088272094727,12.09329068660736
16,128,4,9,12.254528045654297,12.282756622880697
16,128,4,10,12.23363208770752,12.26109266281128
16,128,4,11,12.079392433166504,12.10685633122921
16,128,4,12,12.337727546691895,12.36682990565896
16,128,4,13,12.199775695800781,12.227436993271112
16,128,4,14,12.19593620300293,12.22494663670659
16,128,4,15,12.30412769317627,12.331129051744938
16,128,4,16,12.297183990478516,12.326229829341173
16,128,4,17,12.309599876403809,12.338647153228521
16,128,4,18,12.205120086669922,12.233950197696686
16,128,4,19,12.27344036102295,12.301467824727297
16,128,4,20,12.235808372497559,12.265468016266823
16,128,4,21,12.34563159942627,12.372639030218124
16,128,4,22,12.180959701538086,12.208524160087109
16,128,4,23,12.269599914550781,12.297969777137041
16,128,4,24,12.20809555053711,12.235723901540041
16,128,4,25,12.230303764343262,12.258572038263083
16,128,4,26,12.149344444274902,12.178034987300634
16,128,4,27,12.096416473388672,12.124639004468918
16,128,4,28,12.20854377746582,12.23732903599739
16,128,4,29,12.201472282409668,12.231126893311739
16,128,4,30,12.099519729614258,12.127421796321869
16,128,4,31,12.06169605255127,12.091527692973614
16,128,4,32,12.111104011535645,12.139329686760902
16,128,4,33,12.100288391113281,12.1274059638381
16,128,4,34,12.06499195098877,12.093082070350647
16,128,4,35,12.046719551086426,12.07527332007885
16,128,4,36,12.168607711791992,12.19920301809907
16,128,4,37,12.213664054870605,12.241132091730833
16,128,4,38,12.12384033203125,12.15074397623539
16,128,4,39,12.187456130981445,12.21533678472042
16,128,4,40,12.239999771118164,12.267983984202147
16,128,4,41,12.16703987121582,12.20483984798193
16,128,4,42,12.133567810058594,12.161326594650745
16,128,4,43,12.085951805114746,12.114423792809248
16,128,4,44,12.142623901367188,12.170516885817051
16,128,4,45,12.09984016418457,12.12766906246543
16,128,4,46,12.123744010925293,12.151109986007214
16,128,4,47,12.16528034210205,12.19375804066658
16,128,4,48,12.23804759979248,12.26618979126215
16,128,4,49,12.019231796264648,12.046772986650467
16,128,4,50,12.095775604248047,12.123830150812864
16,128,4,51,12.173312187194824,12.202416080981493
16,128,4,52,12.140959739685059,12.16916972771287
16,128,4,53,12.259455680847168,12.288455851376057
16,128,4,54,12.212703704833984,12.240929994732141
16,128,4,55,12.136639595031738,12.164060957729816
16,128,4,56,12.149312019348145,12.177359778434038
16,128,4,57,12.178496360778809,12.205878738313913
16,128,4,58,12.199968338012695,12.227672152221203
16,128,4,59,12.151935577392578,12.18089135363698
16,128,4,60,12.243807792663574,12.272060848772526
16,128,4,61,12.209695816040039,12.238319963216782
16,128,4,62,12.145471572875977,12.173350900411606
16,128,4,63,12.18393611907959,12.211160268634558
16,128,5,1,12.41766357421875,12.448114808648825
16,128,5,2,12.299872398376465,12.32858281582594
16,128,5,3,12.183584213256836,12.21138658002019
16,128,5,4,12.166015625,12.20046728849411
16,128,5,5,12.167296409606934,12.195770163089037
16,128,5,6,12.227935791015625,12.255616951733828
16,128,5,7,12.130687713623047,12.157651595771313
16,128,5,8,12.111231803894043,12.137103825807571
16,128,5,9,12.02182388305664,12.04711478203535
16,128,5,10,12.005696296691895,12.033868115395308
16,128,5,11,12.059552192687988,12.085053604096174
16,128,5,12,11.957023620605469,11.982792988419533
16,128,5,13,12.447487831115723,12.473671231418848
16,128,5,14,12.259584426879883,12.285965029150248
16,128,5,15,12.16543960571289,12.192660942673683
16,128,5,16,12.140128135681152,12.166883796453476
16,128,5,17,12.324000358581543,12.351031880825758
16,128,5,18,12.217344284057617,12.244780082255602
16,128,5,19,12.2608003616333,12.287034187465906
16,128,5,20,12.073856353759766,12.099698185920715
16,128,5,21,11.963135719299316,11.989448685199022
16,128,5,22,12.083231925964355,12.110472656786442
16,128,5,23,12.045951843261719,12.074308935552835
16,128,5,24,12.027392387390137,12.054699938744307
16,128,5,25,12.042783737182617,12.07579206675291
16,128,5,26,12.087936401367188,12.118479702621698
16,128,5,27,12.09932804107666,12.126907706260681
16,128,5,28,12.114144325256348,12.141726911067963
16,128,5,29,12.05731201171875,12.084546033293009
16,128,5,30,12.037471771240234,12.064477894455194
16,128,5,31,12.064864158630371,12.091971933841705
16,128,5,32,12.091615676879883,12.125326786190271
16,128,5,33,12.20751953125,12.235180009156466
16,128,5,34,12.191360473632812,12.219157069921494
16,128,5,35,12.171775817871094,12.199568096548319
16,128,5,36,12.213824272155762,12.241872027516365
16,128,5,37,12.206080436706543,12.234572786837816
16,128,5,38,12.148639678955078,12.176734860986471
16,128,5,39,12.190912246704102,12.217627372592688
16,128,5,40,12.146240234375,12.174144852906466
16,128,5,41,12.128288269042969,12.156094890087843
16,128,5,42,12.15174388885498,12.180500663816929
16,128,5,43,12.162591934204102,12.191074900329113
16,128,5,44,12.11673641204834,12.144161853939295
16,128,5,45,12.187392234802246,12.215293943881989
16,128,5,46,12.211456298828125,12.23991485312581
16,128,5,47,12.240320205688477,12.268166057765484
16,128,5,48,12.199584007263184,12.226785998791456
16,128,5,49,12.15721607208252,12.185761705040932
16,128,5,50,12.16703987121582,12.194126844406128
16,128,5,51,12.112959861755371,12.140959966927767
16,128,5,52,12.193120002746582,12.220531236380339
16,128,5,53,12.14896011352539,12.177550699561834
16,128,5,54,12.135744094848633,12.16349471360445
16,128,5,55,12.166048049926758,12.193344067782164
16,128,5,56,12.117759704589844,12.143692933022976
16,128,5,57,12.166655540466309,12.195453979074955
16,128,5,58,12.210432052612305,12.240261770784855
16,128,5,59,12.2192964553833,12.248810846358538
16,128,5,60,12.149663925170898,12.177058029919863
16,128,5,61,12.206239700317383,12.234014924615622
16,128,5,62,12.161952018737793,12.18966580927372
16,128,5,63,12.159263610839844,12.186242267489433
16,128,6,1,12.387616157531738,12.420543003827333
16,128,6,2,12.367487907409668,12.395292054861784
16,128,6,3,12.202272415161133,12.23027240484953
16,128,6,4,12.213695526123047,12.2413313947618
16,128,6,5,12.178560256958008,12.205119710415602
16,128,6,6,12.171072006225586,12.197950389236212
16,128,6,7,12.077856063842773,12.104860041290522
16,128,6,8,12.165247917175293,12.194739188998938
16,128,6,9,12.205056190490723,12.230371125042439
16,128,6,10,12.180000305175781,12.208620086312294
16,128,6,11,12.176735877990723,12.204698286950588
16,128,6,12,12.185600280761719,12.213917914777994
16,128,6,13,12.096960067749023,12.124067172408104
16,128,6,14,12.137472152709961,12.164784129709005
16,128,6,15,12.156991958618164,12.18421570956707
16,128,6,16,12.107839584350586,12.13855016976595
16,128,6,17,12.274175643920898,12.302340939640999
16,128,6,18,12.168000221252441,12.195364106446505
16,128,6,19,12.345791816711426,12.379676103591919
16,128,6,20,12.312576293945312,12.340787798166275
16,128,6,21,12.125280380249023,12.153435032814741
16,128,6,22,12.153440475463867,12.182455975562334
16,128,6,23,12.119168281555176,12.147915083914995
16,128,6,24,12.085824012756348,12.11548876017332
16,128,6,25,12.14844799041748,12.17698398977518
16,128,6,26,12.076704025268555,12.104684952646494
16,128,6,27,12.151391983032227,12.178665027022362
16,128,6,28,12.197664260864258,12.224678881466389
16,128,6,29,12.180000305175781,12.207739055156708
16,128,6,30,12.304896354675293,12.333577033132315
16,128,6,31,13.271455764770508,13.299274258315563
16,128,6,32,12.522656440734863,12.551127932965755
16,128,6,33,12.117600440979004,12.144747655838728
16,128,6,34,12.08358383178711,12.111182324588299
16,128,6,35,12.160223960876465,12.18904322013259
16,128,6,36,17.346784591674805,17.380651086568832
16,128,6,37,19.65830421447754,19.704626873135567
16,128,6,38,13.00812816619873,13.040125835686922
16,128,6,39,12.232000350952148,12.262091971933842
16,128,6,40,12.343071937561035,12.373330071568489
16,128,6,41,12.289664268493652,12.320274021476507
16,128,6,42,12.203712463378906,12.231949251145124
16,128,6,43,12.174271583557129,12.20183027908206
16,128,6,44,12.283679962158203,12.312231119722128
16,128,6,45,12.21548843383789,12.243651784956455
16,128,6,46,12.068351745605469,12.097209692001343
16,128,6,47,12.12399959564209,12.153584975749254
16,128,6,48,12.123968124389648,12.152404058724642
16,128,6,49,12.136575698852539,12.164557818323374
16,128,6,50,12.136032104492188,12.164501007646322
16,128,6,51,12.311360359191895,12.338689994066954
16,128,6,52,12.100383758544922,12.128124013543129
16,128,6,53,12.01580810546875,12.044635135680437
16,128,6,54,12.117952346801758,12.146452907472849
16,128,6,55,12.146688461303711,12.175755109637976
16,128,6,56,12.345855712890625,12.374150101095438
16,128,6,57,12.265824317932129,12.296034023165703
16,128,6,58,12.090208053588867,12.11915211752057
16,128,6,59,12.14419174194336,12.17190595343709
16,128,6,60,12.05020809173584,12.078098952770233
16,128,6,61,12.160639762878418,12.188118882477283
16,128,6,62,12.090368270874023,12.123632710427046
16,128,6,63,12.140640258789062,12.169405352324247
16,1024,0,1,23.95792007446289,23.997950833290815
16,1024,0,2,20.918079376220703,20.947910845279694
16,1024,0,3,20.42902374267578,20.461055915802717
16,1024,0,4,20.595359802246094,20.624889992177486
16,1024,0,5,20.18409538269043,20.21443611010909
16,1024,0,6,20.115360260009766,20.143873058259487
16,1024,0,7,20.059328079223633,20.088156685233116
16,1024,0,8,20.28348731994629,20.31450578942895
16,1024,0,9,20.089632034301758,20.121391862630844
16,1024,0,10,20.146623611450195,20.17868310213089
16,1024,0,11,20.05708885192871,20.088627003133297
16,1024,0,12,20.366975784301758,20.398797001689672
16,1024,0,13,20.137344360351562,20.171495154500008
16,1024,0,14,20.21392059326172,20.243348088115454
16,1024,0,15,20.169055938720703,20.20080480724573
16,1024,0,16,20.437376022338867,20.470322109758854
16,1024,0,17,20.21548843383789,20.247760228812695
16,1024,0,18,20.21526336669922,20.249507389962673
16,1024,0,19,20.125280380249023,20.157888997346163
16,1024,0,20,20.409311294555664,20.441855769604445
16,1024,0,21,20.125728607177734,20.157827995717525
16,1024,0,22,20.19913673400879,20.230547059327364
16,1024,0,23,20.142240524291992,20.17560414969921
16,1024,0,24,20.413728713989258,20.4465389251709
16,1024,0,25,20.136127471923828,20.168354734778404
16,1024,0,26,20.23084831237793,20.262757316231728
16,1024,0,27,20.163103103637695,20.194764249026775
16,1024,0,28,20.44211196899414,20.47677105292678
16,1024,0,29,20.22915267944336,20.260205026715994
16,1024,0,30,20.27020835876465,20.300155971199274
16,1024,0,31,20.21990394592285,20.252562128007412
16,1024,0,32,20.539615631103516,20.570748951286077
16,1024,0,33,20.235647201538086,20.270708948373795
16,1024,0,34,20.312864303588867,20.34338703379035
16,1024,0,35,20.23904037475586,20.26943862438202
16,1024,0,36,20.53971290588379,20.570495165884495
16,1024,0,37,20.277984619140625,20.315267145633698
16,1024,0,38,20.41596794128418,20.4761428758502
16,1024,0,39,20.293920516967773,20.325670018792152
16,1024,0,40,20.555295944213867,20.586635917425156
16,1024,0,41,20.319135665893555,20.35167021676898
16,1024,0,42,20.340576171875,20.373821258544922
16,1024,0,43,20.306175231933594,20.338506903499365
16,1024,0,44,20.64406394958496,20.678638946264982
16,1024,0,45,20.33964729309082,20.369868725538254
16,1024,0,46,20.399999618530273,20.43247688561678
16,1024,0,47,20.37727928161621,20.408832002431154
16,1024,0,48,20.628223419189453,20.668555982410908
16,1024,0,49,20.623872756958008,20.662243012338877
16,1024,0,50,21.78438377380371,21.819835994392633
16,1024,0,51,20.899967193603516,20.936094224452972
16,1024,0,52,20.700927734375,20.741369109600782
16,1024,0,53,20.460960388183594,20.494062919169664
16,1024,0,54,20.464031219482422,20.495636854320765
16,1024,0,55,20.43974494934082,20.471801981329918
16,1024,0,56,20.672800064086914,20.70445939898491
16,1024,0,57,20.44553565979004,20.47904022037983
16,1024,0,58,20.459232330322266,20.490881986916065
16,1024,0,59,20.42140769958496,20.454171113669872
16,1024,0,60,20.734880447387695,20.765941124409437
16,1024,0,61,20.452512741088867,20.48226585611701
16,1024,0,62,20.541215896606445,20.573158748447895
16,1024,0,63,20.48636817932129,20.51757788285613
16,1024,1,1,23.436447143554688,23.47358176484704
16,1024,1,2,20.88185691833496,20.91497229412198
16,1024,1,3,20.373119354248047,20.40470903739333
16,1024,1,4,20.461471557617188,20.49288898706436
16,1024,1,5,20.285184860229492,20.31620405614376
16,1024,1,6,20.27619171142578,20.307996775954962
16,1024,1,7,20.08025550842285,20.113168749958277
16,1024,1,8,20.310400009155273,20.341608207672834
16,1024,1,9,20.07561683654785,20.1054229401052
16,1024,1,10,20.12291145324707,20.154607947915792
16,1024,1,11,20.04627227783203,20.07679035887122
16,1024,1,12,20.383615493774414,20.41469793766737
16,1024,1,13,20.118783950805664,20.14916716143489
16,1024,1,14,20.19273567199707,20.223204977810383
16,1024,1,15,20.15727996826172,20.187840331345797
16,1024,1,16,20.388256072998047,20.41809307411313
16,1024,1,17,20.10870361328125,20.13838104903698
16,1024,1,18,20.116928100585938,20.145202986896038
16,1024,1,19,20.07244873046875,20.102086942642927
16,1024,1,20,20.288576126098633,20.317040849477053
16,1024,1,21,20.040992736816406,20.068939309567213
16,1024,1,22,20.12633514404297,20.15509456396103
16,1024,1,23,20.0512638092041,20.078379195183516
16,1024,1,24,20.34534454345703,20.37353767082095
16,1024,1,25,20.068159103393555,20.09572461247444
16,1024,1,26,20.12892723083496,20.155588164925575
16,1024,1,27,20.07436752319336,20.102718845009804
16,1024,1,28,20.30771255493164,20.334426779299974
16,1024,1,29,20.146623611450195,20.175473764538765
16,1024,1,30,20.250944137573242,20.280664321035147
16,1024,1,31,20.195615768432617,20.225197076797485
16,1024,1,32,20.456640243530273,20.48627706244588
16,1024,1,33,20.17228889465332,20.200601778924465
16,1024,1,34,20.252832412719727,20.27990808710456
16,1024,1,35,20.154048919677734,20.184230990707874
16,1024,1,36,20.455392837524414,20.483815111219883
16,1024,1,37,20.19968032836914,20.234777126461267
16,1024,1,38,20.314495086669922,20.34316072240472
16,1024,1,39,22.648576736450195,22.67875662073493
16,1024,1,40,20.759199142456055,20.796865690499544
16,1024,1,41,20.298336029052734,20.32842906191945
16,1024,1,42,20.325056076049805,20.3542597591877
16,1024,1,43,20.28339195251465,20.31498495489359
16,1024,1,44,20.587583541870117,20.61711484566331
16,1024,1,45,20.270751953125,20.298912655562162
16,1024,1,46,20.340608596801758,20.370484795421362
16,1024,1,47,20.291744232177734,20.31891606748104
16,1024,1,48,20.500608444213867,20.52828809246421
16,1024,1,49,20.29302406311035,20.319394301623106
16,1024,1,50,20.31996726989746,20.346565172076225
16,1024,1,51,20.242656707763672,20.26902511715889
16,1024,1,52,20.519296646118164,20.54503606632352
16,1024,1,53,20.235328674316406,20.260604098439217
16,1024,1,54,20.30633544921875,20.33132314682007
16,1024,1,55,20.25904083251953,20.285008940845728
16,1024,1,56,20.500032424926758,20.52624709904194
16,1024,1,57,20.27667236328125,20.301826298236847
16,1024,1,58,20.326335906982422,20.351362880319357
16,1024,1,59,20.276159286499023,20.302024204283953
16,1024,1,60,20.594528198242188,20.62061522156
16,1024,1,61,20.29542350769043,20.322547759860754
16,1024,1,62,20.425535202026367,20.45127609744668
16,1024,1,63,20.33417510986328,20.36147704347968
16,1024,2,1,23.38470458984375,23.424990009516478
16,1024,2,2,21.469472885131836,21.499773021787405
16,1024,2,3,21.443904876708984,21.475977264344692
16,1024,2,4,21.146879196166992,21.178187802433968
16,1024,2,5,20.08028793334961,20.110910292714834
16,1024,2,6,20.108287811279297,20.13798989355564
16,1024,2,7,20.061792373657227,20.093873143196106
16,1024,2,8,20.29631996154785,20.323958713561296
16,1024,2,9,20.089120864868164,20.117662847042084
16,1024,2,10,20.08483123779297,20.11310402303934
16,1024,2,11,20.028703689575195,20.05678415298462
16,1024,2,12,20.358335494995117,20.388836041092873
16,1024,2,13,20.148672103881836,20.179999992251396
16,1024,2,14,20.210975646972656,20.24260815232992
16,1024,2,15,20.247135162353516,20.280401688069105
16,1024,2,16,20.439680099487305,20.473068114370108
16,1024,2,17,20.177600860595703,20.209460984915495
16,1024,2,18,26.189599990844727,26.22282225638628
16,1024,2,19,20.288095474243164,20.323419012129307
16,1024,2,20,20.446176528930664,20.484728273004293
16,1024,2,21,20.18707275390625,20.22375026717782
16,1024,2,22,20.22643280029297,20.25848301127553
16,1024,2,23,20.1628475189209,20.195259246975183
16,1024,2,24,20.434463500976562,20.469551905989647
16,1024,2,25,20.375551223754883,20.41385183110833
16,1024,2,26,20.277599334716797,20.310112740844488
16,1024,2,27,20.200544357299805,20.23607725277543
16,1024,2,28,22.29088020324707,22.338454145938158
16,1024,2,29,20.2806396484375,20.313994958996773
16,1024,2,30,20.386783599853516,20.423270761966705
16,1024,2,31,20.2007999420166,20.233888179063797
16,1024,2,32,20.512351989746094,20.54467983543873
16,1024,2,33,20.240224838256836,20.27318486943841
16,1024,2,34,20.32476806640625,20.356656052172184
16,1024,2,35,20.278047561645508,20.309918094426394
16,1024,2,36,20.522592544555664,20.553672220557928
16,1024,2,37,20.311967849731445,20.344972610473633
16,1024,2,38,20.341344833374023,20.374363288283348
16,1024,2,39,20.294527053833008,20.326577126979828
16,1024,2,40,20.548927307128906,20.581310149282217
16,1024,2,41,20.339040756225586,20.370617974549532
16,1024,2,42,20.35513687133789,20.385772921144962
16,1024,2,43,20.300159454345703,20.331965293735266
16,1024,2,44,20.568479537963867,20.600521937012672
16,1024,2,45,20.37596893310547,20.411807112395763
16,1024,2,46,20.41983985900879,20.4536528326571
16,1024,2,47,20.371007919311523,20.40476305410266
16,1024,2,48,20.63270378112793,20.664404146373272
16,1024,2,49,20.37718391418457,20.41797712445259
16,1024,2,50,20.43631935119629,20.467733964323997
16,1024,2,51,20.369312286376953,20.401350688189268
16,1024,2,52,20.697952270507812,20.73193294927478
16,1024,2,53,20.3951358795166,20.42636601254344
16,1024,2,54,20.5118408203125,20.545422099530697
16,1024,2,55,20.44816017150879,20.481018349528313
16,1024,2,56,20.706207275390625,20.738608669489622
16,1024,2,57,20.454336166381836,20.486794877797365
16,1024,2,58,20.521440505981445,20.55296301841736
16,1024,2,59,20.480575561523438,20.51410498097539
16,1024,2,60,20.742176055908203,20.77392488718033
16,1024,2,61,20.45145606994629,20.48344910144806
16,1024,2,62,20.567935943603516,20.602784119546413
16,1024,2,63,20.530399322509766,20.563334226608276
16,1024,3,1,23.890207290649414,23.93170678988099
16,1024,3,2,20.885055541992188,20.916178822517395
16,1024,3,3,20.583648681640625,20.615797955542803
16,1024,3,4,20.60291290283203,20.634042099118233
16,1024,3,5,20.13043212890625,20.161022897809744
16,1024,3,6,20.11737632751465,20.14769520610571
16,1024,3,7,20.10051155090332,20.131470169872046
16,1024,3,8,20.321151733398438,20.3518639318645
16,1024,3,9,20.106367111206055,20.139520056545734
16,1024,3,10,20.130111694335938,20.16395004466176
16,1024,3,11,20.07596778869629,20.107436925172806
16,1024,3,12,20.390527725219727,20.422151777893305
16,1024,3,13,20.141056060791016,20.172490272670984
16,1024,3,14,20.189119338989258,20.22157609462738
16,1024,3,15,20.17363166809082,20.204562693834305
16,1024,3,16,20.422847747802734,20.458062645047903
16,1024,3,17,20.207775115966797,20.23789891973138
16,1024,3,18,20.209728240966797,20.242142025381327
16,1024,3,19,20.073984146118164,20.1031481847167
16,1024,3,20,20.3668155670166,20.395684987306595
16,1024,3,21,20.079872131347656,20.107856020331383
16,1024,3,22,20.14316749572754,20.171063020825386
16,1024,3,23,20.04252815246582,20.072463899850845
16,1024,3,24,20.29840087890625,20.32584697008133
16,1024,3,25,20.03763198852539,20.064713899046183
16,1024,3,26,20.07846450805664,20.104331895709038
16,1024,3,27,20.083904266357422,20.109898876398802
16,1024,3,28,20.305856704711914,20.33305400982499
16,1024,3,29,20.085311889648438,20.109890960156918
16,1024,3,30,20.13395118713379,20.159580279141665
16,1024,3,31,20.061664581298828,20.08634526282549
16,1024,3,32,20.350624084472656,20.376230124384165
16,1024,3,33,20.069599151611328,20.09847527369857
16,1024,3,34,20.113311767578125,20.137999206781387
16,1024,3,35,20.077152252197266,20.10274026542902
16,1024,3,36,20.35603141784668,20.381299313157797
16,1024,3,37,20.103967666625977,20.12835117056966
16,1024,3,38,20.120800018310547,20.146021153777838
16,1024,3,39,20.089664459228516,20.11460019275546
16,1024,3,40,20.37539291381836,20.400450099259615
16,1024,3,41,20.132352828979492,20.157300867140293
16,1024,3,42,20.202688217163086,20.228092093020678
16,1024,3,43,20.179168701171875,20.20775992423296
16,1024,3,44,20.49951934814453,20.526902750134468
16,1024,3,45,20.260480880737305,20.288150757551193
16,1024,3,46,20.311744689941406,20.341104827821255
16,1024,3,47,20.297887802124023,20.32751915976405
16,1024,3,48,20.567232131958008,20.596570800989866
16,1024,3,49,20.320608139038086,20.34996682778001
16,1024,3,50,20.400543212890625,20.429830998182297
16,1024,3,51,20.323583602905273,20.353511441498995
16,1024,3,52,20.620576858520508,20.654558669775724
16,1024,3,53,20.43712043762207,20.471250638365746
16,1024,3,54,20.47545623779297,20.503671374171972
16,1024,3,55,20.417919158935547,20.44765604659915
16,1024,3,56,20.707359313964844,20.737615879625082
16,1024,3,57,20.450464248657227,20.480125211179256
16,1024,3,58,20.4597110748291,20.491064060479403
16,1024,3,59,20.38649559020996,20.41546069085598
16,1024,3,60,20.653440475463867,20.68415191024542
16,1024,3,61,20.405248641967773,20.43532906100154
16,1024,3,62,20.500703811645508,20.5302438698709
16,1024,3,63,20.448352813720703,20.479503087699413
16,1024,4,1,23.676607131958008,23.714907933026552
16,1024,4,2,21.188480377197266,21.220092196017504
16,1024,4,3,20.57257652282715,20.60331590473652
16,1024,4,4,20.695327758789062,20.725347101688385
16,1024,4,5,20.477407455444336,20.506884902715683
16,1024,4,6,20.259231567382812,20.28900384902954
16,1024,4,7,20.07891273498535,20.110000856220722
16,1024,4,8,20.29372787475586,20.32431121915579
16,1024,4,9,20.1014404296875,20.13370208442211
16,1024,4,10,20.137056350708008,20.168280228972435
16,1024,4,11,20.086944580078125,20.12008475139737
16,1024,4,12,20.422239303588867,20.45387029647827
16,1024,4,13,20.177696228027344,20.209379959851503
16,1024,4,14,20.230880737304688,20.2617971226573
16,1024,4,15,20.172800064086914,20.203500986099243
16,1024,4,16,20.419679641723633,20.449955947697163
16,1024,4,17,20.195615768432617,20.228460896760225
16,1024,4,18,20.217472076416016,20.249582827091217
16,1024,4,19,20.167264938354492,20.19872097298503
16,1024,4,20,20.396831512451172,20.42559301480651
16,1024,4,21,20.123743057250977,20.154614932835102
16,1024,4,22,20.22947120666504,20.260564982891083
16,1024,4,23,20.13350486755371,20.16503270715475
16,1024,4,24,20.441984176635742,20.480669103562832
16,1024,4,25,20.17308807373047,20.204986445605755
16,1024,4,26,20.206655502319336,20.236521027982235
16,1024,4,27,20.21241569519043,20.244409795850515
16,1024,4,28,20.416671752929688,20.447235088795424
16,1024,4,29,20.24892807006836,20.280083641409874
16,1024,4,30,20.25984001159668,20.289083942770958
16,1024,4,31,20.181983947753906,20.22273698821664
16,1024,4,32,20.485408782958984,20.520478952676058
16,1024,4,33,20.214336395263672,20.24657418951392
16,1024,4,34,20.338592529296875,20.372326020151377
16,1024,4,35,20.255584716796875,20.28902992606163
16,1024,4,36,20.552223205566406,20.585145335644484
16,1024,4,37,20.316320419311523,20.35055961459875
16,1024,4,38,20.328927993774414,20.360546186566353
16,1024,4,39,20.326719284057617,20.358263049274683
16,1024,4,40,20.552928924560547,20.587428007274866
16,1024,4,41,20.321535110473633,20.35396033897996
16,1024,4,42,20.362592697143555,20.395033061504364
16,1024,4,43,20.296031951904297,20.333854015916586
16,1024,4,44,20.61039924621582,20.641860086470842
16,1024,4,45,20.349727630615234,20.381149370223284
16,1024,4,46,20.396608352661133,20.428158808499575
16,1024,4,47,20.325504302978516,20.361282862722874
16,1024,4,48,20.660863876342773,20.690779201686382
16,1024,4,49,20.387008666992188,20.418166182935238
16,1024,4,50,20.43110466003418,20.464731846004725
16,1024,4,51,20.388479232788086,20.42292430996895
16,1024,4,52,20.699871063232422,20.735775120556355
16,1024,4,53,20.415552139282227,20.449784118682146
16,1024,4,54,20.491552352905273,20.52226383239031
16,1024,4,55,20.451263427734375,20.484717097133398
16,1024,4,56,20.719776153564453,20.753243938088417
16,1024,4,57,20.487136840820312,20.52130503579974
16,1024,4,58,20.502399444580078,20.533490926027298
16,1024,4,59,20.47612762451172,20.508823916316032
16,1024,4,60,20.725791931152344,20.75705211609602
16,1024,4,61,20.476896286010742,20.511450245976448
16,1024,4,62,20.552223205566406,20.58663498610258
16,1024,4,63,20.54489517211914,20.576403941959143
16,1024,5,1,23.41231918334961,23.454897105693817
16,1024,5,2,20.848159790039062,20.881704054772854
16,1024,5,3,20.558687210083008,20.60926891863346
16,1024,5,4,20.5034236907959,20.538734272122383
16,1024,5,5,20.19251251220703,20.225457847118378
16,1024,5,6,20.178495407104492,20.210337825119495
16,1024,5,7,20.078752517700195,20.10842738673091
16,1024,5,8,20.304384231567383,20.33459208905697
16,1024,5,9,20.093183517456055,20.12285403907299
16,1024,5,10,20.106815338134766,20.13821341097355
16,1024,5,11,20.12656021118164,20.158544182777405
16,1024,5,12,20.401824951171875,20.43225383386016
16,1024,5,13,20.138912200927734,20.168566145002842
16,1024,5,14,20.196319580078125,20.226907916367054
16,1024,5,15,20.19584083557129,20.227422937750816
16,1024,5,16,20.41983985900879,20.451440010219812
16,1024,5,17,20.172319412231445,20.203580148518085
16,1024,5,18,20.20307159423828,20.233965013176203
16,1024,5,19,20.142431259155273,20.171463023871183
16,1024,5,20,20.353471755981445,20.384298637509346
16,1024,5,21,20.12883186340332,20.162654109299183
16,1024,5,22,20.196544647216797,20.225971937179565
16,1024,5,23,20.136640548706055,20.16644272953272
16,1024,5,24,20.429536819458008,20.46012692153454
16,1024,5,25,20.13065528869629,20.15914022922516
16,1024,5,26,20.173952102661133,20.205259788781404
16,1024,5,27,20.142335891723633,20.17089119181037
16,1024,5,28,20.379072189331055,20.406947005540133
16,1024,5,29,20.130144119262695,20.156625658273697
16,1024,5,30,20.196224212646484,20.22271603345871
16,1024,5,31,20.109535217285156,20.137743093073368
16,1024,5,32,20.385440826416016,20.412325859069824
16,1024,5,33,20.109664916992188,20.135237835347652
16,1024,5,34,20.189855575561523,20.2148649841547
16,1024,5,35,20.107711791992188,20.133425947278738
16,1024,5,36,20.354656219482422,20.381626207381487
16,1024,5,37,20.16636848449707,20.19450580701232
16,1024,5,38,20.220703125,20.249465014785528
16,1024,5,39,20.234464645385742,20.265014842152596
16,1024,5,40,20.512895584106445,20.54496295750141
16,1024,5,41,20.30419158935547,20.339519251137972
16,1024,5,42,20.32294464111328,20.35155287012458
16,1024,5,43,20.247135162353516,20.27594204992056
16,1024,5,44,20.620319366455078,20.650038961321115
16,1024,5,45,20.285215377807617,20.313397981226444
16,1024,5,46,20.33091163635254,20.359999034553766
16,1024,5,47,20.327552795410156,20.35618619993329
16,1024,5,48,20.575519561767578,20.60625981539488
16,1024,5,49,20.35683250427246,20.38682298734784
16,1024,5,50,20.36534309387207,20.396385341882706
16,1024,5,51,20.311872482299805,20.34184616059065
16,1024,5,52,20.601280212402344,20.631995983421803
16,1024,5,53,20.336448669433594,20.366183016449213
16,1024,5,54,20.422367095947266,20.454862155020237
16,1024,5,55,20.54035186767578,20.579813979566097
16,1024,5,56,20.72425651550293,20.7603988237679
16,1024,5,57,20.45859146118164,20.489369984716177
16,1024,5,58,26.02191925048828,26.053030975162983
16,1024,5,59,20.532960891723633,20.566130056977272
16,1024,5,60,20.698368072509766,20.732662174850702
16,1024,5,61,20.4899845123291,20.52385313436389
16,1024,5,62,20.55638313293457,20.588605664670467
16,1024,5,63,20.49942398071289,20.53095865994692
16,1024,6,1,24.259775161743164,24.302268866449594
16,1024,6,2,22.81737518310547,22.84997282549739
16,1024,6,3,22.741247177124023,22.77203695848584
16,1024,6,4,20.51478385925293,20.54712176322937
16,1024,6,5,20.201696395874023,20.234998781234026
16,1024,6,6,20.129440307617188,20.16292791813612
16,1024,6,7,20.129791259765625,20.16042172908783
16,1024,6,8,20.33247947692871,20.36592410877347
16,1024,6,9,20.124736785888672,20.158972591161728
16,1024,6,10,20.156991958618164,20.189695060253143
16,1024,6,11,20.13532829284668,20.16769116744399
16,1024,6,12,20.39516830444336,20.42801631614566
16,1024,6,13,20.160320281982422,20.193445030599833
16,1024,6,14,20.222976684570312,20.255478098988533
16,1024,6,15,20.214784622192383,20.24807408452034
16,1024,6,16,20.43996810913086,20.471121184527874
16,1024,6,17,20.21843147277832,20.25058912113309
16,1024,6,18,20.231679916381836,20.267088897526264
16,1024,6,19,20.209375381469727,20.245999097824097
16,1024,6,20,20.380287170410156,20.412578713148832
16,1024,6,21,20.118303298950195,20.150006748735905
16,1024,6,22,20.182815551757812,20.212708972394466
16,1024,6,23,20.115007400512695,20.146259106695652
16,1024,6,24,20.455839157104492,20.490474067628384
16,1024,6,25,20.161855697631836,20.194285083562136
16,1024,6,26,20.219839096069336,20.249889232218266
16,1024,6,27,20.196767807006836,20.22716822102666
16,1024,6,28,20.41619110107422,20.452104974538088
16,1024,6,29,20.193824768066406,20.225671119987965
16,1024,6,30,20.265472412109375,20.295437891036272
16,1024,6,31,20.199840545654297,20.231813192367554
16,1024,6,32,20.510400772094727,20.541203673928976
16,1024,6,33,20.227008819580078,20.25591302663088
16,1024,6,34,20.30303955078125,20.335403736680746
16,1024,6,35,20.24393653869629,20.273922942578793
16,1024,6,36,20.54582405090332,20.577576011419296
16,1024,6,37,20.284032821655273,20.314580760896206
16,1024,6,38,20.29724884033203,20.32731706276536
16,1024,6,39,20.269664764404297,20.30126703903079
16,1024,6,40,20.513439178466797,20.54446190595627
16,1024,6,41,20.31385612487793,20.345111843198538
16,1024,6,42,20.369792938232422,20.40020190179348
16,1024,6,43,20.287200927734375,20.317845977842808
16,1024,6,44,20.564607620239258,20.595453213900328
16,1024,6,45,20.330944061279297,20.36200277507305
16,1024,6,46,20.422687530517578,20.45318018645048
16,1024,6,47,20.35772705078125,20.38678713142872
16,1024,6,48,20.595327377319336,20.627626683562994
16,1024,6,49,20.440704345703125,20.476373843848705
16,1024,6,50,20.428800582885742,20.45905403792858
16,1024,6,51,20.358688354492188,20.390782970935106
16,1024,6,52,20.67888069152832,20.708760246634483
16,1024,6,53,20.420448303222656,20.451048854738474
16,1024,6,54,20.49260711669922,20.523030776530504
16,1024,6,55,20.48204803466797,20.514747127890587
16,1024,6,56,20.73535919189453,20.765698980540037
16,1024,6,57,20.481887817382812,20.512606017291546
16,1024,6,58,20.422048568725586,20.4543499276042
16,1024,6,59,20.392576217651367,20.42201068252325
16,1024,6,60,20.702335357666016,20.73300303891301
16,1024,6,61,20.437023162841797,20.46717470511794
16,1024,6,62,20.53878402709961,20.57503815740347
16,1024,6,63,20.45782470703125,20.491478964686394
16,4096,0,1,68.7675552368164,68.81572213023901
16,4096,0,2,53.173919677734375,53.20940027013421
16,4096,0,3,52.71254348754883,52.74597881361842
16,4096,0,4,52.3768310546875,52.40965913981199
16,4096,0,5,52.19772720336914,52.22939420491457
16,4096,0,6,52.27107238769531,52.30381106957793
16,4096,0,7,52.66499328613281,52.697660867124796
16,4096,0,8,52.35238265991211,52.38504661247134
16,4096,0,9,51.99184036254883,52.02405108138919
16,4096,0,10,52.035648345947266,52.068682853132486
16,4096,0,11,52.37936019897461,52.413495257496834
16,4096,0,12,52.186241149902344,52.21864767372608
16,4096,0,13,52.0351676940918,52.07208916544914
16,4096,0,14,52.12847900390625,52.16657882556319
16,4096,0,15,52.47052764892578,52.50674672424793
16,4096,0,16,52.202945709228516,52.2380038164556
16,4096,0,17,52.092830657958984,52.12702415883541
16,4096,0,18,52.111167907714844,52.1432776004076
16,4096,0,19,52.44246292114258,52.47751483693719
16,4096,0,20,52.26230239868164,52.29457514360547
16,4096,0,21,52.071617126464844,52.10739001631737
16,4096,0,22,52.11958312988281,52.15628072619438
16,4096,0,23,52.48940658569336,52.530372980982065
16,4096,0,24,52.27423858642578,52.308098413050175
16,4096,0,25,52.089569091796875,52.12409468367696
16,4096,0,26,52.198143005371094,52.231334149837494
16,4096,0,27,52.53615951538086,52.571400068700314
16,4096,0,28,52.35804748535156,52.39366041496396
16,4096,0,29,52.17500686645508,52.208960987627506
16,4096,0,30,52.197471618652344,52.23139189183712
16,4096,0,31,52.5720329284668,52.6057630777359
16,4096,0,32,52.37014389038086,52.40691872313619
16,4096,0,33,52.214561462402344,52.250153850764036
16,4096,0,34,52.257408142089844,52.293863613158464
16,4096,0,35,52.56476974487305,52.59771691635251
16,4096,0,36,52.40595245361328,52.445235662162304
16,4096,0,37,52.267967224121094,52.30743996798992
16,4096,0,38,52.32128143310547,52.357408218085766
16,4096,0,39,52.69148635864258,52.73116705939174
16,4096,0,40,52.457855224609375,52.49564861878753
16,4096,0,41,52.300384521484375,52.335002925246954
16,4096,0,42,52.413631439208984,52.45627602562308
16,4096,0,43,53.30723190307617,53.35937021300197
16,4096,0,44,52.54767990112305,52.586528938263655
16,4096,0,45,52.33001708984375,52.36317031085491
16,4096,0,46,52.43280029296875,52.47249873355031
16,4096,0,47,52.9398078918457,52.97962808981538
16,4096,0,48,52.5814094543457,52.61952010914683
16,4096,0,49,52.33027267456055,52.363493014127016
16,4096,0,50,52.38576126098633,52.417558152228594
16,4096,0,51,52.71683120727539,52.75250785052776
16,4096,0,52,52.56876754760742,52.60548880323768
16,4096,0,53,52.34294509887695,52.376567386090755
16,4096,0,54,52.41446304321289,52.447274792939425
16,4096,0,55,52.76723098754883,52.80335992574692
16,4096,0,56,52.5536003112793,52.586655132472515
16,4096,0,57,52.40582275390625,52.44113830849528
16,4096,0,58,52.43862533569336,52.47326893731952
16,4096,0,59,52.78092956542969,52.814309019595385
16,4096,0,60,52.5832633972168,52.61530680581927
16,4096,0,61,52.34988784790039,52.37997695803642
16,4096,0,62,52.41971206665039,52.44847992435098
16,4096,0,63,52.79993438720703,52.83170798793435
16,4096,1,1,67.17616271972656,67.22919503226876
16,4096,1,2,53.49427032470703,53.52834425866604
16,4096,1,3,52.66147232055664,52.70041339099407
16,4096,1,4,52.441951751708984,52.47617792338133
16,4096,1,5,52.25199890136719,52.28478787466884
16,4096,1,6,52.33148956298828,52.36573703587055
16,4096,1,7,52.71318435668945,52.748025860637426
16,4096,1,8,52.24934387207031,52.284877281636
16,4096,1,9,52.07401657104492,52.11145710200071
16,4096,1,10,52.13056182861328,52.16397298499942
16,4096,1,11,52.498592376708984,52.531748078763485
16,4096,1,12,52.27900695800781,52.31533292680979
16,4096,1,13,52.10899353027344,52.14231135323644
16,4096,1,14,52.12675094604492,52.165244705975056
16,4096,1,15,52.5335693359375,52.56588291376829
16,4096,1,16,52.2817268371582,52.31741676107049
16,4096,1,17,52.163455963134766,52.19526216387749
16,4096,1,18,52.17168045043945,52.2061069495976
16,4096,1,19,52.514976501464844,52.54586599767208
16,4096,1,20,52.304832458496094,52.34011495485902
16,4096,1,21,52.14566421508789,52.178109996020794
16,4096,1,22,52.19705581665039,52.23115999251604
16,4096,1,23,52.576385498046875,52.607708144932985
16,4096,1,24,52.30796813964844,52.34316922724247
16,4096,1,25,52.1888313293457,52.22281999886036
16,4096,1,26,52.27814483642578,52.31422604992986
16,4096,1,27,52.595359802246094,52.63090692460537
16,4096,1,28,52.445152282714844,52.480658050626516
16,4096,1,29,52.25961685180664,52.2932349704206
16,4096,1,30,52.290462493896484,52.32511134818196
16,4096,1,31,52.6712646484375,52.71113011986017
16,4096,1,32,52.5167350769043,52.556147798895836
16,4096,1,33,52.401119232177734,52.43972782045603
16,4096,1,34,52.34630584716797,52.37891711294651
16,4096,1,35,52.68044662475586,52.717774640768766
16,4096,1,36,52.5280647277832,52.563097793608904
16,4096,1,37,52.35785675048828,52.39359615370631
16,4096,1,38,52.37401580810547,52.40997765213251
16,4096,1,39,52.71865463256836,52.75717098265886
16,4096,1,40,52.522911071777344,52.55589773878455
16,4096,1,41,52.34502410888672,52.38100606948137
16,4096,1,42,52.43046569824219,52.471729926764965
16,4096,1,43,52.764095306396484,52.800524048507214
16,4096,1,44,52.56351852416992,52.60059190914035
16,4096,1,45,52.414817810058594,52.45698383077979
16,4096,1,46,52.418495178222656,52.456669975072145
16,4096,1,47,52.78799819946289,52.824078127741814
16,4096,1,48,52.60793685913086,52.64326278120279
16,4096,1,49,52.382591247558594,52.41766571998596
16,4096,1,50,52.476383209228516,52.515202201902866
16,4096,1,51,52.801631927490234,52.836417220532894
16,4096,1,52,52.61715316772461,52.654953207820654
16,4096,1,53,52.43638229370117,52.46995436027646
16,4096,1,54,52.482688903808594,52.5185689330101
16,4096,1,55,52.86726379394531,52.90530202910304
16,4096,1,56,52.74924850463867,52.80181113630533
16,4096,1,57,53.40195083618164,53.46143199130893
16,4096,1,58,52.646881103515625,52.68512386828661
16,4096,1,59,52.91414260864258,52.94620105996728
16,4096,1,60,52.685630798339844,52.722090389579535
16,4096,1,61,52.52809524536133,52.561833057552576
16,4096,1,62,52.57030487060547,52.60659987106919
16,4096,1,63,52.96761703491211,53.001420106738806
16,4096,2,1,67.63734436035156,67.6923138089478
16,4096,2,2,53.989471435546875,54.0238362737
16,4096,2,3,52.75328063964844,52.78922012075782
16,4096,2,4,52.426048278808594,52.463251166045666
16,4096,2,5,52.24156951904297,52.27471608668566
16,4096,2,6,52.24300765991211,52.2788199596107
16,4096,2,7,52.61539077758789,52.64884699136019
16,4096,2,8,52.4005126953125,52.43677692487836
16,4096,2,9,52.08611297607422,52.121023181825876
16,4096,2,10,52.13907241821289,52.17841500416398
16,4096,2,11,52.462623596191406,52.503091748803854
16,4096,2,12,52.26825714111328,52.30709305033088
16,4096,2,13,52.13801574707031,52.17500729486346
16,4096,2,14,52.168575286865234,52.20653768628836
16,4096,2,15,52.52803039550781,52.56189266219735
16,4096,2,16,52.30108642578125,52.33754403889179
16,4096,2,17,52.13657760620117,52.16887081041932
16,4096,2,18,52.21254348754883,52.2468127310276
16,4096,2,19,52.49443054199219,52.529311273247004
16,4096,2,20,52.335166931152344,52.37174592912197
16,4096,2,21,52.20975875854492,52.252291701734066
16,4096,2,22,52.37558364868164,52.42301290854812
16,4096,2,23,52.64857482910156,52.6875308714807
16,4096,2,24,52.35919952392578,52.39313002675772
16,4096,2,25,52.15923309326172,52.194350864738226
16,4096,2,26,52.242401123046875,52.277727983891964
16,4096,2,27,52.619422912597656,52.65383701771498
16,4096,2,28,52.41603088378906,52.44759889319539
16,4096,2,29,52.23731231689453,52.27280920371413
16,4096,2,30,52.28236770629883,52.31344606727362
16,4096,2,31,52.63062286376953,52.66484059393406
16,4096,2,32,52.43507385253906,52.46847914531827
16,4096,2,33,52.28876876831055,52.32792114838958
16,4096,2,34,52.3469123840332,52.38094599917531
16,4096,2,35,52.68547058105469,52.721701096743345
16,4096,2,36,52.46438217163086,52.4984672665596
16,4096,2,37,52.31340789794922,52.34897788614035
16,4096,2,38,52.33830261230469,52.37283231690526
16,4096,2,39,52.739070892333984,52.77664493769407
16,4096,2,40,52.52115249633789,52.55606584250927
16,4096,2,41,52.40143966674805,52.4411341175437
16,4096,2,42,52.47305679321289,52.50888504087925
16,4096,2,43,52.752384185791016,52.78460402041674
16,4096,2,44,52.543521881103516,52.576796151697636
16,4096,2,45,52.3732795715332,52.405504044145346
16,4096,2,46,52.45372772216797,52.487324457615614
16,4096,2,47,52.789920806884766,52.82414332032204
16,4096,2,48,52.60326385498047,52.641434129327536
16,4096,2,49,52.419071197509766,52.44914581999183
16,4096,2,50,52.49020767211914,52.52675386145711
16,4096,2,51,52.765472412109375,52.800053264945745
16,4096,2,52,52.62294387817383,52.659757900983095
16,4096,2,53,52.4172477722168,52.45006503537297
16,4096,2,54,52.4879035949707,52.52252984791994
16,4096,2,55,52.8197135925293,52.852378226816654
16,4096,2,56,52.6748161315918,52.710122894495726
16,4096,2,57,52.45830535888672,52.49062506482005
16,4096,2,58,52.49711990356445,52.53153573721647
16,4096,2,59,52.87916946411133,52.911223378032446
16,4096,2,60,52.71052932739258,52.74620000272989
16,4096,2,61,52.505950927734375,52.54218401387334
16,4096,2,62,52.587615966796875,52.62513505294919
16,4096,2,63,52.911231994628906,52.943641785532236
16,4096,3,1,67.12662506103516,67.17663677409291
16,4096,3,2,53.93471908569336,53.972828201949596
16,4096,3,3,52.68550491333008,52.71967966109514
16,4096,3,4,52.433345794677734,52.467227913439274
16,4096,3,5,52.27312088012695,52.30628093704581
16,4096,3,6,52.328895568847656,52.36689280718565
16,4096,3,7,52.73871994018555,52.783525083214045
16,4096,3,8,52.2850227355957,52.32679983600974
16,4096,3,9,51.98716735839844,52.030646707862616
16,4096,3,10,52.059486389160156,52.09237104281783
16,4096,3,11,52.43164825439453,52.4673187173903
16,4096,3,12,52.224609375,52.25820094347
16,4096,3,13,52.05558395385742,52.09147743880749
16,4096,3,14,52.075679779052734,52.10876278579235
16,4096,3,15,52.46886444091797,52.504489198327065
16,4096,3,16,52.22556686401367,52.259272895753384
16,4096,3,17,52.10575866699219,52.14596400037408
16,4096,3,18,52.1209602355957,52.1580190397799
16,4096,3,19,52.46495819091797,52.5024002417922
16,4096,3,20,52.23721694946289,52.271239925175905
16,4096,3,21,52.097023010253906,52.1327774040401
16,4096,3,22,52.1313591003418,52.16302815824747
16,4096,3,23,52.472225189208984,52.50767385587096
16,4096,3,24,52.25619125366211,52.29061469435692
16,4096,3,25,52.09417724609375,52.12718900293112
16,4096,3,26,52.19267272949219,52.22475901246071
16,4096,3,27,52.52067184448242,52.55289003252983
16,4096,3,28,52.37263870239258,52.40945937111974
16,4096,3,29,52.1671028137207,52.20100376754999
16,4096,3,30,52.22809600830078,52.26337490603328
16,4096,3,31,52.58176040649414,52.63309320434928
16,4096,3,32,53.853790283203125,53.93526190891862
16,4096,3,33,52.218719482421875,52.256403025239706
16,4096,3,34,52.3185920715332,52.356974221765995
16,4096,3,35,52.651039123535156,52.69245197996497
16,4096,3,36,53.0847053527832,53.1418570317328
16,4096,3,37,52.30419158935547,52.33966512605548
16,4096,3,38,52.30083084106445,52.33795382082462
16,4096,3,39,52.62287902832031,52.662007976323366
16,4096,3,40,52.422080993652344,52.45999665930867
16,4096,3,41,52.26790237426758,52.300233859568834
16,4096,3,42,52.405662536621094,52.448233123868704
16,4096,3,43,52.63961410522461,52.67421621829271
16,4096,3,44,52.50668716430664,52.538106217980385
16,4096,3,45,52.305152893066406,52.341589238494635
16,4096,3,46,52.357791900634766,52.39694565534592
16,4096,3,47,52.731231689453125,52.76782065629959
16,4096,3,48,52.478240966796875,52.51473281532526
16,4096,3,49,52.34406280517578,52.38091107457876
16,4096,3,50,52.39868927001953,52.438246086239815
16,4096,3,51,52.75603103637695,52.790194284170866
16,4096,3,52,52.540096282958984,52.573501132428646
16,4096,3,53,52.35638427734375,52.39388719201088
16,4096,3,54,52.43212890625,52.46641580015421
16,4096,3,55,52.79475021362305,52.832894027233124
16,4096,3,56,52.595550537109375,52.63281473889947
16,4096,3,57,52.40390396118164,52.43989825248718
16,4096,3,58,52.454368591308594,52.48744133859873
16,4096,3,59,52.81951904296875,52.85449791699648
16,4096,3,60,52.639678955078125,52.67670191824436
16,4096,3,61,52.48384094238281,52.520247641950846
16,4096,3,62,52.51276779174805,52.54709394648671
16,4096,3,63,52.98495864868164,53.02384402602911
16,4096,4,1,66.58172607421875,66.63580518215895
16,4096,4,2,54.24844741821289,54.28113089874387
16,4096,4,3,52.682430267333984,52.71580908447504
16,4096,4,4,52.4496955871582,52.48580826446414
16,4096,4,5,52.294334411621094,52.32550390064716
16,4096,4,6,52.300254821777344,52.332498133182526
16,4096,4,7,52.60598373413086,52.63738613575697
16,4096,4,8,52.41404724121094,52.448895294219255
16,4096,4,9,52.07952117919922,52.11174627766013
16,4096,4,10,52.168479919433594,52.20580706372857
16,4096,4,11,52.4595832824707,52.492775954306126
16,4096,4,12,52.32118225097656,52.357728127390146
16,4096,4,13,52.109886169433594,52.1441618911922
16,4096,4,14,52.168479919433594,52.202059887349606
16,4096,4,15,52.49507141113281,52.52469424158335
16,4096,4,16,52.26428985595703,52.29901010170579
16,4096,4,17,52.07680130004883,52.109651267528534
16,4096,4,18,52.22694396972656,52.26546013727784
16,4096,4,19,52.554752349853516,52.588519640266895
16,4096,4,20,52.360416412353516,52.39496612921357
16,4096,4,21,52.14547348022461,52.17788415029645
16,4096,4,22,52.195777893066406,52.22899932414293
16,4096,4,23,52.557823181152344,52.59331502020359
16,4096,4,24,52.349857330322266,52.38268803805113
16,4096,4,25,52.15990447998047,52.193173207342625
16,4096,4,26,52.280513763427734,52.31331707909703
16,4096,4,27,52.6069450378418,52.645491901785135
16,4096,4,28,52.44076919555664,52.4752801284194
16,4096,4,29,52.26630401611328,52.30336869135499
16,4096,4,30,52.2694091796875,52.3014678619802
16,4096,4,31,52.630943298339844,52.67115170136094
16,4096,4,32,52.466495513916016,52.50328406691551
16,4096,4,33,52.268672943115234,52.30810912325978
16,4096,4,34,52.3590087890625,52.392744924873114
16,4096,4,35,52.677696228027344,52.711172960698605
16,4096,4,36,52.47724914550781,52.51213302835822
16,4096,4,37,52.31353759765625,52.3493685759604
16,4096,4,38,52.34822463989258,52.38208919763565
16,4096,4,39,52.7243537902832,52.76116682216525
16,4096,4,40,52.51279830932617,52.5466431863606
16,4096,4,41,52.31011199951172,52.34500207006931
16,4096,4,42,52.435455322265625,52.4685331620276
16,4096,4,43,52.77967834472656,52.81524686142802
16,4096,4,44,52.54195022583008,52.574741654098034
16,4096,4,45,52.405982971191406,52.43922211229801
16,4096,4,46,52.43107223510742,52.47100302949548
16,4096,4,47,52.80147171020508,52.83390823751688
16,4096,4,48,52.54966354370117,52.586962934583426
16,4096,4,49,52.44707107543945,52.480160258710384
16,4096,4,50,52.51030349731445,52.55025206133723
16,4096,4,51,52.81545639038086,52.85166436806321
16,4096,4,52,52.65635299682617,52.69541637971997
16,4096,4,53,52.41388702392578,52.44479700922966
16,4096,4,54,52.504478454589844,52.53878282383084
16,4096,4,55,52.82102584838867,52.85966396331787
16,4096,4,56,52.66435241699219,52.70081898197532
16,4096,4,57,52.456417083740234,52.48898779973388
16,4096,4,58,52.4944953918457,52.530590910464525
16,4096,4,59,52.866878509521484,52.89906030520797
16,4096,4,60,52.676353454589844,52.70690703764558
16,4096,4,61,52.49555206298828,52.524134051054716
16,4096,4,62,52.49321746826172,52.522058598697186
16,4096,4,63,52.892608642578125,52.923568058758974
16,4096,5,1,67.02265930175781,67.08813598379493
16,4096,5,2,52.91212844848633,52.94297682121396
16,4096,5,3,52.6530876159668,52.68803704530001
16,4096,5,4,52.52345657348633,52.55538830533624
16,4096,5,5,52.26979064941406,52.306230179965496
16,4096,5,6,52.29916763305664,52.3316590115428
16,4096,5,7,52.75449752807617,52.7935647405684
16,4096,5,8,52.35891342163086,52.39458568394184
16,4096,5,9,51.992862701416016,52.026755176484585
16,4096,5,10,52.058528900146484,52.09066020324826
16,4096,5,11,52.48275375366211,52.523001097142696
16,4096,5,12,52.25958251953125,52.29098675772548
16,4096,5,13,52.12966537475586,52.16717906296253
16,4096,5,14,52.167457580566406,52.20078118145466
16,4096,5,15,52.533470153808594,52.5679811835289
16,4096,5,16,52.29999923706055,52.33291815966368
16,4096,5,17,52.13132858276367,52.16417694464326
16,4096,5,18,52.16767883300781,52.201947662979364
16,4096,5,19,52.5450553894043,52.57941177114844
16,4096,5,20,52.335262298583984,52.36960807815194
16,4096,5,21,52.15862274169922,52.19062604010105
16,4096,5,22,52.23040008544922,52.26550390943885
16,4096,5,23,52.5912971496582,52.62749223038554
16,4096,5,24,52.36038589477539,52.40178480744362
16,4096,5,25,52.23750305175781,52.28209728375077
16,4096,5,26,52.83590316772461,52.89405584335327
16,4096,5,27,52.708255767822266,52.74712899699807
16,4096,5,28,52.47702407836914,52.516472060233355
16,4096,5,29,52.38582229614258,52.42400523275137
16,4096,5,30,52.586368560791016,52.6333199813962
16,4096,5,31,52.754337310791016,52.79115028679371
16,4096,5,32,52.515777587890625,52.55101574584842
16,4096,5,33,52.27449417114258,52.30748141184449
16,4096,5,34,52.3699836730957,52.40618158131838
16,4096,5,35,52.660831451416016,52.69672581925988
16,4096,5,36,52.540287017822266,52.58816899731755
16,4096,5,37,52.30633544921875,52.34153615310788
16,4096,5,38,52.365760803222656,52.40083718672395
16,4096,5,39,52.7176628112793,52.750688046216965
16,4096,5,40,52.499168395996094,52.531140856444836
16,4096,5,41,52.356895446777344,52.389984019100666
16,4096,5,42,52.42777633666992,52.46265605092049
16,4096,5,43,52.78492736816406,52.81997285783291
16,4096,5,44,52.584510803222656,52.61739529669285
16,4096,5,45,52.4381103515625,52.47609131038189
16,4096,5,46,52.452545166015625,52.48893005773425
16,4096,5,47,52.83273696899414,52.87123890593648
16,4096,5,48,52.60831832885742,52.64541506767273
16,4096,5,49,52.449214935302734,52.49019805341959
16,4096,5,50,52.475135803222656,52.50768410041928
16,4096,5,51,52.83055877685547,52.866823971271515
16,4096,5,52,52.60883331298828,52.64185229316354
16,4096,5,53,52.42601776123047,52.46280273422599
16,4096,5,54,52.60182571411133,52.639043889939785
16,4096,5,55,52.90390396118164,52.94032022356987
16,4096,5,56,52.59686279296875,52.628085017204285
16,4096,5,57,52.47990417480469,52.51083569601178
16,4096,5,58,52.48857498168945,52.51886090263724
16,4096,5,59,52.858367919921875,52.89078690111637
16,4096,5,60,52.665374755859375,52.69791791215539
16,4096,5,61,52.461151123046875,52.489972207695246
16,4096,5,62,52.518272399902344,52.548483945429325
16,4096,5,63,52.83760070800781,52.86569194868207
16,4096,6,1,68.94108581542969,68.99114698171616
16,4096,6,2,54.4318733215332,54.46915188804269
16,4096,6,3,52.91670227050781,52.953468170017004
16,4096,6,4,52.522369384765625,52.560106851160526
16,4096,6,5,52.35744094848633,52.39445576444268
16,4096,6,6,52.328800201416016,52.36614076420665
16,4096,6,7,52.6894416809082,52.72485828027129
16,4096,6,8,52.41177749633789,52.44916630908847
16,4096,6,9,52.039615631103516,52.074491046369076
16,4096,6,10,52.07440185546875,52.11238423362374
16,4096,6,11,52.361759185791016,52.39345086738467
16,4096,6,12,52.234527587890625,52.27115098387003
16,4096,6,13,52.04723358154297,52.07645986229181
16,4096,6,14,52.08380889892578,52.11583897471428
16,4096,6,15,52.500831604003906,52.53588734194636
16,4096,6,16,52.256736755371094,52.292088977992535
16,4096,6,17,52.06243133544922,52.094739861786366
16,4096,6,18,52.08940887451172,52.119684871286154
16,4096,6,19,52.4332160949707,52.46830219402909
16,4096,6,20,52.260223388671875,52.29315208271146
16,4096,6,21,52.09199905395508,52.13247099891305
16,4096,6,22,52.23606491088867,52.287035156041384
16,4096,6,23,52.52579116821289,52.56000813096762
16,4096,6,24,52.26124954223633,52.29170387610793
16,4096,6,25,52.10704040527344,52.13955603539944
16,4096,6,26,52.18272018432617,52.212600130587816
16,4096,6,27,52.53510284423828,52.57061682641506
16,4096,6,28,52.362815856933594,52.39524785429239
16,4096,6,29,52.18412780761719,52.218605764210224
16,4096,6,30,52.209632873535156,52.2410343401134
16,4096,6,31,52.6148796081543,52.65135457739234
16,4096,6,32,52.36518478393555,52.398471627384424
16,4096,6,33,52.20947265625,52.247448824346066
16,4096,6,34,52.2525749206543,52.28716041892767
16,4096,6,35,52.64588928222656,52.68292501568794
16,4096,6,36,52.420928955078125,52.453792188316584
16,4096,6,37,52.275390625,52.313205786049366
16,4096,6,38,52.296287536621094,52.3368320427835
16,4096,6,39,52.647647857666016,52.68144281581044
16,4096,6,40,52.423614501953125,52.462492138147354
16,4096,6,41,52.38550567626953,52.42728488519788
16,4096,6,42,52.787841796875,52.83640092238784
16,4096,6,43,52.73155212402344,52.76900017634034
16,4096,6,44,52.54326248168945,52.58259689435363
16,4096,6,45,52.393150329589844,52.43061622604728
16,4096,6,46,52.56175994873047,52.603551652282476
16,4096,6,47,52.76780700683594,52.80205188319087
16,4096,6,48,52.5316162109375,52.56594205275178
16,4096,6,49,52.34902572631836,52.38491902127862
16,4096,6,50,52.467838287353516,52.507949993014336
16,4096,6,51,52.76201629638672,52.798676770180464
16,4096,6,52,52.62211227416992,52.66116466373205
16,4096,6,53,52.40633773803711,52.44852928444743
16,4096,6,54,52.4951057434082,52.53786779940128
16,4096,6,55,52.78799819946289,52.82321712002158
16,4096,6,56,52.58476638793945,52.615860011428595
16,4096,6,57,52.399681091308594,52.43238806724548
16,4096,6,58,52.46918487548828,52.50188801437616
16,4096,6,59,52.85408020019531,52.88879666477442
16,4096,6,60,52.646366119384766,52.6815177872777
16,4096,6,61,52.46044921875,52.49983863905072
16,4096,6,62,52.50627136230469,52.54029808565974
16,4096,6,63,52.90576171875,52.94282175600529
