family,dtype,cache,m,n,k,reps,bytes,flops,footprint_bytes,sample,loops,ms,error,valid
copy,fp32,warm,0,1024,0,0,8192,0,8192,0,200,0.00205727992579341,0,1
copy,fp32,warm,0,1024,0,0,8192,0,8192,1,200,0.00207103998400271,0,1
copy,fp32,warm,0,1024,0,0,8192,0,8192,2,200,0.00207392009906471,0,1
copy,fp32,warm,0,1024,0,0,8192,0,8192,3,200,0.00207664002664387,0,1
copy,fp32,warm,0,1024,0,0,8192,0,8192,4,200,0.002060960046947,0,1
copy,fp32,warm,0,1024,0,0,8192,0,8192,5,200,0.00206256005913019,0,1
copy,fp32,warm,0,1024,0,0,8192,0,8192,6,200,0.00206640013493598,0,1
add,fp32,warm,0,1024,0,0,12288,1024,12288,0,200,0.00207808008417487,0,1
add,fp32,warm,0,1024,0,0,12288,1024,12288,1,200,0.00208064005710185,0,1
add,fp32,warm,0,1024,0,0,12288,1024,12288,2,200,0.00207248004153371,0,1
add,fp32,warm,0,1024,0,0,12288,1024,12288,3,200,0.00208095996640623,0,1
add,fp32,warm,0,1024,0,0,12288,1024,12288,4,200,0.00208656000904739,0,1
add,fp32,warm,0,1024,0,0,12288,1024,12288,5,200,0.00209167995490134,0,1
add,fp32,warm,0,1024,0,0,12288,1024,12288,6,200,0.00207359995692968,0,1
triad,fp32,warm,0,1024,0,0,12288,2048,12288,0,200,0.00208271993324161,0,1
triad,fp32,warm,0,1024,0,0,12288,2048,12288,1,200,0.00207904004491866,0,1
triad,fp32,warm,0,1024,0,0,12288,2048,12288,2,200,0.00206896010786295,0,1
triad,fp32,warm,0,1024,0,0,12288,2048,12288,3,200,0.00207295990549028,0,1
triad,fp32,warm,0,1024,0,0,12288,2048,12288,4,200,0.00208080001175404,0,1
triad,fp32,warm,0,1024,0,0,12288,2048,12288,5,200,0.00208031991496682,0,1
triad,fp32,warm,0,1024,0,0,12288,2048,12288,6,200,0.00207744003273547,0,1
copy,fp32,warm,0,16384,0,0,131072,0,131072,0,200,0.00215583993121982,0,1
copy,fp32,warm,0,16384,0,0,131072,0,131072,1,200,0.00214191991835833,0,1
copy,fp32,warm,0,16384,0,0,131072,0,131072,2,200,0.00215087994001806,0,1
copy,fp32,warm,0,16384,0,0,131072,0,131072,3,200,0.00216463999822736,0,1
copy,fp32,warm,0,16384,0,0,131072,0,131072,4,200,0.00215200008824468,0,1
copy,fp32,warm,0,16384,0,0,131072,0,131072,5,200,0.00215056003071368,0,1
copy,fp32,warm,0,16384,0,0,131072,0,131072,6,200,0.00215103989467025,0,1
add,fp32,warm,0,16384,0,0,196608,16384,196608,0,200,0.00213808007538319,0,1
add,fp32,warm,0,16384,0,0,196608,16384,196608,1,200,0.00213791988790035,0,1
add,fp32,warm,0,16384,0,0,196608,16384,196608,2,200,0.00213888008147478,0,1
add,fp32,warm,0,16384,0,0,196608,16384,196608,3,200,0.00214847992174327,0,1
add,fp32,warm,0,16384,0,0,196608,16384,196608,4,200,0.00215807999484241,0,1
add,fp32,warm,0,16384,0,0,196608,16384,196608,5,200,0.00213231984525919,0,1
add,fp32,warm,0,16384,0,0,196608,16384,196608,6,200,0.00214991997927427,0,1
triad,fp32,warm,0,16384,0,0,196608,32768,196608,0,200,0.00214160000905395,0,1
triad,fp32,warm,0,16384,0,0,196608,32768,196608,1,200,0.00214287987910211,0,1
triad,fp32,warm,0,16384,0,0,196608,32768,196608,2,200,0.00212832004763186,0,1
triad,fp32,warm,0,16384,0,0,196608,32768,196608,3,200,0.00214640004560351,0,1
triad,fp32,warm,0,16384,0,0,196608,32768,196608,4,200,0.002133599948138,0,1
triad,fp32,warm,0,16384,0,0,196608,32768,196608,5,200,0.00214384007267654,0,1
triad,fp32,warm,0,16384,0,0,196608,32768,196608,6,200,0.00212672003544867,0,1
copy,fp32,warm,0,262144,0,0,2097152,0,2097152,0,200,0.0027791999746114,0,1
copy,fp32,warm,0,262144,0,0,2097152,0,2097152,1,200,0.00278640002943575,0,1
copy,fp32,warm,0,262144,0,0,2097152,0,2097152,2,200,0.00277967983856797,0,1
copy,fp32,warm,0,262144,0,0,2097152,0,2097152,3,200,0.00277984002605081,0,1
copy,fp32,warm,0,262144,0,0,2097152,0,2097152,4,200,0.00279184011742473,0,1
copy,fp32,warm,0,262144,0,0,2097152,0,2097152,5,200,0.00278976000845432,0,1
copy,fp32,warm,0,262144,0,0,2097152,0,2097152,6,200,0.0027894398663193,0,1
add,fp32,warm,0,262144,0,0,3145728,262144,3145728,0,200,0.00282415980473161,0,1
add,fp32,warm,0,262144,0,0,3145728,262144,3145728,1,200,0.00281807989813387,0,1
add,fp32,warm,0,262144,0,0,3145728,262144,3145728,2,200,0.0028292799834162,0,1
add,fp32,warm,0,262144,0,0,3145728,262144,3145728,3,200,0.00281951995566487,0,1
add,fp32,warm,0,262144,0,0,3145728,262144,3145728,4,200,0.00282063987106085,0,1
add,fp32,warm,0,262144,0,0,3145728,262144,3145728,5,200,0.00282656005583704,0,1
add,fp32,warm,0,262144,0,0,3145728,262144,3145728,6,200,0.00282671977765858,0,1
triad,fp32,warm,0,262144,0,0,3145728,524288,3145728,0,200,0.00282752001658082,0,1
triad,fp32,warm,0,262144,0,0,3145728,524288,3145728,1,200,0.00282959989272058,0,1
triad,fp32,warm,0,262144,0,0,3145728,524288,3145728,2,200,0.00283264019526541,0,1
triad,fp32,warm,0,262144,0,0,3145728,524288,3145728,3,200,0.00282656005583704,0,1
triad,fp32,warm,0,262144,0,0,3145728,524288,3145728,4,200,0.00282911979593337,0,1
triad,fp32,warm,0,262144,0,0,3145728,524288,3145728,5,200,0.00282528018578887,0,1
triad,fp32,warm,0,262144,0,0,3145728,524288,3145728,6,200,0.00282543990761042,0,1
copy,fp32,warm,0,1048576,0,0,8388608,0,8388608,0,200,0.00452159997075796,0,1
copy,fp32,warm,0,1048576,0,0,8388608,0,8388608,1,200,0.00452431989833713,0,1
copy,fp32,warm,0,1048576,0,0,8388608,0,8388608,2,200,0.00456400029361248,0,1
copy,fp32,warm,0,1048576,0,0,8388608,0,8388608,3,200,0.0045107202604413,0,1
copy,fp32,warm,0,1048576,0,0,8388608,0,8388608,4,200,0.00452223978936672,0,1
copy,fp32,warm,0,1048576,0,0,8388608,0,8388608,5,200,0.00455967988818884,0,1
copy,fp32,warm,0,1048576,0,0,8388608,0,8388608,6,200,0.00450799986720085,0,1
add,fp32,warm,0,1048576,0,0,12582912,1048576,12582912,0,200,0.0046227197162807,0,1
add,fp32,warm,0,1048576,0,0,12582912,1048576,12582912,1,200,0.00459903990849853,0,1
add,fp32,warm,0,1048576,0,0,12582912,1048576,12582912,2,200,0.00463984021916986,0,1
add,fp32,warm,0,1048576,0,0,12582912,1048576,12582912,3,200,0.00462544010952115,0,1
add,fp32,warm,0,1048576,0,0,12582912,1048576,12582912,4,200,0.0046560000628233,0,1
add,fp32,warm,0,1048576,0,0,12582912,1048576,12582912,5,200,0.00462607992812991,0,1
add,fp32,warm,0,1048576,0,0,12582912,1048576,12582912,6,200,0.0046103997156024,0,1
triad,fp32,warm,0,1048576,0,0,12582912,2097152,12582912,0,200,0.00459711998701096,0,1
triad,fp32,warm,0,1048576,0,0,12582912,2097152,12582912,1,200,0.00463696010410786,0,1
triad,fp32,warm,0,1048576,0,0,12582912,2097152,12582912,2,200,0.00464895972982049,0,1
triad,fp32,warm,0,1048576,0,0,12582912,2097152,12582912,3,200,0.00461087981238961,0,1
triad,fp32,warm,0,1048576,0,0,12582912,2097152,12582912,4,200,0.00458496017381549,0,1
triad,fp32,warm,0,1048576,0,0,12582912,2097152,12582912,5,200,0.00460543995723128,0,1
triad,fp32,warm,0,1048576,0,0,12582912,2097152,12582912,6,200,0.00461184000596404,0,1
copy,fp32,warm,0,4194304,0,0,33554432,0,33554432,0,200,0.0127089591696858,0,1
copy,fp32,warm,0,4194304,0,0,33554432,0,33554432,1,200,0.0127076804637909,0,1
copy,fp32,warm,0,4194304,0,0,33554432,0,33554432,2,200,0.0127190398052335,0,1
copy,fp32,warm,0,4194304,0,0,33554432,0,33554432,3,200,0.0127006396651268,0,1
copy,fp32,warm,0,4194304,0,0,33554432,0,33554432,4,200,0.01271728053689,0,1
copy,fp32,warm,0,4194304,0,0,33554432,0,33554432,5,200,0.0127156795933843,0,1
copy,fp32,warm,0,4194304,0,0,33554432,0,33554432,6,200,0.0126975998282433,0,1
add,fp32,warm,0,4194304,0,0,50331648,4194304,50331648,0,200,0.021062720566988,0,1
add,fp32,warm,0,4194304,0,0,50331648,4194304,50331648,1,200,0.0210656002163887,0,1
add,fp32,warm,0,4194304,0,0,50331648,4194304,50331648,2,200,0.0210876800119877,0,1
add,fp32,warm,0,4194304,0,0,50331648,4194304,50331648,3,200,0.0210631992667913,0,1
add,fp32,warm,0,4194304,0,0,50331648,4194304,50331648,4,200,0.0210766419768333,0,1
add,fp32,warm,0,4194304,0,0,50331648,4194304,50331648,5,200,0.0210812799632549,0,1
add,fp32,warm,0,4194304,0,0,50331648,4194304,50331648,6,200,0.0210755206644535,0,1
triad,fp32,warm,0,4194304,0,0,50331648,8388608,50331648,0,200,0.0211247988045216,0,1
triad,fp32,warm,0,4194304,0,0,50331648,8388608,50331648,1,200,0.0211307182908058,0,1
triad,fp32,warm,0,4194304,0,0,50331648,8388608,50331648,2,200,0.0211139209568501,0,1
triad,fp32,warm,0,4194304,0,0,50331648,8388608,50331648,3,200,0.0210928004235029,0,1
triad,fp32,warm,0,4194304,0,0,50331648,8388608,50331648,4,200,0.0211089607328176,0,1
triad,fp32,warm,0,4194304,0,0,50331648,8388608,50331648,5,200,0.0211057588458061,0,1
triad,fp32,warm,0,4194304,0,0,50331648,8388608,50331648,6,200,0.0211120005697012,0,1
copy,fp32,warm,0,16777216,0,0,134217728,0,134217728,0,200,0.0584276802837849,0,1
copy,fp32,warm,0,16777216,0,0,134217728,0,134217728,1,200,0.0584241598844528,0,1
copy,fp32,warm,0,16777216,0,0,134217728,0,134217728,2,200,0.0584289580583572,0,1
copy,fp32,warm,0,16777216,0,0,134217728,0,134217728,3,200,0.0584198385477066,0,1
copy,fp32,warm,0,16777216,0,0,134217728,0,134217728,4,200,0.0583969578146935,0,1
copy,fp32,warm,0,16777216,0,0,134217728,0,134217728,5,200,0.0583830401301384,0,1
copy,fp32,warm,0,16777216,0,0,134217728,0,134217728,6,200,0.0583947189152241,0,1
add,fp32,warm,0,16777216,0,0,201326592,16777216,201326592,0,200,0.0749155208468437,0,1
add,fp32,warm,0,16777216,0,0,201326592,16777216,201326592,1,200,0.0749131217598915,0,1
add,fp32,warm,0,16777216,0,0,201326592,16777216,201326592,2,200,0.0748988837003708,0,1
add,fp32,warm,0,16777216,0,0,201326592,16777216,201326592,3,200,0.0749284774065018,0,1
add,fp32,warm,0,16777216,0,0,201326592,16777216,201326592,4,200,0.0749025568366051,0,1
add,fp32,warm,0,16777216,0,0,201326592,16777216,201326592,5,200,0.074901282787323,0,1
add,fp32,warm,0,16777216,0,0,201326592,16777216,201326592,6,200,0.0749159976840019,0,1
triad,fp32,warm,0,16777216,0,0,201326592,33554432,201326592,0,200,0.0748825594782829,0,1
triad,fp32,warm,0,16777216,0,0,201326592,33554432,201326592,1,200,0.0748992040753365,0,1
triad,fp32,warm,0,16777216,0,0,201326592,33554432,201326592,2,200,0.0748958364129066,0,1
triad,fp32,warm,0,16777216,0,0,201326592,33554432,201326592,3,200,0.0748948827385902,0,1
triad,fp32,warm,0,16777216,0,0,201326592,33554432,201326592,4,200,0.0749188810586929,0,1
triad,fp32,warm,0,16777216,0,0,201326592,33554432,201326592,5,200,0.0749038383364677,0,1
triad,fp32,warm,0,16777216,0,0,201326592,33554432,201326592,6,200,0.0749009624123573,0,1
copy,fp32,warm,0,67108864,0,0,536870912,0,536870912,0,93,0.209066331386566,0,1
copy,fp32,warm,0,67108864,0,0,536870912,0,536870912,1,93,0.209083184599876,0,1
copy,fp32,warm,0,67108864,0,0,536870912,0,536870912,2,93,0.209066659212112,0,1
copy,fp32,warm,0,67108864,0,0,536870912,0,536870912,3,93,0.209004387259483,0,1
copy,fp32,warm,0,67108864,0,0,536870912,0,536870912,4,93,0.209046378731728,0,1
copy,fp32,warm,0,67108864,0,0,536870912,0,536870912,5,93,0.209032595157623,0,1
copy,fp32,warm,0,67108864,0,0,536870912,0,536870912,6,93,0.209089383482933,0,1
add,fp32,warm,0,67108864,0,0,805306368,67108864,805306368,0,71,0.278702437877655,0,1
add,fp32,warm,0,67108864,0,0,805306368,67108864,805306368,1,71,0.2786925137043,0,1
add,fp32,warm,0,67108864,0,0,805306368,67108864,805306368,2,71,0.278694778680801,0,1
add,fp32,warm,0,67108864,0,0,805306368,67108864,805306368,3,71,0.278729021549225,0,1
add,fp32,warm,0,67108864,0,0,805306368,67108864,805306368,4,71,0.278724044561386,0,1
add,fp32,warm,0,67108864,0,0,805306368,67108864,805306368,5,71,0.278705567121506,0,1
add,fp32,warm,0,67108864,0,0,805306368,67108864,805306368,6,71,0.278664588928223,0,1
triad,fp32,warm,0,67108864,0,0,805306368,134217728,805306368,0,70,0.279902160167694,0,1
triad,fp32,warm,0,67108864,0,0,805306368,134217728,805306368,1,70,0.279868811368942,0,1
triad,fp32,warm,0,67108864,0,0,805306368,134217728,805306368,2,70,0.279882043600082,0,1
triad,fp32,warm,0,67108864,0,0,805306368,134217728,805306368,3,70,0.279948800802231,0,1
triad,fp32,warm,0,67108864,0,0,805306368,134217728,805306368,4,70,0.279934644699097,0,1
triad,fp32,warm,0,67108864,0,0,805306368,134217728,805306368,5,70,0.27989074587822,0,1
triad,fp32,warm,0,67108864,0,0,805306368,134217728,805306368,6,70,0.2799391746521,0,1
fma,fp32,streaming,0,67108864,0,1,536870912,134217728,536870912,0,93,0.183337986469269,0,1
fma,fp32,streaming,0,67108864,0,1,536870912,134217728,536870912,1,93,0.183135658502579,0,1
fma,fp32,streaming,0,67108864,0,1,536870912,134217728,536870912,2,93,0.183057889342308,0,1
fma,fp32,streaming,0,67108864,0,1,536870912,134217728,536870912,3,93,0.183179020881653,0,1
fma,fp32,streaming,0,67108864,0,1,536870912,134217728,536870912,4,93,0.183172479271889,0,1
fma,fp32,streaming,0,67108864,0,1,536870912,134217728,536870912,5,93,0.183135315775871,0,1
fma,fp32,streaming,0,67108864,0,1,536870912,134217728,536870912,6,93,0.183180391788483,0,1
fma,fp64,streaming,0,33554432,0,1,536870912,67108864,536870912,0,70,0.27898696064949,0,1
fma,fp64,streaming,0,33554432,0,1,536870912,67108864,536870912,1,70,0.278928458690643,0,1
fma,fp64,streaming,0,33554432,0,1,536870912,67108864,536870912,2,70,0.278918415307999,0,1
fma,fp64,streaming,0,33554432,0,1,536870912,67108864,536870912,3,70,0.279143303632736,0,1
fma,fp64,streaming,0,33554432,0,1,536870912,67108864,536870912,4,70,0.279011636972427,0,1
fma,fp64,streaming,0,33554432,0,1,536870912,67108864,536870912,5,70,0.279173493385315,0,1
fma,fp64,streaming,0,33554432,0,1,536870912,67108864,536870912,6,70,0.278867661952972,0,1
fma,fp32,streaming,0,67108864,0,2,536870912,268435456,536870912,0,107,0.183307066559792,0,1
fma,fp32,streaming,0,67108864,0,2,536870912,268435456,536870912,1,107,0.183262214064598,0,1
fma,fp32,streaming,0,67108864,0,2,536870912,268435456,536870912,2,107,0.183296903967857,0,1
fma,fp32,streaming,0,67108864,0,2,536870912,268435456,536870912,3,107,0.183296591043472,0,1
fma,fp32,streaming,0,67108864,0,2,536870912,268435456,536870912,4,107,0.183226019144058,0,1
fma,fp32,streaming,0,67108864,0,2,536870912,268435456,536870912,5,107,0.183346852660179,0,1
fma,fp32,streaming,0,67108864,0,2,536870912,268435456,536870912,6,107,0.183318123221397,0,1
fma,fp64,streaming,0,33554432,0,2,536870912,134217728,536870912,0,72,0.272133767604828,0,1
fma,fp64,streaming,0,33554432,0,2,536870912,134217728,536870912,1,72,0.27199599146843,0,1
fma,fp64,streaming,0,33554432,0,2,536870912,134217728,536870912,2,72,0.272112905979156,0,1
fma,fp64,streaming,0,33554432,0,2,536870912,134217728,536870912,3,72,0.271932005882263,0,1
fma,fp64,streaming,0,33554432,0,2,536870912,134217728,536870912,4,72,0.272144913673401,0,1
fma,fp64,streaming,0,33554432,0,2,536870912,134217728,536870912,5,72,0.271957755088806,0,1
fma,fp64,streaming,0,33554432,0,2,536870912,134217728,536870912,6,72,0.272078663110733,0,1
fma,fp32,streaming,0,67108864,0,4,536870912,536870912,536870912,0,107,0.183292716741562,0,1
fma,fp32,streaming,0,67108864,0,4,536870912,536870912,536870912,1,107,0.183349534869194,0,1
fma,fp32,streaming,0,67108864,0,4,536870912,536870912,536870912,2,107,0.183351039886475,0,1
fma,fp32,streaming,0,67108864,0,4,536870912,536870912,536870912,3,107,0.183261305093765,0,1
fma,fp32,streaming,0,67108864,0,4,536870912,536870912,536870912,4,107,0.18327596783638,0,1
fma,fp32,streaming,0,67108864,0,4,536870912,536870912,536870912,5,107,0.183371067047119,0,1
fma,fp32,streaming,0,67108864,0,4,536870912,536870912,536870912,6,107,0.183342054486275,0,1
fma,fp64,streaming,0,33554432,0,4,536870912,268435456,536870912,0,72,0.272367566823959,0,1
fma,fp64,streaming,0,33554432,0,4,536870912,268435456,536870912,1,72,0.272393345832825,0,1
fma,fp64,streaming,0,33554432,0,4,536870912,268435456,536870912,2,72,0.272306233644485,0,1
fma,fp64,streaming,0,33554432,0,4,536870912,268435456,536870912,3,72,0.272427558898926,0,1
fma,fp64,streaming,0,33554432,0,4,536870912,268435456,536870912,4,72,0.272189319133759,0,1
fma,fp64,streaming,0,33554432,0,4,536870912,268435456,536870912,5,72,0.272239565849304,0,1
fma,fp64,streaming,0,33554432,0,4,536870912,268435456,536870912,6,72,0.27240577340126,0,1
fma,fp32,streaming,0,67108864,0,8,536870912,1073741824,536870912,0,107,0.183385118842125,0,1
fma,fp32,streaming,0,67108864,0,8,536870912,1073741824,536870912,1,107,0.183376148343086,0,1
fma,fp32,streaming,0,67108864,0,8,536870912,1073741824,536870912,2,107,0.183463782072067,0,1
fma,fp32,streaming,0,67108864,0,8,536870912,1073741824,536870912,3,107,0.183428481221199,0,1
fma,fp32,streaming,0,67108864,0,8,536870912,1073741824,536870912,4,107,0.183384224772453,0,1
fma,fp32,streaming,0,67108864,0,8,536870912,1073741824,536870912,5,107,0.183342352509499,0,1
fma,fp32,streaming,0,67108864,0,8,536870912,1073741824,536870912,6,107,0.183443740010262,0,1
fma,fp64,streaming,0,33554432,0,8,536870912,536870912,536870912,0,72,0.271539092063904,0,1
fma,fp64,streaming,0,33554432,0,8,536870912,536870912,536870912,1,72,0.271445780992508,0,1
fma,fp64,streaming,0,33554432,0,8,536870912,536870912,536870912,2,72,0.271780878305435,0,1
fma,fp64,streaming,0,33554432,0,8,536870912,536870912,536870912,3,72,0.271660894155502,0,1
fma,fp64,streaming,0,33554432,0,8,536870912,536870912,536870912,4,72,0.271652013063431,0,1
fma,fp64,streaming,0,33554432,0,8,536870912,536870912,536870912,5,72,0.271674662828445,0,1
fma,fp64,streaming,0,33554432,0,8,536870912,536870912,536870912,6,72,0.271667122840881,0,1
fma,fp32,streaming,0,67108864,0,16,536870912,2147483648,536870912,0,106,0.183623239398003,0,1
fma,fp32,streaming,0,67108864,0,16,536870912,2147483648,536870912,1,106,0.183539316058159,0,1
fma,fp32,streaming,0,67108864,0,16,536870912,2147483648,536870912,2,106,0.183484390377998,0,1
fma,fp32,streaming,0,67108864,0,16,536870912,2147483648,536870912,3,106,0.183565586805344,0,1
fma,fp32,streaming,0,67108864,0,16,536870912,2147483648,536870912,4,106,0.183582186698914,0,1
fma,fp32,streaming,0,67108864,0,16,536870912,2147483648,536870912,5,106,0.183543235063553,0,1
fma,fp32,streaming,0,67108864,0,16,536870912,2147483648,536870912,6,106,0.183482259511948,0,1
fma,fp64,streaming,0,33554432,0,16,536870912,1073741824,536870912,0,72,0.270833343267441,0,1
fma,fp64,streaming,0,33554432,0,16,536870912,1073741824,536870912,1,72,0.271047979593277,0,1
fma,fp64,streaming,0,33554432,0,16,536870912,1073741824,536870912,2,72,0.270820438861847,0,1
fma,fp64,streaming,0,33554432,0,16,536870912,1073741824,536870912,3,72,0.271075129508972,0,1
fma,fp64,streaming,0,33554432,0,16,536870912,1073741824,536870912,4,72,0.27099597454071,0,1
fma,fp64,streaming,0,33554432,0,16,536870912,1073741824,536870912,5,72,0.27099022269249,0,1
fma,fp64,streaming,0,33554432,0,16,536870912,1073741824,536870912,6,72,0.271047562360764,0,1
fma,fp32,streaming,0,67108864,0,32,536870912,4294967296,536870912,0,106,0.183984607458115,0,1
fma,fp32,streaming,0,67108864,0,32,536870912,4294967296,536870912,1,106,0.184047088027,0,1
fma,fp32,streaming,0,67108864,0,32,536870912,4294967296,536870912,2,106,0.184009656310081,0,1
fma,fp32,streaming,0,67108864,0,32,536870912,4294967296,536870912,3,106,0.184008151292801,0,1
fma,fp32,streaming,0,67108864,0,32,536870912,4294967296,536870912,4,106,0.183987334370613,0,1
fma,fp32,streaming,0,67108864,0,32,536870912,4294967296,536870912,5,106,0.184012681245804,0,1
fma,fp32,streaming,0,67108864,0,32,536870912,4294967296,536870912,6,106,0.183981895446777,0,1
fma,fp64,streaming,0,33554432,0,32,536870912,2147483648,536870912,0,75,0.263817399740219,0,1
fma,fp64,streaming,0,33554432,0,32,536870912,2147483648,536870912,1,75,0.265114039182663,0,1
fma,fp64,streaming,0,33554432,0,32,536870912,2147483648,536870912,2,75,0.265124678611755,0,1
fma,fp64,streaming,0,33554432,0,32,536870912,2147483648,536870912,3,75,0.265074342489243,0,1
fma,fp64,streaming,0,33554432,0,32,536870912,2147483648,536870912,4,75,0.265000104904175,0,1
fma,fp64,streaming,0,33554432,0,32,536870912,2147483648,536870912,5,75,0.264667749404907,0,1
fma,fp64,streaming,0,33554432,0,32,536870912,2147483648,536870912,6,75,0.263738036155701,0,1
fma,fp32,streaming,0,67108864,0,64,536870912,8589934592,536870912,0,102,0.191359370946884,0,1
fma,fp32,streaming,0,67108864,0,64,536870912,8589934592,536870912,1,102,0.191328629851341,0,1
fma,fp32,streaming,0,67108864,0,64,536870912,8589934592,536870912,2,102,0.191386669874191,0,1
fma,fp32,streaming,0,67108864,0,64,536870912,8589934592,536870912,3,102,0.191262751817703,0,1
fma,fp32,streaming,0,67108864,0,64,536870912,8589934592,536870912,4,102,0.191299453377724,0,1
fma,fp32,streaming,0,67108864,0,64,536870912,8589934592,536870912,5,102,0.191275611519814,0,1
fma,fp32,streaming,0,67108864,0,64,536870912,8589934592,536870912,6,102,0.191312938928604,0,1
fma,fp64,streaming,0,33554432,0,64,536870912,4294967296,536870912,0,97,0.202271327376366,0,1
fma,fp64,streaming,0,33554432,0,64,536870912,4294967296,536870912,1,97,0.20228023827076,0,1
fma,fp64,streaming,0,33554432,0,64,536870912,4294967296,536870912,2,97,0.202130794525146,0,1
fma,fp64,streaming,0,33554432,0,64,536870912,4294967296,536870912,3,97,0.202066794037819,0,1
fma,fp64,streaming,0,33554432,0,64,536870912,4294967296,536870912,4,97,0.202102109789848,0,1
fma,fp64,streaming,0,33554432,0,64,536870912,4294967296,536870912,5,97,0.202206343412399,0,1
fma,fp64,streaming,0,33554432,0,64,536870912,4294967296,536870912,6,97,0.202119261026382,0,1
fma,fp32,streaming,0,67108864,0,128,536870912,17179869184,536870912,0,64,0.308566987514496,0,1
fma,fp32,streaming,0,67108864,0,128,536870912,17179869184,536870912,1,64,0.308564513921738,0,1
fma,fp32,streaming,0,67108864,0,128,536870912,17179869184,536870912,2,64,0.308568000793457,0,1
fma,fp32,streaming,0,67108864,0,128,536870912,17179869184,536870912,3,64,0.308574497699738,0,1
fma,fp32,streaming,0,67108864,0,128,536870912,17179869184,536870912,4,64,0.308438986539841,0,1
fma,fp32,streaming,0,67108864,0,128,536870912,17179869184,536870912,5,64,0.308331489562988,0,1
fma,fp32,streaming,0,67108864,0,128,536870912,17179869184,536870912,6,64,0.308275014162064,0,1
fma,fp64,streaming,0,33554432,0,128,536870912,8589934592,536870912,0,72,0.273466229438782,0,1
fma,fp64,streaming,0,33554432,0,128,536870912,8589934592,536870912,1,72,0.273463129997253,0,1
fma,fp64,streaming,0,33554432,0,128,536870912,8589934592,536870912,2,72,0.273638218641281,0,1
fma,fp64,streaming,0,33554432,0,128,536870912,8589934592,536870912,3,72,0.27345198392868,0,1
fma,fp64,streaming,0,33554432,0,128,536870912,8589934592,536870912,4,72,0.273454219102859,0,1
fma,fp64,streaming,0,33554432,0,128,536870912,8589934592,536870912,5,72,0.273460894823074,0,1
fma,fp64,streaming,0,33554432,0,128,536870912,8589934592,536870912,6,72,0.273477345705032,0,1
fma,fp32,streaming,0,67108864,0,256,536870912,34359738368,536870912,0,34,0.579817414283752,0,1
fma,fp32,streaming,0,67108864,0,256,536870912,34359738368,536870912,1,34,0.579775094985962,0,1
fma,fp32,streaming,0,67108864,0,256,536870912,34359738368,536870912,2,34,0.579753398895264,0,1
fma,fp32,streaming,0,67108864,0,256,536870912,34359738368,536870912,3,34,0.579856932163239,0,1
fma,fp32,streaming,0,67108864,0,256,536870912,34359738368,536870912,4,34,0.579806089401245,0,1
fma,fp32,streaming,0,67108864,0,256,536870912,34359738368,536870912,5,34,0.579940676689148,0,1
fma,fp32,streaming,0,67108864,0,256,536870912,34359738368,536870912,6,34,0.579883277416229,0,1
fma,fp64,streaming,0,33554432,0,256,536870912,17179869184,536870912,0,37,0.534024596214294,0,1
fma,fp64,streaming,0,33554432,0,256,536870912,17179869184,536870912,1,37,0.534041047096252,0,1
fma,fp64,streaming,0,33554432,0,256,536870912,17179869184,536870912,2,37,0.534008204936981,0,1
fma,fp64,streaming,0,33554432,0,256,536870912,17179869184,536870912,3,37,0.533967554569244,0,1
fma,fp64,streaming,0,33554432,0,256,536870912,17179869184,536870912,4,37,0.533969283103943,0,1
fma,fp64,streaming,0,33554432,0,256,536870912,17179869184,536870912,5,37,0.533965885639191,0,1
fma,fp64,streaming,0,33554432,0,256,536870912,17179869184,536870912,6,37,0.534042835235596,0,1
fma,fp32,streaming,0,67108864,0,512,536870912,68719476736,536870912,0,17,1.12514066696167,0,1
fma,fp32,streaming,0,67108864,0,512,536870912,68719476736,536870912,1,17,1.12510311603546,0,1
fma,fp32,streaming,0,67108864,0,512,536870912,68719476736,536870912,2,17,1.12512183189392,0,1
fma,fp32,streaming,0,67108864,0,512,536870912,68719476736,536870912,3,17,1.12505412101746,0,1
fma,fp32,streaming,0,67108864,0,512,536870912,68719476736,536870912,4,17,1.12510681152344,0,1
fma,fp32,streaming,0,67108864,0,512,536870912,68719476736,536870912,5,17,1.12503147125244,0,1
fma,fp32,streaming,0,67108864,0,512,536870912,68719476736,536870912,6,17,1.12526679039001,0,1
fma,fp64,streaming,0,33554432,0,512,536870912,34359738368,536870912,0,18,1.05495297908783,0,1
fma,fp64,streaming,0,33554432,0,512,536870912,34359738368,536870912,1,18,1.05501329898834,0,1
fma,fp64,streaming,0,33554432,0,512,536870912,34359738368,536870912,2,18,1.05496895313263,0,1
fma,fp64,streaming,0,33554432,0,512,536870912,34359738368,536870912,3,18,1.05507552623749,0,1
fma,fp64,streaming,0,33554432,0,512,536870912,34359738368,536870912,4,18,1.05492627620697,0,1
fma,fp64,streaming,0,33554432,0,512,536870912,34359738368,536870912,5,18,1.05494570732117,0,1
fma,fp64,streaming,0,33554432,0,512,536870912,34359738368,536870912,6,18,1.05479466915131,0,1
fma,fp32,streaming,0,67108864,0,1024,536870912,137438953472,536870912,0,8,2.25386810302734,0,1
fma,fp32,streaming,0,67108864,0,1024,536870912,137438953472,536870912,1,8,2.25534796714783,0,1
fma,fp32,streaming,0,67108864,0,1024,536870912,137438953472,536870912,2,8,2.25981998443604,0,1
fma,fp32,streaming,0,67108864,0,1024,536870912,137438953472,536870912,3,8,2.26129198074341,0,1
fma,fp32,streaming,0,67108864,0,1024,536870912,137438953472,536870912,4,8,2.25995206832886,0,1
fma,fp32,streaming,0,67108864,0,1024,536870912,137438953472,536870912,5,8,2.26144003868103,0,1
fma,fp32,streaming,0,67108864,0,1024,536870912,137438953472,536870912,6,8,2.26090407371521,0,1
fma,fp64,streaming,0,33554432,0,1024,536870912,68719476736,536870912,0,9,2.09678220748901,0,1
fma,fp64,streaming,0,33554432,0,1024,536870912,68719476736,536870912,1,9,2.09699535369873,0,1
fma,fp64,streaming,0,33554432,0,1024,536870912,68719476736,536870912,2,9,2.09694576263428,0,1
fma,fp64,streaming,0,33554432,0,1024,536870912,68719476736,536870912,3,9,2.09680700302124,0,1
fma,fp64,streaming,0,33554432,0,1024,536870912,68719476736,536870912,4,9,2.09683895111084,0,1
fma,fp64,streaming,0,33554432,0,1024,536870912,68719476736,536870912,5,9,2.09721612930298,0,1
fma,fp64,streaming,0,33554432,0,1024,536870912,68719476736,536870912,6,9,2.09725856781006,0,1
fma,fp32,streaming,0,67108864,0,2048,536870912,274877906944,536870912,0,4,4.48094415664673,0,1
fma,fp32,streaming,0,67108864,0,2048,536870912,274877906944,536870912,1,4,4.46327209472656,0,1
fma,fp32,streaming,0,67108864,0,2048,536870912,274877906944,536870912,2,4,4.47231197357178,0,1
fma,fp32,streaming,0,67108864,0,2048,536870912,274877906944,536870912,3,4,4.47208023071289,0,1
fma,fp32,streaming,0,67108864,0,2048,536870912,274877906944,536870912,4,4,4.47131204605103,0,1
fma,fp32,streaming,0,67108864,0,2048,536870912,274877906944,536870912,5,4,4.47119998931885,0,1
fma,fp32,streaming,0,67108864,0,2048,536870912,274877906944,536870912,6,4,4.47269582748413,0,1
fma,fp64,streaming,0,33554432,0,2048,536870912,137438953472,536870912,0,4,4.18243980407715,0,1
fma,fp64,streaming,0,33554432,0,2048,536870912,137438953472,536870912,1,4,4.18250417709351,0,1
fma,fp64,streaming,0,33554432,0,2048,536870912,137438953472,536870912,2,4,4.18247222900391,0,1
fma,fp64,streaming,0,33554432,0,2048,536870912,137438953472,536870912,3,4,4.18247222900391,0,1
fma,fp64,streaming,0,33554432,0,2048,536870912,137438953472,536870912,4,4,4.18236780166626,0,1
fma,fp64,streaming,0,33554432,0,2048,536870912,137438953472,536870912,5,4,4.18236017227173,0,1
fma,fp64,streaming,0,33554432,0,2048,536870912,137438953472,536870912,6,4,4.18240785598755,0,1
gemm,fp32,warm,256,256,256,0,786432,33554432,786432,0,200,0.00849759951233864,0,1
gemm,fp32,warm,256,256,256,0,786432,33554432,786432,1,200,0.00851055979728699,0,1
gemm,fp32,warm,256,256,256,0,786432,33554432,786432,2,200,0.00848944019526243,0,1
gemm,fp32,warm,256,256,256,0,786432,33554432,786432,3,200,0.0085196802392602,0,1
gemm,fp32,warm,256,256,256,0,786432,33554432,786432,4,200,0.00851728022098541,0,1
gemm,fp32,warm,256,256,256,0,786432,33554432,786432,5,200,0.00850543938577175,0,1
gemm,fp32,warm,256,256,256,0,786432,33554432,786432,6,200,0.00850688014179468,0,1
gemm,fp32,cold,256,256,256,0,786432,33554432,786432,0,1,0.0162240006029606,0,1
gemm,fp32,cold,256,256,256,0,786432,33554432,786432,1,1,0.0166400000452995,0,1
gemm,fp32,cold,256,256,256,0,786432,33554432,786432,2,1,0.0167999994009733,0,1
gemm,fp32,cold,256,256,256,0,786432,33554432,786432,3,1,0.0172799993306398,0,1
gemm,fp32,cold,256,256,256,0,786432,33554432,786432,4,1,0.0162560008466244,0,1
gemm,fp32,cold,256,256,256,0,786432,33554432,786432,5,1,0.0163839999586344,0,1
gemm,fp32,cold,256,256,256,0,786432,33554432,786432,6,1,0.0165119990706444,0,1
gemm,fp32,warm,512,512,512,0,3145728,268435456,3145728,0,200,0.0148172797635198,0,1
gemm,fp32,warm,512,512,512,0,3145728,268435456,3145728,1,200,0.014824160374701,0,1
gemm,fp32,warm,512,512,512,0,3145728,268435456,3145728,2,200,0.0148297594860196,0,1
gemm,fp32,warm,512,512,512,0,3145728,268435456,3145728,3,200,0.0148294400423765,0,1
gemm,fp32,warm,512,512,512,0,3145728,268435456,3145728,4,200,0.014823199249804,0,1
gemm,fp32,warm,512,512,512,0,3145728,268435456,3145728,5,200,0.014828959479928,0,1
gemm,fp32,warm,512,512,512,0,3145728,268435456,3145728,6,200,0.0148143991827965,0,1
gemm,fp32,cold,512,512,512,0,3145728,268435456,3145728,0,1,0.0231679994612932,0,1
gemm,fp32,cold,512,512,512,0,3145728,268435456,3145728,1,1,0.0226559992879629,0,1
gemm,fp32,cold,512,512,512,0,3145728,268435456,3145728,2,1,0.0231679994612932,0,1
gemm,fp32,cold,512,512,512,0,3145728,268435456,3145728,3,1,0.0220160000026226,0,1
gemm,fp32,cold,512,512,512,0,3145728,268435456,3145728,4,1,0.0224319994449615,0,1
gemm,fp32,cold,512,512,512,0,3145728,268435456,3145728,5,1,0.0224959999322891,0,1
gemm,fp32,cold,512,512,512,0,3145728,268435456,3145728,6,1,0.0228799991309643,0,1
gemm,fp32,warm,1024,1024,1024,0,12582912,2147483648,12582912,0,200,0.0562292821705341,0,1
gemm,fp32,warm,1024,1024,1024,0,12582912,2147483648,12582912,1,200,0.0561860799789429,0,1
gemm,fp32,warm,1024,1024,1024,0,12582912,2147483648,12582912,2,200,0.0561996810138226,0,1
gemm,fp32,warm,1024,1024,1024,0,12582912,2147483648,12582912,3,200,0.0561971180140972,0,1
gemm,fp32,warm,1024,1024,1024,0,12582912,2147483648,12582912,4,200,0.0561825595796108,0,1
gemm,fp32,warm,1024,1024,1024,0,12582912,2147483648,12582912,5,200,0.056183360517025,0,1
gemm,fp32,warm,1024,1024,1024,0,12582912,2147483648,12582912,6,200,0.0561838373541832,0,1
gemm,fp32,cold,1024,1024,1024,0,12582912,2147483648,12582912,0,1,0.0671359971165657,0,1
gemm,fp32,cold,1024,1024,1024,0,12582912,2147483648,12582912,1,1,0.0671679973602295,0,1
gemm,fp32,cold,1024,1024,1024,0,12582912,2147483648,12582912,2,1,0.0675200000405312,0,1
gemm,fp32,cold,1024,1024,1024,0,12582912,2147483648,12582912,3,1,0.0677440017461777,0,1
gemm,fp32,cold,1024,1024,1024,0,12582912,2147483648,12582912,4,1,0.0677120015025139,0,1
gemm,fp32,cold,1024,1024,1024,0,12582912,2147483648,12582912,5,1,0.0675520002841949,0,1
gemm,fp32,cold,1024,1024,1024,0,12582912,2147483648,12582912,6,1,0.0676160007715225,0,1
gemm,fp32,warm,2048,2048,2048,0,50331648,17179869184,50331648,0,58,0.341577351093292,0,1
gemm,fp32,warm,2048,2048,2048,0,50331648,17179869184,50331648,1,58,0.341603308916092,0,1
gemm,fp32,warm,2048,2048,2048,0,50331648,17179869184,50331648,2,58,0.341627568006516,0,1
gemm,fp32,warm,2048,2048,2048,0,50331648,17179869184,50331648,3,58,0.34167006611824,0,1
gemm,fp32,warm,2048,2048,2048,0,50331648,17179869184,50331648,4,58,0.341485768556595,0,1
gemm,fp32,warm,2048,2048,2048,0,50331648,17179869184,50331648,5,58,0.340748697519302,0,1
gemm,fp32,warm,2048,2048,2048,0,50331648,17179869184,50331648,6,58,0.340727746486664,0,1
gemm,fp32,cold,2048,2048,2048,0,50331648,17179869184,50331648,0,1,0.344832003116608,0,1
gemm,fp32,cold,2048,2048,2048,0,50331648,17179869184,50331648,1,1,0.344480007886887,0,1
gemm,fp32,cold,2048,2048,2048,0,50331648,17179869184,50331648,2,1,0.344576001167297,0,1
gemm,fp32,cold,2048,2048,2048,0,50331648,17179869184,50331648,3,1,0.344448000192642,0,1
gemm,fp32,cold,2048,2048,2048,0,50331648,17179869184,50331648,4,1,0.344927996397018,0,1
gemm,fp32,cold,2048,2048,2048,0,50331648,17179869184,50331648,5,1,0.344704002141953,0,1
gemm,fp32,cold,2048,2048,2048,0,50331648,17179869184,50331648,6,1,0.344543993473053,0,1
gemm,fp32,warm,4096,4096,4096,0,201326592,137438953472,201326592,0,7,2.64938974380493,0,1
gemm,fp32,warm,4096,4096,4096,0,201326592,137438953472,201326592,1,7,2.64888215065002,0,1
gemm,fp32,warm,4096,4096,4096,0,201326592,137438953472,201326592,2,7,2.6495680809021,0,1
gemm,fp32,warm,4096,4096,4096,0,201326592,137438953472,201326592,3,7,2.6497004032135,0,1
gemm,fp32,warm,4096,4096,4096,0,201326592,137438953472,201326592,4,7,2.65047788619995,0,1
gemm,fp32,warm,4096,4096,4096,0,201326592,137438953472,201326592,5,7,2.6488778591156,0,1
gemm,fp32,warm,4096,4096,4096,0,201326592,137438953472,201326592,6,7,2.65023994445801,0,1
gemm,fp32,warm,8192,8192,8192,0,805306368,1099511627776,805306368,0,1,21.2217273712158,0,1
gemm,fp32,warm,8192,8192,8192,0,805306368,1099511627776,805306368,1,1,21.2201595306396,0,1
gemm,fp32,warm,8192,8192,8192,0,805306368,1099511627776,805306368,2,1,21.224063873291,0,1
gemm,fp32,warm,8192,8192,8192,0,805306368,1099511627776,805306368,3,1,21.226432800293,0,1
gemm,fp32,warm,8192,8192,8192,0,805306368,1099511627776,805306368,4,1,21.2307529449463,0,1
gemm,fp32,warm,8192,8192,8192,0,805306368,1099511627776,805306368,5,1,21.220703125,0,1
gemm,fp32,warm,8192,8192,8192,0,805306368,1099511627776,805306368,6,1,21.2270088195801,0,1
gemm,fp32,warm,1,8192,8192,0,268500992,134217728,268500992,0,200,0.0918249636888504,0,1
gemm,fp32,warm,1,8192,8192,0,268500992,134217728,268500992,1,200,0.0917905643582344,0,1
gemm,fp32,warm,1,8192,8192,0,268500992,134217728,268500992,2,200,0.0917449593544006,0,1
gemm,fp32,warm,1,8192,8192,0,268500992,134217728,268500992,3,200,0.0918131172657013,0,1
gemm,fp32,warm,1,8192,8192,0,268500992,134217728,268500992,4,200,0.0919092819094658,0,1
gemm,fp32,warm,1,8192,8192,0,268500992,134217728,268500992,5,200,0.0917027220129967,0,1
gemm,fp32,warm,1,8192,8192,0,268500992,134217728,268500992,6,200,0.0917488038539886,0,1
gemm,fp32,warm,2,8192,8192,0,268566528,268435456,268566528,0,77,0.249616205692291,0,1
gemm,fp32,warm,2,8192,8192,0,268566528,268435456,268566528,1,77,0.24969807267189,0,1
gemm,fp32,warm,2,8192,8192,0,268566528,268435456,268566528,2,77,0.24959209561348,0,1
gemm,fp32,warm,2,8192,8192,0,268566528,268435456,268566528,3,77,0.249711364507675,0,1
gemm,fp32,warm,2,8192,8192,0,268566528,268435456,268566528,4,77,0.249618709087372,0,1
gemm,fp32,warm,2,8192,8192,0,268566528,268435456,268566528,5,77,0.249427944421768,0,1
gemm,fp32,warm,2,8192,8192,0,268566528,268435456,268566528,6,77,0.249513134360313,0,1
gemm,fp32,warm,4,8192,8192,0,268697600,536870912,268697600,0,130,0.145672857761383,0,1
gemm,fp32,warm,4,8192,8192,0,268697600,536870912,268697600,1,130,0.145543396472931,0,1
gemm,fp32,warm,4,8192,8192,0,268697600,536870912,268697600,2,130,0.145513102412224,0,1
gemm,fp32,warm,4,8192,8192,0,268697600,536870912,268697600,3,130,0.145529344677925,0,1
gemm,fp32,warm,4,8192,8192,0,268697600,536870912,268697600,4,130,0.145608380436897,0,1
gemm,fp32,warm,4,8192,8192,0,268697600,536870912,268697600,5,130,0.145621418952942,0,1
gemm,fp32,warm,4,8192,8192,0,268697600,536870912,268697600,6,130,0.145655140280724,0,1
gemm,fp32,warm,8,8192,8192,0,268959744,1073741824,268959744,0,130,0.14651495218277,0,1
gemm,fp32,warm,8,8192,8192,0,268959744,1073741824,268959744,1,130,0.146629899740219,0,1
gemm,fp32,warm,8,8192,8192,0,268959744,1073741824,268959744,2,130,0.146589040756226,0,1
gemm,fp32,warm,8,8192,8192,0,268959744,1073741824,268959744,3,130,0.146608248353004,0,1
gemm,fp32,warm,8,8192,8192,0,268959744,1073741824,268959744,4,130,0.14665624499321,0,1
gemm,fp32,warm,8,8192,8192,0,268959744,1073741824,268959744,5,130,0.146513968706131,0,1
gemm,fp32,warm,8,8192,8192,0,268959744,1073741824,268959744,6,130,0.146607011556625,0,1
gemm,fp32,warm,16,8192,8192,0,269484032,2147483648,269484032,0,128,0.148152500391006,0,1
gemm,fp32,warm,16,8192,8192,0,269484032,2147483648,269484032,1,128,0.148208007216454,0,1
gemm,fp32,warm,16,8192,8192,0,269484032,2147483648,269484032,2,128,0.148191750049591,0,1
gemm,fp32,warm,16,8192,8192,0,269484032,2147483648,269484032,3,128,0.148139744997025,0,1
gemm,fp32,warm,16,8192,8192,0,269484032,2147483648,269484032,4,128,0.14801350235939,0,1
gemm,fp32,warm,16,8192,8192,0,269484032,2147483648,269484032,5,128,0.147984996438026,0,1
gemm,fp32,warm,16,8192,8192,0,269484032,2147483648,269484032,6,128,0.147890999913216,0,1
gemm,fp32,warm,32,8192,8192,0,270532608,4294967296,270532608,0,129,0.14846907556057,0,1
gemm,fp32,warm,32,8192,8192,0,270532608,4294967296,270532608,1,129,0.148320987820625,0,1
gemm,fp32,warm,32,8192,8192,0,270532608,4294967296,270532608,2,129,0.148477762937546,0,1
gemm,fp32,warm,32,8192,8192,0,270532608,4294967296,270532608,3,129,0.148491412401199,0,1
gemm,fp32,warm,32,8192,8192,0,270532608,4294967296,270532608,4,129,0.148419961333275,0,1
gemm,fp32,warm,32,8192,8192,0,270532608,4294967296,270532608,5,129,0.14860799908638,0,1
gemm,fp32,warm,32,8192,8192,0,270532608,4294967296,270532608,6,129,0.148495137691498,0,1
gemm,fp32,warm,64,8192,8192,0,272629760,8589934592,272629760,0,97,0.196776911616325,0,1
gemm,fp32,warm,64,8192,8192,0,272629760,8589934592,272629760,1,97,0.196622520685196,0,1
gemm,fp32,warm,64,8192,8192,0,272629760,8589934592,272629760,2,97,0.196709930896759,0,1
gemm,fp32,warm,64,8192,8192,0,272629760,8589934592,272629760,3,97,0.196765676140785,0,1
gemm,fp32,warm,64,8192,8192,0,272629760,8589934592,272629760,4,97,0.196724444627762,0,1
gemm,fp32,warm,64,8192,8192,0,272629760,8589934592,272629760,5,97,0.197020053863525,0,1
gemm,fp32,warm,64,8192,8192,0,272629760,8589934592,272629760,6,97,0.197115704417229,0,1
gemm,fp32,warm,128,8192,8192,0,276824064,17179869184,276824064,0,57,0.3422871530056,0,1
gemm,fp32,warm,128,8192,8192,0,276824064,17179869184,276824064,1,57,0.342369109392166,0,1
gemm,fp32,warm,128,8192,8192,0,276824064,17179869184,276824064,2,57,0.3423230946064,0,1
gemm,fp32,warm,128,8192,8192,0,276824064,17179869184,276824064,3,57,0.341853201389313,0,1
gemm,fp32,warm,128,8192,8192,0,276824064,17179869184,276824064,4,57,0.341724634170532,0,1
gemm,fp32,warm,128,8192,8192,0,276824064,17179869184,276824064,5,57,0.341711699962616,0,1
gemm,fp32,warm,128,8192,8192,0,276824064,17179869184,276824064,6,57,0.341651082038879,0,1
gemm,fp32,warm,256,8192,8192,0,285212672,34359738368,285212672,0,27,0.710603833198547,0,1
gemm,fp32,warm,256,8192,8192,0,285212672,34359738368,285212672,1,27,0.711300730705261,0,1
gemm,fp32,warm,256,8192,8192,0,285212672,34359738368,285212672,2,27,0.7110755443573,0,1
gemm,fp32,warm,256,8192,8192,0,285212672,34359738368,285212672,3,27,0.710893094539642,0,1
gemm,fp32,warm,256,8192,8192,0,285212672,34359738368,285212672,4,27,0.711354076862335,0,1
gemm,fp32,warm,256,8192,8192,0,285212672,34359738368,285212672,5,27,0.711235523223877,0,1
gemm,fp32,warm,256,8192,8192,0,285212672,34359738368,285212672,6,27,0.710724711418152,0,1
gemm,fp32,warm,512,8192,8192,0,301989888,68719476736,301989888,0,14,1.34183776378632,0,1
gemm,fp32,warm,512,8192,8192,0,301989888,68719476736,301989888,1,14,1.34155881404877,0,1
gemm,fp32,warm,512,8192,8192,0,301989888,68719476736,301989888,2,14,1.34169828891754,0,1
gemm,fp32,warm,512,8192,8192,0,301989888,68719476736,301989888,3,14,1.34169828891754,0,1
gemm,fp32,warm,512,8192,8192,0,301989888,68719476736,301989888,4,14,1.3419862985611,0,1
gemm,fp32,warm,512,8192,8192,0,301989888,68719476736,301989888,5,14,1.34215080738068,0,1
gemm,fp32,warm,512,8192,8192,0,301989888,68719476736,301989888,6,14,1.34225142002106,0,1
gemm,fp32,warm,1024,8192,8192,0,335544320,137438953472,335544320,0,7,2.66090512275696,0,1
gemm,fp32,warm,1024,8192,8192,0,335544320,137438953472,335544320,1,7,2.65992212295532,0,1
gemm,fp32,warm,1024,8192,8192,0,335544320,137438953472,335544320,2,7,2.6599178314209,0,1
gemm,fp32,warm,1024,8192,8192,0,335544320,137438953472,335544320,3,7,2.66007781028748,0,1
gemm,fp32,warm,1024,8192,8192,0,335544320,137438953472,335544320,4,7,2.66005945205688,0,1
gemm,fp32,warm,1024,8192,8192,0,335544320,137438953472,335544320,5,7,2.65985369682312,0,1
gemm,fp32,warm,1024,8192,8192,0,335544320,137438953472,335544320,6,7,2.66079092025757,0,1
gemm,fp32,warm,2048,8192,8192,0,402653184,274877906944,402653184,0,3,5.31934928894043,0,1
gemm,fp32,warm,2048,8192,8192,0,402653184,274877906944,402653184,1,3,5.31829309463501,0,1
gemm,fp32,warm,2048,8192,8192,0,402653184,274877906944,402653184,2,3,5.31726932525635,0,1
gemm,fp32,warm,2048,8192,8192,0,402653184,274877906944,402653184,3,3,5.31669330596924,0,1
gemm,fp32,warm,2048,8192,8192,0,402653184,274877906944,402653184,4,3,5.31692790985107,0,1
gemm,fp32,warm,2048,8192,8192,0,402653184,274877906944,402653184,5,3,5.31944513320923,0,1
gemm,fp32,warm,2048,8192,8192,0,402653184,274877906944,402653184,6,3,5.31387758255005,0,1
gemm,fp64,warm,256,256,256,0,1572864,33554432,1572864,0,200,0.00611183978617191,0,1
gemm,fp64,warm,256,256,256,0,1572864,33554432,1572864,1,200,0.00610016006976366,0,1
gemm,fp64,warm,256,256,256,0,1572864,33554432,1572864,2,200,0.00609695957973599,0,1
gemm,fp64,warm,256,256,256,0,1572864,33554432,1572864,3,200,0.00607999972999096,0,1
gemm,fp64,warm,256,256,256,0,1572864,33554432,1572864,4,200,0.00607760017737746,0,1
gemm,fp64,warm,256,256,256,0,1572864,33554432,1572864,5,200,0.00611743982881308,0,1
gemm,fp64,warm,256,256,256,0,1572864,33554432,1572864,6,200,0.0060612796805799,0,1
gemm,fp64,cold,256,256,256,0,1572864,33554432,1572864,0,1,0.0126719996333122,0,1
gemm,fp64,cold,256,256,256,0,1572864,33554432,1572864,1,1,0.0127360001206398,0,1
gemm,fp64,cold,256,256,256,0,1572864,33554432,1572864,2,1,0.012640000320971,0,1
gemm,fp64,cold,256,256,256,0,1572864,33554432,1572864,3,1,0.0122880004346371,0,1
gemm,fp64,cold,256,256,256,0,1572864,33554432,1572864,4,1,0.0127680003643036,0,1
gemm,fp64,cold,256,256,256,0,1572864,33554432,1572864,5,1,0.0124479997903109,0,1
gemm,fp64,cold,256,256,256,0,1572864,33554432,1572864,6,1,0.0122560001909733,0,1
gemm,fp64,warm,512,512,512,0,6291456,268435456,6291456,0,200,0.00879279989749193,0,1
gemm,fp64,warm,512,512,512,0,6291456,268435456,6291456,1,200,0.0087836803868413,0,1
gemm,fp64,warm,512,512,512,0,6291456,268435456,6291456,2,200,0.00881296023726463,0,1
gemm,fp64,warm,512,512,512,0,6291456,268435456,6291456,3,200,0.00878848042339087,0,1
gemm,fp64,warm,512,512,512,0,6291456,268435456,6291456,4,200,0.00879583973437548,0,1
gemm,fp64,warm,512,512,512,0,6291456,268435456,6291456,5,200,0.00883535947650671,0,1
gemm,fp64,warm,512,512,512,0,6291456,268435456,6291456,6,200,0.00883680023252964,0,1
gemm,fp64,cold,512,512,512,0,6291456,268435456,6291456,0,1,0.0186240002512932,0,1
gemm,fp64,cold,512,512,512,0,6291456,268435456,6291456,1,1,0.0186240002512932,0,1
gemm,fp64,cold,512,512,512,0,6291456,268435456,6291456,2,1,0.0192639995366335,0,1
gemm,fp64,cold,512,512,512,0,6291456,268435456,6291456,3,1,0.0192639995366335,0,1
gemm,fp64,cold,512,512,512,0,6291456,268435456,6291456,4,1,0.0184320006519556,0,1
gemm,fp64,cold,512,512,512,0,6291456,268435456,6291456,5,1,0.0185599997639656,0,1
gemm,fp64,cold,512,512,512,0,6291456,268435456,6291456,6,1,0.0191680006682873,0,1
gemm,fp64,warm,1024,1024,1024,0,25165824,2147483648,25165824,0,200,0.0410604812204838,0,1
gemm,fp64,warm,1024,1024,1024,0,25165824,2147483648,25165824,1,200,0.0410656034946442,0,1
gemm,fp64,warm,1024,1024,1024,0,25165824,2147483648,25165824,2,200,0.0410753600299358,0,1
gemm,fp64,warm,1024,1024,1024,0,25165824,2147483648,25165824,3,200,0.0410577580332756,0,1
gemm,fp64,warm,1024,1024,1024,0,25165824,2147483648,25165824,4,200,0.0410695970058441,0,1
gemm,fp64,warm,1024,1024,1024,0,25165824,2147483648,25165824,5,200,0.0410721600055695,0,1
gemm,fp64,warm,1024,1024,1024,0,25165824,2147483648,25165824,6,200,0.0410564802587032,0,1
gemm,fp64,cold,1024,1024,1024,0,25165824,2147483648,25165824,0,1,0.0486080013215542,0,1
gemm,fp64,cold,1024,1024,1024,0,25165824,2147483648,25165824,1,1,0.0485440008342266,0,1
gemm,fp64,cold,1024,1024,1024,0,25165824,2147483648,25165824,2,1,0.0485440008342266,0,1
gemm,fp64,cold,1024,1024,1024,0,25165824,2147483648,25165824,3,1,0.0486080013215542,0,1
gemm,fp64,cold,1024,1024,1024,0,25165824,2147483648,25165824,4,1,0.0487039983272552,0,1
gemm,fp64,cold,1024,1024,1024,0,25165824,2147483648,25165824,5,1,0.048895999789238,0,1
gemm,fp64,cold,1024,1024,1024,0,25165824,2147483648,25165824,6,1,0.0489280000329018,0,1
gemm,fp64,warm,2048,2048,2048,0,100663296,17179869184,100663296,0,69,0.282191306352615,0,1
gemm,fp64,warm,2048,2048,2048,0,100663296,17179869184,100663296,1,69,0.281934857368469,0,1
gemm,fp64,warm,2048,2048,2048,0,100663296,17179869184,100663296,2,69,0.281600445508957,0,1
gemm,fp64,warm,2048,2048,2048,0,100663296,17179869184,100663296,3,69,0.281617164611816,0,1
gemm,fp64,warm,2048,2048,2048,0,100663296,17179869184,100663296,4,69,0.281652390956879,0,1
gemm,fp64,warm,2048,2048,2048,0,100663296,17179869184,100663296,5,69,0.281643122434616,0,1
gemm,fp64,warm,2048,2048,2048,0,100663296,17179869184,100663296,6,69,0.281766951084137,0,1
gemm,fp64,cold,2048,2048,2048,0,100663296,17179869184,100663296,0,1,0.289184004068375,0,1
gemm,fp64,cold,2048,2048,2048,0,100663296,17179869184,100663296,1,1,0.289855986833572,0,1
gemm,fp64,cold,2048,2048,2048,0,100663296,17179869184,100663296,2,1,0.289247989654541,0,1
gemm,fp64,cold,2048,2048,2048,0,100663296,17179869184,100663296,3,1,0.288800001144409,0,1
gemm,fp64,cold,2048,2048,2048,0,100663296,17179869184,100663296,4,1,0.288832008838654,0,1
gemm,fp64,cold,2048,2048,2048,0,100663296,17179869184,100663296,5,1,0.288576006889343,0,1
gemm,fp64,cold,2048,2048,2048,0,100663296,17179869184,100663296,6,1,0.288255989551544,0,1
gemm,fp64,warm,4096,4096,4096,0,402653184,137438953472,402653184,0,9,2.17830395698547,0,1
gemm,fp64,warm,4096,4096,4096,0,402653184,137438953472,402653184,1,9,2.17781686782837,0,1
gemm,fp64,warm,4096,4096,4096,0,402653184,137438953472,402653184,2,9,2.17835378646851,0,1
gemm,fp64,warm,4096,4096,4096,0,402653184,137438953472,402653184,3,9,2.17793416976929,0,1
gemm,fp64,warm,4096,4096,4096,0,402653184,137438953472,402653184,4,9,2.17665410041809,0,1
gemm,fp64,warm,4096,4096,4096,0,402653184,137438953472,402653184,5,9,2.17657947540283,0,1
gemm,fp64,warm,4096,4096,4096,0,402653184,137438953472,402653184,6,9,2.17696714401245,0,1
gemm,fp64,warm,8192,8192,8192,0,1610612736,1099511627776,1610612736,0,1,17.9648952484131,0,1
gemm,fp64,warm,8192,8192,8192,0,1610612736,1099511627776,1610612736,1,1,17.465503692627,0,1
gemm,fp64,warm,8192,8192,8192,0,1610612736,1099511627776,1610612736,2,1,17.1175670623779,0,1
gemm,fp64,warm,8192,8192,8192,0,1610612736,1099511627776,1610612736,3,1,17.1245441436768,0,1
gemm,fp64,warm,8192,8192,8192,0,1610612736,1099511627776,1610612736,4,1,17.1156482696533,0,1
gemm,fp64,warm,8192,8192,8192,0,1610612736,1099511627776,1610612736,5,1,17.1377925872803,0,1
gemm,fp64,warm,8192,8192,8192,0,1610612736,1099511627776,1610612736,6,1,17.1154556274414,0,1
gemm,fp64,warm,1,8192,8192,0,537001984,134217728,537001984,0,98,0.171361297369003,0,1
gemm,fp64,warm,1,8192,8192,0,537001984,134217728,537001984,1,98,0.171316251158714,0,1
gemm,fp64,warm,1,8192,8192,0,537001984,134217728,537001984,2,98,0.17128424346447,0,1
gemm,fp64,warm,1,8192,8192,0,537001984,134217728,537001984,3,98,0.171342357993126,0,1
gemm,fp64,warm,1,8192,8192,0,537001984,134217728,537001984,4,98,0.171223193407059,0,1
gemm,fp64,warm,1,8192,8192,0,537001984,134217728,537001984,5,98,0.171245709061623,0,1
gemm,fp64,warm,1,8192,8192,0,537001984,134217728,537001984,6,98,0.171247348189354,0,1
gemm,fp64,warm,2,8192,8192,0,537133056,268435456,537133056,0,103,0.186865702271461,0,1
gemm,fp64,warm,2,8192,8192,0,537133056,268435456,537133056,1,103,0.186875656247139,0,1
gemm,fp64,warm,2,8192,8192,0,537133056,268435456,537133056,2,103,0.186838373541832,0,1
gemm,fp64,warm,2,8192,8192,0,537133056,268435456,537133056,3,103,0.187029436230659,0,1
gemm,fp64,warm,2,8192,8192,0,537133056,268435456,537133056,4,103,0.187091246247292,0,1
gemm,fp64,warm,2,8192,8192,0,537133056,268435456,537133056,5,103,0.186923190951347,0,1
gemm,fp64,warm,2,8192,8192,0,537133056,268435456,537133056,6,103,0.187147170305252,0,1
gemm,fp64,warm,4,8192,8192,0,537395200,536870912,537395200,0,103,0.186050176620483,0,1
gemm,fp64,warm,4,8192,8192,0,537395200,536870912,537395200,1,103,0.185984626412392,0,1
gemm,fp64,warm,4,8192,8192,0,537395200,536870912,537395200,2,103,0.186049863696098,0,1
gemm,fp64,warm,4,8192,8192,0,537395200,536870912,537395200,3,103,0.185939878225327,0,1
gemm,fp64,warm,4,8192,8192,0,537395200,536870912,537395200,4,103,0.186108574271202,0,1
gemm,fp64,warm,4,8192,8192,0,537395200,536870912,537395200,5,103,0.186048299074173,0,1
gemm,fp64,warm,4,8192,8192,0,537395200,536870912,537395200,6,103,0.186098322272301,0,1
gemm,fp64,warm,8,8192,8192,0,537919488,1073741824,537919488,0,104,0.183945834636688,0,1
gemm,fp64,warm,8,8192,8192,0,537919488,1073741824,537919488,1,104,0.183779388666153,0,1
gemm,fp64,warm,8,8192,8192,0,537919488,1073741824,537919488,2,104,0.183775395154953,0,1
gemm,fp64,warm,8,8192,8192,0,537919488,1073741824,537919488,3,104,0.183947384357452,0,1
gemm,fp64,warm,8,8192,8192,0,537919488,1073741824,537919488,4,104,0.18387046456337,0,1
gemm,fp64,warm,8,8192,8192,0,537919488,1073741824,537919488,5,104,0.183807075023651,0,1
gemm,fp64,warm,8,8192,8192,0,537919488,1073741824,537919488,6,104,0.183858156204224,0,1
gemm,fp64,warm,16,8192,8192,0,538968064,2147483648,538968064,0,106,0.181602418422699,0,1
gemm,fp64,warm,16,8192,8192,0,538968064,2147483648,538968064,1,106,0.181752756237984,0,1
gemm,fp64,warm,16,8192,8192,0,538968064,2147483648,538968064,2,106,0.181634724140167,0,1
gemm,fp64,warm,16,8192,8192,0,538968064,2147483648,538968064,3,106,0.181617811322212,0,1
gemm,fp64,warm,16,8192,8192,0,538968064,2147483648,538968064,4,106,0.181672155857086,0,1
gemm,fp64,warm,16,8192,8192,0,538968064,2147483648,538968064,5,106,0.181593969464302,0,1
gemm,fp64,warm,16,8192,8192,0,538968064,2147483648,538968064,6,106,0.181700825691223,0,1
gemm,fp64,warm,32,8192,8192,0,541065216,4294967296,541065216,0,104,0.183645859360695,0,1
gemm,fp64,warm,32,8192,8192,0,541065216,4294967296,541065216,1,104,0.183698758482933,0,1
gemm,fp64,warm,32,8192,8192,0,541065216,4294967296,541065216,2,104,0.183728620409966,0,1
gemm,fp64,warm,32,8192,8192,0,541065216,4294967296,541065216,3,104,0.183702155947685,0,1
gemm,fp64,warm,32,8192,8192,0,541065216,4294967296,541065216,4,104,0.183687388896942,0,1
gemm,fp64,warm,32,8192,8192,0,541065216,4294967296,541065216,5,104,0.183673232793808,0,1
gemm,fp64,warm,32,8192,8192,0,541065216,4294967296,541065216,6,104,0.183725848793983,0,1
gemm,fp64,warm,64,8192,8192,0,545259520,8589934592,545259520,0,96,0.199057653546333,0,1
gemm,fp64,warm,64,8192,8192,0,545259520,8589934592,545259520,1,96,0.198970675468445,0,1
gemm,fp64,warm,64,8192,8192,0,545259520,8589934592,545259520,2,96,0.199014663696289,0,1
gemm,fp64,warm,64,8192,8192,0,545259520,8589934592,545259520,3,96,0.199072003364563,0,1
gemm,fp64,warm,64,8192,8192,0,545259520,8589934592,545259520,4,96,0.199070334434509,0,1
gemm,fp64,warm,64,8192,8192,0,545259520,8589934592,545259520,5,96,0.198891997337341,0,1
gemm,fp64,warm,64,8192,8192,0,545259520,8589934592,545259520,6,96,0.199233338236809,0,1
gemm,fp64,warm,128,8192,8192,0,553648128,17179869184,553648128,0,61,0.314650744199753,0,1
gemm,fp64,warm,128,8192,8192,0,553648128,17179869184,553648128,1,61,0.314610362052917,0,1
gemm,fp64,warm,128,8192,8192,0,553648128,17179869184,553648128,2,61,0.314756691455841,0,1
gemm,fp64,warm,128,8192,8192,0,553648128,17179869184,553648128,3,61,0.314609825611115,0,1
gemm,fp64,warm,128,8192,8192,0,553648128,17179869184,553648128,4,61,0.314311861991882,0,1
gemm,fp64,warm,128,8192,8192,0,553648128,17179869184,553648128,5,61,0.31444039940834,0,1
gemm,fp64,warm,128,8192,8192,0,553648128,17179869184,553648128,6,61,0.314330756664276,0,1
gemm,fp64,warm,256,8192,8192,0,570425344,34359738368,570425344,0,34,0.578959047794342,0,1
gemm,fp64,warm,256,8192,8192,0,570425344,34359738368,570425344,1,34,0.57898074388504,0,1
gemm,fp64,warm,256,8192,8192,0,570425344,34359738368,570425344,2,34,0.579243242740631,0,1
gemm,fp64,warm,256,8192,8192,0,570425344,34359738368,570425344,3,34,0.579226315021515,0,1
gemm,fp64,warm,256,8192,8192,0,570425344,34359738368,570425344,4,34,0.579166114330292,0,1
gemm,fp64,warm,256,8192,8192,0,570425344,34359738368,570425344,5,34,0.578558146953583,0,1
gemm,fp64,warm,256,8192,8192,0,570425344,34359738368,570425344,6,34,0.577888965606689,0,1
gemm,fp64,warm,512,8192,8192,0,603979776,68719476736,603979776,0,17,1.12386071681976,0,1
gemm,fp64,warm,512,8192,8192,0,603979776,68719476736,603979776,1,17,1.12443482875824,0,1
gemm,fp64,warm,512,8192,8192,0,603979776,68719476736,603979776,2,17,1.12396049499512,0,1
gemm,fp64,warm,512,8192,8192,0,603979776,68719476736,603979776,3,17,1.1261214017868,0,1
gemm,fp64,warm,512,8192,8192,0,603979776,68719476736,603979776,4,17,1.12482070922852,0,1
gemm,fp64,warm,512,8192,8192,0,603979776,68719476736,603979776,5,17,1.12514626979828,0,1
gemm,fp64,warm,512,8192,8192,0,603979776,68719476736,603979776,6,17,1.12544000148773,0,1
gemm,fp64,warm,1024,8192,8192,0,671088640,137438953472,671088640,0,9,2.20934391021729,0,1
gemm,fp64,warm,1024,8192,8192,0,671088640,137438953472,671088640,1,9,2.20831298828125,0,1
gemm,fp64,warm,1024,8192,8192,0,671088640,137438953472,671088640,2,9,2.20977067947388,0,1
gemm,fp64,warm,1024,8192,8192,0,671088640,137438953472,671088640,3,9,2.20888876914978,0,1
gemm,fp64,warm,1024,8192,8192,0,671088640,137438953472,671088640,4,9,2.20856881141663,0,1
gemm,fp64,warm,1024,8192,8192,0,671088640,137438953472,671088640,5,9,2.21030402183533,0,1
gemm,fp64,warm,1024,8192,8192,0,671088640,137438953472,671088640,6,9,2.21127820014954,0,1
gemm,fp64,warm,2048,8192,8192,0,805306368,274877906944,805306368,0,4,4.40464019775391,0,1
gemm,fp64,warm,2048,8192,8192,0,805306368,274877906944,805306368,1,4,4.40260791778564,0,1
gemm,fp64,warm,2048,8192,8192,0,805306368,274877906944,805306368,2,4,4.396240234375,0,1
gemm,fp64,warm,2048,8192,8192,0,805306368,274877906944,805306368,3,4,4.39337587356567,0,1
gemm,fp64,warm,2048,8192,8192,0,805306368,274877906944,805306368,4,4,4.38995218276978,0,1
gemm,fp64,warm,2048,8192,8192,0,805306368,274877906944,805306368,5,4,4.39042377471924,0,1
gemm,fp64,warm,2048,8192,8192,0,805306368,274877906944,805306368,6,4,4.41283988952637,0,1
gemm,fp16,warm,256,256,256,0,393216,33554432,393216,0,200,0.00445535965263844,0.000198426521477393,1
gemm,fp16,warm,256,256,256,0,393216,33554432,393216,1,200,0.0044614402577281,0.000198426521477393,1
gemm,fp16,warm,256,256,256,0,393216,33554432,393216,2,200,0.00446496019139886,0.000198426521477393,1
gemm,fp16,warm,256,256,256,0,393216,33554432,393216,3,200,0.00443872017785907,0.000198426521477393,1
gemm,fp16,warm,256,256,256,0,393216,33554432,393216,4,200,0.00444400031119585,0.000198426521477393,1
gemm,fp16,warm,256,256,256,0,393216,33554432,393216,5,200,0.00446463981643319,0.000198426521477393,1
gemm,fp16,warm,256,256,256,0,393216,33554432,393216,6,200,0.0044478396885097,0.000198426521477393,1
gemm,fp16,cold,256,256,256,0,393216,33554432,393216,0,1,0.00956800021231174,0.000198426521477393,1
gemm,fp16,cold,256,256,256,0,393216,33554432,393216,1,1,0.00905600003898144,0.000198426521477393,1
gemm,fp16,cold,256,256,256,0,393216,33554432,393216,2,1,0.00924799963831902,0.000198426521477393,1
gemm,fp16,cold,256,256,256,0,393216,33554432,393216,3,1,0.00931200012564659,0.000198426521477393,1
gemm,fp16,cold,256,256,256,0,393216,33554432,393216,4,1,0.00940799992531538,0.000198426521477393,1
gemm,fp16,cold,256,256,256,0,393216,33554432,393216,5,1,0.00940799992531538,0.000198426521477393,1
gemm,fp16,cold,256,256,256,0,393216,33554432,393216,6,1,0.00934400036931038,0.000198426521477393,1
gemm,fp16,warm,512,512,512,0,1572864,268435456,1572864,0,200,0.00450144009664655,0.00020091145971206,1
gemm,fp16,warm,512,512,512,0,1572864,268435456,1572864,1,200,0.00448960019275546,0.00020091145971206,1
gemm,fp16,warm,512,512,512,0,1572864,268435456,1572864,2,200,0.0044832001440227,0.00020091145971206,1
gemm,fp16,warm,512,512,512,0,1572864,268435456,1572864,3,200,0.00454448023810983,0.00020091145971206,1
gemm,fp16,warm,512,512,512,0,1572864,268435456,1572864,4,200,0.00446976022794843,0.00020091145971206,1
gemm,fp16,warm,512,512,512,0,1572864,268435456,1572864,5,200,0.00447040004655719,0.00020091145971206,1
gemm,fp16,warm,512,512,512,0,1572864,268435456,1572864,6,200,0.00448175985366106,0.00020091145971206,1
gemm,fp16,cold,512,512,512,0,1572864,268435456,1572864,0,1,0.0105600003153086,0.00020091145971206,1
gemm,fp16,cold,512,512,512,0,1572864,268435456,1572864,1,1,0.0102080004289746,0.00020091145971206,1
gemm,fp16,cold,512,512,512,0,1572864,268435456,1572864,2,1,0.0102719999849796,0.00020091145971206,1
gemm,fp16,cold,512,512,512,0,1572864,268435456,1572864,3,1,0.0101119996979833,0.00020091145971206,1
gemm,fp16,cold,512,512,512,0,1572864,268435456,1572864,4,1,0.010432000271976,0.00020091145971206,1
gemm,fp16,cold,512,512,512,0,1572864,268435456,1572864,5,1,0.0103040002286434,0.00020091145971206,1
gemm,fp16,cold,512,512,512,0,1572864,268435456,1572864,6,1,0.0102399997413158,0.00020091145971206,1
gemm,fp16,warm,1024,1024,1024,0,6291456,2147483648,6291456,0,200,0.00665152026340365,0.000189940520434515,1
gemm,fp16,warm,1024,1024,1024,0,6291456,2147483648,6291456,1,200,0.0066545601002872,0.000189940520434515,1
gemm,fp16,warm,1024,1024,1024,0,6291456,2147483648,6291456,2,200,0.00664015999063849,0.000189940520434515,1
gemm,fp16,warm,1024,1024,1024,0,6291456,2147483648,6291456,3,200,0.00662959972396493,0.000189940520434515,1
gemm,fp16,warm,1024,1024,1024,0,6291456,2147483648,6291456,4,200,0.0066566402092576,0.000189940520434515,1
gemm,fp16,warm,1024,1024,1024,0,6291456,2147483648,6291456,5,200,0.00664927996695042,0.000189940520434515,1
gemm,fp16,warm,1024,1024,1024,0,6291456,2147483648,6291456,6,200,0.00664511974900961,0.000189940520434515,1
gemm,fp16,cold,1024,1024,1024,0,6291456,2147483648,6291456,0,1,0.0125439995899796,0.000189940520434515,1
gemm,fp16,cold,1024,1024,1024,0,6291456,2147483648,6291456,1,1,0.01305599976331,0.000189940520434515,1
gemm,fp16,cold,1024,1024,1024,0,6291456,2147483648,6291456,2,1,0.0129599999636412,0.000189940520434515,1
gemm,fp16,cold,1024,1024,1024,0,6291456,2147483648,6291456,3,1,0.0126080000773072,0.000189940520434515,1
gemm,fp16,cold,1024,1024,1024,0,6291456,2147483648,6291456,4,1,0.0125439995899796,0.000189940520434515,1
gemm,fp16,cold,1024,1024,1024,0,6291456,2147483648,6291456,5,1,0.0124800000339746,0.000189940520434515,1
gemm,fp16,cold,1024,1024,1024,0,6291456,2147483648,6291456,6,1,0.0130240004509687,0.000189940520434515,1
gemm,fp16,warm,2048,2048,2048,0,25165824,17179869184,25165824,0,200,0.0238387212157249,0.000221487809070642,1
gemm,fp16,warm,2048,2048,2048,0,25165824,17179869184,25165824,1,200,0.023783840239048,0.000221487809070642,1
gemm,fp16,warm,2048,2048,2048,0,25165824,17179869184,25165824,2,200,0.023784639313817,0.000221487809070642,1
gemm,fp16,warm,2048,2048,2048,0,25165824,17179869184,25165824,3,200,0.0237851198762655,0.000221487809070642,1
gemm,fp16,warm,2048,2048,2048,0,25165824,17179869184,25165824,4,200,0.0233915206044912,0.000221487809070642,1
gemm,fp16,warm,2048,2048,2048,0,25165824,17179869184,25165824,5,200,0.0232051201164722,0.000221487809070642,1
gemm,fp16,warm,2048,2048,2048,0,25165824,17179869184,25165824,6,200,0.0231945607811213,0.000221487809070642,1
gemm,fp16,cold,2048,2048,2048,0,25165824,17179869184,25165824,0,1,0.0301440004259348,0.000221487809070642,1
gemm,fp16,cold,2048,2048,2048,0,25165824,17179869184,25165824,1,1,0.0300479996949434,0.000221487809070642,1
gemm,fp16,cold,2048,2048,2048,0,25165824,17179869184,25165824,2,1,0.0301440004259348,0.000221487809070642,1
gemm,fp16,cold,2048,2048,2048,0,25165824,17179869184,25165824,3,1,0.0299839992076159,0.000221487809070642,1
gemm,fp16,cold,2048,2048,2048,0,25165824,17179869184,25165824,4,1,0.0299839992076159,0.000221487809070642,1
gemm,fp16,cold,2048,2048,2048,0,25165824,17179869184,25165824,5,1,0.0298880003392696,0.000221487809070642,1
gemm,fp16,cold,2048,2048,2048,0,25165824,17179869184,25165824,6,1,0.0297919996082783,0.000221487809070642,1
gemm,fp16,warm,4096,4096,4096,0,100663296,137438953472,100663296,0,116,0.166141241788864,0.000227370978317963,1
gemm,fp16,warm,4096,4096,4096,0,100663296,137438953472,100663296,1,116,0.166084676980972,0.000227370978317963,1
gemm,fp16,warm,4096,4096,4096,0,100663296,137438953472,100663296,2,116,0.167272835969925,0.000227370978317963,1
gemm,fp16,warm,4096,4096,4096,0,100663296,137438953472,100663296,3,116,0.182584270834923,0.000227370978317963,1
gemm,fp16,warm,4096,4096,4096,0,100663296,137438953472,100663296,4,116,0.182575181126595,0.000227370978317963,1
gemm,fp16,warm,4096,4096,4096,0,100663296,137438953472,100663296,5,116,0.179739311337471,0.000227370978317963,1
gemm,fp16,warm,4096,4096,4096,0,100663296,137438953472,100663296,6,116,0.177755862474442,0.000227370978317963,1
gemm,fp16,warm,8192,8192,8192,0,402653184,1099511627776,402653184,0,14,1.35464680194855,0.000201482833635594,1
gemm,fp16,warm,8192,8192,8192,0,402653184,1099511627776,402653184,1,14,1.39086401462555,0.000201482833635594,1
gemm,fp16,warm,8192,8192,8192,0,402653184,1099511627776,402653184,2,14,1.43940567970276,0.000201482833635594,1
gemm,fp16,warm,8192,8192,8192,0,402653184,1099511627776,402653184,3,14,1.45425820350647,0.000201482833635594,1
gemm,fp16,warm,8192,8192,8192,0,402653184,1099511627776,402653184,4,14,1.45412123203278,0.000201482833635594,1
gemm,fp16,warm,8192,8192,8192,0,402653184,1099511627776,402653184,5,14,1.45421493053436,0.000201482833635594,1
gemm,fp16,warm,8192,8192,8192,0,402653184,1099511627776,402653184,6,14,1.47098052501678,0.000201482833635594,1
gemm,fp16,warm,1,8192,8192,0,134250496,134217728,134250496,0,200,0.0469500795006752,0.000241351598313866,1
gemm,fp16,warm,1,8192,8192,0,134250496,134217728,134250496,1,200,0.0469281561672688,0.000241351598313866,1
gemm,fp16,warm,1,8192,8192,0,134250496,134217728,134250496,2,200,0.0467144027352333,0.000241351598313866,1
gemm,fp16,warm,1,8192,8192,0,134250496,134217728,134250496,3,200,0.0466347225010395,0.000241351598313866,1
gemm,fp16,warm,1,8192,8192,0,134250496,134217728,134250496,4,200,0.0466963201761246,0.000241351598313866,1
gemm,fp16,warm,1,8192,8192,0,134250496,134217728,134250496,5,200,0.0465662367641926,0.000241351598313866,1
gemm,fp16,warm,1,8192,8192,0,134250496,134217728,134250496,6,200,0.046529121696949,0.000241351598313866,1
gemm,fp16,warm,2,8192,8192,0,134283264,268435456,134283264,0,200,0.0589487999677658,0.000334128057445119,1
gemm,fp16,warm,2,8192,8192,0,134283264,268435456,134283264,1,200,0.0587102398276329,0.000334128057445119,1
gemm,fp16,warm,2,8192,8192,0,134283264,268435456,134283264,2,200,0.0586895979940891,0.000334128057445119,1
gemm,fp16,warm,2,8192,8192,0,134283264,268435456,134283264,3,200,0.0586686432361603,0.000334128057445119,1
gemm,fp16,warm,2,8192,8192,0,134283264,268435456,134283264,4,200,0.0586996786296368,0.000334128057445119,1
gemm,fp16,warm,2,8192,8192,0,134283264,268435456,134283264,5,200,0.0586110390722752,0.000334128057445119,1
gemm,fp16,warm,2,8192,8192,0,134283264,268435456,134283264,6,200,0.0586660802364349,0.000334128057445119,1
gemm,fp16,warm,4,8192,8192,0,134348800,536870912,134348800,0,200,0.0602862387895584,0.00026223577679241,1
gemm,fp16,warm,4,8192,8192,0,134348800,536870912,134348800,1,200,0.0602753609418869,0.00026223577679241,1
gemm,fp16,warm,4,8192,8192,0,134348800,536870912,134348800,2,200,0.0601420775055885,0.00026223577679241,1
gemm,fp16,warm,4,8192,8192,0,134348800,536870912,134348800,3,200,0.0601606406271458,0.00026223577679241,1
gemm,fp16,warm,4,8192,8192,0,134348800,536870912,134348800,4,200,0.0602462403476238,0.00026223577679241,1
gemm,fp16,warm,4,8192,8192,0,134348800,536870912,134348800,5,200,0.0601705610752106,0.00026223577679241,1
gemm,fp16,warm,4,8192,8192,0,134348800,536870912,134348800,6,200,0.0602182373404503,0.00026223577679241,1
gemm,fp16,warm,8,8192,8192,0,134479872,1073741824,134479872,0,200,0.0499329604208469,0.000188446265463958,1
gemm,fp16,warm,8,8192,8192,0,134479872,1073741824,134479872,1,200,0.0498556792736053,0.000188446265463958,1
gemm,fp16,warm,8,8192,8192,0,134479872,1073741824,134479872,2,200,0.0498665608465672,0.000188446265463958,1
gemm,fp16,warm,8,8192,8192,0,134479872,1073741824,134479872,3,200,0.04986672103405,0.000188446265463958,1
gemm,fp16,warm,8,8192,8192,0,134479872,1073741824,134479872,4,200,0.0498604811728001,0.000188446265463958,1
gemm,fp16,warm,8,8192,8192,0,134479872,1073741824,134479872,5,200,0.0498632006347179,0.000188446265463958,1
gemm,fp16,warm,8,8192,8192,0,134479872,1073741824,134479872,6,200,0.0498655997216702,0.000188446265463958,1
gemm,fp16,warm,16,8192,8192,0,134742016,2147483648,134742016,0,200,0.0490751974284649,0.000219235237132225,1
gemm,fp16,warm,16,8192,8192,0,134742016,2147483648,134742016,1,200,0.0491119995713234,0.000219235237132225,1
gemm,fp16,warm,16,8192,8192,0,134742016,2147483648,134742016,2,200,0.0491155199706554,0.000219235237132225,1
gemm,fp16,warm,16,8192,8192,0,134742016,2147483648,134742016,3,200,0.049057599157095,0.000219235237132225,1
gemm,fp16,warm,16,8192,8192,0,134742016,2147483648,134742016,4,200,0.0490791983902454,0.000219235237132225,1
gemm,fp16,warm,16,8192,8192,0,134742016,2147483648,134742016,5,200,0.049106240272522,0.000219235237132225,1
gemm,fp16,warm,16,8192,8192,0,134742016,2147483648,134742016,6,200,0.0491044819355011,0.000219235237132225,1
gemm,fp16,warm,32,8192,8192,0,135266304,4294967296,135266304,0,200,0.0476843230426311,0.000245315918246433,1
gemm,fp16,warm,32,8192,8192,0,135266304,4294967296,135266304,1,200,0.0477051213383675,0.000245315918246433,1
gemm,fp16,warm,32,8192,8192,0,135266304,4294967296,135266304,2,200,0.0477033630013466,0.000245315918246433,1
gemm,fp16,warm,32,8192,8192,0,135266304,4294967296,135266304,3,200,0.0476990416646004,0.000245315918246433,1
gemm,fp16,warm,32,8192,8192,0,135266304,4294967296,135266304,4,200,0.0477363206446171,0.000245315918246433,1
gemm,fp16,warm,32,8192,8192,0,135266304,4294967296,135266304,5,200,0.0477043204009533,0.000245315918246433,1
gemm,fp16,warm,32,8192,8192,0,135266304,4294967296,135266304,6,200,0.0477113574743271,0.000245315918246433,1
gemm,fp16,warm,64,8192,8192,0,136314880,8589934592,136314880,0,200,0.0482507199048996,0.000206361611237897,1
gemm,fp16,warm,64,8192,8192,0,136314880,8589934592,136314880,1,200,0.0482273586094379,0.000206361611237897,1
gemm,fp16,warm,64,8192,8192,0,136314880,8589934592,136314880,2,200,0.0482550375163555,0.000206361611237897,1
gemm,fp16,warm,64,8192,8192,0,136314880,8589934592,136314880,3,200,0.0482308827340603,0.000206361611237897,1
gemm,fp16,warm,64,8192,8192,0,136314880,8589934592,136314880,4,200,0.0482355207204819,0.000206361611237897,1
gemm,fp16,warm,64,8192,8192,0,136314880,8589934592,136314880,5,200,0.0482499226927757,0.000206361611237897,1
gemm,fp16,warm,64,8192,8192,0,136314880,8589934592,136314880,6,200,0.048240639269352,0.000206361611237897,1
gemm,fp16,warm,128,8192,8192,0,138412032,17179869184,138412032,0,200,0.0494676791131496,0.000266098899365157,1
gemm,fp16,warm,128,8192,8192,0,138412032,17179869184,138412032,1,200,0.049479678273201,0.000266098899365157,1
gemm,fp16,warm,128,8192,8192,0,138412032,17179869184,138412032,2,200,0.04947904124856,0.000266098899365157,1
gemm,fp16,warm,128,8192,8192,0,138412032,17179869184,138412032,3,200,0.0494377613067627,0.000266098899365157,1
gemm,fp16,warm,128,8192,8192,0,138412032,17179869184,138412032,4,200,0.0494553595781326,0.000266098899365157,1
gemm,fp16,warm,128,8192,8192,0,138412032,17179869184,138412032,5,200,0.0494700819253922,0.000266098899365157,1
gemm,fp16,warm,128,8192,8192,0,138412032,17179869184,138412032,6,200,0.0494523197412491,0.000266098899365157,1
gemm,fp16,warm,256,8192,8192,0,142606336,34359738368,142606336,0,200,0.0537654384970665,0.000208955069232491,1
gemm,fp16,warm,256,8192,8192,0,142606336,34359738368,142606336,1,200,0.053740318864584,0.000208955069232491,1
gemm,fp16,warm,256,8192,8192,0,142606336,34359738368,142606336,2,200,0.0537552013993263,0.000208955069232491,1
gemm,fp16,warm,256,8192,8192,0,142606336,34359738368,142606336,3,200,0.0540700815618038,0.000208955069232491,1
gemm,fp16,warm,256,8192,8192,0,142606336,34359738368,142606336,4,200,0.0545665584504604,0.000208955069232491,1
gemm,fp16,warm,256,8192,8192,0,142606336,34359738368,142606336,5,200,0.0546817593276501,0.000208955069232491,1
gemm,fp16,warm,256,8192,8192,0,142606336,34359738368,142606336,6,200,0.055881280452013,0.000208955069232491,1
gemm,fp16,warm,512,8192,8192,0,150994944,68719476736,150994944,0,191,0.0983907878398895,0.00021041038827574,1
gemm,fp16,warm,512,8192,8192,0,150994944,68719476736,150994944,1,191,0.095460519194603,0.00021041038827574,1
gemm,fp16,warm,512,8192,8192,0,150994944,68719476736,150994944,2,191,0.0927631407976151,0.00021041038827574,1
gemm,fp16,warm,512,8192,8192,0,150994944,68719476736,150994944,3,191,0.0930342152714729,0.00021041038827574,1
gemm,fp16,warm,512,8192,8192,0,150994944,68719476736,150994944,4,191,0.0929244756698608,0.00021041038827574,1
gemm,fp16,warm,512,8192,8192,0,150994944,68719476736,150994944,5,191,0.0889129266142845,0.00021041038827574,1
gemm,fp16,warm,512,8192,8192,0,150994944,68719476736,150994944,6,191,0.0903381854295731,0.00021041038827574,1
gemm,fp16,warm,1024,8192,8192,0,167772160,137438953472,167772160,0,109,0.176728963851929,0.000200414017464685,1
gemm,fp16,warm,1024,8192,8192,0,167772160,137438953472,167772160,1,109,0.173966079950333,0.000200414017464685,1
gemm,fp16,warm,1024,8192,8192,0,167772160,137438953472,167772160,2,109,0.176787361502647,0.000200414017464685,1
gemm,fp16,warm,1024,8192,8192,0,167772160,137438953472,167772160,3,109,0.176991701126099,0.000200414017464685,1
gemm,fp16,warm,1024,8192,8192,0,167772160,137438953472,167772160,4,109,0.176653504371643,0.000200414017464685,1
gemm,fp16,warm,1024,8192,8192,0,167772160,137438953472,167772160,5,109,0.176645576953888,0.000200414017464685,1
gemm,fp16,warm,1024,8192,8192,0,167772160,137438953472,167772160,6,109,0.176635608077049,0.000200414017464685,1
gemm,fp16,warm,2048,8192,8192,0,201326592,274877906944,201326592,0,56,0.347160577774048,0.000225696977694881,1
gemm,fp16,warm,2048,8192,8192,0,201326592,274877906944,201326592,1,56,0.334466874599457,0.000225696977694881,1
gemm,fp16,warm,2048,8192,8192,0,201326592,274877906944,201326592,2,56,0.34903484582901,0.000225696977694881,1
gemm,fp16,warm,2048,8192,8192,0,201326592,274877906944,201326592,3,56,0.349062263965607,0.000225696977694881,1
gemm,fp16,warm,2048,8192,8192,0,201326592,274877906944,201326592,4,56,0.349008023738861,0.000225696977694881,1
gemm,fp16,warm,2048,8192,8192,0,201326592,274877906944,201326592,5,56,0.349001705646515,0.000225696977694881,1
gemm,fp16,warm,2048,8192,8192,0,201326592,274877906944,201326592,6,56,0.34897255897522,0.000225696977694881,1
gemm,bf16,warm,256,256,256,0,393216,33554432,393216,0,200,0.00451919995248318,0.00156995384806169,1
gemm,bf16,warm,256,256,256,0,393216,33554432,393216,1,200,0.00450399983674288,0.00156995384806169,1
gemm,bf16,warm,256,256,256,0,393216,33554432,393216,2,200,0.00454959971830249,0.00156995384806169,1
gemm,bf16,warm,256,256,256,0,393216,33554432,393216,3,200,0.00449519976973534,0.00156995384806169,1
gemm,bf16,warm,256,256,256,0,393216,33554432,393216,4,200,0.00448975991457701,0.00156995384806169,1
gemm,bf16,warm,256,256,256,0,393216,33554432,393216,5,200,0.0045065600425005,0.00156995384806169,1
gemm,bf16,warm,256,256,256,0,393216,33554432,393216,6,200,0.0044934400357306,0.00156995384806169,1
gemm,bf16,cold,256,256,256,0,393216,33554432,393216,0,1,0.00950399972498417,0.00156995384806169,1
gemm,bf16,cold,256,256,256,0,393216,33554432,393216,1,1,0.00947200041264296,0.00156995384806169,1
gemm,bf16,cold,256,256,256,0,393216,33554432,393216,2,1,0.00944000016897917,0.00156995384806169,1
gemm,bf16,cold,256,256,256,0,393216,33554432,393216,3,1,0.00950399972498417,0.00156995384806169,1
gemm,bf16,cold,256,256,256,0,393216,33554432,393216,4,1,0.00924799963831902,0.00156995384806169,1
gemm,bf16,cold,256,256,256,0,393216,33554432,393216,5,1,0.00889599975198507,0.00156995384806169,1
gemm,bf16,cold,256,256,256,0,393216,33554432,393216,6,1,0.00934400036931038,0.00156995384806169,1
gemm,bf16,warm,512,512,512,0,1572864,268435456,1572864,0,200,0.0045151999220252,0.00162394799487254,1
gemm,bf16,warm,512,512,512,0,1572864,268435456,1572864,1,200,0.00453615980222821,0.00162394799487254,1
gemm,bf16,warm,512,512,512,0,1572864,268435456,1572864,2,200,0.00450144009664655,0.00162394799487254,1
gemm,bf16,warm,512,512,512,0,1572864,268435456,1572864,3,200,0.00450399983674288,0.00162394799487254,1
gemm,bf16,warm,512,512,512,0,1572864,268435456,1572864,4,200,0.00453711999580264,0.00162394799487254,1
gemm,bf16,warm,512,512,512,0,1572864,268435456,1572864,5,200,0.00451871985569596,0.00162394799487254,1
gemm,bf16,warm,512,512,512,0,1572864,268435456,1572864,6,200,0.00453823991119862,0.00162394799487254,1
gemm,bf16,cold,512,512,512,0,1572864,268435456,1572864,0,1,0.0100159998983145,0.00162394799487254,1
gemm,bf16,cold,512,512,512,0,1572864,268435456,1572864,1,1,0.0103040002286434,0.00162394799487254,1
gemm,bf16,cold,512,512,512,0,1572864,268435456,1572864,2,1,0.0100800003856421,0.00162394799487254,1
gemm,bf16,cold,512,512,512,0,1572864,268435456,1572864,3,1,0.0107519999146461,0.00162394799487254,1
gemm,bf16,cold,512,512,512,0,1572864,268435456,1572864,4,1,0.0100800003856421,0.00162394799487254,1
gemm,bf16,cold,512,512,512,0,1572864,268435456,1572864,5,1,0.0104639995843172,0.00162394799487254,1
gemm,bf16,cold,512,512,512,0,1572864,268435456,1572864,6,1,0.0104639995843172,0.00162394799487254,1
gemm,bf16,warm,1024,1024,1024,0,6291456,2147483648,6291456,0,200,0.00662527978420258,0.00141444543565153,1
gemm,bf16,warm,1024,1024,1024,0,6291456,2147483648,6291456,1,200,0.00661151995882392,0.00141444543565153,1
gemm,bf16,warm,1024,1024,1024,0,6291456,2147483648,6291456,2,200,0.00662512006238103,0.00141444543565153,1
gemm,bf16,warm,1024,1024,1024,0,6291456,2147483648,6291456,3,200,0.00660767965018749,0.00141444543565153,1
gemm,bf16,warm,1024,1024,1024,0,6291456,2147483648,6291456,4,200,0.00660608010366559,0.00141444543565153,1
gemm,bf16,warm,1024,1024,1024,0,6291456,2147483648,6291456,5,200,0.00661135977134109,0.00141444543565153,1
gemm,bf16,warm,1024,1024,1024,0,6291456,2147483648,6291456,6,200,0.00660511991009116,0.00141444543565153,1
gemm,bf16,cold,1024,1024,1024,0,6291456,2147483648,6291456,0,1,0.0125759998336434,0.00141444543565153,1
gemm,bf16,cold,1024,1024,1024,0,6291456,2147483648,6291456,1,1,0.0129279997199774,0.00141444543565153,1
gemm,bf16,cold,1024,1024,1024,0,6291456,2147483648,6291456,2,1,0.0124159995466471,0.00141444543565153,1
gemm,bf16,cold,1024,1024,1024,0,6291456,2147483648,6291456,3,1,0.0125759998336434,0.00141444543565153,1
gemm,bf16,cold,1024,1024,1024,0,6291456,2147483648,6291456,4,1,0.0125439995899796,0.00141444543565153,1
gemm,bf16,cold,1024,1024,1024,0,6291456,2147483648,6291456,5,1,0.0127360001206398,0.00141444543565153,1
gemm,bf16,cold,1024,1024,1024,0,6291456,2147483648,6291456,6,1,0.012640000320971,0.00141444543565153,1
gemm,bf16,warm,2048,2048,2048,0,25165824,17179869184,25165824,0,200,0.0231449604034424,0.00152126818093298,1
gemm,bf16,warm,2048,2048,2048,0,25165824,17179869184,25165824,1,200,0.0231336001306772,0.00152126818093298,1
gemm,bf16,warm,2048,2048,2048,0,25165824,17179869184,25165824,2,200,0.0231500789523125,0.00152126818093298,1
gemm,bf16,warm,2048,2048,2048,0,25165824,17179869184,25165824,3,200,0.0231233593076468,0.00152126818093298,1
gemm,bf16,warm,2048,2048,2048,0,25165824,17179869184,25165824,4,200,0.0231353584676981,0.00152126818093298,1
gemm,bf16,warm,2048,2048,2048,0,25165824,17179869184,25165824,5,200,0.0231419205665588,0.00152126818093298,1
gemm,bf16,warm,2048,2048,2048,0,25165824,17179869184,25165824,6,200,0.0231387205421925,0.00152126818093298,1
gemm,bf16,cold,2048,2048,2048,0,25165824,17179869184,25165824,0,1,0.0294400006532669,0.00152126818093298,1
gemm,bf16,cold,2048,2048,2048,0,25165824,17179869184,25165824,1,1,0.0293760001659393,0.00152126818093298,1
gemm,bf16,cold,2048,2048,2048,0,25165824,17179869184,25165824,2,1,0.0294080004096031,0.00152126818093298,1
gemm,bf16,cold,2048,2048,2048,0,25165824,17179869184,25165824,3,1,0.0294400006532669,0.00152126818093298,1
gemm,bf16,cold,2048,2048,2048,0,25165824,17179869184,25165824,4,1,0.0293760001659393,0.00152126818093298,1
gemm,bf16,cold,2048,2048,2048,0,25165824,17179869184,25165824,5,1,0.0294400006532669,0.00152126818093298,1
gemm,bf16,cold,2048,2048,2048,0,25165824,17179869184,25165824,6,1,0.0296320002526045,0.00152126818093298,1
gemm,bf16,warm,4096,4096,4096,0,100663296,137438953472,100663296,0,118,0.161166921257973,0.00171066456404783,1
gemm,bf16,warm,4096,4096,4096,0,100663296,137438953472,100663296,1,118,0.161434575915337,0.00171066456404783,1
gemm,bf16,warm,4096,4096,4096,0,100663296,137438953472,100663296,2,118,0.161586165428162,0.00171066456404783,1
gemm,bf16,warm,4096,4096,4096,0,100663296,137438953472,100663296,3,118,0.181884467601776,0.00171066456404783,1
gemm,bf16,warm,4096,4096,4096,0,100663296,137438953472,100663296,4,118,0.195210039615631,0.00171066456404783,1
gemm,bf16,warm,4096,4096,4096,0,100663296,137438953472,100663296,5,118,0.186631590127945,0.00171066456404783,1
gemm,bf16,warm,4096,4096,4096,0,100663296,137438953472,100663296,6,118,0.185353219509125,0.00171066456404783,1
gemm,bf16,warm,8192,8192,8192,0,402653184,1099511627776,402653184,0,13,1.33193600177765,0.00196155990413702,1
gemm,bf16,warm,8192,8192,8192,0,402653184,1099511627776,402653184,1,13,1.41424989700317,0.00196155990413702,1
gemm,bf16,warm,8192,8192,8192,0,402653184,1099511627776,402653184,2,13,1.46016001701355,0.00196155990413702,1
gemm,bf16,warm,8192,8192,8192,0,402653184,1099511627776,402653184,3,13,1.4689599275589,0.00196155990413702,1
gemm,bf16,warm,8192,8192,8192,0,402653184,1099511627776,402653184,4,13,1.468989610672,0.00196155990413702,1
gemm,bf16,warm,8192,8192,8192,0,402653184,1099511627776,402653184,5,13,1.45656371116638,0.00196155990413702,1
gemm,bf16,warm,8192,8192,8192,0,402653184,1099511627776,402653184,6,13,1.44020676612854,0.00196155990413702,1
gemm,bf16,warm,1,8192,8192,0,134250496,134217728,134250496,0,200,0.0468035228550434,0.00159905328714834,1
gemm,bf16,warm,1,8192,8192,0,134250496,134217728,134250496,1,200,0.0467353574931622,0.00159905328714834,1
gemm,bf16,warm,1,8192,8192,0,134250496,134217728,134250496,2,200,0.0467398390173912,0.00159905328714834,1
gemm,bf16,warm,1,8192,8192,0,134250496,134217728,134250496,3,200,0.0467278398573399,0.00159905328714834,1
gemm,bf16,warm,1,8192,8192,0,134250496,134217728,134250496,4,200,0.0466983988881111,0.00159905328714834,1
gemm,bf16,warm,1,8192,8192,0,134250496,134217728,134250496,5,200,0.0467223972082138,0.00159905328714834,1
gemm,bf16,warm,1,8192,8192,0,134250496,134217728,134250496,6,200,0.0465406402945518,0.00159905328714834,1
gemm,bf16,warm,2,8192,8192,0,134283264,268435456,134283264,0,200,0.0581492818892002,0.00255426270291833,1
gemm,bf16,warm,2,8192,8192,0,134283264,268435456,134283264,1,200,0.0580564774572849,0.00255426270291833,1
gemm,bf16,warm,2,8192,8192,0,134283264,268435456,134283264,2,200,0.0579663999378681,0.00255426270291833,1
gemm,bf16,warm,2,8192,8192,0,134283264,268435456,134283264,3,200,0.057991199195385,0.00255426270291833,1
gemm,bf16,warm,2,8192,8192,0,134283264,268435456,134283264,4,200,0.0579670369625092,0.00255426270291833,1
gemm,bf16,warm,2,8192,8192,0,134283264,268435456,134283264,5,200,0.0580088011920452,0.00255426270291833,1
gemm,bf16,warm,2,8192,8192,0,134283264,268435456,134283264,6,200,0.0579211190342903,0.00255426270291833,1
gemm,bf16,warm,4,8192,8192,0,134348800,536870912,134348800,0,200,0.0604649595916271,0.00266300887255156,1
gemm,bf16,warm,4,8192,8192,0,134348800,536870912,134348800,1,200,0.0604630410671234,0.00266300887255156,1
gemm,bf16,warm,4,8192,8192,0,134348800,536870912,134348800,2,200,0.0604286380112171,0.00266300887255156,1
gemm,bf16,warm,4,8192,8192,0,134348800,536870912,134348800,3,200,0.0604617595672607,0.00266300887255156,1
gemm,bf16,warm,4,8192,8192,0,134348800,536870912,134348800,4,200,0.0604001618921757,0.00266300887255156,1
gemm,bf16,warm,4,8192,8192,0,134348800,536870912,134348800,5,200,0.0604526363313198,0.00266300887255156,1
gemm,bf16,warm,4,8192,8192,0,134348800,536870912,134348800,6,200,0.0604955181479454,0.00266300887255156,1
gemm,bf16,warm,8,8192,8192,0,134479872,1073741824,134479872,0,200,0.0499126389622688,0.00169396235379781,1
gemm,bf16,warm,8,8192,8192,0,134479872,1073741824,134479872,1,200,0.0499086380004883,0.00169396235379781,1
gemm,bf16,warm,8,8192,8192,0,134479872,1073741824,134479872,2,200,0.0499553568661213,0.00169396235379781,1
gemm,bf16,warm,8,8192,8192,0,134479872,1073741824,134479872,3,200,0.0499100796878338,0.00169396235379781,1
gemm,bf16,warm,8,8192,8192,0,134479872,1073741824,134479872,4,200,0.0498961582779884,0.00169396235379781,1
gemm,bf16,warm,8,8192,8192,0,134479872,1073741824,134479872,5,200,0.0498798415064812,0.00169396235379781,1
gemm,bf16,warm,8,8192,8192,0,134479872,1073741824,134479872,6,200,0.049890398979187,0.00169396235379781,1
gemm,bf16,warm,16,8192,8192,0,134742016,2147483648,134742016,0,200,0.0489468798041344,0.001948402555698,1
gemm,bf16,warm,16,8192,8192,0,134742016,2147483648,134742016,1,200,0.0489571206271648,0.001948402555698,1
gemm,bf16,warm,16,8192,8192,0,134742016,2147483648,134742016,2,200,0.0489316806197166,0.001948402555698,1
gemm,bf16,warm,16,8192,8192,0,134742016,2147483648,134742016,3,200,0.0489542372524738,0.001948402555698,1
gemm,bf16,warm,16,8192,8192,0,134742016,2147483648,134742016,4,200,0.0489547215402126,0.001948402555698,1
gemm,bf16,warm,16,8192,8192,0,134742016,2147483648,134742016,5,200,0.0490099191665649,0.001948402555698,1
gemm,bf16,warm,16,8192,8192,0,134742016,2147483648,134742016,6,200,0.0489908792078495,0.001948402555698,1
gemm,bf16,warm,32,8192,8192,0,135266304,4294967296,135266304,0,200,0.0476376004517078,0.00166506969017838,1
gemm,bf16,warm,32,8192,8192,0,135266304,4294967296,135266304,1,200,0.0476598404347897,0.00166506969017838,1
gemm,bf16,warm,32,8192,8192,0,135266304,4294967296,135266304,2,200,0.0476484820246696,0.00166506969017838,1
gemm,bf16,warm,32,8192,8192,0,135266304,4294967296,135266304,3,200,0.0476367995142937,0.00166506969017838,1
gemm,bf16,warm,32,8192,8192,0,135266304,4294967296,135266304,4,200,0.0476625598967075,0.00166506969017838,1
gemm,bf16,warm,32,8192,8192,0,135266304,4294967296,135266304,5,200,0.0476540811359882,0.00166506969017838,1
gemm,bf16,warm,32,8192,8192,0,135266304,4294967296,135266304,6,200,0.0476438365876675,0.00166506969017838,1
gemm,bf16,warm,64,8192,8192,0,136314880,8589934592,136314880,0,200,0.0481820814311504,0.00155328542635371,1
gemm,bf16,warm,64,8192,8192,0,136314880,8589934592,136314880,1,200,0.0481971204280853,0.00155328542635371,1
gemm,bf16,warm,64,8192,8192,0,136314880,8589934592,136314880,2,200,0.0481975972652435,0.00155328542635371,1
gemm,bf16,warm,64,8192,8192,0,136314880,8589934592,136314880,3,200,0.0481960028409958,0.00155328542635371,1
gemm,bf16,warm,64,8192,8192,0,136314880,8589934592,136314880,4,200,0.0481891185045242,0.00155328542635371,1
gemm,bf16,warm,64,8192,8192,0,136314880,8589934592,136314880,5,200,0.048182237893343,0.00155328542635371,1
gemm,bf16,warm,64,8192,8192,0,136314880,8589934592,136314880,6,200,0.0482284799218178,0.00155328542635371,1
gemm,bf16,warm,128,8192,8192,0,138412032,17179869184,138412032,0,200,0.0494324788451195,0.00176589199669178,1
gemm,bf16,warm,128,8192,8192,0,138412032,17179869184,138412032,1,200,0.0494555197656155,0.00176589199669178,1
gemm,bf16,warm,128,8192,8192,0,138412032,17179869184,138412032,2,200,0.0494521632790565,0.00176589199669178,1
gemm,bf16,warm,128,8192,8192,0,138412032,17179869184,138412032,3,200,0.0494240000844002,0.00176589199669178,1
gemm,bf16,warm,128,8192,8192,0,138412032,17179869184,138412032,4,200,0.0494380816817284,0.00176589199669178,1
gemm,bf16,warm,128,8192,8192,0,138412032,17179869184,138412032,5,200,0.0494179204106331,0.00176589199669178,1
gemm,bf16,warm,128,8192,8192,0,138412032,17179869184,138412032,6,200,0.0494571216404438,0.00176589199669178,1
gemm,bf16,warm,256,8192,8192,0,142606336,34359738368,142606336,0,200,0.053816482424736,0.00145721684350321,1
gemm,bf16,warm,256,8192,8192,0,142606336,34359738368,142606336,1,200,0.0537753589451313,0.00145721684350321,1
gemm,bf16,warm,256,8192,8192,0,142606336,34359738368,142606336,2,200,0.0538649596273899,0.00145721684350321,1
gemm,bf16,warm,256,8192,8192,0,142606336,34359738368,142606336,3,200,0.0540243200957775,0.00145721684350321,1
gemm,bf16,warm,256,8192,8192,0,142606336,34359738368,142606336,4,200,0.0539126396179199,0.00145721684350321,1
gemm,bf16,warm,256,8192,8192,0,142606336,34359738368,142606336,5,200,0.0539775975048542,0.00145721684350321,1
gemm,bf16,warm,256,8192,8192,0,142606336,34359738368,142606336,6,200,0.0549363195896149,0.00145721684350321,1
gemm,bf16,warm,512,8192,8192,0,150994944,68719476736,150994944,0,195,0.0946471393108368,0.00170620431592466,1
gemm,bf16,warm,512,8192,8192,0,150994944,68719476736,150994944,1,195,0.0933679640293121,0.00170620431592466,1
gemm,bf16,warm,512,8192,8192,0,150994944,68719476736,150994944,2,195,0.0929470360279083,0.00170620431592466,1
gemm,bf16,warm,512,8192,8192,0,150994944,68719476736,150994944,3,195,0.0928146094083786,0.00170620431592466,1
gemm,bf16,warm,512,8192,8192,0,150994944,68719476736,150994944,4,195,0.0908168181777,0.00170620431592466,1
gemm,bf16,warm,512,8192,8192,0,150994944,68719476736,150994944,5,195,0.0892043486237526,0.00170620431592466,1
gemm,bf16,warm,512,8192,8192,0,150994944,68719476736,150994944,6,195,0.0910125896334648,0.00170620431592466,1
gemm,bf16,warm,1024,8192,8192,0,167772160,137438953472,167772160,0,109,0.176841676235199,0.00177670344327559,1
gemm,bf16,warm,1024,8192,8192,0,167772160,137438953472,167772160,1,109,0.172583639621735,0.00177670344327559,1
gemm,bf16,warm,1024,8192,8192,0,167772160,137438953472,167772160,2,109,0.173330798745155,0.00177670344327559,1
gemm,bf16,warm,1024,8192,8192,0,167772160,137438953472,167772160,3,109,0.172315001487732,0.00177670344327559,1
gemm,bf16,warm,1024,8192,8192,0,167772160,137438953472,167772160,4,109,0.173512801527977,0.00177670344327559,1
gemm,bf16,warm,1024,8192,8192,0,167772160,137438953472,167772160,5,109,0.17351046204567,0.00177670344327559,1
gemm,bf16,warm,1024,8192,8192,0,167772160,137438953472,167772160,6,109,0.173553600907326,0.00177670344327559,1
gemm,bf16,warm,2048,8192,8192,0,201326592,274877906944,201326592,0,57,0.340053886175156,0.00169340637723078,1
gemm,bf16,warm,2048,8192,8192,0,201326592,274877906944,201326592,1,57,0.336008965969086,0.00169340637723078,1
gemm,bf16,warm,2048,8192,8192,0,201326592,274877906944,201326592,2,57,0.342559456825256,0.00169340637723078,1
gemm,bf16,warm,2048,8192,8192,0,201326592,274877906944,201326592,3,57,0.342552691698074,0.00169340637723078,1
gemm,bf16,warm,2048,8192,8192,0,201326592,274877906944,201326592,4,57,0.34259033203125,0.00169340637723078,1
gemm,bf16,warm,2048,8192,8192,0,201326592,274877906944,201326592,5,57,0.343569964170456,0.00169340637723078,1
gemm,bf16,warm,2048,8192,8192,0,201326592,274877906944,201326592,6,57,0.349510163068771,0.00169340637723078,1
gemm,tf32,warm,256,256,256,0,786432,33554432,786432,0,200,0.00630320003256202,0,1
gemm,tf32,warm,256,256,256,0,786432,33554432,786432,1,200,0.00629808008670807,0,1
gemm,tf32,warm,256,256,256,0,786432,33554432,786432,2,200,0.00630447966977954,0,1
gemm,tf32,warm,256,256,256,0,786432,33554432,786432,3,200,0.00630752043798566,0,1
gemm,tf32,warm,256,256,256,0,786432,33554432,786432,4,200,0.00630176020786166,0,1
gemm,tf32,warm,256,256,256,0,786432,33554432,786432,5,200,0.00629920000210404,0,1
gemm,tf32,warm,256,256,256,0,786432,33554432,786432,6,200,0.00630480004474521,0,1
gemm,tf32,cold,256,256,256,0,786432,33554432,786432,0,1,0.0109759997576475,0,1
gemm,tf32,cold,256,256,256,0,786432,33554432,786432,1,1,0.0108479997143149,0,1
gemm,tf32,cold,256,256,256,0,786432,33554432,786432,2,1,0.011392000131309,0,1
gemm,tf32,cold,256,256,256,0,786432,33554432,786432,3,1,0.0109440004453063,0,1
gemm,tf32,cold,256,256,256,0,786432,33554432,786432,4,1,0.0107840001583099,0,1
gemm,tf32,cold,256,256,256,0,786432,33554432,786432,5,1,0.0111039998009801,0,1
gemm,tf32,cold,256,256,256,0,786432,33554432,786432,6,1,0.0111999996006489,0,1
gemm,tf32,warm,512,512,512,0,3145728,268435456,3145728,0,200,0.00897344015538692,0,1
gemm,tf32,warm,512,512,512,0,3145728,268435456,3145728,1,200,0.0086132800206542,0,1
gemm,tf32,warm,512,512,512,0,3145728,268435456,3145728,2,200,0.00845615938305855,0,1
gemm,tf32,warm,512,512,512,0,3145728,268435456,3145728,3,200,0.00844928063452244,0,1
gemm,tf32,warm,512,512,512,0,3145728,268435456,3145728,4,200,0.00846736039966345,0,1
gemm,tf32,warm,512,512,512,0,3145728,268435456,3145728,5,200,0.00844207964837551,0,1
gemm,tf32,warm,512,512,512,0,3145728,268435456,3145728,6,200,0.00844591949135065,0,1
gemm,tf32,cold,512,512,512,0,3145728,268435456,3145728,0,1,0.0129279997199774,0,1
gemm,tf32,cold,512,512,512,0,3145728,268435456,3145728,1,1,0.0137280002236366,0,1
gemm,tf32,cold,512,512,512,0,3145728,268435456,3145728,2,1,0.0135040003806353,0,1
gemm,tf32,cold,512,512,512,0,3145728,268435456,3145728,3,1,0.0132160000503063,0,1
gemm,tf32,cold,512,512,512,0,3145728,268435456,3145728,4,1,0.0134079996496439,0,1
gemm,tf32,cold,512,512,512,0,3145728,268435456,3145728,5,1,0.0133760003373027,0,1
gemm,tf32,cold,512,512,512,0,3145728,268435456,3145728,6,1,0.0130880000069737,0,1
gemm,tf32,warm,1024,1024,1024,0,12582912,2147483648,12582912,0,200,0.0154857598245144,0,1
gemm,tf32,warm,1024,1024,1024,0,12582912,2147483648,12582912,1,200,0.0154920006170869,0,1
gemm,tf32,warm,1024,1024,1024,0,12582912,2147483648,12582912,2,200,0.0154851200059056,0,1
gemm,tf32,warm,1024,1024,1024,0,12582912,2147483648,12582912,3,200,0.0154884802177548,0,1
gemm,tf32,warm,1024,1024,1024,0,12582912,2147483648,12582912,4,200,0.0154897598549724,0,1
gemm,tf32,warm,1024,1024,1024,0,12582912,2147483648,12582912,5,200,0.0154879996553063,0,1
gemm,tf32,warm,1024,1024,1024,0,12582912,2147483648,12582912,6,200,0.0154681596904993,0,1
gemm,tf32,cold,1024,1024,1024,0,12582912,2147483648,12582912,0,1,0.0240640006959438,0,1
gemm,tf32,cold,1024,1024,1024,0,12582912,2147483648,12582912,1,1,0.0240000002086163,0,1
gemm,tf32,cold,1024,1024,1024,0,12582912,2147483648,12582912,2,1,0.0242560002952814,0,1
gemm,tf32,cold,1024,1024,1024,0,12582912,2147483648,12582912,3,1,0.0242880005389452,0,1
gemm,tf32,cold,1024,1024,1024,0,12582912,2147483648,12582912,4,1,0.0242240000516176,0,1
gemm,tf32,cold,1024,1024,1024,0,12582912,2147483648,12582912,5,1,0.024320000782609,0,1
gemm,tf32,cold,1024,1024,1024,0,12582912,2147483648,12582912,6,1,0.0298560000956059,0,1
gemm,tf32,warm,2048,2048,2048,0,50331648,17179869184,50331648,0,200,0.05128064006567,0,1
gemm,tf32,warm,2048,2048,2048,0,50331648,17179869184,50331648,1,200,0.0512601621448994,0,1
gemm,tf32,warm,2048,2048,2048,0,50331648,17179869184,50331648,2,200,0.0474824011325836,0,1
gemm,tf32,warm,2048,2048,2048,0,50331648,17179869184,50331648,3,200,0.0469518415629864,0,1
gemm,tf32,warm,2048,2048,2048,0,50331648,17179869184,50331648,4,200,0.0470103994011879,0,1
gemm,tf32,warm,2048,2048,2048,0,50331648,17179869184,50331648,5,200,0.0470342412590981,0,1
gemm,tf32,warm,2048,2048,2048,0,50331648,17179869184,50331648,6,200,0.0470334403216839,0,1
gemm,tf32,cold,2048,2048,2048,0,50331648,17179869184,50331648,0,1,0.0555200017988682,0,1
gemm,tf32,cold,2048,2048,2048,0,50331648,17179869184,50331648,1,1,0.0577600002288818,0,1
gemm,tf32,cold,2048,2048,2048,0,50331648,17179869184,50331648,2,1,0.0552639998495579,0,1
gemm,tf32,cold,2048,2048,2048,0,50331648,17179869184,50331648,3,1,0.0553280003368855,0,1
gemm,tf32,cold,2048,2048,2048,0,50331648,17179869184,50331648,4,1,0.0560000017285347,0,1
gemm,tf32,cold,2048,2048,2048,0,50331648,17179869184,50331648,5,1,0.0552319996058941,0,1
gemm,tf32,cold,2048,2048,2048,0,50331648,17179869184,50331648,6,1,0.0551999993622303,0,1
gemm,tf32,warm,4096,4096,4096,0,201326592,137438953472,201326592,0,61,0.315054684877396,0,1
gemm,tf32,warm,4096,4096,4096,0,201326592,137438953472,201326592,1,61,0.332810491323471,0,1
gemm,tf32,warm,4096,4096,4096,0,201326592,137438953472,201326592,2,61,0.361825048923492,0,1
gemm,tf32,warm,4096,4096,4096,0,201326592,137438953472,201326592,3,61,0.36953392624855,0,1
gemm,tf32,warm,4096,4096,4096,0,201326592,137438953472,201326592,4,61,0.370039612054825,0,1
gemm,tf32,warm,4096,4096,4096,0,201326592,137438953472,201326592,5,61,0.372754365205765,0,1
gemm,tf32,warm,4096,4096,4096,0,201326592,137438953472,201326592,6,61,0.378107279539108,0,1
gemm,tf32,warm,8192,8192,8192,0,805306368,1099511627776,805306368,0,6,2.89765858650208,0,1
gemm,tf32,warm,8192,8192,8192,0,805306368,1099511627776,805306368,1,6,2.89771747589111,0,1
gemm,tf32,warm,8192,8192,8192,0,805306368,1099511627776,805306368,2,6,2.89588260650635,0,1
gemm,tf32,warm,8192,8192,8192,0,805306368,1099511627776,805306368,3,6,2.8699038028717,0,1
gemm,tf32,warm,8192,8192,8192,0,805306368,1099511627776,805306368,4,6,2.84566950798035,0,1
gemm,tf32,warm,8192,8192,8192,0,805306368,1099511627776,805306368,5,6,2.82234120368958,0,1
gemm,tf32,warm,8192,8192,8192,0,805306368,1099511627776,805306368,6,6,2.77094388008118,0,1
gemm,tf32,warm,1,8192,8192,0,268500992,134217728,268500992,0,180,0.0922711193561554,0,1
gemm,tf32,warm,1,8192,8192,0,268500992,134217728,268500992,1,180,0.0911772400140762,0,1
gemm,tf32,warm,1,8192,8192,0,268500992,134217728,268500992,2,180,0.0911128893494606,0,1
gemm,tf32,warm,1,8192,8192,0,268500992,134217728,268500992,3,180,0.0910129770636559,0,1
gemm,tf32,warm,1,8192,8192,0,268500992,134217728,268500992,4,180,0.0909655168652534,0,1
gemm,tf32,warm,1,8192,8192,0,268500992,134217728,268500992,5,180,0.0909096896648407,0,1
gemm,tf32,warm,1,8192,8192,0,268500992,134217728,268500992,6,180,0.0909575149416924,0,1
gemm,tf32,warm,2,8192,8192,0,268566528,268435456,268566528,0,166,0.115126751363277,0,1
gemm,tf32,warm,2,8192,8192,0,268566528,268435456,268566528,1,166,0.115135028958321,0,1
gemm,tf32,warm,2,8192,8192,0,268566528,268435456,268566528,2,166,0.114992000162601,0,1
gemm,tf32,warm,2,8192,8192,0,268566528,268435456,268566528,3,166,0.11505851149559,0,1
gemm,tf32,warm,2,8192,8192,0,268566528,268435456,268566528,4,166,0.115011468529701,0,1
gemm,tf32,warm,2,8192,8192,0,268566528,268435456,268566528,5,166,0.115137159824371,0,1
gemm,tf32,warm,2,8192,8192,0,268566528,268435456,268566528,6,166,0.1149066016078,0,1
gemm,tf32,warm,4,8192,8192,0,268697600,536870912,268697600,0,177,0.103715613484383,0,1
gemm,tf32,warm,4,8192,8192,0,268697600,536870912,268697600,1,177,0.103751048445702,0,1
gemm,tf32,warm,4,8192,8192,0,268697600,536870912,268697600,2,177,0.103698253631592,0,1
gemm,tf32,warm,4,8192,8192,0,268697600,536870912,268697600,3,177,0.103616178035736,0,1
gemm,tf32,warm,4,8192,8192,0,268697600,536870912,268697600,4,177,0.10375339537859,0,1
gemm,tf32,warm,4,8192,8192,0,268697600,536870912,268697600,5,177,0.103880502283573,0,1
gemm,tf32,warm,4,8192,8192,0,268697600,536870912,268697600,6,177,0.104040503501892,0,1
gemm,tf32,warm,8,8192,8192,0,268959744,1073741824,268959744,0,187,0.0988319143652916,0,1
gemm,tf32,warm,8,8192,8192,0,268959744,1073741824,268959744,1,187,0.0988319143652916,0,1
gemm,tf32,warm,8,8192,8192,0,268959744,1073741824,268959744,2,187,0.098825067281723,0,1
gemm,tf32,warm,8,8192,8192,0,268959744,1073741824,268959744,3,187,0.098827637732029,0,1
gemm,tf32,warm,8,8192,8192,0,268959744,1073741824,268959744,4,187,0.0988868474960327,0,1
gemm,tf32,warm,8,8192,8192,0,268959744,1073741824,268959744,5,187,0.0988358482718468,0,1
gemm,tf32,warm,8,8192,8192,0,268959744,1073741824,268959744,6,187,0.0988875329494476,0,1
gemm,tf32,warm,16,8192,8192,0,269484032,2147483648,269484032,0,190,0.0982721745967865,0,1
gemm,tf32,warm,16,8192,8192,0,269484032,2147483648,269484032,1,190,0.0982644259929657,0,1
gemm,tf32,warm,16,8192,8192,0,269484032,2147483648,269484032,2,190,0.0982757061719894,0,1
gemm,tf32,warm,16,8192,8192,0,269484032,2147483648,269484032,3,190,0.0982125401496887,0,1
gemm,tf32,warm,16,8192,8192,0,269484032,2147483648,269484032,4,190,0.098246231675148,0,1
gemm,tf32,warm,16,8192,8192,0,269484032,2147483648,269484032,5,190,0.0982964187860489,0,1
gemm,tf32,warm,16,8192,8192,0,269484032,2147483648,269484032,6,190,0.0982676222920418,0,1
gemm,tf32,warm,32,8192,8192,0,270532608,4294967296,270532608,0,192,0.096523828804493,0,1
gemm,tf32,warm,32,8192,8192,0,270532608,4294967296,270532608,1,192,0.0964616611599922,0,1
gemm,tf32,warm,32,8192,8192,0,270532608,4294967296,270532608,2,192,0.0965116620063782,0,1
gemm,tf32,warm,32,8192,8192,0,270532608,4294967296,270532608,3,192,0.0965561643242836,0,1
gemm,tf32,warm,32,8192,8192,0,270532608,4294967296,270532608,4,192,0.0964998304843903,0,1
gemm,tf32,warm,32,8192,8192,0,270532608,4294967296,270532608,5,192,0.096507839858532,0,1
gemm,tf32,warm,32,8192,8192,0,270532608,4294967296,270532608,6,192,0.0964893326163292,0,1
gemm,tf32,warm,64,8192,8192,0,272629760,8589934592,272629760,0,184,0.103615306317806,0,1
gemm,tf32,warm,64,8192,8192,0,272629760,8589934592,272629760,1,184,0.103615656495094,0,1
gemm,tf32,warm,64,8192,8192,0,272629760,8589934592,272629760,2,184,0.103608869016171,0,1
gemm,tf32,warm,64,8192,8192,0,272629760,8589934592,272629760,3,184,0.103690780699253,0,1
gemm,tf32,warm,64,8192,8192,0,272629760,8589934592,272629760,4,184,0.103598438203335,0,1
gemm,tf32,warm,64,8192,8192,0,272629760,8589934592,272629760,5,184,0.103571303188801,0,1
gemm,tf32,warm,64,8192,8192,0,272629760,8589934592,272629760,6,184,0.10363183170557,0,1
gemm,tf32,warm,128,8192,8192,0,276824064,17179869184,276824064,0,190,0.0963636189699173,0,1
gemm,tf32,warm,128,8192,8192,0,276824064,17179869184,276824064,1,190,0.0963479578495026,0,1
gemm,tf32,warm,128,8192,8192,0,276824064,17179869184,276824064,2,190,0.0963041707873344,0,1
gemm,tf32,warm,128,8192,8192,0,276824064,17179869184,276824064,3,190,0.0962992832064629,0,1
gemm,tf32,warm,128,8192,8192,0,276824064,17179869184,276824064,4,190,0.0963250547647476,0,1
gemm,tf32,warm,128,8192,8192,0,276824064,17179869184,276824064,5,190,0.0963691845536232,0,1
gemm,tf32,warm,128,8192,8192,0,276824064,17179869184,276824064,6,190,0.0962858125567436,0,1
gemm,tf32,warm,256,8192,8192,0,285212672,34359738368,285212672,0,162,0.114597529172897,0,1
gemm,tf32,warm,256,8192,8192,0,285212672,34359738368,285212672,1,162,0.114547751843929,0,1
gemm,tf32,warm,256,8192,8192,0,285212672,34359738368,285212672,2,162,0.114652246236801,0,1
gemm,tf32,warm,256,8192,8192,0,285212672,34359738368,285212672,3,162,0.114615313708782,0,1
gemm,tf32,warm,256,8192,8192,0,285212672,34359738368,285212672,4,162,0.115441381931305,0,1
gemm,tf32,warm,256,8192,8192,0,285212672,34359738368,285212672,5,162,0.116498567163944,0,1
gemm,tf32,warm,256,8192,8192,0,285212672,34359738368,285212672,6,162,0.116607807576656,0,1
gemm,tf32,warm,512,8192,8192,0,301989888,68719476736,301989888,0,104,0.178718775510788,0,1
gemm,tf32,warm,512,8192,8192,0,301989888,68719476736,301989888,1,104,0.177484914660454,0,1
gemm,tf32,warm,512,8192,8192,0,301989888,68719476736,301989888,2,104,0.178057849407196,0,1
gemm,tf32,warm,512,8192,8192,0,301989888,68719476736,301989888,3,104,0.169591993093491,0,1
gemm,tf32,warm,512,8192,8192,0,301989888,68719476736,301989888,4,104,0.173804610967636,0,1
gemm,tf32,warm,512,8192,8192,0,301989888,68719476736,301989888,5,104,0.175264924764633,0,1
gemm,tf32,warm,512,8192,8192,0,301989888,68719476736,301989888,6,104,0.175291076302528,0,1
gemm,tf32,warm,1024,8192,8192,0,335544320,137438953472,335544320,0,57,0.325483232736588,0,1
gemm,tf32,warm,1024,8192,8192,0,335544320,137438953472,335544320,1,57,0.322916507720947,0,1
gemm,tf32,warm,1024,8192,8192,0,335544320,137438953472,335544320,2,57,0.325167715549469,0,1
gemm,tf32,warm,1024,8192,8192,0,335544320,137438953472,335544320,3,57,0.328840434551239,0,1
gemm,tf32,warm,1024,8192,8192,0,335544320,137438953472,335544320,4,57,0.330227643251419,0,1
gemm,tf32,warm,1024,8192,8192,0,335544320,137438953472,335544320,5,57,0.330108642578125,0,1
gemm,tf32,warm,1024,8192,8192,0,335544320,137438953472,335544320,6,57,0.329880118370056,0,1
gemm,tf32,warm,2048,8192,8192,0,402653184,274877906944,402653184,0,30,0.640103459358215,0,1
gemm,tf32,warm,2048,8192,8192,0,402653184,274877906944,402653184,1,30,0.650290131568909,0,1
gemm,tf32,warm,2048,8192,8192,0,402653184,274877906944,402653184,2,30,0.663053870201111,0,1
gemm,tf32,warm,2048,8192,8192,0,402653184,274877906944,402653184,3,30,0.686377584934235,0,1
gemm,tf32,warm,2048,8192,8192,0,402653184,274877906944,402653184,4,30,0.698555767536163,0,1
gemm,tf32,warm,2048,8192,8192,0,402653184,274877906944,402653184,5,30,0.702654898166656,0,1
gemm,tf32,warm,2048,8192,8192,0,402653184,274877906944,402653184,6,30,0.702718913555145,0,1
