batch,prompt_length,repeat,step,gpu_decode_ms,wall_decode_ms
1,128,0,1,24.28620719909668,24.31423999951221
1,128,0,2,24.265535354614258,24.290729998028837
1,128,0,3,24.27903938293457,24.30463999917265
1,128,0,4,24.29132843017578,24.317620001966134
1,128,0,5,24.28211212158203,24.307999992743134
1,128,0,6,24.279775619506836,24.304599995957687
1,128,0,7,24.283903121948242,24.309999993420206
1,128,0,8,24.300128936767578,24.325109989149496
1,128,0,9,24.27903938293457,24.304570004460402
1,128,0,10,24.28313636779785,24.3095199984964
1,128,0,11,24.28211212158203,24.30797999841161
1,128,0,12,24.28611183166504,24.31124000577256
1,128,0,13,24.284000396728516,24.30973999435082
1,128,0,14,24.283775329589844,24.309439992066473
1,128,0,15,24.275968551635742,24.301960002048872
1,128,0,16,24.2872314453125,24.31317999435123
1,128,0,17,24.285152435302734,24.31066999270115
1,128,0,18,24.2923526763916,24.318669995409437
1,128,0,19,24.284160614013672,24.30969000852201
1,128,0,20,24.392671585083008,24.422789996606298
1,128,0,21,24.517375946044922,24.543640000047162
1,128,0,22,24.302207946777344,24.327290011569858
1,128,0,23,24.28927993774414,24.31420999346301
1,128,0,24,24.29439926147461,24.318890005815774
1,128,0,25,24.29644775390625,24.321210003108718
1,128,0,26,24.32204818725586,24.348210004973225
1,128,0,27,24.32316780090332,24.349580009584315
1,128,0,28,24.31875228881836,24.343779994524084
1,128,0,29,24.30771255493164,24.333669993211515
1,128,0,30,24.30463981628418,24.33016999566462
1,128,0,31,24.30873680114746,24.33495999139268
1,128,0,32,24.314592361450195,24.34155999799259
1,128,0,33,24.31488037109375,24.34134999930393
1,128,0,34,24.304384231567383,24.32992000831291
1,128,0,35,24.30259132385254,24.329599997145124
1,128,0,36,24.305952072143555,24.332250002771616
1,128,0,37,24.31692886352539,24.341809999896213
1,128,0,38,24.31488037109375,24.340810006833635
1,128,0,39,24.31999969482422,24.346010002773255
1,128,0,40,24.30668830871582,24.332360000698827
1,128,0,41,24.31283187866211,24.339139999938197
1,128,0,42,24.329055786132812,24.355620000278577
1,128,0,43,24.31667137145996,24.34303000336513
1,128,0,44,24.320768356323242,24.3464499944821
1,128,0,45,24.31385612487793,24.34376000019256
1,128,0,46,24.32486343383789,24.35050999338273
1,128,0,47,24.32921600341797,24.35480999702122
1,128,0,48,24.317920684814453,24.342229997273535
1,128,0,49,24.31283187866211,24.337540002306923
1,128,0,50,24.314559936523438,24.339659998076968
1,128,0,51,24.32512092590332,24.350930005311966
1,128,0,52,24.31692886352539,24.34211000218056
1,128,0,53,24.30975914001465,24.334720001206733
1,128,0,54,24.32307243347168,24.34875999460928
1,128,0,55,24.31167984008789,24.337229988304898
1,128,0,56,24.317663192749023,24.342579999938607
1,128,0,57,24.317951202392578,24.342529999557883
1,128,0,58,24.320959091186523,24.346079997485504
1,128,0,59,24.31590461730957,24.341409996850416
1,128,0,60,24.327423095703125,24.35311999579426
1,128,0,61,24.319936752319336,24.34616000391543
1,128,0,62,24.32192039489746,24.348170001758263
1,128,0,63,24.320703506469727,24.347519996808842
1,128,1,1,24.28611183166504,24.310599997988902
1,128,1,2,24.267520904541016,24.292530011734925
1,128,1,3,24.27903938293457,24.305220009409823
1,128,1,4,24.30259132385254,24.32913999655284
1,128,1,5,24.28211212158203,24.307659987243824
1,128,1,6,24.305952072143555,24.33195999765303
1,128,1,7,24.28108787536621,24.306649997015484
1,128,1,8,24.279743194580078,24.305250000907108
1,128,1,9,24.284160614013672,24.310209992108867
1,128,1,10,24.276927947998047,24.302710007759742
1,128,1,11,24.303424835205078,24.330350002855994
1,128,1,12,24.301408767700195,24.327740000444464
1,128,1,13,24.32819175720215,24.35447998868767
1,128,1,14,24.31488037109375,24.340870004380122
1,128,1,15,24.284160614013672,24.310339998919517
1,128,1,16,24.284160614013672,24.310330001753755
1,128,1,17,24.285184860229492,24.311920002219267
1,128,1,18,24.2923526763916,24.318249998032115
1,128,1,19,24.29439926147461,24.319620002643205
1,128,1,20,24.2840633392334,24.309230007929727
1,128,1,21,24.285184860229492,24.31071001046803
1,128,1,22,24.28892707824707,24.31485999841243
1,128,1,23,24.297407150268555,24.322340002981946
1,128,1,24,24.2923526763916,24.317709991009906
1,128,1,25,24.2871036529541,24.312509995070286
1,128,1,26,24.29644775390625,24.323509991518222
1,128,1,27,24.302528381347656,24.32734999456443
1,128,1,28,24.30259132385254,24.327970008016564
1,128,1,29,24.328128814697266,24.353039989364333
1,128,1,30,24.30463981628418,24.3354099948192
1,128,1,31,24.3056640625,24.33054000721313
1,128,1,32,24.30668830871582,24.332489992957562
1,128,1,33,24.30544090270996,24.33071999985259
1,128,1,34,24.29849624633789,24.323589997948147
1,128,1,35,24.31180763244629,24.33688000019174
1,128,1,36,24.310688018798828,24.335909998626448
1,128,1,37,24.327007293701172,24.35233000142034
1,128,1,38,24.31279945373535,24.337859998922795
1,128,1,39,24.31999969482422,24.346000005607493
1,128,1,40,24.32204818725586,24.34717999130953
1,128,1,41,24.32512092590332,24.35140000307001
1,128,1,42,24.31167984008789,24.33739999833051
1,128,1,43,24.32988739013672,24.357710004551336
1,128,1,44,24.316896438598633,24.343509998288937
1,128,1,45,24.34764862060547,24.374790009460412
1,128,1,46,24.378368377685547,24.406299999100156
1,128,1,47,24.392704010009766,24.4196900021052
1,128,1,48,24.323360443115234,24.34875999460928
1,128,1,49,24.32419204711914,24.350039995624684
1,128,1,50,24.32080078125,24.34586000163108
1,128,1,51,24.33024024963379,24.35648000391666
1,128,1,52,24.345279693603516,24.37056000053417
1,128,1,53,24.341503143310547,24.367310004890896
1,128,1,54,24.349695205688477,24.375469991355203
1,128,1,55,24.349536895751953,24.376600005780347
1,128,1,56,24.34867286682129,24.375430002692156
1,128,1,57,24.38003158569336,24.40620999550447
1,128,1,58,24.32307243347168,24.34970000467729
1,128,1,59,24.349599838256836,24.423800001386553
1,128,1,60,24.88390350341797,24.98215000377968
1,128,1,61,24.330175399780273,24.356360008823685
1,128,1,62,24.330080032348633,24.355300003662705
1,128,1,63,24.315200805664062,24.340770003618672
1,128,2,1,24.304288864135742,24.33508999820333
1,128,2,2,24.258560180664062,24.284259998239577
1,128,2,3,24.27052879333496,24.29527000640519
1,128,2,4,24.266592025756836,24.291670008096844
1,128,2,5,24.26950454711914,24.294949995237403
1,128,2,6,24.27084732055664,24.297120005940087
1,128,2,7,24.26982307434082,24.29572000983171
1,128,2,8,24.274751663208008,24.29978000873234
1,128,2,9,24.2840633392334,24.30973999435082
1,128,2,10,24.284160614013672,24.309740008902736
1,128,2,11,24.27187156677246,24.296370000229217
1,128,2,12,24.278911590576172,24.30429999367334
1,128,2,13,24.28780746459961,24.312800000188872
1,128,2,14,24.283872604370117,24.309230007929727
1,128,2,15,24.27801513671875,24.302820005686954
1,128,2,16,24.279647827148438,24.304480000864714
1,128,2,17,24.27801513671875,24.30347999325022
1,128,2,18,24.28006362915039,24.305250000907108
1,128,2,19,24.304256439208984,24.32927000336349
1,128,2,20,24.275968551635742,24.301329991430975
1,128,2,21,24.30156707763672,24.32823000708595
1,128,2,22,24.30886459350586,24.334499990800396
1,128,2,23,24.30841636657715,24.334380010259338
1,128,2,24,24.28892707824707,24.31485999841243
1,128,2,25,24.30246353149414,24.327439998160116
1,128,2,26,24.33216094970703,24.35714000603184
1,128,2,27,24.3240966796875,24.349629995413125
1,128,2,28,24.339359283447266,24.36467001098208
1,128,2,29,24.3056640625,24.33811000082642
1,128,2,30,24.317760467529297,24.34785000514239
1,128,2,31,24.29747200012207,24.323129997355863
1,128,2,32,24.296255111694336,24.322090001078323
1,128,2,33,24.317760467529297,24.342190008610487
1,128,2,34,24.31999969482422,24.3447999964701
1,128,2,35,25.15660858154297,25.183799996739253
1,128,2,36,24.388160705566406,24.413079998339526
1,128,2,37,24.31180763244629,24.344909994397312
1,128,2,38,24.30873680114746,24.334009998710826
1,128,2,39,24.30771255493164,24.33354000095278
1,128,2,40,24.306560516357422,24.331349995918572
1,128,2,41,24.32512092590332,24.350809995667078
1,128,2,42,24.305824279785156,24.331520005944185
1,128,2,43,24.30944061279297,24.335750000318512
1,128,2,44,24.305599212646484,24.331909997272305
1,128,2,45,24.3056640625,24.331450011231937
1,128,2,46,24.312416076660156,24.33784000459127
1,128,2,47,24.30975914001465,24.335309994057752
1,128,2,48,24.312639236450195,24.33818999270443
1,128,2,49,24.312576293945312,24.33784000459127
1,128,2,50,24.306367874145508,24.331489999894984
1,128,2,51,24.307584762573242,24.333080000360496
1,128,2,52,24.31305694580078,24.33887000370305
1,128,2,53,24.31078338623047,24.336920003406703
1,128,2,54,24.305599212646484,24.33131998986937
1,128,2,55,24.30156707763672,24.32693999435287
1,128,2,56,24.312543869018555,24.345049998373725
1,128,2,57,24.31590461730957,24.341829994227737
1,128,2,58,24.31385612487793,24.339550000149757
1,128,2,59,24.31692886352539,24.342939999769442
1,128,2,60,24.32691192626953,24.351719999685884
1,128,2,61,24.31385612487793,24.338820003322326
1,128,2,62,24.323104858398438,24.349389990675263
1,128,2,63,24.308927536010742,24.33371999359224
1,128,3,1,24.285024642944336,24.31182999862358
1,128,3,2,24.25446319580078,24.280439989524893
1,128,3,3,24.30873680114746,24.334069996257313
1,128,3,4,24.30361557006836,24.32937000412494
1,128,3,5,24.29849624633789,24.32435999799054
1,128,3,6,24.29427146911621,24.31963999697473
1,128,3,7,24.27779197692871,24.30321001156699
1,128,3,8,24.267776489257812,24.29279001080431
1,128,3,9,24.27555274963379,24.300460005179048
1,128,3,10,24.266496658325195,24.292600006447174
1,128,3,11,24.284000396728516,24.30990998982452
1,128,3,12,24.27187156677246,24.2982799973106
1,128,3,13,24.2739200592041,24.299810000229627
1,128,3,14,24.275968551635742,24.30171000014525
1,128,3,15,24.27187156677246,24.297910000314005
1,128,3,16,24.27801513671875,24.302850011736155
1,128,3,17,24.27382469177246,24.30005000496749
1,128,3,18,24.28211212158203,24.30849999655038
1,128,3,19,24.27881622314453,24.30361000006087
1,128,3,20,24.27084732055664,24.296119998325594
1,128,3,21,24.28825569152832,24.315130009199493
1,128,3,22,24.303359985351562,24.328479994437657
1,128,3,23,24.293376922607422,24.319240008480847
1,128,3,24,24.277664184570312,24.302310004713945
1,128,3,25,24.27779197692871,24.30254999489989
1,128,3,26,24.284160614013672,24.317999996128492
1,128,3,27,24.29542350769043,24.322319994098507
1,128,3,28,24.29952049255371,24.32532000239007
1,128,3,29,24.29644775390625,24.3218099931255
1,128,3,30,24.30259132385254,24.327730003278702
1,128,3,31,24.31590461730957,24.340570002095774
1,128,3,32,24.29952049255371,24.326139988261275
1,128,3,33,24.293088912963867,24.318800002220087
1,128,3,34,24.287071228027344,24.311879999004304
1,128,3,35,24.296192169189453,24.321540011442266
1,128,3,36,24.2923526763916,24.31744999194052
1,128,3,37,24.30031967163086,24.325350008439273
1,128,3,38,24.307552337646484,24.33236999786459
1,128,3,39,24.39347267150879,24.418549990514293
1,128,3,40,24.30463981628418,24.330749991349876
1,128,3,41,24.307519912719727,24.332560002221726
1,128,3,42,24.30668830871582,24.3322799942689
1,128,3,43,24.30963134765625,24.336230009794235
1,128,3,44,24.30668830871582,24.331789987627417
1,128,3,45,24.314592361450195,24.33967999240849
1,128,3,46,24.310848236083984,24.33633999316953
1,128,3,47,24.314624786376953,24.338960007298738
1,128,3,48,24.328767776489258,24.354239998501725
1,128,3,49,24.309728622436523,24.334689995157532
1,128,3,50,24.30771255493164,24.333109991857782
1,128,3,51,24.31283187866211,24.33814000687562
1,128,3,52,24.30975914001465,24.334960005944595
1,128,3,53,24.297088623046875,24.322009994648397
1,128,3,54,24.3056640625,24.33234998898115
1,128,3,55,24.318592071533203,24.344210003619082
1,128,3,56,24.31999969482422,24.345059995539486
1,128,3,57,24.315839767456055,24.341269992874004
1,128,3,58,24.312511444091797,24.337149996426888
1,128,3,59,24.315807342529297,24.340370000572875
1,128,3,60,24.34662437438965,24.371659994358197
1,128,3,61,24.317951202392578,24.34404999075923
1,128,3,62,24.32102394104004,24.34730000095442
1,128,3,63,24.313631057739258,24.337740003829822
1,128,4,1,24.28620719909668,24.31519000674598
1,128,4,2,24.265727996826172,24.29095999104902
1,128,4,3,24.26265525817871,24.28924001287669
1,128,4,4,24.26598358154297,24.29122998728417
1,128,4,5,24.263328552246094,24.287869993713684
1,128,4,6,24.274944305419922,24.300870005390607
1,128,4,7,24.267776489257812,24.293599999509752
1,128,4,8,24.272735595703125,24.30006000213325
1,128,4,9,24.26736068725586,24.29197999299504
1,128,4,10,24.27084732055664,24.296350005897693
1,128,4,11,24.369152069091797,24.394499996560626
1,128,4,12,24.28006362915039,24.30569000716787
1,128,4,13,24.27084732055664,24.29620000475552
1,128,4,14,24.271455764770508,24.297020005178638
1,128,4,15,24.268096923828125,24.293030000990257
1,128,4,16,24.284160614013672,24.309500004164875
1,128,4,17,24.274944305419922,24.30055999138858
1,128,4,18,24.276992797851562,24.302520003402606
1,128,4,19,24.27984046936035,24.30476000881754
1,128,4,20,24.276992797851562,24.30208001169376
1,128,4,21,24.28927993774414,24.31444999820087
1,128,4,22,24.28825569152832,24.31307999358978
1,128,4,23,24.301183700561523,24.32603000488598
1,128,4,24,24.303455352783203,24.32871999917552
1,128,4,25,24.327167510986328,24.35387999867089
1,128,4,26,24.285791397094727,24.318419993505813
1,128,4,27,24.28495979309082,24.30987000116147
1,128,4,28,24.29952049255371,24.324619997059926
1,128,4,29,24.300735473632812,24.330810003448278
1,128,4,30,24.30771255493164,24.336529997526668
1,128,4,31,24.307584762573242,24.332639994099736
1,128,4,32,24.308351516723633,24.333900000783615
1,128,4,33,24.30156707763672,24.3268800113583
1,128,4,34,24.294784545898438,24.320349999470636
1,128,4,35,24.301408767700195,24.326020007720217
1,128,4,36,24.29030418395996,24.31599999545142
1,128,4,37,24.307519912719727,24.332170010893606
1,128,4,38,24.30361557006836,24.328870000317693
1,128,4,39,24.29542350769043,24.32029999908991
1,128,4,40,24.30873680114746,24.334429996088147
1,128,4,41,24.316511154174805,24.341589989489876
1,128,4,42,24.313791275024414,24.338549992535263
1,128,4,43,24.3240966796875,24.350320003577508
1,128,4,44,24.30873680114746,24.334169997018762
1,128,4,45,24.31180763244629,24.337150010978803
1,128,4,46,24.31078338623047,24.336510003195144
1,128,4,47,24.30841636657715,24.33330999338068
1,128,4,48,24.312511444091797,24.33663999545388
1,128,4,49,24.30851173400879,24.334199988516048
1,128,4,50,24.3056640625,24.330590007593855
1,128,4,51,24.3187198638916,24.34386999811977
1,128,4,52,24.309471130371094,24.334720001206733
1,128,4,53,24.29849624633789,24.323969992110506
1,128,4,54,24.3240966796875,24.349279992748052
1,128,4,55,24.30873680114746,24.33397001004778
1,128,4,56,24.331296920776367,24.35811999021098
1,128,4,57,24.342527389526367,24.368790007429197
1,128,4,58,24.313919067382812,24.339430005056784
1,128,4,59,24.31999969482422,24.34571999765467
1,128,4,60,24.32921600341797,24.355800007469952
1,128,4,61,24.32796859741211,24.353470013011247
1,128,4,62,24.32195281982422,24.347129990928806
1,128,4,63,24.31385612487793,24.339269992196932
1,128,5,1,24.31078338623047,24.337480004760437
1,128,5,2,24.28291130065918,24.30859999731183
1,128,5,3,24.29088020324707,24.316159993759356
1,128,5,4,24.299360275268555,24.325539998244494
1,128,5,5,24.417184829711914,24.4424199918285
1,128,5,6,24.27177619934082,24.29668999684509
1,128,5,7,24.2739200592041,24.299529992276803
1,128,5,8,24.2675838470459,24.293010006658733
1,128,5,9,24.28620719909668,24.310880005941726
1,128,5,10,24.285024642944336,24.309800006449223
1,128,5,11,24.26838493347168,24.29283999663312
1,128,5,12,24.27187156677246,24.297500000102445
1,128,5,13,24.27289581298828,24.29837999807205
1,128,5,14,24.276992797851562,24.30254999489989
1,128,5,15,24.275968551635742,24.30080001067836
1,128,5,16,24.27289581298828,24.298780001117848
1,128,5,17,24.27903938293457,24.30466000805609
1,128,5,18,24.275711059570312,24.300730001414195
1,128,5,19,24.30873680114746,24.33423999173101
1,128,5,20,24.27280044555664,24.298310003359802
1,128,5,21,24.284767150878906,24.309640008141287
1,128,5,22,24.280799865722656,24.306510007590987
1,128,5,23,24.2827205657959,24.30848999938462
1,128,5,24,24.29132843017578,24.317359988344833
1,128,5,25,24.275903701782227,24.300420001964085
1,128,5,26,24.293376922607422,24.31812000577338
1,128,5,27,24.294368743896484,24.31902999524027
1,128,5,28,24.295135498046875,27.041380002629012
1,128,5,29,24.49715232849121,24.52445001108572
1,128,5,30,24.29747200012207,24.323229998117313
1,128,5,31,24.29849624633789,24.323669989826158
1,128,5,32,24.335359573364258,24.361539995879866
1,128,5,33,24.3240966796875,24.35040999262128
1,128,5,34,24.343551635742188,24.370130005991086
1,128,5,35,24.335359573364258,24.361670002690516
1,128,5,36,24.29814338684082,24.32331000454724
1,128,5,37,24.32204818725586,24.347800004761666
1,128,5,38,24.30544090270996,24.3307999917306
1,128,5,39,24.318016052246094,24.34303000336513
1,128,5,40,24.31488037109375,24.34066000569146
1,128,5,41,24.31180763244629,24.337139999261126
1,128,5,42,24.32111930847168,24.346630001673475
1,128,5,43,24.31692886352539,24.343590004718862
1,128,5,44,24.31078338623047,24.33677000226453
1,128,5,45,24.31283187866211,24.33836000273004
1,128,5,46,24.32512092590332,24.351680011022836
1,128,5,47,24.312639236450195,24.33983000810258
1,128,5,48,24.31180763244629,24.337409995496273
1,128,5,49,24.310367584228516,24.3372599943541
1,128,5,50,24.29952049255371,24.32383999985177
1,128,5,51,24.32102394104004,24.34550999896601
1,128,5,52,24.305376052856445,24.33550999558065
1,128,5,53,24.304576873779297,24.328689993126318
1,128,5,54,24.31692886352539,24.342849996173754
1,128,5,55,24.30463981628418,24.331489999894984
1,128,5,56,24.327903747558594,24.352600012207404
1,128,5,57,24.31283187866211,24.337319991900586
1,128,5,58,24.310752868652344,24.335769994650036
1,128,5,59,24.32307243347168,24.34750999964308
1,128,5,60,24.32204818725586,24.34706999338232
1,128,5,61,24.31590461730957,24.340980002307333
1,128,5,62,24.32307243347168,24.34878000349272
1,128,5,63,24.323999404907227,24.349040002562106
1,128,6,1,24.32476806640625,24.35022999998182
1,128,6,2,24.245952606201172,24.269870002171956
1,128,6,3,24.25712013244629,24.28133001376409
1,128,6,4,24.27187156677246,24.29616999870632
1,128,6,5,24.273632049560547,24.2985100048827
1,128,6,6,24.26470375061035,24.289649998536333
1,128,6,7,24.27155113220215,24.295730006997474
1,128,6,8,24.27382469177246,24.29840000695549
1,128,6,9,24.26982307434082,24.29503999883309
1,128,6,10,24.27801513671875,24.302660007379018
1,128,6,11,24.265695571899414,24.290379995363764
1,128,6,12,24.268800735473633,24.294119997648522
1,128,6,13,24.268831253051758,24.293629991007037
1,128,6,14,25.051136016845703,25.075570010812953
1,128,6,15,24.26857566833496,24.292869988130406
1,128,6,16,24.272863388061523,24.297620009747334
1,128,6,17,24.27187156677246,24.296749994391575
1,128,6,18,24.329151153564453,24.354949986445718
1,128,6,19,24.284160614013672,24.308230000315234
1,128,6,20,24.27449607849121,24.29910999489948
1,128,6,21,24.28313636779785,24.308349995408207
1,128,6,22,24.550399780273438,24.575060000643134
1,128,6,23,24.28108787536621,24.306489998707548
1,128,6,24,24.2872314453125,24.311710003530607
1,128,6,25,24.28006362915039,24.304979990120046
1,128,6,26,24.29952049255371,24.3250300118234
1,128,6,27,24.28620719909668,24.310940003488213
1,128,6,28,24.2923526763916,24.317019997397438
1,128,6,29,24.293376922607422,24.319799995282665
1,128,6,30,24.3057918548584,24.33211001334712
1,128,6,31,24.29110336303711,24.314989990671165
1,128,6,32,24.31385612487793,24.33856000425294
1,128,6,33,24.29635238647461,24.32091999799013
1,128,6,34,24.28927993774414,24.31379999325145
1,128,6,35,24.306495666503906,24.331709995749407
1,128,6,36,24.293983459472656,24.318480005604215
1,128,6,37,24.298336029052734,24.322440003743395
1,128,6,38,24.29747200012207,24.32266999676358
1,128,6,39,24.29849624633789,24.322869998286478
1,128,6,40,24.30259132385254,24.327789986273274
1,128,6,41,24.30463981628418,24.329230000148527
1,128,6,42,24.30361557006836,24.32875000522472
1,128,6,43,24.30771255493164,24.33330999338068
1,128,6,44,24.320831298828125,24.34576000086963
1,128,6,45,24.30121612548828,24.32624000357464
1,128,6,46,24.30361557006836,24.329919993760996
1,128,6,47,24.31692886352539,24.34180000273045
1,128,6,48,24.30361557006836,24.328429994056933
1,128,6,49,24.302175521850586,24.326669998117723
1,128,6,50,24.301376342773438,24.326619997736998
1,128,6,51,24.3176326751709,24.34231000370346
1,128,6,52,24.30873680114746,24.334020010428503
1,128,6,53,24.304256439208984,24.327500010258518
1,128,6,54,24.30361557006836,24.328639992745593
1,128,6,55,24.31376075744629,24.33907000522595
1,128,6,56,24.31180763244629,24.336499991477467
1,128,6,57,24.31180763244629,24.337120004929602
1,128,6,58,24.30975914001465,24.33509999536909
1,128,6,59,24.31884765625,24.3433199939318
1,128,6,60,24.313535690307617,24.33846000349149
1,128,6,61,24.32307243347168,24.347149999812245
1,128,6,62,24.307615280151367,24.332080007297918
1,128,6,63,24.30873680114746,24.333680004929192
1,1024,0,1,25.297119140625,25.323639987618662
1,1024,0,2,25.167871475219727,25.193330002366565
1,1024,0,3,25.189279556274414,25.214289998984896
1,1024,0,4,25.19340705871582,25.217870002961718
1,1024,0,5,25.172992706298828,25.197559996740893
1,1024,0,6,25.250816345214844,25.275809995946474
1,1024,0,7,25.220767974853516,25.245979995816015
1,1024,0,8,25.189376831054688,25.214389999746345
1,1024,0,9,25.215999603271484,25.24155999708455
1,1024,0,10,25.186208724975586,25.21100999729242
1,1024,0,11,25.19660758972168,25.222650001524016
1,1024,0,12,25.188352584838867,25.213209999492392
1,1024,0,13,25.186880111694336,25.21089000219945
1,1024,0,14,25.191455841064453,25.217310001607984
1,1024,0,15,25.181215286254883,25.20673999970313
1,1024,0,16,25.20355224609375,25.228320009773597
1,1024,0,17,25.190399169921875,25.21495999826584
1,1024,0,18,25.187007904052734,25.211679996573366
1,1024,0,19,25.188352584838867,25.21269000135362
1,1024,0,20,25.189376831054688,25.21454999805428
1,1024,0,21,25.191423416137695,25.215879999450408
1,1024,0,22,25.19366455078125,25.2189600141719
1,1024,0,23,25.189119338989258,25.214320005034097
1,1024,0,24,25.19251251220703,25.21744999103248
1,1024,0,25,25.20038414001465,25.225139994290657
1,1024,0,26,25.196544647216797,25.221650008461438
1,1024,0,27,25.201215744018555,25.225539997336455
1,1024,0,28,25.19753646850586,25.221579999197274
1,1024,0,29,25.19545555114746,25.22022000630386
1,1024,0,30,25.192447662353516,25.217179994797334
1,1024,0,31,25.192447662353516,25.217210000846535
1,1024,0,32,25.1942081451416,25.219300005119294
1,1024,0,33,25.201824188232422,25.227239995729178
1,1024,0,34,25.203712463378906,25.228530008462258
1,1024,0,35,25.196800231933594,25.222609998309053
1,1024,0,36,25.198591232299805,25.22393999970518
1,1024,0,37,25.203359603881836,25.232180007151328
1,1024,0,38,25.208864212036133,25.233990003471263
1,1024,0,39,25.202367782592773,25.226700003258884
1,1024,0,40,25.203712463378906,25.229020000551827
1,1024,0,41,25.217727661132812,25.24344999983441
1,1024,0,42,25.213600158691406,25.23863999522291
1,1024,0,43,25.223167419433594,25.24837000237312
1,1024,0,44,25.225215911865234,25.25053000135813
1,1024,0,45,25.222143173217773,25.254980006138794
1,1024,0,46,25.214975357055664,25.240299990400672
1,1024,0,47,25.21980857849121,25.24454999365844
1,1024,0,48,25.24959945678711,25.274490006268024
1,1024,0,49,25.276512145996094,25.30187000229489
1,1024,0,50,25.21625518798828,25.241540002753027
1,1024,0,51,25.207807540893555,25.2327300113393
1,1024,0,52,25.213184356689453,25.238279995392077
1,1024,0,53,25.221120834350586,25.24605000508018
1,1024,0,54,25.21811294555664,25.242959993192926
1,1024,0,55,25.220096588134766,25.243879994377494
1,1024,0,56,25.221759796142578,25.246770004741848
1,1024,0,57,25.226240158081055,25.25136999611277
1,1024,0,58,25.216928482055664,25.240980001399294
1,1024,0,59,25.221120834350586,25.246389996027574
1,1024,0,60,25.249696731567383,25.27451999776531
1,1024,0,61,25.22755241394043,25.252930005080998
1,1024,0,62,25.216928482055664,25.24196999729611
1,1024,0,63,25.224191665649414,25.24991000245791
1,1024,1,1,25.91062355041504,25.987949993577786
1,1024,1,2,25.212928771972656,25.23834000749048
1,1024,1,3,25.210752487182617,25.236330009647645
1,1024,1,4,25.20044708251953,25.225199991837144
1,1024,1,5,25.176063537597656,25.20150000054855
1,1024,1,6,25.184864044189453,25.213450004230253
1,1024,1,7,25.177087783813477,25.202089993399568
1,1024,1,8,25.191200256347656,25.21561000321526
1,1024,1,9,25.192575454711914,25.216790003469214
1,1024,1,10,25.186304092407227,25.210740001057275
1,1024,1,11,25.185279846191406,25.211129992385395
1,1024,1,12,25.2761287689209,25.301039990154095
1,1024,1,13,25.18409538269043,25.209029990946874
1,1024,1,14,25.184255599975586,25.20950998587068
1,1024,1,15,25.184160232543945,25.20868999999948
1,1024,1,16,25.187328338623047,25.21286999399308
1,1024,1,17,25.189599990844727,25.214569992385805
1,1024,1,18,25.186464309692383,25.211239990312606
1,1024,1,19,25.204448699951172,25.229330000001937
1,1024,1,20,25.1975040435791,25.223169999662787
1,1024,1,21,25.18921661376953,25.217110000085086
1,1024,1,22,25.232576370239258,25.258430003304966
1,1024,1,23,25.201631546020508,25.226819998351857
1,1024,1,24,25.194623947143555,25.22352000232786
1,1024,1,25,25.191423416137695,25.217210000846535
1,1024,1,26,25.204736709594727,25.22975999454502
1,1024,1,27,25.19817543029785,25.2231100021163
1,1024,1,28,25.202688217163086,25.22737000253983
1,1024,1,29,25.200223922729492,25.22527999826707
1,1024,1,30,25.186304092407227,25.210770007106476
1,1024,1,31,25.253887176513672,25.280870002461597
1,1024,1,32,25.286367416381836,25.320119995740242
1,1024,1,33,25.221343994140625,25.247079989640042
1,1024,1,34,25.273216247558594,25.29859999776818
1,1024,1,35,25.232383728027344,25.257400004193187
1,1024,1,36,25.196544647216797,25.222009993740357
1,1024,1,37,25.206687927246094,25.231459992937744
1,1024,1,38,25.224960327148438,25.24999999150168
1,1024,1,39,25.204736709594727,25.23119999386836
1,1024,1,40,25.220096588134766,25.249900005292147
1,1024,1,41,25.226911544799805,25.25211000465788
1,1024,1,42,25.23036766052246,25.256120003177784
1,1024,1,43,25.239456176757812,25.265009986469522
1,1024,1,44,25.211936950683594,25.237099995138124
1,1024,1,45,25.211999893188477,25.237670008209534
1,1024,1,46,25.205759048461914,25.230209997971542
1,1024,1,47,25.212928771972656,25.23780000046827
1,1024,1,48,25.209856033325195,25.235130000510253
1,1024,1,49,25.219072341918945,25.244770004064776
1,1024,1,50,25.244672775268555,25.269899997510947
1,1024,1,51,25.230335235595703,25.255259999539703
1,1024,1,52,25.2159366607666,25.243609998142347
1,1024,1,53,25.214303970336914,25.23893999750726
1,1024,1,54,25.217023849487305,25.24085000914056
1,1024,1,55,25.220096588134766,25.244599994039163
1,1024,1,56,25.215679168701172,25.240460003260523
1,1024,1,57,25.215007781982422,25.240749993827194
1,1024,1,58,25.213951110839844,25.239340000553057
1,1024,1,59,25.220096588134766,25.24481000727974
1,1024,1,60,25.224191665649414,25.249079990317114
1,1024,1,61,25.229312896728516,25.255490007111803
1,1024,1,62,25.281536102294922,25.310370008810423
1,1024,1,63,25.229312896728516,25.254170002881438
1,1024,2,1,25.297887802124023,25.32340001198463
1,1024,2,2,25.191232681274414,25.2153699984774
1,1024,2,3,25.18396759033203,25.20987000025343
1,1024,2,4,25.21494483947754,25.241750001441687
1,1024,2,5,25.245664596557617,25.271869992138818
1,1024,2,6,25.22211265563965,25.257710003643297
1,1024,2,7,25.174976348876953,25.199879994033836
1,1024,2,8,25.187040328979492,25.21186000376474
1,1024,2,9,25.185279846191406,25.20976000232622
1,1024,2,10,25.187423706054688,25.212369990185834
1,1024,2,11,25.188255310058594,25.213159999111667
1,1024,2,12,25.182880401611328,25.207879996742122
1,1024,2,13,25.185855865478516,25.2107599953888
1,1024,2,14,25.186464309692383,25.218969996785745
1,1024,2,15,25.200511932373047,25.22528999543283
1,1024,2,16,25.185279846191406,25.210230000084266
1,1024,2,17,25.184032440185547,25.20824999373872
1,1024,2,18,25.187904357910156,25.21331000025384
1,1024,2,19,25.187328338623047,25.212489999830723
1,1024,2,20,25.186464309692383,25.211430009221658
1,1024,2,21,25.185279846191406,25.210020001395606
1,1024,2,22,25.199647903442383,25.224819997674786
1,1024,2,23,25.205759048461914,25.23074000782799
1,1024,2,24,25.191423416137695,25.216529989847913
1,1024,2,25,25.19011116027832,25.214350011083297
1,1024,2,26,25.205759048461914,25.22965999378357
1,1024,2,27,25.193471908569336,25.219200004357845
1,1024,2,28,25.19126319885254,25.216459995135665
1,1024,2,29,25.200895309448242,25.225940000382252
1,1024,2,30,25.210304260253906,25.244110001949593
1,1024,2,31,25.204959869384766,25.230490005924366
1,1024,2,32,25.198272705078125,25.22295998642221
1,1024,2,33,25.202463150024414,25.226769997971132
1,1024,2,34,25.21228790283203,25.237690002541058
1,1024,2,35,25.205759048461914,25.23037999344524
1,1024,2,36,25.206783294677734,25.231909996364266
1,1024,2,37,25.19580841064453,25.221100004273467
1,1024,2,38,25.217023849487305,25.24227999674622
1,1024,2,39,25.194143295288086,25.219200004357845
1,1024,2,40,25.206111907958984,25.231400009943172
1,1024,2,41,25.202688217163086,25.227859994629398
1,1024,2,42,25.22230339050293,25.248489997466095
1,1024,2,43,25.230335235595703,25.25577000051271
1,1024,2,44,25.233280181884766,25.258220004616305
1,1024,2,45,25.241600036621094,25.267339995480143
1,1024,2,46,25.215999603271484,25.24076000554487
1,1024,2,47,25.224031448364258,25.248270001611672
1,1024,2,48,25.212928771972656,25.237130001187325
1,1024,2,49,25.208255767822266,25.23282000038307
1,1024,2,50,25.216896057128906,25.241029987228103
1,1024,2,51,25.214656829833984,25.240060000214726
1,1024,2,52,25.227231979370117,25.253029991290532
1,1024,2,53,25.211488723754883,25.236139990738593
1,1024,2,54,25.220319747924805,25.245520009775646
1,1024,2,55,25.224191665649414,25.248969992389902
1,1024,2,56,25.221120834350586,26.054999994812533
1,1024,2,57,26.32806396484375,26.420710011734627
1,1024,2,58,25.228288650512695,25.25410000816919
1,1024,2,59,25.229312896728516,25.254690001020208
1,1024,2,60,25.221120834350586,25.24644999357406
1,1024,2,61,25.230239868164062,25.263100003940053
1,1024,2,62,25.4256649017334,25.459650001721457
1,1024,2,63,25.237503051757812,25.262700000894256
1,1024,3,1,25.331775665283203,25.363770007970743
1,1024,3,2,25.194400787353516,25.220349998562597
1,1024,3,3,25.199968338012695,25.225360004696995
1,1024,3,4,25.20470428466797,25.229589999071322
1,1024,3,5,25.1975040435791,25.222889991709962
1,1024,3,6,25.212928771972656,25.237380003090948
1,1024,3,7,25.188352584838867,25.2139200019883
1,1024,3,8,25.198591232299805,25.223739998182282
1,1024,3,9,25.198623657226562,25.22461001353804
1,1024,3,10,25.227264404296875,25.253110012272373
1,1024,3,11,25.224863052368164,25.250620004953817
1,1024,3,12,25.241567611694336,25.267610006267205
1,1024,3,13,25.22275161743164,25.24872998765204
1,1024,3,14,25.199615478515625,25.224850003723986
1,1024,3,15,25.200767517089844,25.226020006812178
1,1024,3,16,25.202592849731445,25.227749996702187
1,1024,3,17,25.198495864868164,25.222369993571192
1,1024,3,18,25.204320907592773,25.22868999221828
1,1024,3,19,25.203712463378906,25.22837999276817
1,1024,3,20,25.20147132873535,25.226090001524426
1,1024,3,21,25.19273567199707,25.217699992936105
1,1024,3,22,25.201663970947266,25.22636001231149
1,1024,3,23,25.211584091186523,25.235490000341088
1,1024,3,24,27.346303939819336,27.3825600015698
1,1024,3,25,25.455615997314453,25.48265000223182
1,1024,3,26,25.23526382446289,25.260700000217184
1,1024,3,27,25.207679748535156,25.233569991542026
1,1024,3,28,25.206687927246094,25.231430001440458
1,1024,3,29,25.207775115966797,25.2327000052901
1,1024,3,30,25.220991134643555,25.246200006222352
1,1024,3,31,25.205663681030273,25.231740000890568
1,1024,3,32,25.229663848876953,25.255090004066005
1,1024,3,33,25.222143173217773,25.247350000427105
1,1024,3,34,25.218015670776367,25.243910000426695
1,1024,3,35,25.222400665283203,25.2539799985243
1,1024,3,36,25.256959915161133,25.286560005042702
1,1024,3,37,25.224863052368164,25.250510007026605
1,1024,3,38,25.233152389526367,25.258159992517903
1,1024,3,39,25.225120544433594,25.24991000245791
1,1024,3,40,25.224159240722656,25.24878000258468
1,1024,3,41,25.22719955444336,25.252980005461723
1,1024,3,42,25.236671447753906,25.263970004743896
1,1024,3,43,25.230335235595703,25.256089997128583
1,1024,3,44,25.221120834350586,25.24750000156928
1,1024,3,45,25.233440399169922,25.258830006350763
1,1024,3,46,25.27712059020996,25.302449997980148
1,1024,3,47,25.23948860168457,25.265610005590133
1,1024,3,48,25.23311996459961,25.270390004152432
1,1024,3,49,25.25369644165039,25.279100009356625
1,1024,3,50,25.231359481811523,25.257510002120398
1,1024,3,51,25.227136611938477,25.252569990698248
1,1024,3,52,25.245344161987305,25.271020000218414
1,1024,3,53,25.24233627319336,25.268099998356774
1,1024,3,54,25.2425594329834,25.267780001740903
1,1024,3,55,25.24652862548828,25.27244000521023
1,1024,3,56,25.28972816467285,25.31480000470765
1,1024,3,57,25.245695114135742,25.271260004956275
1,1024,3,58,25.243328094482422,25.26876999763772
1,1024,3,59,25.249792098999023,25.275530002545565
1,1024,3,60,25.267616271972656,25.293359998613596
1,1024,3,61,25.714656829833984,25.74142000230495
1,1024,3,62,25.268096923828125,25.293390004662797
1,1024,3,63,25.281536102294922,25.30757999920752
1,1024,4,1,25.792512893676758,25.86075999715831
1,1024,4,2,25.250431060791016,25.27861000271514
1,1024,4,3,25.236127853393555,25.262399998609908
1,1024,4,4,25.241600036621094,25.26761998888105
1,1024,4,5,25.241600036621094,25.269539997680113
1,1024,4,6,25.234176635742188,25.2602700056741
1,1024,4,7,25.220096588134766,25.24674999585841
1,1024,4,8,25.236160278320312,25.261760005378164
1,1024,4,9,25.22115135192871,25.247130004572682
1,1024,4,10,25.221120834350586,25.24658000038471
1,1024,4,11,25.209856033325195,25.23522000410594
1,1024,4,12,25.219072341918945,25.245600001653656
1,1024,4,13,25.215999603271484,25.241840005037375
1,1024,4,14,25.212928771972656,25.239680006052367
1,1024,4,15,25.219072341918945,25.24492000520695
1,1024,4,16,25.212928771972656,25.23934999771882
1,1024,4,17,25.227264404296875,25.252439998439513
1,1024,4,18,25.236480712890625,25.263249990530312
1,1024,4,19,25.248416900634766,25.273859995650128
1,1024,4,20,25.248672485351562,25.274400002672337
1,1024,4,21,25.250463485717773,25.277100008679554
1,1024,4,22,25.250816345214844,25.277609995100647
1,1024,4,23,25.257312774658203,25.283949988079257
1,1024,4,24,25.253887176513672,25.280550005845726
1,1024,4,25,25.27120018005371,25.297770000179298
1,1024,4,26,25.256895065307617,25.28414000698831
1,1024,4,27,25.251840591430664,25.2772799867671
1,1024,4,28,25.220096588134766,25.245790006010793
1,1024,4,29,25.238431930541992,25.26398999907542
1,1024,4,30,25.222015380859375,25.247659999877214
1,1024,4,31,25.218847274780273,25.24379000533372
1,1024,4,32,25.232160568237305,25.257120010792278
1,1024,4,33,25.23356819152832,25.258950001443736
1,1024,4,34,25.241535186767578,25.26740999019239
1,1024,4,35,25.246719360351562,25.271959995734505
1,1024,4,36,25.2172794342041,25.24216999881901
1,1024,4,37,25.21881675720215,25.243290001526475
1,1024,4,38,25.230592727661133,25.255569998989813
1,1024,4,39,25.21673583984375,25.24172999255825
1,1024,4,40,25.220096588134766,25.245290002203546
1,1024,4,41,25.213951110839844,25.238879999960773
1,1024,4,42,25.215999603271484,25.2429099928122
1,1024,4,43,25.21164894104004,25.237139998353086
1,1024,4,44,25.21023941040039,25.23546999145765
1,1024,4,45,25.205759048461914,25.232189989765175
1,1024,4,46,25.234336853027344,25.259949994506314
1,1024,4,47,25.22150421142578,25.25176999915857
1,1024,4,48,25.23321533203125,25.260950002120808
1,1024,4,49,25.235103607177734,25.26021999074146
1,1024,4,50,25.233823776245117,25.258399997255765
1,1024,4,51,25.218303680419922,25.243120006052777
1,1024,4,52,25.227039337158203,25.25176999915857
1,1024,4,53,25.220895767211914,25.245969998650253
1,1024,4,54,25.230335235595703,25.25483000499662
1,1024,4,55,25.229888916015625,25.254039996070787
1,1024,4,56,25.254783630371094,25.279739988036454
1,1024,4,57,25.266176223754883,25.291749989264645
1,1024,4,58,25.228256225585938,25.253689993405715
1,1024,4,59,25.227264404296875,25.25259999674745
1,1024,4,60,25.23539161682129,25.260220005293377
1,1024,4,61,25.254911422729492,25.280419999035075
1,1024,4,62,25.260032653808594,25.284589995862916
1,1024,4,63,25.27734375,25.302740003098734
1,1024,5,1,25.29587173461914,25.322350003989413
1,1024,5,2,25.184255599975586,25.209200000972487
1,1024,5,3,25.18569564819336,25.210409992723726
1,1024,5,4,25.1944637298584,25.21943999454379
1,1024,5,5,25.189376831054688,25.214979992597364
1,1024,5,6,25.208511352539062,25.233290012693033
1,1024,5,7,25.191423416137695,25.216990004992113
1,1024,5,8,25.202688217163086,25.229229999240488
1,1024,5,9,25.207744598388672,25.23278999433387
1,1024,5,10,25.191423416137695,25.216289999661967
1,1024,5,11,25.194271087646484,25.22008000232745
1,1024,5,12,25.19990348815918,25.22527999826707
1,1024,5,13,25.19843292236328,25.222840005881153
1,1024,5,14,25.203712463378906,25.22809999936726
1,1024,5,15,25.201663970947266,25.226950005162507
1,1024,5,16,25.20159912109375,25.22658000816591
1,1024,5,17,25.203296661376953,25.2277200052049
1,1024,5,18,25.198591232299805,25.22345000761561
1,1024,5,19,25.196544647216797,25.222260010195896
1,1024,5,20,25.19139289855957,25.224519995390438
1,1024,5,21,25.1997127532959,25.226059995475225
1,1024,5,22,25.199615478515625,25.226669997209683
1,1024,5,23,25.193471908569336,25.217850008630194
1,1024,5,24,25.200639724731445,25.225849996786565
1,1024,5,25,25.199552536010742,25.22494998993352
1,1024,5,26,25.202272415161133,25.228009995771572
1,1024,5,27,25.197120666503906,25.223459990229458
1,1024,5,28,25.198240280151367,25.22335000685416
1,1024,5,29,25.204736709594727,25.23040999949444
1,1024,5,30,25.205472946166992,25.22968999983277
1,1024,5,31,25.205759048461914,25.230550003470853
1,1024,5,32,25.210559844970703,25.235130000510253
1,1024,5,33,25.202688217163086,25.227809994248673
1,1024,5,34,25.206687927246094,25.232019994291477
1,1024,5,35,25.209856033325195,25.235249995603226
1,1024,5,36,25.205759048461914,25.23033000761643
1,1024,5,37,25.29587173461914,25.32045000407379
1,1024,5,38,25.199583053588867,25.22411999234464
1,1024,5,39,25.200319290161133,25.225099991075695
1,1024,5,40,25.19443130493164,25.218480004696175
1,1024,5,41,25.198591232299805,25.223249991540797
1,1024,5,42,25.211040496826172,25.23762000782881
1,1024,5,43,25.1975040435791,25.221920004696585
1,1024,5,44,25.22844886779785,25.25329998752568
1,1024,5,45,25.206783294677734,25.231890002032742
1,1024,5,46,25.195775985717773,25.22132999729365
1,1024,5,47,25.206783294677734,25.231039995560423
1,1024,5,48,25.222143173217773,25.246819990570657
1,1024,5,49,25.20863914489746,25.23312999983318
1,1024,5,50,25.217920303344727,25.243469994165935
1,1024,5,51,25.21504020690918,25.240269998903386
1,1024,5,52,25.222143173217773,25.247529993066564
1,1024,5,53,25.220096588134766,25.245019991416484
1,1024,5,54,25.222143173217773,25.248450008803047
1,1024,5,55,25.233407974243164,25.26013999886345
1,1024,5,56,25.237503051757812,25.262789989938028
1,1024,5,57,25.22096061706543,25.246019999030977
1,1024,5,58,25.23334312438965,25.259009998990223
1,1024,5,59,25.241247177124023,25.267750010243617
1,1024,5,60,25.220863342285156,25.24581999750808
1,1024,5,61,25.226240158081055,25.250799997593276
1,1024,5,62,25.223167419433594,25.24905999598559
1,1024,5,63,25.223167419433594,25.25002000038512
1,1024,6,1,25.308128356933594,25.33669999684207
1,1024,6,2,25.188352584838867,25.214609995600767
1,1024,6,3,25.175647735595703,25.201569995260797
1,1024,6,4,25.190399169921875,25.216070003807545
1,1024,6,5,25.18182373046875,25.208760009263642
1,1024,6,6,25.519071578979492,25.545630007400177
1,1024,6,7,25.17807960510254,25.202489996445365
1,1024,6,8,25.200288772583008,25.224569995771162
1,1024,6,9,25.190399169921875,25.2151699969545
1,1024,6,10,25.18499183654785,25.20997000101488
1,1024,6,11,25.183231353759766,25.208480001310818
1,1024,6,12,25.18124771118164,25.206619990058243
1,1024,6,13,25.1757755279541,25.20026999991387
1,1024,6,14,25.181440353393555,25.20697000727523
1,1024,6,15,25.182432174682617,25.207109996699728
1,1024,6,16,25.18854331970215,25.213729997631162
1,1024,6,17,25.206560134887695,25.231679988792166
1,1024,6,18,25.20147132873535,25.22662999399472
1,1024,6,19,25.188703536987305,25.21299000363797
1,1024,6,20,25.189983367919922,25.215909990947694
1,1024,6,21,25.192447662353516,25.217950009391643
1,1024,6,22,25.195327758789062,25.22008000232745
1,1024,6,23,25.19843292236328,25.22951998980716
1,1024,6,24,25.214975357055664,25.24530999653507
1,1024,6,25,25.20675277709961,25.23164999729488
1,1024,6,26,25.186304092407227,25.211380008840933
1,1024,6,27,25.199871063232422,25.226509998901747
1,1024,6,28,25.202688217163086,25.22858999145683
1,1024,6,29,25.206911087036133,25.232619998860173
1,1024,6,30,25.207807540893555,25.233310007024556
1,1024,6,31,25.202720642089844,25.22793000389356
1,1024,6,32,25.197471618652344,25.221989999408834
1,1024,6,33,25.203296661376953,25.23271000245586
1,1024,6,34,25.212928771972656,25.24265000829473
1,1024,6,35,25.203712463378906,25.22923999640625
1,1024,6,36,25.207199096679688,25.23237999412231
1,1024,6,37,25.202463150024414,25.226710000424646
1,1024,6,38,25.201663970947266,25.227670004824176
1,1024,6,39,25.208831787109375,25.2337199926842
1,1024,6,40,25.210880279541016,25.23590999771841
1,1024,6,41,25.198463439941406,25.222880009096116
1,1024,6,42,25.199039459228516,25.223379998351447
1,1024,6,43,25.20297622680664,25.22751000651624
1,1024,6,44,25.199935913085938,25.224980010534637
1,1024,6,45,25.204736709594727,25.229949998902157
1,1024,6,46,25.200544357299805,25.225320001482032
1,1024,6,47,25.22719955444336,25.25184999103658
1,1024,6,48,25.229312896728516,25.255430009565316
1,1024,6,49,25.232383728027344,25.257920002331957
1,1024,6,50,25.21232032775879,25.237449997803196
1,1024,6,51,25.230016708374023,25.255750006181188
1,1024,6,52,25.245695114135742,25.27138000004925
1,1024,6,53,25.23961639404297,25.2652500057593
1,1024,6,54,25.214879989624023,25.23918000224512
1,1024,6,55,25.211551666259766,25.23573000507895
1,1024,6,56,25.212928771972656,25.237430003471673
1,1024,6,57,25.217632293701172,25.241970011848025
1,1024,6,58,25.212255477905273,25.23759000177961
1,1024,6,59,25.230335235595703,25.25469999818597
1,1024,6,60,25.224992752075195,25.2494000014849
1,1024,6,61,25.218175888061523,25.242770003387704
1,1024,6,62,25.235456466674805,25.260280002839863
1,1024,6,63,25.22287940979004,25.246769990189932
1,4096,0,1,28.839839935302734,28.873420000309125
1,4096,0,2,28.464128494262695,28.49045000039041
1,4096,0,3,28.462080001831055,28.488080002716742
1,4096,0,4,28.484607696533203,28.510839998489246
1,4096,0,5,28.490528106689453,28.515529993455857
1,4096,0,6,28.484384536743164,28.509499999927357
1,4096,0,7,28.454687118530273,28.480710010626353
1,4096,0,8,28.45724868774414,28.483720001531765
1,4096,0,9,28.461055755615234,28.485810005804524
1,4096,0,10,28.461055755615234,28.486969997175038
1,4096,0,11,28.450624465942383,28.4761399962008
1,4096,0,12,28.450815200805664,28.476579987909645
1,4096,0,13,28.46793556213379,28.493049991084263
1,4096,0,14,28.482559204101562,28.50792999379337
1,4096,0,15,28.480512619018555,28.505390000646003
1,4096,0,16,28.48681640625,28.52017999975942
1,4096,0,17,28.492511749267578,28.51756000018213
1,4096,0,18,28.485631942749023,28.511779994005337
1,4096,0,19,28.478464126586914,28.50469999248162
1,4096,0,20,28.467199325561523,28.49492999666836
1,4096,0,21,28.488704681396484,28.51595998799894
1,4096,0,22,28.467199325561523,28.492740006186068
1,4096,0,23,28.477439880371094,28.502920002210885
1,4096,0,24,28.467199325561523,28.49213000445161
1,4096,0,25,28.478464126586914,28.50507000403013
1,4096,0,26,28.495872497558594,28.5214100003941
1,4096,0,27,28.482559204101562,28.507740003988147
1,4096,0,28,28.471296310424805,28.496929997345433
1,4096,0,29,28.486591339111328,28.513699988252483
1,4096,0,30,28.495872497558594,28.521530010038987
1,4096,0,31,28.509183883666992,28.535190009279177
1,4096,0,32,28.474367141723633,28.50042999489233
1,4096,0,33,28.483583450317383,28.509620009572245
1,4096,0,34,28.50054359436035,28.526269990834408
1,4096,0,35,28.488704681396484,28.5151800053427
1,4096,0,36,28.491071701049805,28.51790000568144
1,4096,0,37,28.492799758911133,28.518919993075542
1,4096,0,38,28.53366470336914,28.55991999967955
1,4096,0,39,28.505952835083008,28.53046999371145
1,4096,0,40,28.51430320739746,28.54105000733398
1,4096,0,41,28.499967575073242,28.52467000775505
1,4096,0,42,28.500320434570312,28.525260000606067
1,4096,0,43,28.499744415283203,28.524299996206537
1,4096,0,44,28.501663208007812,28.526110007078387
1,4096,0,45,28.508159637451172,28.533180011436343
1,4096,0,46,28.505088806152344,28.53105000394862
1,4096,0,47,28.504064559936523,28.530139999929816
1,4096,0,48,28.502016067504883,28.528370006824844
1,4096,0,49,28.56435203552246,28.59295999223832
1,4096,0,50,28.54528045654297,28.570269991178066
1,4096,0,51,28.520448684692383,28.545669993036427
1,4096,0,52,28.514368057250977,28.54162998846732
1,4096,0,53,28.545791625976562,28.57135998783633
1,4096,0,54,28.531423568725586,28.55595000437461
1,4096,0,55,28.523231506347656,28.55060998990666
1,4096,0,56,28.54195213317871,28.568649999215268
1,4096,0,57,28.538816452026367,28.565600005094893
1,4096,0,58,28.53376007080078,28.558799996972084
1,4096,0,59,28.536832809448242,28.563400002894923
1,4096,0,60,28.536544799804688,28.56243000132963
1,4096,0,61,28.545024871826172,28.56959999189712
1,4096,0,62,28.536832809448242,28.560899998410605
1,4096,0,63,28.53887939453125,28.56370000517927
1,4096,1,1,28.824352264404297,28.859130005002953
1,4096,1,2,28.460351943969727,28.487029994721524
1,4096,1,3,28.477439880371094,28.503670007921755
1,4096,1,4,28.47148895263672,28.4966000035638
1,4096,1,5,28.487424850463867,28.5132999997586
1,4096,1,6,28.519424438476562,28.552370000397786
1,4096,1,7,28.494848251342773,28.522399996290915
1,4096,1,8,28.470272064208984,28.496359998825938
1,4096,1,9,28.447744369506836,28.4730400016997
1,4096,1,10,28.460384368896484,28.487019997555763
1,4096,1,11,28.458112716674805,28.48449000157416
1,4096,1,12,28.525440216064453,28.549750000820495
1,4096,1,13,28.476415634155273,28.503030000138097
1,4096,1,14,28.467039108276367,28.492609999375418
1,4096,1,15,28.48240089416504,28.508580013294704
1,4096,1,16,28.491487503051758,28.51890999590978
1,4096,1,17,28.486656188964844,28.51395998732187
1,4096,1,18,28.493824005126953,28.52031000657007
1,4096,1,19,28.483488082885742,28.50955000030808
1,4096,1,20,28.502304077148438,28.528669994557276
1,4096,1,21,28.517375946044922,28.54378000483848
1,4096,1,22,28.49273681640625,28.51793001173064
1,4096,1,23,28.488704681396484,28.514730001916178
1,4096,1,24,28.477439880371094,28.50485000817571
1,4096,1,25,28.474367141723633,28.50338999996893
1,4096,1,26,28.480512619018555,28.50693000073079
1,4096,1,27,28.471200942993164,28.495840000687167
1,4096,1,28,28.46985626220703,28.494520011008717
1,4096,1,29,28.478208541870117,28.509919997304678
1,4096,1,30,28.478431701660156,28.50300000864081
1,4096,1,31,28.497600555419922,28.52259000064805
1,4096,1,32,28.484607696533203,28.509879994089715
1,4096,1,33,28.505760192871094,28.53122999658808
1,4096,1,34,28.499584197998047,28.52554999117274
1,4096,1,35,28.5163516998291,28.541869993205182
1,4096,1,36,28.479488372802734,28.505660011433065
1,4096,1,37,28.493824005126953,28.519169994979165
1,4096,1,38,28.490463256835938,28.515120007796213
1,4096,1,39,28.500991821289062,28.52654000162147
1,4096,1,40,28.499967575073242,28.526639987831004
1,4096,1,41,28.506879806518555,28.533029995742254
1,4096,1,42,28.523263931274414,28.54869001021143
1,4096,1,43,28.52351951599121,28.551159994094633
1,4096,1,44,28.526592254638672,28.55293999891728
1,4096,1,45,28.495872497558594,28.521239990368485
1,4096,1,46,28.514944076538086,28.539260005345568
1,4096,1,47,28.493824005126953,28.51914000348188
1,4096,1,48,28.51740837097168,28.54226999625098
1,4096,1,49,28.51532745361328,28.53989999857731
1,4096,1,50,28.519424438476562,28.544720000354573
1,4096,1,51,28.512256622314453,28.54034000483807
1,4096,1,52,28.587007522583008,28.617759991902858
1,4096,1,53,28.53068733215332,28.557450001244433
1,4096,1,54,28.53171157836914,28.55761999671813
1,4096,1,55,28.55014419555664,28.576670010806993
1,4096,1,56,28.528480529785156,28.554189993883483
1,4096,1,57,28.528640747070312,28.55331999307964
1,4096,1,58,28.533952713012695,28.559240003232844
1,4096,1,59,28.540512084960938,28.566320004756562
1,4096,1,60,28.53887939453125,28.565959990373813
1,4096,1,61,28.545024871826172,28.570819995366037
1,4096,1,62,28.5328311920166,28.55792999616824
1,4096,1,63,28.537151336669922,28.562729989062063
1,4096,2,1,28.79155158996582,28.820730003644712
1,4096,2,2,28.447744369506836,28.472980004153214
1,4096,2,3,28.46019172668457,28.486199997132644
1,4096,2,4,28.483583450317383,28.51030000601895
1,4096,2,5,28.493824005126953,28.52176000305917
1,4096,2,6,28.472320556640625,28.49774999776855
1,4096,2,7,28.4454402923584,28.469580007367767
1,4096,2,8,28.463104248046875,28.488630006904714
1,4096,2,9,28.440576553344727,28.4652999980608
1,4096,2,10,28.45142364501953,28.47596000356134
1,4096,2,11,28.46019172668457,28.487249990575947
1,4096,2,12,28.435712814331055,28.461420006351545
1,4096,2,13,28.452543258666992,28.477660001954064
1,4096,2,14,28.466751098632812,28.493220001109876
1,4096,2,15,28.463104248046875,28.488089999882504
1,4096,2,16,28.470144271850586,28.495599995949306
1,4096,2,17,28.4682559967041,28.493690013419837
1,4096,2,18,28.471424102783203,28.496900005848147
1,4096,2,19,28.466175079345703,28.4916200034786
1,4096,2,20,28.46588706970215,28.491019998909906
1,4096,2,21,28.459007263183594,28.484300011768937
1,4096,2,22,28.456960678100586,28.481929999543354
1,4096,2,23,28.465152740478516,28.490600001532584
1,4096,2,24,28.45484733581543,28.48009999433998
1,4096,2,25,28.476415634155273,28.502169996500015
1,4096,2,26,28.477888107299805,28.503089997684583
1,4096,2,27,28.475391387939453,28.500629996415228
1,4096,2,28,28.46886444091797,28.493520003394224
1,4096,2,29,28.504064559936523,28.529919989523478
1,4096,2,30,28.484352111816406,28.50972999294754
1,4096,2,31,28.484607696533203,28.510800009826198
1,4096,2,32,28.478464126586914,28.50421000039205
1,4096,2,33,28.482463836669922,28.50734000094235
1,4096,2,34,28.527616500854492,28.553190000820905
1,4096,2,35,28.506240844726562,28.532340002129786
1,4096,2,36,28.48863983154297,28.51442999963183
1,4096,2,37,28.503040313720703,28.527999995276332
1,4096,2,38,28.494848251342773,28.519129991764203
1,4096,2,39,28.498943328857422,28.524170003947802
1,4096,2,40,28.504064559936523,28.530249997857027
1,4096,2,41,28.520448684692383,28.546760004246607
1,4096,2,42,28.54400062561035,28.570879992912523
1,4096,2,43,28.497535705566406,28.5243700054707
1,4096,2,44,28.50611114501953,28.531470001325943
1,4096,2,45,28.502016067504883,28.528440001537092
1,4096,2,46,28.507936477661133,28.533229997265153
1,4096,2,47,28.518400192260742,28.543530002934858
1,4096,2,48,28.520448684692383,28.54653999384027
1,4096,2,49,28.517568588256836,28.544069995405152
1,4096,2,50,28.551103591918945,28.576669996255077
1,4096,2,51,28.5163516998291,28.540639992570505
1,4096,2,52,28.545024871826172,28.571219998411834
1,4096,2,53,28.51433563232422,28.54718000162393
1,4096,2,54,28.52556800842285,28.55069999350235
1,4096,2,55,28.523359298706055,28.548149988637306
1,4096,2,56,28.52249526977539,28.54759999900125
1,4096,2,57,28.532543182373047,28.558249992784113
1,4096,2,58,28.553024291992188,28.578099998412654
1,4096,2,59,28.532575607299805,28.557080004247837
1,4096,2,60,28.527616500854492,28.554639997310005
1,4096,2,61,28.543935775756836,28.571000002557412
1,4096,2,62,28.53376007080078,28.558840000187047
1,4096,2,63,28.53785514831543,28.562600011355244
1,4096,3,1,28.844032287597656,28.878400000394322
1,4096,3,2,28.452192306518555,28.47913998994045
1,4096,3,3,28.463104248046875,28.488709998782724
1,4096,3,4,28.464384078979492,28.490619995864108
1,4096,3,5,28.4833927154541,28.508299990789965
1,4096,3,6,28.463104248046875,28.495820006355643
1,4096,3,7,28.477632522583008,28.504429996246472
1,4096,3,8,28.451839447021484,28.478320004069246
1,4096,3,9,28.470624923706055,28.496259998064488
1,4096,3,10,28.459007263183594,28.486020004493184
1,4096,3,11,28.479232788085938,28.505540001788177
1,4096,3,12,28.442527770996094,28.46731001045555
1,4096,3,13,28.455936431884766,28.481009998358786
1,4096,3,14,28.461183547973633,28.48660000017844
1,4096,3,15,28.471296310424805,28.49675998731982
1,4096,3,16,28.467615127563477,28.49275000335183
1,4096,3,17,28.460128784179688,28.485300004831515
1,4096,3,18,28.4815673828125,28.507709997938946
1,4096,3,19,28.485631942749023,28.515839992905967
1,4096,3,20,28.54092788696289,28.57140000560321
1,4096,3,21,28.466047286987305,28.49265000259038
1,4096,3,22,28.45871925354004,28.484929993283004
1,4096,3,23,28.452959060668945,28.47996998752933
1,4096,3,24,28.457984924316406,28.483599991886877
1,4096,3,25,28.474367141723633,28.50005000072997
1,4096,3,26,28.477664947509766,28.503950001322664
1,4096,3,27,28.485984802246094,28.51192999514751
1,4096,3,28,28.475391387939453,28.501649998361245
1,4096,3,29,28.478591918945312,28.505299997050315
1,4096,3,30,28.4979190826416,28.52389999316074
1,4096,3,31,28.49718475341797,28.523259999928996
1,4096,3,32,28.483455657958984,28.508450006484054
1,4096,3,33,28.490528106689453,28.515409998362884
1,4096,3,34,28.493824005126953,28.520089996163733
1,4096,3,35,28.475391387939453,28.500140004325658
1,4096,3,36,28.493824005126953,28.520010004285723
1,4096,3,37,28.500640869140625,28.527179994853213
1,4096,3,38,28.527584075927734,28.554150005220436
1,4096,3,39,28.519775390625,28.54564000153914
1,4096,3,40,28.496639251708984,28.52171999984421
1,4096,3,41,28.529056549072266,28.567520013893954
1,4096,3,42,28.500991821289062,28.5320800030604
1,4096,3,43,28.508159637451172,28.536179990624078
1,4096,3,44,28.502016067504883,28.527520000352524
1,4096,3,45,28.546720504760742,28.572080002049915
1,4096,3,46,28.542560577392578,28.567770001245663
1,4096,3,47,28.550912857055664,28.576590004377067
1,4096,3,48,28.511903762817383,28.536420009913854
1,4096,3,49,28.519136428833008,28.54464999109041
1,4096,3,50,28.52351951599121,28.549759997986257
1,4096,3,51,28.5163516998291,28.54112999921199
1,4096,3,52,28.51750373840332,28.543449996504933
1,4096,3,53,28.511232376098633,28.536919999169186
1,4096,3,54,28.52249526977539,28.547680005431175
1,4096,3,55,28.56038475036621,28.58589999959804
1,4096,3,56,28.534719467163086,28.559750004205853
1,4096,3,57,28.535808563232422,28.5679299995536
1,4096,3,58,28.551231384277344,28.582799990545027
1,4096,3,59,28.54979133605957,28.575259988429025
1,4096,3,60,28.522367477416992,28.54716998990625
1,4096,3,61,28.536895751953125,28.5612699954072
1,4096,3,62,28.54400062561035,28.568909998284653
1,4096,3,63,28.53068733215332,28.556770004797727
1,4096,4,1,28.826623916625977,28.861130005680025
1,4096,4,2,28.451839447021484,28.478070002165623
1,4096,4,3,28.462303161621094,28.488640004070476
1,4096,4,4,28.464128494262695,28.489479998825118
1,4096,4,5,28.483583450317383,28.509249998023733
1,4096,4,6,28.473344802856445,28.49843999138102
1,4096,4,7,28.458784103393555,28.483970003435388
1,4096,4,8,28.452831268310547,28.477369996835478
1,4096,4,9,28.436479568481445,28.462199989007786
1,4096,4,10,28.440895080566406,28.466579999076203
1,4096,4,11,28.439552307128906,28.464740011258982
1,4096,4,12,28.442623138427734,28.46787999442313
1,4096,4,13,28.451839447021484,28.476909996243194
1,4096,4,14,28.471296310424805,28.496719998656772
1,4096,4,15,28.468223571777344,28.49399999831803
1,4096,4,16,28.463712692260742,28.489710006397218
1,4096,4,17,28.47222328186035,28.497999999672174
1,4096,4,18,28.460031509399414,28.486960000009276
1,4096,4,19,28.45894432067871,28.485410002758726
1,4096,4,20,28.47225570678711,28.49798000534065
1,4096,4,21,28.464128494262695,28.491329998360015
1,4096,4,22,28.479488372802734,28.50644000864122
1,4096,4,23,28.46329689025879,28.489870004705153
1,4096,4,24,28.465152740478516,28.492219993495382
1,4096,4,25,28.485631942749023,28.512720004073344
1,4096,4,26,28.484479904174805,28.51101000851486
1,4096,4,27,28.4979190826416,28.524509994895197
1,4096,4,28,28.52454376220703,28.55127000657376
1,4096,4,29,28.485471725463867,28.510569987702183
1,4096,4,30,28.48531150817871,28.51047999865841
1,4096,4,31,28.496063232421875,28.521789994556457
1,4096,4,32,28.503040313720703,28.52947000064887
1,4096,4,33,28.527616500854492,28.56700000120327
1,4096,4,34,28.578815460205078,28.607250002096407
1,4096,4,35,28.510208129882812,28.53641999536194
1,4096,4,36,28.500896453857422,28.527909991680644
1,4096,4,37,28.509183883666992,28.535600009490736
1,4096,4,38,28.50931167602539,28.53556998888962
1,4096,4,39,28.50713539123535,28.533069998957217
1,4096,4,40,28.518400192260742,28.544040003907867
1,4096,4,41,28.5098876953125,28.53593000327237
1,4096,4,42,28.517375946044922,28.54505999130197
1,4096,4,43,28.520320892333984,28.548069996759295
1,4096,4,44,28.51728057861328,28.548210000735708
1,4096,4,45,28.518400192260742,28.553280004416592
1,4096,4,46,28.55731201171875,28.585310006747022
1,4096,4,47,28.52556800842285,28.55149000242818
1,4096,4,48,28.518239974975586,28.54374000162352
1,4096,4,49,28.52249526977539,28.54831999866292
1,4096,4,50,28.526592254638672,28.552980002132244
1,4096,4,51,28.58393669128418,28.60994999355171
1,4096,4,52,28.511232376098633,28.5366600000998
1,4096,4,53,28.527616500854492,28.55210000416264
1,4096,4,54,28.526592254638672,28.551859999424778
1,4096,4,55,28.52249526977539,28.548439993755892
1,4096,4,56,28.551776885986328,28.57815999595914
1,4096,4,57,28.529247283935547,28.555590004543774
1,4096,4,58,28.5296630859375,28.555040000355802
1,4096,4,59,28.537599563598633,28.562459992826916
1,4096,4,60,28.535808563232422,28.56132001033984
1,4096,4,61,28.535808563232422,28.561760002048686
1,4096,4,62,28.55423927307129,28.579129997524433
1,4096,4,63,28.569599151611328,28.59591000014916
1,4096,5,1,28.827648162841797,28.869970003142953
1,4096,5,2,28.477632522583008,28.505209993454628
1,4096,5,3,28.485855102539062,28.513470009784214
1,4096,5,4,28.56038475036621,28.58576999278739
1,4096,5,5,28.494688034057617,28.52092000830453
1,4096,5,6,28.480512619018555,28.5057900036918
1,4096,5,7,28.451936721801758,28.476979990955442
1,4096,5,8,28.442623138427734,28.467650001402944
1,4096,5,9,28.444671630859375,28.471419995184988
1,4096,5,10,28.441600799560547,28.467419993830845
1,4096,5,11,28.442495346069336,28.46832999784965
1,4096,5,12,28.460031509399414,28.486309995059855
1,4096,5,13,28.480287551879883,28.506009999546222
1,4096,5,14,28.480255126953125,28.50775999831967
1,4096,5,15,28.50579261779785,28.532050011563115
1,4096,5,16,28.467103958129883,28.492019991972484
1,4096,5,17,28.468639373779297,28.49381000851281
1,4096,5,18,28.46623992919922,28.491150005720556
1,4096,5,19,28.466175079345703,28.492390003520995
1,4096,5,20,28.485631942749023,28.51164000458084
1,4096,5,21,28.50169563293457,28.527340007713065
1,4096,5,22,28.49385643005371,28.521700005512685
1,4096,5,23,28.47939109802246,28.506959992228076
1,4096,5,24,28.48851203918457,28.514650010038167
1,4096,5,25,28.560352325439453,28.587299995706417
1,4096,5,26,28.49247932434082,28.51876000931952
1,4096,5,27,28.511232376098633,28.53868000966031
1,4096,5,28,28.517311096191406,28.544179993332364
1,4096,5,29,28.479488372802734,28.504720001365058
1,4096,5,30,28.486495971679688,28.51237000140827
1,4096,5,31,28.486656188964844,28.51308000390418
1,4096,5,32,28.49247932434082,28.51839999493677
1,4096,5,33,28.49555206298828,28.52197000174783
1,4096,5,34,28.505760192871094,28.532030002679676
1,4096,5,35,28.485279083251953,28.511459997389466
1,4096,5,36,28.502304077148438,28.530409996164963
1,4096,5,37,28.50409507751465,28.529299990623258
1,4096,5,38,28.5163516998291,28.541699997731484
1,4096,5,39,28.516063690185547,28.541920008137822
1,4096,5,40,28.52351951599121,28.549030001158826
1,4096,5,41,28.536800384521484,28.56387999781873
1,4096,5,42,28.54400062561035,28.571499991812743
1,4096,5,43,28.56243133544922,28.589070003363304
1,4096,5,44,28.519424438476562,28.545649998704903
1,4096,5,45,28.51798439025879,28.543699998408556
1,4096,5,46,28.517215728759766,28.543410007841885
1,4096,5,47,28.521087646484375,28.547280002385378
1,4096,5,48,28.54297637939453,28.568909998284653
1,4096,5,49,28.54400062561035,28.571129994816147
1,4096,5,50,28.550464630126953,28.57781999045983
1,4096,5,51,28.52351951599121,28.555059994687326
1,4096,5,52,28.53651237487793,28.566540000610985
1,4096,5,53,28.521472930908203,28.545759996632114
1,4096,5,54,28.51430320739746,28.53933999722358
1,4096,5,55,28.52390480041504,28.549269991344772
1,4096,5,56,28.526752471923828,28.551880008308217
1,4096,5,57,28.532352447509766,28.556849996675737
1,4096,5,58,28.55628776550293,28.581689999555238
1,4096,5,59,28.533472061157227,28.558489997521974
1,4096,5,60,28.542015075683594,28.56859000166878
1,4096,5,61,28.539871215820312,28.565469998284243
1,4096,5,62,28.54400062561035,28.56912001152523
1,4096,5,63,28.54800033569336,28.573150004376657
1,4096,6,1,28.8143367767334,28.84841999912169
1,4096,6,2,28.464128494262695,28.490810000221245
1,4096,6,3,28.461984634399414,28.48701000039
1,4096,6,4,28.52547264099121,28.551729992614128
1,4096,6,5,28.480224609375,28.506139991804957
1,4096,6,6,28.4979190826416,28.525159999844618
1,4096,6,7,28.461727142333984,28.4867799928179
1,4096,6,8,28.463136672973633,28.48973000072874
1,4096,6,9,28.452096939086914,28.47861999180168
1,4096,6,10,28.475391387939453,28.5043100011535
1,4096,6,11,28.479263305664062,28.507230003015138
1,4096,6,12,28.463104248046875,28.489530013757758
1,4096,6,13,28.47417640686035,28.499339998234063
1,4096,6,14,28.473024368286133,28.49890000652522
1,4096,6,15,28.479328155517578,28.505010006483644
1,4096,6,16,28.479488372802734,28.505430003860965
1,4096,6,17,28.488704681396484,28.51488000305835
1,4096,6,18,28.483232498168945,28.50867999950424
1,4096,6,19,28.47724723815918,28.503379988251254
1,4096,6,20,28.477439880371094,28.503509995061904
1,4096,6,21,28.472288131713867,28.49866999895312
1,4096,6,22,28.474367141723633,28.500479995273054
1,4096,6,23,28.463104248046875,28.490390002843924
1,4096,6,24,28.54275131225586,28.569210000569
1,4096,6,25,28.488479614257812,28.514210003777407
1,4096,6,26,28.5798397064209,28.605359999346547
1,4096,6,27,28.545024871826172,28.570859998581
1,4096,6,28,28.483423233032227,28.50884001236409
1,4096,6,29,28.480512619018555,28.505049995146692
1,4096,6,30,28.475839614868164,28.50611000030767
1,4096,6,31,28.491775512695312,28.521280008135363
1,4096,6,32,28.482559204101562,28.50791001401376
1,4096,6,33,28.486656188964844,28.512179997051135
1,4096,6,34,28.500896453857422,28.525850008009
1,4096,6,35,28.490751266479492,28.524259992991574
1,4096,6,36,28.486656188964844,28.511829994386062
1,4096,6,37,28.494848251342773,28.519950006739236
1,4096,6,38,28.50979232788086,28.535839999676682
1,4096,6,39,28.499744415283203,28.525660003651865
1,4096,6,40,28.498943328857422,28.525000001536682
1,4096,6,41,28.508159637451172,28.53322000009939
1,4096,6,42,28.49897575378418,28.524259992991574
1,4096,6,43,28.509183883666992,28.535439996630885
1,4096,6,44,28.500768661499023,28.52674000314437
1,4096,6,45,28.503040313720703,28.529660005006008
1,4096,6,46,28.554048538208008,28.57994999794755
1,4096,6,47,28.52124786376953,28.546889996505342
1,4096,6,48,28.507007598876953,28.533789998618886
1,4096,6,49,28.530559539794922,28.55651000572834
1,4096,6,50,28.512256622314453,28.537940001115203
1,4096,6,51,28.517375946044922,28.54201001173351
1,4096,6,52,28.510784149169922,28.53600999515038
1,4096,6,53,28.524383544921875,28.549759997986257
1,4096,6,54,28.519424438476562,28.545470006065443
1,4096,6,55,28.526592254638672,28.552949996083044
1,4096,6,56,28.5347843170166,28.56043999781832
1,4096,6,57,28.532512664794922,28.55757999350317
1,4096,6,58,28.535615921020508,28.56026000517886
1,4096,6,59,28.54470443725586,28.571089991601184
1,4096,6,60,28.54092788696289,28.567019995534793
1,4096,6,61,28.528640747070312,28.55396999802906
1,4096,6,62,28.54979133605957,28.580420010257512
1,4096,6,63,28.73036766052246,28.755870007444173
8,128,0,1,27.671552658081055,27.70343000884168
8,128,0,2,27.501375198364258,27.5267300021369
8,128,0,3,27.529216766357422,27.5558899884345
8,128,0,4,27.542943954467773,27.568049990804866
8,128,0,5,27.55276870727539,27.57730000303127
8,128,0,6,27.590335845947266,27.616029998171143
8,128,0,7,27.575199127197266,27.60002999275457
8,128,0,8,27.57094383239746,27.595610008575022
8,128,0,9,27.572223663330078,27.598839995334856
8,128,0,10,27.589311599731445,27.61573001043871
8,128,0,11,27.601856231689453,27.627229996141978
8,128,0,12,27.603904724121094,27.628240000922233
8,128,0,13,27.638784408569336,27.663299988489598
8,128,0,14,27.628543853759766,27.653579993057065
8,128,0,15,27.634687423706055,27.6599999924656
8,128,0,16,27.651424407958984,27.67671000037808
8,128,0,17,27.657087326049805,27.68193000520114
8,128,0,18,27.67344093322754,27.699309997842647
8,128,0,19,27.68297576904297,27.70822000456974
8,128,0,20,27.699296951293945,27.72421001282055
8,128,0,21,27.69817543029785,27.72292999725323
8,128,0,22,27.708415985107422,27.734140006941743
8,128,0,23,27.72377586364746,27.74972999759484
8,128,0,24,27.73200035095215,27.758309995988384
8,128,0,25,27.73094367980957,27.75559001020156
8,128,0,26,27.76268768310547,27.78812999895308
8,128,0,27,27.805696487426758,27.83212999929674
8,128,0,28,27.794431686401367,27.818479997222312
8,128,0,29,27.806720733642578,27.832459993078373
8,128,0,30,27.79852867126465,27.82425998884719
8,128,0,31,27.808767318725586,27.8335899929516
8,128,0,32,27.819072723388672,27.845210002851672
8,128,0,33,27.96224021911621,27.987089997623116
8,128,0,34,27.96339225769043,27.987919995211996
8,128,0,35,27.981632232666016,28.0063300015172
8,128,0,36,27.97875213623047,28.003450002870522
8,128,0,37,28.039039611816406,28.06840999983251
8,128,0,38,28.007423400878906,28.033299997332506
8,128,0,39,28.003328323364258,28.02934001374524
8,128,0,40,28.08620834350586,28.111939987866208
8,128,0,41,28.019712448120117,28.04538000782486
8,128,0,42,28.028928756713867,28.054800000973046
8,128,0,43,28.041120529174805,28.065970007446595
8,128,0,44,28.04921531677246,28.07353000389412
8,128,0,45,28.070751190185547,28.094909997889772
8,128,0,46,28.080223083496094,28.105060002417304
8,128,0,47,28.080991744995117,28.10571998998057
8,128,0,48,28.098560333251953,28.125180004280992
8,128,0,49,28.112960815429688,28.138179986854084
8,128,0,50,28.12620735168457,28.15143000043463
8,128,0,51,28.136415481567383,28.164179995656013
8,128,0,52,28.1845760345459,28.212679986609146
8,128,0,53,28.158720016479492,28.18277000915259
8,128,0,54,28.14975929260254,28.17462000530213
8,128,0,55,28.17420768737793,28.199359992868267
8,128,0,56,28.181503295898438,28.20642000006046
8,128,0,57,28.196863174438477,28.221739994478412
8,128,0,58,28.190719604492188,28.224909998243675
8,128,0,59,28.201984405517578,28.22695000213571
8,128,0,60,28.220415115356445,28.245780005818233
8,128,0,61,28.22390365600586,28.249840004718862
8,128,0,62,28.250911712646484,28.275359989493154
8,128,0,63,28.2653751373291,28.290650006965734
8,128,1,1,27.671104431152344,27.69859999534674
8,128,1,2,27.51692771911621,27.541899995412678
8,128,1,3,27.529312133789062,27.554120009881444
8,128,1,4,27.5281925201416,27.553759995498694
8,128,1,5,27.53536033630371,27.560009999433532
8,128,1,6,27.538175582885742,27.56326000962872
8,128,1,7,27.56915283203125,27.60339000087697
8,128,1,8,27.636287689208984,27.67044999927748
8,128,1,9,27.57427215576172,27.599159991950728
8,128,1,10,27.581344604492188,27.607669995632023
8,128,1,11,27.603551864624023,27.629740012343973
8,128,1,12,27.607040405273438,27.632840006845072
8,128,1,13,27.62451171875,27.648809991660528
8,128,1,14,27.624448776245117,27.650249990983866
8,128,1,15,27.642559051513672,27.66842998971697
8,128,1,16,27.65987205505371,27.68473999458365
8,128,1,17,27.663360595703125,27.68878999631852
8,128,1,18,27.662336349487305,27.68847999686841
8,128,1,19,27.70044708251953,27.72587000799831
8,128,1,20,27.685888290405273,27.710980008123443
8,128,1,21,27.72275161743164,27.75144000770524
8,128,1,22,27.753759384155273,27.784660007455386
8,128,1,23,27.74323272705078,27.767769992351532
8,128,1,24,27.74118423461914,27.76659998926334
8,128,1,25,27.72275161743164,27.748430002247915
8,128,1,26,27.74937629699707,27.774440008215606
8,128,1,27,27.76268768310547,27.787669998360798
8,128,1,28,27.781856536865234,27.80650000204332
8,128,1,29,27.790048599243164,27.815320005174726
8,128,1,30,27.805408477783203,28.04129000287503
8,128,1,31,27.823104858398438,27.8496399987489
8,128,1,32,27.817983627319336,27.843399991979823
8,128,1,33,27.95814323425293,27.983399995719083
8,128,1,34,27.99616050720215,28.020529993227683
8,128,1,35,27.96134376525879,27.98682999855373
8,128,1,36,28.024831771850586,28.054909998900257
8,128,1,37,28.008447647094727,28.034739996655844
8,128,1,38,28.010496139526367,28.039140001055785
8,128,1,39,27.98975944519043,28.014550000079907
8,128,1,40,28.025087356567383,28.050720007740892
8,128,1,41,28.054655075073242,28.080600008252077
8,128,1,42,28.075807571411133,28.10460000182502
8,128,1,43,28.062816619873047,28.089870000258088
8,128,1,44,28.070240020751953,28.09919000719674
8,128,1,45,28.077695846557617,28.10213998600375
8,128,1,46,28.095487594604492,28.120930001023225
8,128,1,47,28.140544891357422,28.166389995021746
8,128,1,48,28.113920211791992,28.138510009739548
8,128,1,49,28.17081642150879,28.19471999828238
8,128,1,50,28.12601661682129,28.151640013675205
8,128,1,51,28.186656951904297,28.21236000454519
8,128,1,52,28.1494083404541,28.175250001368113
8,128,1,53,28.17843246459961,28.20390000124462
8,128,1,54,28.16409683227539,28.18948999629356
8,128,1,55,28.189023971557617,28.215400001499802
8,128,1,56,28.20403289794922,28.230070005520247
8,128,1,57,28.206911087036133,28.232099997694604
8,128,1,58,28.226560592651367,28.252789998077787
8,128,1,59,28.26134490966797,28.286810003919527
8,128,1,60,28.253183364868164,28.278389989282005
8,128,1,61,28.228351593017578,28.253420008695684
8,128,1,62,28.301183700561523,28.32629000477027
8,128,1,63,28.238752365112305,28.263759988476522
8,128,2,1,27.658239364624023,27.68597999238409
8,128,2,2,27.54969596862793,27.574619991355576
8,128,2,3,27.523935317993164,27.550140002858825
8,128,2,4,27.603967666625977,27.63312000024598
8,128,2,5,27.631391525268555,27.6573000010103
8,128,2,6,27.556032180786133,27.58188999723643
8,128,2,7,27.5644474029541,27.589609991991892
8,128,2,8,27.56710433959961,27.593020000495017
8,128,2,9,27.581087112426758,27.606660005403683
8,128,2,10,27.585535049438477,27.610809993348084
8,128,2,11,27.593727111816406,27.620110005955212
8,128,2,12,27.605152130126953,27.63043000595644
8,128,2,13,27.62224006652832,27.647309994790703
8,128,2,14,27.632640838623047,27.65885999542661
8,128,2,15,27.632959365844727,27.658820006763563
8,128,2,16,27.646976470947266,27.67275999940466
8,128,2,17,27.648160934448242,27.673730000969954
8,128,2,18,27.676671981811523,27.703400002792478
8,128,2,19,27.724416732788086,27.752790003432892
8,128,2,20,27.676671981811523,27.702840001438744
8,128,2,21,27.687936782836914,27.712870010873303
8,128,2,22,27.69696044921875,27.72219000326004
8,128,2,23,27.710176467895508,27.7345200011041
8,128,2,24,27.71251106262207,27.73709999746643
8,128,2,25,27.726848602294922,27.752970010624267
8,128,2,26,27.74732780456543,27.77388998947572
8,128,2,27,27.76268768310547,27.789939995273016
8,128,2,28,27.781856536865234,27.806170008261688
8,128,2,29,27.79542350769043,27.820219998829998
8,128,2,30,27.81065559387207,27.84227000665851
8,128,2,31,27.793312072753906,27.81826999853365
8,128,2,32,27.810815811157227,27.83643000293523
8,128,2,33,27.94803237915039,27.97368000028655
8,128,2,34,27.95008087158203,27.974779994110577
8,128,2,35,27.960416793823242,27.985050008282997
8,128,2,36,27.97772789001465,28.003600004012696
8,128,2,37,27.9869441986084,28.012549999402836
8,128,2,38,27.989824295043945,28.014819996315055
8,128,2,39,27.995136260986328,28.020249999826774
8,128,2,40,28.033184051513672,28.05860000080429
8,128,2,41,28.033855438232422,28.059930002200417
8,128,2,42,28.044063568115234,28.077929993742146
8,128,2,43,28.01740837097168,28.043560014339164
8,128,2,44,28.0482234954834,28.07390999805648
8,128,2,45,28.070911407470703,28.09541000169702
8,128,2,46,28.108543395996094,28.133189989603125
8,128,2,47,28.117183685302734,28.14217000559438
8,128,2,48,28.096511840820312,28.122310002800077
8,128,2,49,28.129152297973633,28.154610001365654
8,128,2,50,28.126144409179688,28.150419995654374
8,128,2,51,28.141408920288086,28.165680007077754
8,128,2,52,28.140127182006836,28.164970004581846
8,128,2,53,28.148799896240234,28.173469996545464
8,128,2,54,28.148704528808594,28.173689992399886
8,128,2,55,28.16921615600586,28.193919992190786
8,128,2,56,28.184608459472656,28.20888999849558
8,128,2,57,28.17910385131836,28.203659996506758
8,128,2,58,28.18560028076172,28.21158998995088
8,128,2,59,28.190080642700195,28.215559999807738
8,128,2,60,28.213504791259766,28.238700004294515
8,128,2,61,28.231679916381836,28.257350000785664
8,128,2,62,28.225631713867188,28.250700008356944
8,128,2,63,28.239871978759766,28.264770007808693
8,128,3,1,27.648672103881836,27.6758800027892
8,128,3,2,27.505664825439453,27.530189996468835
8,128,3,3,27.53081512451172,27.555869994102977
8,128,3,4,27.56608009338379,27.596980013186112
8,128,3,5,27.53343963623047,27.620890003163368
8,128,3,6,28.013568878173828,28.159110006527044
8,128,3,7,27.5665283203125,27.59186999173835
8,128,3,8,27.56710433959961,27.592529993853532
8,128,3,9,27.619327545166016,27.644419998978265
8,128,3,10,27.633216857910156,27.659260013024323
8,128,3,11,27.60089683532715,27.626730006886646
8,128,3,12,27.61737632751465,27.654649995383807
8,128,3,13,27.636640548706055,27.66161000181455
8,128,3,14,27.633663177490234,27.658689999952912
8,128,3,15,27.641855239868164,27.667059999657795
8,128,3,16,27.686912536621094,27.712719995179214
8,128,3,17,27.664287567138672,27.68981001281645
8,128,3,18,27.671552658081055,27.696600009221584
8,128,3,19,27.691007614135742,27.71532000042498
8,128,3,20,27.691007614135742,27.716469994629733
8,128,3,21,27.699199676513672,27.72425999864936
8,128,3,22,27.709056854248047,27.733940005418845
8,128,3,23,27.72256088256836,27.7545199933229
8,128,3,24,27.74015998840332,27.76558000186924
8,128,3,25,27.736064910888672,27.76201999222394
8,128,3,26,27.7524471282959,27.778229996329173
8,128,3,27,27.77187156677246,27.796730006230064
8,128,3,28,27.788288116455078,27.814449989818968
8,128,3,29,27.79203224182129,27.816140005597845
8,128,3,30,27.795040130615234,27.819829992949963
8,128,3,31,27.807392120361328,27.833000000100583
8,128,3,32,27.820032119750977,27.846129989484325
8,128,3,33,27.9718074798584,28.00017999834381
8,128,3,34,28.01558494567871,28.04105999530293
8,128,3,35,27.976255416870117,28.00059999572113
8,128,3,36,28.018688201904297,28.043409998645075
8,128,3,37,27.993440628051758,28.019129997119308
8,128,3,38,28.016223907470703,28.042260004440323
8,128,3,39,28.018335342407227,28.043939993949607
8,128,3,40,28.015615463256836,28.042050005751662
8,128,3,41,28.032703399658203,28.058570009307005
8,128,3,42,28.034624099731445,28.060420008841902
8,128,3,43,28.048992156982422,28.081950003979728
8,128,3,44,28.057600021362305,28.08299999742303
8,128,3,45,28.07391929626465,28.09927999624051
8,128,3,46,28.11084747314453,28.137209999840707
8,128,3,47,28.093183517456055,28.118610003730282
8,128,3,48,28.108543395996094,28.13384000910446
8,128,3,49,28.11084747314453,28.136659995652735
8,128,3,50,28.1296329498291,28.156749991467223
8,128,3,51,28.1345272064209,28.15979000297375
8,128,3,52,28.1661434173584,28.19057001033798
8,128,3,53,28.14873504638672,28.173469996545464
8,128,3,54,28.15385627746582,28.178249995107763
8,128,3,55,28.1712646484375,28.19626999553293
8,128,3,56,28.188671112060547,28.213979996507987
8,128,3,57,28.189695358276367,28.214079997269437
8,128,3,58,28.18560028076172,28.211070006364025
8,128,3,59,28.199935913085938,28.225030007888563
8,128,3,60,28.213951110839844,28.238069993676618
8,128,3,61,28.222400665283203,28.247559996088967
8,128,3,62,28.28873634338379,28.313369999523275
8,128,3,63,28.257055282592773,28.28310000768397
8,128,4,1,27.668479919433594,27.699120008037426
8,128,4,2,27.52409553527832,27.54906000336632
8,128,4,3,27.52716827392578,27.551820006920025
8,128,4,4,27.53433609008789,27.558530011447147
8,128,4,5,27.53398323059082,27.558560002944432
8,128,4,6,27.539424896240234,27.566410004510544
8,128,4,7,27.575519561767578,27.600929999607615
8,128,4,8,27.57427215576172,27.606509989709593
8,128,4,9,27.616544723510742,27.64729000045918
8,128,4,10,27.593568801879883,27.618950000032783
8,128,4,11,27.603967666625977,27.62937000079546
8,128,4,12,27.668479919433594,27.693319992977194
8,128,4,13,27.638784408569336,27.66404001158662
8,128,4,14,27.638784408569336,27.664759996696375
8,128,4,15,27.674623489379883,27.70113000588026
8,128,4,16,27.650720596313477,27.676649988279678
8,128,4,17,27.656192779541016,27.681539999321103
8,128,4,18,27.680767059326172,27.706690001650713
8,128,4,19,27.687936782836914,27.714309995644726
8,128,4,20,27.684864044189453,27.70946999953594
8,128,4,21,27.69715118408203,27.723030012566596
8,128,4,22,27.709440231323242,27.73540999623947
8,128,4,23,27.726848602294922,27.753100002883002
8,128,4,24,27.73504066467285,27.760349999880418
8,128,4,25,27.748767852783203,27.77358998719137
8,128,4,26,27.779903411865234,27.805570003692992
8,128,4,27,27.800256729125977,27.82621000369545
8,128,4,28,27.826143264770508,27.851389997522347
8,128,4,29,27.835391998291016,27.86041000217665
8,128,4,30,27.837087631225586,27.86250000644941
8,128,4,31,27.83776092529297,27.864119998412207
8,128,4,32,27.86774444580078,27.89370001119096
8,128,4,33,27.98454475402832,28.009839996229857
8,128,4,34,27.966463088989258,27.99181999580469
8,128,4,35,27.977439880371094,28.00199000921566
8,128,4,36,27.984895706176758,28.010230002109893
8,128,4,37,27.991039276123047,28.016899988870136
8,128,4,38,28.015520095825195,28.04209999158047
8,128,4,39,28.00966453552246,28.035259994794615
8,128,4,40,28.024831771850586,28.05079000245314
8,128,4,41,28.030975341796875,28.056230003130622
8,128,4,42,28.034048080444336,28.058759999112226
8,128,4,43,28.048736572265625,28.074620000552386
8,128,4,44,28.055551528930664,28.0805599904852
8,128,4,45,28.079103469848633,28.103589997044764
8,128,4,46,28.089344024658203,28.114390006521717
8,128,4,47,28.104703903198242,28.13123000669293
8,128,4,48,28.120704650878906,28.14658998977393
8,128,4,49,28.12620735168457,28.151510006864555
8,128,4,50,28.129568099975586,28.155549996881746
8,128,4,51,28.14873504638672,28.17479999794159
8,128,4,52,28.16102409362793,28.18662000936456
8,128,4,53,28.15990447998047,28.185269999084994
8,128,4,54,28.176095962524414,28.20686998893507
8,128,4,55,28.19830322265625,28.227389993844554
8,128,4,56,28.210176467895508,28.23517999786418
8,128,4,57,28.210176467895508,28.2345800078474
8,128,4,58,28.202848434448242,28.22791000653524
8,128,4,59,28.20707130432129,28.231999996933155
8,128,4,60,28.229408264160156,28.2541499909712
8,128,4,61,28.22960090637207,28.25424999173265
8,128,4,62,28.23302459716797,28.259099999559112
8,128,4,63,28.267295837402344,28.29394000582397
8,128,5,1,27.692031860351562,27.719530000467785
8,128,5,2,27.54355239868164,27.570170001126826
8,128,5,3,27.569183349609375,27.59750999393873
8,128,5,4,27.53843116760254,27.563569994526915
8,128,5,5,27.54662322998047,27.5715699972352
8,128,5,6,27.55072021484375,27.576050008065067
8,128,5,7,27.560543060302734,27.58601999084931
8,128,5,8,27.580415725708008,27.605670009506866
8,128,5,9,27.58246421813965,27.606989999185316
8,128,5,10,27.598848342895508,27.62506999715697
8,128,5,11,27.622400283813477,27.65039999212604
8,128,5,12,27.642751693725586,27.668440001434647
8,128,5,13,27.652063369750977,27.678240003297105
8,128,5,14,27.664384841918945,27.689800001098774
8,128,5,15,27.669504165649414,27.695209995727055
8,128,5,16,27.677696228027344,27.703070009010844
8,128,5,17,27.682815551757812,27.710099995601922
8,128,5,18,27.69647979736328,27.723310005967505
8,128,5,19,27.703296661376953,27.728740009479225
8,128,5,20,27.707359313964844,27.733829992939718
8,128,5,21,27.75142478942871,27.77687000343576
8,128,5,22,27.71455955505371,27.73898000305053
8,128,5,23,27.737791061401367,27.763039994169958
8,128,5,24,27.7391357421875,27.765589999035
8,128,5,25,27.73676872253418,27.762619996792637
8,128,5,26,27.75347137451172,27.779309995821677
8,128,5,27,27.76335906982422,27.789030005806126
8,128,5,28,27.780864715576172,27.805779987829737
8,128,5,29,27.786239624023438,27.811010004370473
8,128,5,30,27.814912796020508,27.83956000348553
8,128,5,31,27.794496536254883,27.818920003483072
8,128,5,32,27.814912796020508,27.83931999874767
8,128,5,33,27.96134376525879,27.98568000434898
8,128,5,34,27.95702362060547,27.981229999568313
8,128,5,35,27.975679397583008,28.000989987049252
8,128,5,36,27.98758316040039,28.011959991999902
8,128,5,37,27.99126434326172,28.01721000287216
8,128,5,38,28.018112182617188,28.04397999716457
8,128,5,39,28.034048080444336,28.059439995558932
8,128,5,40,28.050399780273438,28.07621999818366
8,128,5,41,28.026880264282227,28.05192999949213
8,128,5,42,28.033023834228516,28.058160009095445
8,128,5,43,28.037120819091797,28.063739999197423
8,128,5,44,28.054527282714844,28.080260002752766
8,128,5,45,28.065120697021484,28.089660001569428
8,128,5,46,28.078079223632812,28.10250999755226
8,128,5,47,28.087295532226562,28.112390005844645
8,128,5,48,28.1026554107666,28.128350008046255
8,128,5,49,28.114944458007812,28.140120004536584
8,128,5,50,28.12268829345703,28.146979995653965
8,128,5,51,28.12723159790039,28.152650003903545
8,128,5,52,28.145055770874023,28.171370009658858
8,128,5,53,28.15590476989746,28.18198999739252
8,128,5,54,28.15692710876465,28.18132001266349
8,128,5,55,28.163776397705078,28.187610005261377
8,128,5,56,28.175296783447266,28.199769993079826
8,128,5,57,28.291072845458984,28.316110008745454
8,128,5,58,28.1876163482666,28.22038999875076
8,128,5,59,28.218368530273438,28.24378000514116
8,128,5,60,28.217599868774414,28.24313000019174
8,128,5,61,28.220224380493164,28.246020010556094
8,128,5,62,28.220415115356445,28.246960006072186
8,128,5,63,28.238847732543945,28.264509994187392
8,128,6,1,27.665407180786133,27.69388999149669
8,128,6,2,27.510784149169922,27.53609999490436
8,128,6,3,27.54047966003418,27.566789998672903
8,128,6,4,27.580095291137695,27.606010000454262
8,128,6,5,27.62505531311035,27.65083000122104
8,128,6,6,27.56073570251465,27.587099990341812
8,128,6,7,27.583232879638672,27.608910007984377
8,128,6,8,27.599231719970703,27.624679991276935
8,128,6,9,27.57708740234375,27.601589987170883
8,128,6,10,27.58451271057129,27.61037000163924
8,128,6,11,27.613183975219727,27.639020001515746
8,128,6,12,27.614303588867188,27.639740001177415
8,128,6,13,27.618207931518555,27.643300010822713
8,128,6,14,27.623008728027344,27.647990005789325
8,128,6,15,27.64352035522461,27.66835999500472
8,128,6,16,27.645280838012695,27.67003999906592
8,128,6,17,27.653120040893555,27.678270009346306
8,128,6,18,27.663360595703125,27.6896499999566
8,128,6,19,27.66979217529297,27.696479999576695
8,128,6,20,27.68992042541504,27.715690011973493
8,128,6,21,27.699871063232422,27.725389998522587
8,128,6,22,27.711488723754883,27.736880001612008
8,128,6,23,27.7093448638916,27.733509996323846
8,128,6,24,27.73206329345703,27.757769988966174
8,128,6,25,27.719680786132812,27.74443000089377
8,128,6,26,27.74118423461914,27.766039987909608
8,128,6,27,27.76464080810547,27.78897000825964
8,128,6,28,27.801599502563477,27.826260004076175
8,128,6,29,27.80441665649414,27.829450002172962
8,128,6,30,27.83625602722168,27.860469999723136
8,128,6,31,27.803647994995117,27.828110003611073
8,128,6,32,27.853824615478516,27.879240005859174
8,128,6,33,27.95008087158203,27.975250006420538
8,128,6,34,27.94691276550293,27.972439987934195
8,128,6,35,27.98147201538086,28.007560002151877
8,128,6,36,28.012544631958008,28.037969997967593
8,128,6,37,28.012351989746094,28.03813999344129
8,128,6,38,27.994112014770508,28.019420002237894
8,128,6,39,28.003328323364258,28.028159998939373
8,128,6,40,28.007232666015625,28.032539994455874
8,128,6,41,28.026880264282227,28.052369991200976
8,128,6,42,28.026079177856445,28.050980006810278
8,128,6,43,28.025856018066406,28.050530003383756
8,128,6,44,28.043264389038086,28.068119994713925
8,128,6,45,28.06643295288086,28.09176000300795
8,128,6,46,28.08585548400879,28.110190003644675
8,128,6,47,28.10883140563965,28.134290012530982
8,128,6,48,28.09542465209961,28.11949999886565
8,128,6,49,28.112895965576172,28.137789995525964
8,128,6,50,28.12348747253418,28.149730002041906
8,128,6,51,28.13750457763672,28.163399998447858
8,128,6,52,28.14841651916504,28.173039987450466
8,128,6,53,28.14975929260254,28.179080007248558
8,128,6,54,28.347328186035156,28.371659995173104
8,128,6,55,28.176128387451172,28.202959991176613
8,128,6,56,28.183551788330078,28.209730007802136
8,128,6,57,28.211200714111328,28.243399996426888
8,128,6,58,28.200960159301758,28.229450006620027
8,128,6,59,28.238815307617188,28.268110007047653
8,128,6,60,28.279808044433594,28.30519000417553
8,128,6,61,28.229759216308594,28.255270008230582
8,128,6,62,28.248064041137695,28.275310003664345
8,128,6,63,28.267520904541016,28.29391999694053
16,128,0,1,29.887359619140625,29.918240004917607
16,128,0,2,29.630367279052734,29.656469996552914
16,128,0,3,29.62816047668457,29.6533699874999
16,128,0,4,29.662208557128906,29.687889997148886
16,128,0,5,29.648895263671875,29.67486999114044
16,128,0,6,29.659135818481445,29.68518999114167
16,128,0,7,29.69161605834961,29.718630001298152
16,128,0,8,29.675519943237305,29.702179992455058
16,128,0,9,29.703935623168945,29.732139999396168
16,128,0,10,29.74617576599121,29.777129995636642
16,128,0,11,29.74412727355957,29.77068000473082
16,128,0,12,29.722623825073242,29.748129993095063
16,128,0,13,29.735872268676758,29.76121001120191
16,128,0,14,29.738815307617188,29.764549995888956
16,128,0,15,29.738975524902344,29.76441000646446
16,128,0,16,29.765695571899414,29.79242999572307
16,128,0,17,29.780128479003906,29.805669997585937
16,128,0,18,29.769535064697266,29.795709997415543
16,128,0,19,29.809856414794922,29.835349996574223
16,128,0,20,29.802751541137695,29.82814000279177
16,128,0,21,29.79532814025879,29.821119998814538
16,128,0,22,29.80659294128418,29.832560001523234
16,128,0,23,29.806560516357422,29.832099986379035
16,128,0,24,29.818880081176758,29.843750002328306
16,128,0,25,29.829120635986328,29.855330009013414
16,128,0,26,29.873151779174805,29.898710010456853
16,128,0,27,29.877119064331055,29.902099995524622
16,128,0,28,29.871103286743164,29.896720006945543
16,128,0,29,29.869056701660156,29.89388001151383
16,128,0,30,29.886367797851562,29.911880003055558
16,128,0,31,30.905344009399414,30.94280000368599
16,128,0,32,29.898752212524414,29.924160000518896
16,128,0,33,30.15884780883789,30.184599992935546
16,128,0,34,30.166175842285156,30.191059995559044
16,128,0,35,30.18239974975586,30.207300005713478
16,128,0,36,30.195711135864258,30.229600000893697
16,128,0,37,30.20902442932129,30.235650003305636
16,128,0,38,30.213119506835938,30.239279993111268
16,128,0,39,30.221311569213867,30.253700009780005
16,128,0,40,30.22550392150879,30.25541000533849
16,128,0,41,30.22652816772461,30.251710006268695
16,128,0,42,30.255104064941406,30.28074000030756
16,128,0,43,30.27027130126953,30.295169999590144
16,128,0,44,30.254079818725586,30.28050999273546
16,128,0,45,30.265216827392578,30.291949995444156
16,128,0,46,30.305408477783203,30.33121999760624
16,128,0,47,30.296672821044922,30.321969999931753
16,128,0,48,30.288896560668945,30.313759998534806
16,128,0,49,30.308351516723633,30.333570000948384
16,128,0,50,30.3209285736084,30.346369996550493
16,128,0,51,30.319616317749023,30.343370002810843
16,128,0,52,30.338048934936523,30.362680001417175
16,128,0,53,30.352384567260742,30.37731999938842
16,128,0,54,30.34111976623535,30.367569997906685
16,128,0,55,30.367584228515625,30.394479996175505
16,128,0,56,30.388927459716797,30.414940003538504
16,128,0,57,30.37900733947754,30.404320001252927
16,128,0,58,30.39846420288086,30.430849990807474
16,128,0,59,30.433183670043945,30.46402000472881
16,128,0,60,30.42697525024414,30.456959997536615
16,128,0,61,30.446592330932617,30.47579000121914
16,128,0,62,30.46985626220703,30.495290004182607
16,128,0,63,30.43824005126953,30.46337999694515
16,128,1,1,29.901824951171875,29.93636998871807
16,128,1,2,29.622272491455078,29.65070999925956
16,128,1,3,29.626367568969727,29.652079989318736
16,128,1,4,29.639680862426758,29.665409994777292
16,128,1,5,29.651968002319336,29.677590006031096
16,128,1,6,29.637632369995117,29.663070003152825
16,128,1,7,29.659231185913086,29.685589994187467
16,128,1,8,29.681663513183594,29.708180009038188
16,128,1,9,29.67830467224121,29.704479995416477
16,128,1,10,29.70204734802246,29.72797999973409
16,128,1,11,29.706239700317383,29.732230002991855
16,128,1,12,29.715423583984375,29.742170008830726
16,128,1,13,29.72038459777832,29.748179993475787
16,128,1,14,29.71664047241211,29.743470004177652
16,128,1,15,29.75436782836914,29.78138999606017
16,128,1,16,29.814847946166992,29.8413599957712
16,128,1,17,29.790143966674805,29.816349997418
16,128,1,18,29.78201675415039,29.808229999616742
16,128,1,19,29.81171226501465,29.83722000499256
16,128,1,20,29.815488815307617,29.84029999061022
16,128,1,21,29.78099250793457,29.808360006427392
16,128,1,22,29.79020881652832,29.81764001015108
16,128,1,23,29.8123836517334,29.837769994628616
16,128,1,24,29.82681655883789,29.85085999534931
16,128,1,25,29.814559936523438,29.838979986379854
16,128,1,26,29.845439910888672,29.871260005165823
16,128,1,27,29.839263916015625,29.86568999767769
16,128,1,28,29.883647918701172,29.913399994256906
16,128,1,29,29.876224517822266,29.90896000119392
16,128,1,30,29.871103286743164,29.896330001065508
16,128,1,31,29.90287971496582,29.930130011052825
16,128,1,32,29.899776458740234,29.927199997473508
16,128,1,33,30.195423126220703,30.221039996831678
16,128,1,34,30.140832901000977,30.165560005116276
16,128,1,35,30.18035125732422,30.206629991880618
16,128,1,36,30.197343826293945,30.22304999467451
16,128,1,37,30.20083236694336,30.22616999805905
16,128,1,38,30.204063415527344,30.228919989895076
16,128,1,39,30.213247299194336,30.238949999329634
16,128,1,40,30.221311569213867,30.247100003180094
16,128,1,41,30.237695693969727,30.263799999374896
16,128,1,42,30.230527877807617,30.256919999374077
16,128,1,43,30.2445125579834,30.269509996287525
16,128,1,44,30.253280639648438,30.278410005848855
16,128,1,45,30.286592483520508,30.31178998935502
16,128,1,46,30.310304641723633,30.335989999002777
16,128,1,47,30.283775329589844,30.30929999658838
16,128,1,48,30.287872314453125,30.313030001707375
16,128,1,49,30.305280685424805,30.330480003613047
16,128,1,50,30.324735641479492,30.35123999870848
16,128,1,51,30.3670711517334,30.401159994653426
16,128,1,52,30.532991409301758,30.56845000537578
16,128,1,53,30.360383987426758,30.386519996682182
16,128,1,54,30.369792938232422,30.396099988138303
16,128,1,55,30.38310432434082,30.40853000129573
16,128,1,56,30.364608764648438,30.390880012419075
16,128,1,57,30.600191116333008,30.636330004199408
16,128,1,58,30.38822364807129,30.413979999138974
16,128,1,59,30.382688522338867,30.408039994654246
16,128,1,60,30.409727096557617,30.435000007855706
16,128,1,61,30.40332794189453,30.4276300012134
16,128,1,62,30.417823791503906,30.44303999922704
16,128,1,63,30.442432403564453,30.46671999618411
16,128,2,1,29.852672576904297,29.88332000677474
16,128,2,2,29.59769630432129,29.622980000567622
16,128,2,3,29.60691261291504,29.632239995407872
16,128,2,4,29.614208221435547,29.639280008268543
16,128,2,5,29.625919342041016,29.65087999473326
16,128,2,6,29.649728775024414,29.675400000996888
16,128,2,7,29.65692710876465,29.681969986995682
16,128,2,8,29.65884780883789,29.68462000717409
16,128,2,9,29.686784744262695,29.712349991314113
16,128,2,10,29.664127349853516,29.688530004932545
16,128,2,11,29.690879821777344,29.716219985857606
16,128,2,12,29.690784454345703,29.716019998886622
16,128,2,13,29.731712341308594,29.757519994745962
16,128,2,14,29.72979164123535,29.7543499909807
16,128,2,15,29.70921516418457,29.73414000007324
16,128,2,16,29.73593521118164,29.761419995338656
16,128,2,17,29.758464813232422,29.78420999716036
16,128,2,18,29.752256393432617,29.776559997117147
16,128,2,19,29.7838077545166,29.80855001078453
16,128,2,20,29.78099250793457,29.80561000003945
16,128,2,21,29.7840633392334,29.809220010065474
16,128,2,22,29.78508758544922,29.809989995555952
16,128,2,23,29.799680709838867,29.82656999665778
16,128,2,24,29.809280395507812,29.835389999789186
16,128,2,25,29.808639526367188,29.833249995135702
16,128,2,26,29.895679473876953,29.92121000715997
16,128,2,27,29.850528717041016,29.875570005970076
16,128,2,28,29.856639862060547,29.88198000821285
16,128,2,29,29.864927291870117,29.88945999823045
16,128,2,30,29.871007919311523,29.89648000220768
16,128,2,31,29.87820816040039,29.90287001011893
16,128,2,32,29.884416580200195,29.910819997894578
16,128,2,33,30.121984481811523,30.14789998997003
16,128,2,34,30.14860725402832,30.173749997629784
16,128,2,35,30.189247131347656,30.21367000474129
16,128,2,36,30.171775817871094,30.196489999070764
16,128,2,37,30.195392608642578,30.220379994716495
16,128,2,38,30.19196891784668,30.216409999411553
16,128,2,39,30.20684814453125,30.23098000267055
16,128,2,40,30.21126365661621,30.2371400030097
16,128,2,41,30.227039337158203,30.25224999873899
16,128,2,42,30.284799575805664,30.31001999625005
16,128,2,43,30.238431930541992,30.26436999789439
16,128,2,44,30.258176803588867,30.282749998150393
16,128,2,45,30.246912002563477,30.271469993749633
16,128,2,46,30.261856079101562,30.28745998744853
16,128,2,47,30.28179168701172,30.307799999718554
16,128,2,48,30.317567825317383,30.342819998622872
16,128,2,49,30.316320419311523,30.341609992319718
16,128,2,50,30.323711395263672,30.34900000784546
16,128,2,51,30.319007873535156,30.34446999663487
16,128,2,52,30.36639976501465,30.390660002012737
16,128,2,53,30.330591201782227,30.355979994055815
16,128,2,54,30.342144012451172,30.36802999849897
16,128,2,55,30.34396743774414,30.369030006113462
16,128,2,56,30.384063720703125,30.40963999228552
16,128,2,57,30.3953914642334,30.422629992244765
16,128,2,58,30.398880004882812,30.42587000527419
16,128,2,59,30.391551971435547,30.417770001804456
16,128,2,60,30.405439376831055,30.4309299972374
16,128,2,61,30.398048400878906,30.422669995459728
16,128,2,62,30.421632766723633,30.4465799999889
16,128,2,63,30.457855224609375,30.483470007311553
16,128,3,1,29.867935180664062,29.897560001700185
16,128,3,2,29.595552444458008,29.620410001371056
16,128,3,3,29.61440086364746,29.640159991686232
16,128,3,4,29.640703201293945,29.947789997095242
16,128,3,5,29.636608123779297,29.663210007129237
16,128,3,6,29.625696182250977,29.65039999980945
16,128,3,7,29.654016494750977,29.679870000109076
16,128,3,8,29.672447204589844,29.69746000599116
16,128,3,9,29.671615600585938,29.697549995034933
16,128,3,10,29.701120376586914,29.72746999876108
16,128,3,11,29.685407638549805,29.71003999118693
16,128,3,12,29.70140838623047,29.72670999588445
16,128,3,13,29.703168869018555,29.72880999732297
16,128,3,14,29.694976806640625,29.719789992668666
16,128,3,15,29.705215454101562,29.736199998296797
16,128,3,16,29.7523193359375,29.81662999081891
16,128,3,17,30.278656005859375,30.34909001144115
16,128,3,18,29.7574405670166,29.78445000189822
16,128,3,19,29.895679473876953,29.921780005679466
16,128,3,20,29.811935424804688,29.838169997674413
16,128,3,21,29.79439926147461,29.819830000633374
16,128,3,22,29.79327964782715,29.81949000968598
16,128,3,23,29.8209285736084,29.846390010789037
16,128,3,24,29.826047897338867,29.852759995264933
16,128,3,25,29.833087921142578,29.858880006941035
16,128,3,26,29.851648330688477,29.877519991714507
16,128,3,27,29.869375228881836,29.895359999500215
16,128,3,28,29.870080947875977,29.895749990828335
16,128,3,29,29.888511657714844,29.91474000737071
16,128,3,30,29.90880012512207,29.935440004919656
16,128,3,31,29.904672622680664,29.930069998954423
16,128,3,32,29.90447998046875,29.930730001069605
16,128,3,33,30.19161605834961,30.217079998692498
16,128,3,34,30.156639099121094,30.181690002791584
16,128,3,35,30.19366455078125,30.218839994631708
16,128,3,36,30.202112197875977,30.227579991333187
16,128,3,37,30.20697593688965,30.23283999937121
16,128,3,38,30.240768432617188,30.267370006185956
16,128,3,39,30.248960494995117,30.275110009824857
16,128,3,40,30.275583267211914,30.30169999692589
16,128,3,41,30.2357120513916,30.26123000017833
16,128,3,42,30.254783630371094,30.279739992693067
16,128,3,43,30.257152557373047,30.2821799996309
16,128,3,44,30.290943145751953,30.315220006741583
16,128,3,45,30.29033660888672,30.31559000373818
16,128,3,46,30.294015884399414,30.31952999299392
16,128,3,47,30.30611228942871,30.331789996125735
16,128,3,48,30.364543914794922,30.391319989576004
16,128,3,49,30.314464569091797,30.341319987201132
16,128,3,50,30.341760635375977,30.366389997652732
16,128,3,51,30.343168258666992,30.368360006832518
16,128,3,52,30.34623908996582,30.373069996130653
16,128,3,53,30.361600875854492,30.38685000501573
16,128,3,54,30.36147117614746,30.387499995413236
16,128,3,55,30.37183952331543,30.39683999668341
16,128,3,56,30.39263916015625,30.41823000239674
16,128,3,57,30.39254379272461,30.418559996178374
16,128,3,58,30.40665626525879,30.43247999448795
16,128,3,59,30.3953914642334,30.421810006373562
16,128,3,60,30.43779182434082,30.463160001090728
16,128,3,61,30.419967651367188,30.445469994447194
16,128,3,62,30.436416625976562,30.462840004474856
16,128,3,63,30.484384536743164,30.51024000160396
16,128,4,1,29.91094398498535,29.93962999607902
16,128,4,2,29.59769630432129,29.622989997733384
16,128,4,3,29.624319076538086,29.64977000374347
16,128,4,4,29.6177921295166,29.642669993336312
16,128,4,5,29.62188720703125,29.64757999870926
16,128,4,6,29.654016494750977,29.68019999389071
16,128,4,7,29.654016494750977,29.684819994145073
16,128,4,8,29.673471450805664,29.70290998928249
16,128,4,9,29.686559677124023,29.718539997702464
16,128,4,10,29.690879821777344,29.72130999842193
16,128,4,11,29.68992042541504,29.715850003412925
16,128,4,12,29.754175186157227,29.78017000714317
16,128,4,13,29.69580841064453,29.72158999182284
16,128,4,14,29.71116828918457,29.736840006080456
16,128,4,15,29.72876739501953,29.754440009128302
16,128,4,16,29.75939178466797,29.785099992295727
16,128,4,17,29.76665687561035,29.79284999310039
16,128,4,18,29.757247924804688,29.78203000384383
16,128,4,19,29.784032821655273,29.80894000211265
16,128,4,20,29.808639526367188,29.83547000621911
16,128,4,21,29.785919189453125,29.812339998898096
16,128,4,22,29.791231155395508,29.816970010870136
16,128,4,23,29.81808090209961,29.84374998777639
16,128,4,24,29.831167221069336,29.8632699996233
16,128,4,25,29.854719161987305,29.885480005759746
16,128,4,26,29.840320587158203,29.86696000152733
16,128,4,27,29.879295349121094,29.90576000593137
16,128,4,28,29.917312622070312,29.942579989437945
16,128,4,29,29.875200271606445,29.90084000339266
16,128,4,30,29.876224517822266,29.907970005297102
16,128,4,31,29.888511657714844,29.91326000483241
16,128,4,32,29.900800704956055,29.92603999155108
16,128,4,33,30.158496856689453,30.183690003468655
16,128,4,34,30.16908836364746,30.194530001608655
16,128,4,35,30.186847686767578,30.212110010324977
16,128,4,36,30.206911087036133,30.232159988372587
16,128,4,37,30.20800018310547,30.23295999446418
16,128,4,38,30.215167999267578,30.240819993196055
16,128,4,39,30.21107292175293,30.23648999806028
16,128,4,40,30.244735717773438,30.271110008470714
16,128,4,41,30.251007080078125,30.277779995230958
16,128,4,42,30.262271881103516,30.289419999462552
16,128,4,43,30.259199142456055,30.284300009952858
16,128,4,44,30.524351119995117,30.549759991117753
16,128,4,45,30.256128311157227,30.282319989055395
16,128,4,46,30.33590316772461,30.36083999904804
16,128,4,47,30.279680252075195,30.305469990707934
16,128,4,48,30.298112869262695,30.322870006784797
16,128,4,49,30.314495086669922,30.339159988216124
16,128,4,50,30.316543579101562,30.342969999765046
16,128,4,51,30.32761573791504,30.353340000147
16,128,4,52,30.334976196289062,30.36053999676369
16,128,4,53,30.337024688720703,30.36232000158634
16,128,4,54,30.357471466064453,30.382190001546405
16,128,4,55,30.37388801574707,30.398880000575446
16,128,4,56,30.37798309326172,30.403310011024587
16,128,4,57,30.38822364807129,30.413150001550093
16,128,4,58,30.40870475769043,30.43556000920944
16,128,4,59,30.417919158935547,30.44458999647759
16,128,4,60,30.410751342773438,30.436289991484955
16,128,4,61,30.40870475769043,30.43395999702625
16,128,4,62,30.40790367126465,30.433499996433966
16,128,4,63,30.42188835144043,30.447469995124266
16,128,5,1,29.915136337280273,29.95500000542961
16,128,5,2,29.61612892150879,29.644159993040375
16,128,5,3,29.628864288330078,29.655350008397363
16,128,5,4,29.638559341430664,29.694929995457642
16,128,5,5,29.664255142211914,29.68978999706451
16,128,5,6,29.624160766601562,29.649320000316948
16,128,5,7,29.64672088623047,29.671360010979697
16,128,5,8,29.641984939575195,29.666899994481355
16,128,5,9,29.676544189453125,29.701450010179542
16,128,5,10,29.672447204589844,29.697179998038337
16,128,5,11,29.706239700317383,29.73111999745015
16,128,5,12,29.708288192749023,29.733459989074618
16,128,5,13,29.687807083129883,29.713060008361936
16,128,5,14,29.714784622192383,29.73960000963416
16,128,5,15,29.736000061035156,29.761409998172894
16,128,5,16,29.740032196044922,29.765669998596422
16,128,5,17,29.76643180847168,29.791619992465712
16,128,5,18,29.740032196044922,29.76511999440845
16,128,5,19,29.76358413696289,29.78950999386143
16,128,5,20,29.822975158691406,29.85089000139851
16,128,5,21,29.78508758544922,29.810899999574758
16,128,5,22,29.791072845458984,29.815989997587167
16,128,5,23,29.80454444885254,29.837780006346293
16,128,5,24,29.834239959716797,29.859359987312928
16,128,5,25,29.818880081176758,29.84441000444349
16,128,5,26,29.843135833740234,29.86822000821121
16,128,5,27,29.840383529663086,29.865089993108995
16,128,5,28,29.861087799072266,29.885960000683554
16,128,5,29,29.853984832763672,29.878469998948276
16,128,5,30,29.8985595703125,29.92428999277763
16,128,5,31,29.898496627807617,29.924889997346327
16,128,5,32,29.891584396362305,29.91895999002736
16,128,5,33,30.166879653930664,30.192430000170134
16,128,5,34,30.138368606567383,30.162909999489784
16,128,5,35,30.20185661315918,30.22820000478532
16,128,5,36,30.18239974975586,30.20992000529077
16,128,5,37,30.20377540588379,30.229039999539964
16,128,5,38,30.22915267944336,30.255969992140308
16,128,5,39,31.714303970336914,31.741359998704866
16,128,5,40,30.429887771606445,30.45563999330625
16,128,5,41,30.25503921508789,30.28125000128057
16,128,5,42,30.24505615234375,30.270290008047596
16,128,5,43,30.242496490478516,30.268269998487085
16,128,5,44,30.283775329589844,30.30888999637682
16,128,5,45,30.256288528442383,30.282200008514337
16,128,5,46,30.28214454650879,30.307889988762327
16,128,5,47,30.314239501953125,30.339019998791628
16,128,5,48,30.300031661987305,30.325100000482053
16,128,5,49,30.305280685424805,30.330690002301708
16,128,5,50,30.33193588256836,30.35726999223698
16,128,5,51,30.32512092590332,30.34996999485884
16,128,5,52,30.33910369873047,30.36396999959834
16,128,5,53,30.35750389099121,30.38317000027746
16,128,5,54,30.335872650146484,30.361209996044636
16,128,5,55,30.39641571044922,30.420909999520518
16,128,5,56,30.38604736328125,30.4109300050186
16,128,5,57,30.38617515563965,30.410990002565086
16,128,5,58,30.39334487915039,30.418490001466125
16,128,5,59,30.40025520324707,30.425759992795065
16,128,5,60,30.451711654663086,30.477220003376715
16,128,5,61,30.42265510559082,30.448049990809523
16,128,5,62,30.420991897583008,30.44613999372814
16,128,5,63,30.440448760986328,30.46533999440726
16,128,6,1,29.948928833007812,29.980310006067157
16,128,6,2,29.639680862426758,29.66612999443896
16,128,6,3,29.630464553833008,29.65624000353273
16,128,6,4,29.665279388427734,29.690950002986938
16,128,6,5,29.640703201293945,29.666459988220595
16,128,6,6,29.645824432373047,29.671560012502596
16,128,6,7,29.674495697021484,29.700239989324473
16,128,6,8,29.662208557128906,29.68906999740284
16,128,6,9,29.703168869018555,29.72902999317739
16,128,6,10,29.692607879638672,29.718199992203154
16,128,6,11,29.695903778076172,29.72140999918338
16,128,6,12,29.70697593688965,29.73233998636715
16,128,6,13,29.734272003173828,29.760789999272674
16,128,6,14,29.816831588745117,29.843540003639646
16,128,6,15,29.76153564453125,29.79071000299882
16,128,6,16,29.76051139831543,29.786449988023378
16,128,6,17,29.79020881652832,29.81603999796789
16,128,6,18,29.78611183166504,29.81228999851737
16,128,6,19,29.78611183166504,29.8119399958523
16,128,6,20,29.828096389770508,29.854480002541095
16,128,6,21,29.79327964782715,29.81992000422906
16,128,6,22,29.843456268310547,29.868550001992844
16,128,6,23,29.815807342529297,29.84610000567045
16,128,6,24,29.84236717224121,29.870960002881475
16,128,6,25,29.827007293701172,29.852520005078986
16,128,6,26,29.833375930786133,29.859080008463934
16,128,6,27,29.871807098388672,29.896690000896342
16,128,6,28,29.99398422241211,30.02116001152899
16,128,6,29,29.877248764038086,29.904479990364052
16,128,6,30,29.881343841552734,29.907060001278296
16,128,6,31,29.88640022277832,29.911019999417476
16,128,6,32,29.87606430053711,29.900860012276098
16,128,6,33,30.15884780883789,30.184550007106736
16,128,6,34,30.187488555908203,30.2135800011456
16,128,6,35,30.19059181213379,30.216150000342168
16,128,6,36,30.221311569213867,30.24605000973679
16,128,6,37,30.19980812072754,30.225149996113032
16,128,6,38,30.219263076782227,30.243539993534796
16,128,6,39,30.228479385375977,30.253459990490228
16,128,6,40,30.224384307861328,30.249920004280284
16,128,6,41,30.23049545288086,30.254989993409254
16,128,6,42,30.23289680480957,30.259799998020753
16,128,6,43,30.246912002563477,30.272839998360723
16,128,6,44,30.267967224121094,30.29309000703506
16,128,6,45,30.265344619750977,30.292369992821477
16,128,6,46,30.332927703857422,30.362559991772287
16,128,6,47,30.296159744262695,30.322320002596825
16,128,6,48,30.307104110717773,30.333059999975376
16,128,6,49,30.316543579101562,30.34146000572946
16,128,6,50,30.329631805419922,30.354570000781678
16,128,6,51,30.34111976623535,30.36745000281371
16,128,6,52,30.358688354492188,30.3848700132221
16,128,6,53,30.380735397338867,30.40690001216717
16,128,6,54,30.353696823120117,30.379639996681362
16,128,6,55,30.38105583190918,30.40715999668464
16,128,6,56,30.38697624206543,30.41189000941813
16,128,6,57,30.386207580566406,30.411569998250343
16,128,6,58,30.39743995666504,30.42231001018081
16,128,6,59,30.378751754760742,30.404730001464486
16,128,6,60,30.419967651367188,30.445589989540167
16,128,6,61,30.402143478393555,30.432690007728525
16,128,6,62,30.440448760986328,30.46942999935709
16,128,6,63,30.439424514770508,30.470219993731007
