family,dtype,cache,m,n,k,reps,bytes,flops,footprint_bytes,sample,loops,ms,error,valid
copy,fp32,warm,0,1024,0,0,8192,0,8192,0,200,0.00273311999626458,0,1
copy,fp32,warm,0,1024,0,0,8192,0,8192,1,200,0.00272415997460485,0,1
copy,fp32,warm,0,1024,0,0,8192,0,8192,2,200,0.0027263998053968,0,1
copy,fp32,warm,0,1024,0,0,8192,0,8192,3,200,0.00272255996242166,0,1
copy,fp32,warm,0,1024,0,0,8192,0,8192,4,200,0.00273088016547263,0,1
copy,fp32,warm,0,1024,0,0,8192,0,8192,5,200,0.00272960006259382,0,1
copy,fp32,warm,0,1024,0,0,8192,0,8192,6,200,0.00272464007139206,0,1
add,fp32,warm,0,1024,0,0,12288,1024,12288,0,200,0.00273536005988717,0,1
add,fp32,warm,0,1024,0,0,12288,1024,12288,1,200,0.00273600011132658,0,1
add,fp32,warm,0,1024,0,0,12288,1024,12288,2,200,0.00274255988188088,0,1
add,fp32,warm,0,1024,0,0,12288,1024,12288,3,200,0.00276095978915691,0,1
add,fp32,warm,0,1024,0,0,12288,1024,12288,4,200,0.00274192006327212,0,1
add,fp32,warm,0,1024,0,0,12288,1024,12288,5,200,0.00273600011132658,0,1
add,fp32,warm,0,1024,0,0,12288,1024,12288,6,200,0.00274303997866809,0,1
triad,fp32,warm,0,1024,0,0,12288,2048,12288,0,200,0.00273119984194636,0,1
triad,fp32,warm,0,1024,0,0,12288,2048,12288,1,200,0.00273807998746634,0,1
triad,fp32,warm,0,1024,0,0,12288,2048,12288,2,200,0.00273840012960136,0,1
triad,fp32,warm,0,1024,0,0,12288,2048,12288,3,200,0.00274111982434988,0,1
triad,fp32,warm,0,1024,0,0,12288,2048,12288,4,200,0.00273967999964952,0,1
triad,fp32,warm,0,1024,0,0,12288,2048,12288,5,200,0.00274320016615093,0,1
triad,fp32,warm,0,1024,0,0,12288,2048,12288,6,200,0.00273631978780031,0,1
copy,fp32,warm,0,16384,0,0,131072,0,131072,0,200,0.00279920012690127,0,1
copy,fp32,warm,0,16384,0,0,131072,0,131072,1,200,0.00279680010862648,0,1
copy,fp32,warm,0,16384,0,0,131072,0,131072,2,200,0.00279216002672911,0,1
copy,fp32,warm,0,16384,0,0,131072,0,131072,3,200,0.00279503990896046,0,1
copy,fp32,warm,0,16384,0,0,131072,0,131072,4,200,0.00279471999965608,0,1
copy,fp32,warm,0,16384,0,0,131072,0,131072,5,200,0.00279727997258306,0,1
copy,fp32,warm,0,16384,0,0,131072,0,131072,6,200,0.00278800004161894,0,1
add,fp32,warm,0,16384,0,0,196608,16384,196608,0,200,0.00288431998342276,0,1
add,fp32,warm,0,16384,0,0,196608,16384,196608,1,200,0.00288287992589176,0,1
add,fp32,warm,0,16384,0,0,196608,16384,196608,2,200,0.00287824007682502,0,1
add,fp32,warm,0,16384,0,0,196608,16384,196608,3,200,0.00288271997123957,0,1
add,fp32,warm,0,16384,0,0,196608,16384,196608,4,200,0.00288127991370857,0,1
add,fp32,warm,0,16384,0,0,196608,16384,196608,5,200,0.00289056007750332,0,1
add,fp32,warm,0,16384,0,0,196608,16384,196608,6,200,0.00288639985956252,0,1
triad,fp32,warm,0,16384,0,0,196608,32768,196608,0,200,0.00288015999831259,0,1
triad,fp32,warm,0,16384,0,0,196608,32768,196608,1,200,0.00287903985008597,0,1
triad,fp32,warm,0,16384,0,0,196608,32768,196608,2,200,0.00288208015263081,0,1
triad,fp32,warm,0,16384,0,0,196608,32768,196608,3,200,0.00288367993198335,0,1
triad,fp32,warm,0,16384,0,0,196608,32768,196608,4,200,0.00287535996176302,0,1
triad,fp32,warm,0,16384,0,0,196608,32768,196608,5,200,0.00287903985008597,0,1
triad,fp32,warm,0,16384,0,0,196608,32768,196608,6,200,0.00286143994890153,0,1
copy,fp32,warm,0,262144,0,0,2097152,0,2097152,0,200,0.0036750400904566,0,1
copy,fp32,warm,0,262144,0,0,2097152,0,2097152,1,200,0.00366079993546009,0,1
copy,fp32,warm,0,262144,0,0,2097152,0,2097152,2,200,0.00366879999637604,0,1
copy,fp32,warm,0,262144,0,0,2097152,0,2097152,3,200,0.00366176012903452,0,1
copy,fp32,warm,0,262144,0,0,2097152,0,2097152,4,200,0.00367024005390704,0,1
copy,fp32,warm,0,262144,0,0,2097152,0,2097152,5,200,0.00367343984544277,0,1
copy,fp32,warm,0,262144,0,0,2097152,0,2097152,6,200,0.00367920007556677,0,1
add,fp32,warm,0,262144,0,0,3145728,262144,3145728,0,200,0.00374159985221922,0,1
add,fp32,warm,0,262144,0,0,3145728,262144,3145728,1,200,0.00374224013648927,0,1
add,fp32,warm,0,262144,0,0,3145728,262144,3145728,2,200,0.00374496006406844,0,1
add,fp32,warm,0,262144,0,0,3145728,262144,3145728,3,200,0.00373711995780468,0,1
add,fp32,warm,0,262144,0,0,3145728,262144,3145728,4,200,0.00374111998826265,0,1
add,fp32,warm,0,262144,0,0,3145728,262144,3145728,5,200,0.0037441598251462,0,1
add,fp32,warm,0,262144,0,0,3145728,262144,3145728,6,200,0.00374928000383079,0,1
triad,fp32,warm,0,262144,0,0,3145728,524288,3145728,0,200,0.00374879990704358,0,1
triad,fp32,warm,0,262144,0,0,3145728,524288,3145728,1,200,0.00374031998217106,0,1
triad,fp32,warm,0,262144,0,0,3145728,524288,3145728,2,200,0.00373807991854846,0,1
triad,fp32,warm,0,262144,0,0,3145728,524288,3145728,3,200,0.00374368019402027,0,1
triad,fp32,warm,0,262144,0,0,3145728,524288,3145728,4,200,0.00374128017574549,0,1
triad,fp32,warm,0,262144,0,0,3145728,524288,3145728,5,200,0.00374015979468822,0,1
triad,fp32,warm,0,262144,0,0,3145728,524288,3145728,6,200,0.00374928000383079,0,1
copy,fp32,warm,0,1048576,0,0,8388608,0,8388608,0,200,0.00626912014558911,0,1
copy,fp32,warm,0,1048576,0,0,8388608,0,8388608,1,200,0.00627488037571311,0,1
copy,fp32,warm,0,1048576,0,0,8388608,0,8388608,2,200,0.00626224000006914,0,1
copy,fp32,warm,0,1048576,0,0,8388608,0,8388608,3,200,0.00626048026606441,0,1
copy,fp32,warm,0,1048576,0,0,8388608,0,8388608,4,200,0.00628400035202503,0,1
copy,fp32,warm,0,1048576,0,0,8388608,0,8388608,5,200,0.00627071969211102,0,1
copy,fp32,warm,0,1048576,0,0,8388608,0,8388608,6,200,0.00627919984981418,0,1
add,fp32,warm,0,1048576,0,0,12582912,1048576,12582912,0,200,0.00645984010770917,0,1
add,fp32,warm,0,1048576,0,0,12582912,1048576,12582912,1,200,0.00645919982343912,0,1
add,fp32,warm,0,1048576,0,0,12582912,1048576,12582912,2,200,0.00645744008943439,0,1
add,fp32,warm,0,1048576,0,0,12582912,1048576,12582912,3,200,0.00645919982343912,0,1
add,fp32,warm,0,1048576,0,0,12582912,1048576,12582912,4,200,0.00646655960008502,0,1
add,fp32,warm,0,1048576,0,0,12582912,1048576,12582912,5,200,0.00691056018695235,0,1
add,fp32,warm,0,1048576,0,0,12582912,1048576,12582912,6,200,0.00645471969619393,0,1
triad,fp32,warm,0,1048576,0,0,12582912,2097152,12582912,0,200,0.00647279992699623,0,1
triad,fp32,warm,0,1048576,0,0,12582912,2097152,12582912,1,200,0.00645968038588762,0,1
triad,fp32,warm,0,1048576,0,0,12582912,2097152,12582912,2,200,0.00646319985389709,0,1
triad,fp32,warm,0,1048576,0,0,12582912,2097152,12582912,3,200,0.00645887991413474,0,1
triad,fp32,warm,0,1048576,0,0,12582912,2097152,12582912,4,200,0.00646112021058798,0,1
triad,fp32,warm,0,1048576,0,0,12582912,2097152,12582912,5,200,0.00646687997505069,0,1
triad,fp32,warm,0,1048576,0,0,12582912,2097152,12582912,6,200,0.00645568035542965,0,1
copy,fp32,warm,0,4194304,0,0,33554432,0,33554432,0,200,0.0234860796481371,0,1
copy,fp32,warm,0,4194304,0,0,33554432,0,33554432,1,200,0.0235068798065186,0,1
copy,fp32,warm,0,4194304,0,0,33554432,0,33554432,2,200,0.023524958640337,0,1
copy,fp32,warm,0,4194304,0,0,33554432,0,33554432,3,200,0.0235004797577858,0,1
copy,fp32,warm,0,4194304,0,0,33554432,0,33554432,4,200,0.0235051196068525,0,1
copy,fp32,warm,0,4194304,0,0,33554432,0,33554432,5,200,0.0234891194850206,0,1
copy,fp32,warm,0,4194304,0,0,33554432,0,33554432,6,200,0.0234582405537367,0,1
add,fp32,warm,0,4194304,0,0,50331648,4194304,50331648,0,200,0.0343678407371044,0,1
add,fp32,warm,0,4194304,0,0,50331648,4194304,50331648,1,200,0.0342475213110447,0,1
add,fp32,warm,0,4194304,0,0,50331648,4194304,50331648,2,200,0.0341868810355663,0,1
add,fp32,warm,0,4194304,0,0,50331648,4194304,50331648,3,200,0.0342145599424839,0,1
add,fp32,warm,0,4194304,0,0,50331648,4194304,50331648,4,200,0.0342467203736305,0,1
add,fp32,warm,0,4194304,0,0,50331648,4194304,50331648,5,200,0.0342590399086475,0,1
add,fp32,warm,0,4194304,0,0,50331648,4194304,50331648,6,200,0.0342072024941444,0,1
triad,fp32,warm,0,4194304,0,0,50331648,8388608,50331648,0,200,0.0343363173305988,0,1
triad,fp32,warm,0,4194304,0,0,50331648,8388608,50331648,1,200,0.0341686382889748,0,1
triad,fp32,warm,0,4194304,0,0,50331648,8388608,50331648,2,200,0.0340984016656876,0,1
triad,fp32,warm,0,4194304,0,0,50331648,8388608,50331648,3,200,0.0341503992676735,0,1
triad,fp32,warm,0,4194304,0,0,50331648,8388608,50331648,4,200,0.0341564789414406,0,1
triad,fp32,warm,0,4194304,0,0,50331648,8388608,50331648,5,200,0.0341609604656696,0,1
triad,fp32,warm,0,4194304,0,0,50331648,8388608,50331648,6,200,0.0340620800852776,0,1
copy,fp32,warm,0,16777216,0,0,134217728,0,134217728,0,200,0.0865143984556198,0,1
copy,fp32,warm,0,16777216,0,0,134217728,0,134217728,1,200,0.0859408006072044,0,1
copy,fp32,warm,0,16777216,0,0,134217728,0,134217728,2,200,0.085911363363266,0,1
copy,fp32,warm,0,16777216,0,0,134217728,0,134217728,3,200,0.0859211161732674,0,1
copy,fp32,warm,0,16777216,0,0,134217728,0,134217728,4,200,0.0859224051237106,0,1
copy,fp32,warm,0,16777216,0,0,134217728,0,134217728,5,200,0.0859129652380943,0,1
copy,fp32,warm,0,16777216,0,0,134217728,0,134217728,6,200,0.0866848006844521,0,1
add,fp32,warm,0,16777216,0,0,201326592,16777216,201326592,0,159,0.124703593552113,0,1
add,fp32,warm,0,16777216,0,0,201326592,16777216,201326592,1,159,0.12344291806221,0,1
add,fp32,warm,0,16777216,0,0,201326592,16777216,201326592,2,159,0.123511143028736,0,1
add,fp32,warm,0,16777216,0,0,201326592,16777216,201326592,3,159,0.123440302908421,0,1
add,fp32,warm,0,16777216,0,0,201326592,16777216,201326592,4,159,0.123535692691803,0,1
add,fp32,warm,0,16777216,0,0,201326592,16777216,201326592,5,159,0.124705210328102,0,1
add,fp32,warm,0,16777216,0,0,201326592,16777216,201326592,6,159,0.123448356986046,0,1
triad,fp32,warm,0,16777216,0,0,201326592,33554432,201326592,0,157,0.123881176114082,0,1
triad,fp32,warm,0,16777216,0,0,201326592,33554432,201326592,1,157,0.123553827404976,0,1
triad,fp32,warm,0,16777216,0,0,201326592,33554432,201326592,2,157,0.123362854123116,0,1
triad,fp32,warm,0,16777216,0,0,201326592,33554432,201326592,3,157,0.123734019696712,0,1
triad,fp32,warm,0,16777216,0,0,201326592,33554432,201326592,4,157,0.123432770371437,0,1
triad,fp32,warm,0,16777216,0,0,201326592,33554432,201326592,5,157,0.123448863625526,0,1
triad,fp32,warm,0,16777216,0,0,201326592,33554432,201326592,6,157,0.12340422719717,0,1
copy,fp32,warm,0,67108864,0,0,536870912,0,536870912,0,57,0.338127702474594,0,1
copy,fp32,warm,0,67108864,0,0,536870912,0,536870912,1,57,0.337750464677811,0,1
copy,fp32,warm,0,67108864,0,0,536870912,0,536870912,2,57,0.337515205144882,0,1
copy,fp32,warm,0,67108864,0,0,536870912,0,536870912,3,57,0.338668346405029,0,1
copy,fp32,warm,0,67108864,0,0,536870912,0,536870912,4,57,0.337447851896286,0,1
copy,fp32,warm,0,67108864,0,0,536870912,0,536870912,5,57,0.337148636579514,0,1
copy,fp32,warm,0,67108864,0,0,536870912,0,536870912,6,57,0.337449550628662,0,1
add,fp32,warm,0,67108864,0,0,805306368,67108864,805306368,0,40,0.489049583673477,0,1
add,fp32,warm,0,67108864,0,0,805306368,67108864,805306368,1,40,0.480039209127426,0,1
add,fp32,warm,0,67108864,0,0,805306368,67108864,805306368,2,40,0.480016797780991,0,1
add,fp32,warm,0,67108864,0,0,805306368,67108864,805306368,3,40,0.480567216873169,0,1
add,fp32,warm,0,67108864,0,0,805306368,67108864,805306368,4,40,0.480163186788559,0,1
add,fp32,warm,0,67108864,0,0,805306368,67108864,805306368,5,40,0.480084002017975,0,1
add,fp32,warm,0,67108864,0,0,805306368,67108864,805306368,6,40,0.480435997247696,0,1
triad,fp32,warm,0,67108864,0,0,805306368,134217728,805306368,0,40,0.488923221826553,0,1
triad,fp32,warm,0,67108864,0,0,805306368,134217728,805306368,1,40,0.480605602264404,0,1
triad,fp32,warm,0,67108864,0,0,805306368,134217728,805306368,2,40,0.48072561621666,0,1
triad,fp32,warm,0,67108864,0,0,805306368,134217728,805306368,3,40,0.480497598648071,0,1
triad,fp32,warm,0,67108864,0,0,805306368,134217728,805306368,4,40,0.480616807937622,0,1
triad,fp32,warm,0,67108864,0,0,805306368,134217728,805306368,5,40,0.480872005224228,0,1
triad,fp32,warm,0,67108864,0,0,805306368,134217728,805306368,6,40,0.480492770671844,0,1
fma,fp32,streaming,0,67108864,0,1,536870912,134217728,536870912,0,59,0.330800265073776,0,1
fma,fp32,streaming,0,67108864,0,1,536870912,134217728,536870912,1,59,0.323760271072388,0,1
fma,fp32,streaming,0,67108864,0,1,536870912,134217728,536870912,2,59,0.322773694992065,0,1
fma,fp32,streaming,0,67108864,0,1,536870912,134217728,536870912,3,59,0.322638094425201,0,1
fma,fp32,streaming,0,67108864,0,1,536870912,134217728,536870912,4,59,0.322743326425552,0,1
fma,fp32,streaming,0,67108864,0,1,536870912,134217728,536870912,5,59,0.322774231433868,0,1
fma,fp32,streaming,0,67108864,0,1,536870912,134217728,536870912,6,59,0.322784006595612,0,1
fma,fp64,streaming,0,33554432,0,1,536870912,67108864,536870912,0,38,0.508437931537628,0,1
fma,fp64,streaming,0,33554432,0,1,536870912,67108864,536870912,1,38,0.506467342376709,0,1
fma,fp64,streaming,0,33554432,0,1,536870912,67108864,536870912,2,38,0.506169259548187,0,1
fma,fp64,streaming,0,33554432,0,1,536870912,67108864,536870912,3,38,0.506368815898895,0,1
fma,fp64,streaming,0,33554432,0,1,536870912,67108864,536870912,4,38,0.506353676319122,0,1
fma,fp64,streaming,0,33554432,0,1,536870912,67108864,536870912,5,38,0.506063163280487,0,1
fma,fp64,streaming,0,33554432,0,1,536870912,67108864,536870912,6,38,0.505893886089325,0,1
fma,fp32,streaming,0,67108864,0,2,536870912,268435456,536870912,0,59,0.326254636049271,0,1
fma,fp32,streaming,0,67108864,0,2,536870912,268435456,536870912,1,59,0.321321785449982,0,1
fma,fp32,streaming,0,67108864,0,2,536870912,268435456,536870912,2,59,0.321116209030151,0,1
fma,fp32,streaming,0,67108864,0,2,536870912,268435456,536870912,3,59,0.321282714605331,0,1
fma,fp32,streaming,0,67108864,0,2,536870912,268435456,536870912,4,59,0.321096688508987,0,1
fma,fp32,streaming,0,67108864,0,2,536870912,268435456,536870912,5,59,0.321533292531967,0,1
fma,fp32,streaming,0,67108864,0,2,536870912,268435456,536870912,6,59,0.321272969245911,0,1
fma,fp64,streaming,0,33554432,0,2,536870912,134217728,536870912,0,39,0.500526785850525,0,1
fma,fp64,streaming,0,33554432,0,2,536870912,134217728,536870912,1,39,0.498866885900497,0,1
fma,fp64,streaming,0,33554432,0,2,536870912,134217728,536870912,2,39,0.49854439496994,0,1
fma,fp64,streaming,0,33554432,0,2,536870912,134217728,536870912,3,39,0.498303204774857,0,1
fma,fp64,streaming,0,33554432,0,2,536870912,134217728,536870912,4,39,0.499173730611801,0,1
fma,fp64,streaming,0,33554432,0,2,536870912,134217728,536870912,5,39,0.497938901185989,0,1
fma,fp64,streaming,0,33554432,0,2,536870912,134217728,536870912,6,39,0.498996496200562,0,1
fma,fp32,streaming,0,67108864,0,4,536870912,536870912,536870912,0,59,0.327805280685425,0,1
fma,fp32,streaming,0,67108864,0,4,536870912,536870912,536870912,1,59,0.32177734375,0,1
fma,fp32,streaming,0,67108864,0,4,536870912,536870912,536870912,2,59,0.322217732667923,0,1
fma,fp32,streaming,0,67108864,0,4,536870912,536870912,536870912,3,59,0.322111994028091,0,1
fma,fp32,streaming,0,67108864,0,4,536870912,536870912,536870912,4,59,0.321909159421921,0,1
fma,fp32,streaming,0,67108864,0,4,536870912,536870912,536870912,5,59,0.321703612804413,0,1
fma,fp32,streaming,0,67108864,0,4,536870912,536870912,536870912,6,59,0.322062641382217,0,1
fma,fp64,streaming,0,33554432,0,4,536870912,268435456,536870912,0,39,0.501467108726501,0,1
fma,fp64,streaming,0,33554432,0,4,536870912,268435456,536870912,1,39,0.498724073171616,0,1
fma,fp64,streaming,0,33554432,0,4,536870912,268435456,536870912,2,39,0.501600027084351,0,1
fma,fp64,streaming,0,33554432,0,4,536870912,268435456,536870912,3,39,0.499446123838425,0,1
fma,fp64,streaming,0,33554432,0,4,536870912,268435456,536870912,4,39,0.499539703130722,0,1
fma,fp64,streaming,0,33554432,0,4,536870912,268435456,536870912,5,39,0.499562680721283,0,1
fma,fp64,streaming,0,33554432,0,4,536870912,268435456,536870912,6,39,0.499173730611801,0,1
fma,fp32,streaming,0,67108864,0,8,536870912,1073741824,536870912,0,59,0.326215595006943,0,1
fma,fp32,streaming,0,67108864,0,8,536870912,1073741824,536870912,1,59,0.321645587682724,0,1
fma,fp32,streaming,0,67108864,0,8,536870912,1073741824,536870912,2,59,0.321641206741333,0,1
fma,fp32,streaming,0,67108864,0,8,536870912,1073741824,536870912,3,59,0.321264803409576,0,1
fma,fp32,streaming,0,67108864,0,8,536870912,1073741824,536870912,4,59,0.322268217802048,0,1
fma,fp32,streaming,0,67108864,0,8,536870912,1073741824,536870912,5,59,0.321483373641968,0,1
fma,fp32,streaming,0,67108864,0,8,536870912,1073741824,536870912,6,59,0.32163417339325,0,1
fma,fp64,streaming,0,33554432,0,8,536870912,536870912,536870912,0,39,0.498949736356735,0,1
fma,fp64,streaming,0,33554432,0,8,536870912,536870912,536870912,1,39,0.49844679236412,0,1
fma,fp64,streaming,0,33554432,0,8,536870912,536870912,536870912,2,39,0.500179708003998,0,1
fma,fp64,streaming,0,33554432,0,8,536870912,536870912,536870912,3,39,0.500307679176331,0,1
fma,fp64,streaming,0,33554432,0,8,536870912,536870912,536870912,4,39,0.500108301639557,0,1
fma,fp64,streaming,0,33554432,0,8,536870912,536870912,536870912,5,39,0.499524921178818,0,1
fma,fp64,streaming,0,33554432,0,8,536870912,536870912,536870912,6,39,0.500785231590271,0,1
fma,fp32,streaming,0,67108864,0,16,536870912,2147483648,536870912,0,58,0.326224565505981,0,1
fma,fp32,streaming,0,67108864,0,16,536870912,2147483648,536870912,1,58,0.321154773235321,0,1
fma,fp32,streaming,0,67108864,0,16,536870912,2147483648,536870912,2,58,0.321714758872986,0,1
fma,fp32,streaming,0,67108864,0,16,536870912,2147483648,536870912,3,58,0.320923566818237,0,1
fma,fp32,streaming,0,67108864,0,16,536870912,2147483648,536870912,4,58,0.321713119745255,0,1
fma,fp32,streaming,0,67108864,0,16,536870912,2147483648,536870912,5,58,0.321281671524048,0,1
fma,fp32,streaming,0,67108864,0,16,536870912,2147483648,536870912,6,58,0.321097373962402,0,1
fma,fp64,streaming,0,33554432,0,16,536870912,1073741824,536870912,0,39,0.499522477388382,0,1
fma,fp64,streaming,0,33554432,0,16,536870912,1073741824,536870912,1,39,0.497658252716064,0,1
fma,fp64,streaming,0,33554432,0,16,536870912,1073741824,536870912,2,39,0.498006969690323,0,1
fma,fp64,streaming,0,33554432,0,16,536870912,1073741824,536870912,3,39,0.497679591178894,0,1
fma,fp64,streaming,0,33554432,0,16,536870912,1073741824,536870912,4,39,0.497736990451813,0,1
fma,fp64,streaming,0,33554432,0,16,536870912,1073741824,536870912,5,39,0.497837126255035,0,1
fma,fp64,streaming,0,33554432,0,16,536870912,1073741824,536870912,6,39,0.497385025024414,0,1
fma,fp32,streaming,0,67108864,0,32,536870912,4294967296,536870912,0,60,0.327823489904404,0,1
fma,fp32,streaming,0,67108864,0,32,536870912,4294967296,536870912,1,60,0.323894411325455,0,1
fma,fp32,streaming,0,67108864,0,32,536870912,4294967296,536870912,2,60,0.323464006185532,0,1
fma,fp32,streaming,0,67108864,0,32,536870912,4294967296,536870912,3,60,0.323170125484467,0,1
fma,fp32,streaming,0,67108864,0,32,536870912,4294967296,536870912,4,60,0.323643743991852,0,1
fma,fp32,streaming,0,67108864,0,32,536870912,4294967296,536870912,5,60,0.323229342699051,0,1
fma,fp32,streaming,0,67108864,0,32,536870912,4294967296,536870912,6,60,0.323925346136093,0,1
fma,fp64,streaming,0,33554432,0,32,536870912,2147483648,536870912,0,52,0.38181659579277,0,1
fma,fp64,streaming,0,33554432,0,32,536870912,2147483648,536870912,1,52,0.375894129276276,0,1
fma,fp64,streaming,0,33554432,0,32,536870912,2147483648,536870912,2,52,0.377449214458466,0,1
fma,fp64,streaming,0,33554432,0,32,536870912,2147483648,536870912,3,52,0.376581519842148,0,1
fma,fp64,streaming,0,33554432,0,32,536870912,2147483648,536870912,4,52,0.377195686101913,0,1
fma,fp64,streaming,0,33554432,0,32,536870912,2147483648,536870912,5,52,0.377984583377838,0,1
fma,fp64,streaming,0,33554432,0,32,536870912,2147483648,536870912,6,52,0.376536011695862,0,1
fma,fp32,streaming,0,67108864,0,64,536870912,8589934592,536870912,0,42,0.460753530263901,0,1
fma,fp32,streaming,0,67108864,0,64,536870912,8589934592,536870912,1,42,0.460692584514618,0,1
fma,fp32,streaming,0,67108864,0,64,536870912,8589934592,536870912,2,42,0.460766464471817,0,1
fma,fp32,streaming,0,67108864,0,64,536870912,8589934592,536870912,3,42,0.460784763097763,0,1
fma,fp32,streaming,0,67108864,0,64,536870912,8589934592,536870912,4,42,0.460766464471817,0,1
fma,fp32,streaming,0,67108864,0,64,536870912,8589934592,536870912,5,42,0.460703998804092,0,1
fma,fp32,streaming,0,67108864,0,64,536870912,8589934592,536870912,6,42,0.46077561378479,0,1
fma,fp64,streaming,0,33554432,0,64,536870912,4294967296,536870912,0,43,0.45830100774765,0,1
fma,fp64,streaming,0,33554432,0,64,536870912,4294967296,536870912,1,43,0.458286851644516,0,1
fma,fp64,streaming,0,33554432,0,64,536870912,4294967296,536870912,2,43,0.458284646272659,0,1
fma,fp64,streaming,0,33554432,0,64,536870912,4294967296,536870912,3,43,0.45830100774765,0,1
fma,fp64,streaming,0,33554432,0,64,536870912,4294967296,536870912,4,43,0.458270490169525,0,1
fma,fp64,streaming,0,33554432,0,64,536870912,4294967296,536870912,5,43,0.458254873752594,0,1
fma,fp64,streaming,0,33554432,0,64,536870912,4294967296,536870912,6,43,0.458285391330719,0,1
fma,fp32,streaming,0,67108864,0,128,536870912,17179869184,536870912,0,22,0.901921451091766,0,1
fma,fp32,streaming,0,67108864,0,128,536870912,17179869184,536870912,1,22,0.901791989803314,0,1
fma,fp32,streaming,0,67108864,0,128,536870912,17179869184,536870912,2,22,0.901960730552673,0,1
fma,fp32,streaming,0,67108864,0,128,536870912,17179869184,536870912,3,22,0.901861786842346,0,1
fma,fp32,streaming,0,67108864,0,128,536870912,17179869184,536870912,4,22,0.90183413028717,0,1
fma,fp32,streaming,0,67108864,0,128,536870912,17179869184,536870912,5,22,0.901963651180267,0,1
fma,fp32,streaming,0,67108864,0,128,536870912,17179869184,536870912,6,22,0.901887953281403,0,1
fma,fp64,streaming,0,33554432,0,128,536870912,8589934592,536870912,0,22,0.903472006320953,0,1
fma,fp64,streaming,0,33554432,0,128,536870912,8589934592,536870912,1,22,0.903570890426636,0,1
fma,fp64,streaming,0,33554432,0,128,536870912,8589934592,536870912,2,22,0.903551995754242,0,1
fma,fp64,streaming,0,33554432,0,128,536870912,8589934592,536870912,3,22,0.903515636920929,0,1
fma,fp64,streaming,0,33554432,0,128,536870912,8589934592,536870912,4,22,0.903583943843842,0,1
fma,fp64,streaming,0,33554432,0,128,536870912,8589934592,536870912,5,22,0.903627634048462,0,1
fma,fp64,streaming,0,33554432,0,128,536870912,8589934592,536870912,6,22,0.903543293476105,0,1
fma,fp32,streaming,0,67108864,0,256,536870912,34359738368,536870912,0,11,1.78590846061707,0,1
fma,fp32,streaming,0,67108864,0,256,536870912,34359738368,536870912,1,11,1.7863941192627,0,1
fma,fp32,streaming,0,67108864,0,256,536870912,34359738368,536870912,2,11,1.7858704328537,0,1
fma,fp32,streaming,0,67108864,0,256,536870912,34359738368,536870912,3,11,1.78583562374115,0,1
fma,fp32,streaming,0,67108864,0,256,536870912,34359738368,536870912,4,11,1.78611493110657,0,1
fma,fp32,streaming,0,67108864,0,256,536870912,34359738368,536870912,5,11,1.7859228849411,0,1
fma,fp32,streaming,0,67108864,0,256,536870912,34359738368,536870912,6,11,1.78594028949738,0,1
fma,fp64,streaming,0,33554432,0,256,536870912,17179869184,536870912,0,11,1.79265451431274,0,1
fma,fp64,streaming,0,33554432,0,256,536870912,17179869184,536870912,1,11,1.79230833053589,0,1
fma,fp64,streaming,0,33554432,0,256,536870912,17179869184,536870912,2,11,1.79092645645142,0,1
fma,fp64,streaming,0,33554432,0,256,536870912,17179869184,536870912,3,11,1.7906676530838,0,1
fma,fp64,streaming,0,33554432,0,256,536870912,17179869184,536870912,4,11,1.790731549263,0,1
fma,fp64,streaming,0,33554432,0,256,536870912,17179869184,536870912,5,11,1.79073452949524,0,1
fma,fp64,streaming,0,33554432,0,256,536870912,17179869184,536870912,6,11,1.79089164733887,0,1
fma,fp32,streaming,0,67108864,0,512,536870912,68719476736,536870912,0,5,3.55159044265747,0,1
fma,fp32,streaming,0,67108864,0,512,536870912,68719476736,536870912,1,5,3.55161595344543,0,1
fma,fp32,streaming,0,67108864,0,512,536870912,68719476736,536870912,2,5,3.55148816108704,0,1
fma,fp32,streaming,0,67108864,0,512,536870912,68719476736,536870912,3,5,3.55169296264648,0,1
fma,fp32,streaming,0,67108864,0,512,536870912,68719476736,536870912,4,5,3.55176305770874,0,1
fma,fp32,streaming,0,67108864,0,512,536870912,68719476736,536870912,5,5,3.55158376693726,0,1
fma,fp32,streaming,0,67108864,0,512,536870912,68719476736,536870912,6,5,3.55160331726074,0,1
fma,fp64,streaming,0,33554432,0,512,536870912,34359738368,536870912,0,5,3.56783366203308,0,1
fma,fp64,streaming,0,33554432,0,512,536870912,34359738368,536870912,1,5,3.56767988204956,0,1
fma,fp64,streaming,0,33554432,0,512,536870912,34359738368,536870912,2,5,3.56772470474243,0,1
fma,fp64,streaming,0,33554432,0,512,536870912,34359738368,536870912,3,5,3.56776309013367,0,1
fma,fp64,streaming,0,33554432,0,512,536870912,34359738368,536870912,4,5,3.56807661056519,0,1
fma,fp64,streaming,0,33554432,0,512,536870912,34359738368,536870912,5,5,3.56761598587036,0,1
fma,fp64,streaming,0,33554432,0,512,536870912,34359738368,536870912,6,5,3.56778860092163,0,1
fma,fp32,streaming,0,67108864,0,1024,536870912,137438953472,536870912,0,2,7.08681583404541,0,1
fma,fp32,streaming,0,67108864,0,1024,536870912,137438953472,536870912,1,2,7.08630418777466,0,1
fma,fp32,streaming,0,67108864,0,1024,536870912,137438953472,536870912,2,2,7.08705615997314,0,1
fma,fp32,streaming,0,67108864,0,1024,536870912,137438953472,536870912,3,2,7.08763217926025,0,1
fma,fp32,streaming,0,67108864,0,1024,536870912,137438953472,536870912,4,2,7.09108781814575,0,1
fma,fp32,streaming,0,67108864,0,1024,536870912,137438953472,536870912,5,2,7.09007978439331,0,1
fma,fp32,streaming,0,67108864,0,1024,536870912,137438953472,536870912,6,2,7.08985614776611,0,1
fma,fp64,streaming,0,33554432,0,1024,536870912,68719476736,536870912,0,2,7.1257438659668,0,1
fma,fp64,streaming,0,33554432,0,1024,536870912,68719476736,536870912,1,2,7.12182378768921,0,1
fma,fp64,streaming,0,33554432,0,1024,536870912,68719476736,536870912,2,2,7.12123203277588,0,1
fma,fp64,streaming,0,33554432,0,1024,536870912,68719476736,536870912,3,2,7.12145614624023,0,1
fma,fp64,streaming,0,33554432,0,1024,536870912,68719476736,536870912,4,2,7.15451192855835,0,1
fma,fp64,streaming,0,33554432,0,1024,536870912,68719476736,536870912,5,2,7.12143993377686,0,1
fma,fp64,streaming,0,33554432,0,1024,536870912,68719476736,536870912,6,2,7.12129592895508,0,1
fma,fp32,streaming,0,67108864,0,2048,536870912,274877906944,536870912,0,1,14.1564483642578,0,1
fma,fp32,streaming,0,67108864,0,2048,536870912,274877906944,536870912,1,1,14.1564483642578,0,1
fma,fp32,streaming,0,67108864,0,2048,536870912,274877906944,536870912,2,1,14.1559362411499,0,1
fma,fp32,streaming,0,67108864,0,2048,536870912,274877906944,536870912,3,1,14.1561603546143,0,1
fma,fp32,streaming,0,67108864,0,2048,536870912,274877906944,536870912,4,1,14.1563520431519,0,1
fma,fp32,streaming,0,67108864,0,2048,536870912,274877906944,536870912,5,1,14.1558399200439,0,1
fma,fp32,streaming,0,67108864,0,2048,536870912,274877906944,536870912,6,1,14.1563196182251,0,1
fma,fp64,streaming,0,33554432,0,2048,536870912,137438953472,536870912,0,1,14.2276802062988,0,1
fma,fp64,streaming,0,33554432,0,2048,536870912,137438953472,536870912,1,1,14.2274236679077,0,1
fma,fp64,streaming,0,33554432,0,2048,536870912,137438953472,536870912,2,1,14.2274236679077,0,1
fma,fp64,streaming,0,33554432,0,2048,536870912,137438953472,536870912,3,1,14.2271995544434,0,1
fma,fp64,streaming,0,33554432,0,2048,536870912,137438953472,536870912,4,1,14.2270402908325,0,1
fma,fp64,streaming,0,33554432,0,2048,536870912,137438953472,536870912,5,1,14.2419519424438,0,1
fma,fp64,streaming,0,33554432,0,2048,536870912,137438953472,536870912,6,1,14.2285442352295,0,1
gemm,fp32,warm,256,256,256,0,786432,33554432,786432,0,200,0.0118934400379658,0,1
gemm,fp32,warm,256,256,256,0,786432,33554432,786432,1,200,0.0118694398552179,0,1
gemm,fp32,warm,256,256,256,0,786432,33554432,786432,2,200,0.011887039989233,0,1
gemm,fp32,warm,256,256,256,0,786432,33554432,786432,3,200,0.01187296025455,0,1
gemm,fp32,warm,256,256,256,0,786432,33554432,786432,4,200,0.0118788806721568,0,1
gemm,fp32,warm,256,256,256,0,786432,33554432,786432,5,200,0.0118745602667332,0,1
gemm,fp32,warm,256,256,256,0,786432,33554432,786432,6,200,0.0118828797712922,0,1
gemm,fp32,cold,256,256,256,0,786432,33554432,786432,0,1,0.0174400005489588,0,1
gemm,fp32,cold,256,256,256,0,786432,33554432,786432,1,1,0.0178239997476339,0,1
gemm,fp32,cold,256,256,256,0,786432,33554432,786432,2,1,0.0182399991899729,0,1
gemm,fp32,cold,256,256,256,0,786432,33554432,786432,3,1,0.0176640003919601,0,1
gemm,fp32,cold,256,256,256,0,786432,33554432,786432,4,1,0.017119999974966,0,1
gemm,fp32,cold,256,256,256,0,786432,33554432,786432,5,1,0.0173760000616312,0,1
gemm,fp32,cold,256,256,256,0,786432,33554432,786432,6,1,0.0186240002512932,0,1
gemm,fp32,warm,512,512,512,0,3145728,268435456,3145728,0,200,0.0271763205528259,0,1
gemm,fp32,warm,512,512,512,0,3145728,268435456,3145728,1,200,0.0271727982908487,0,1
gemm,fp32,warm,512,512,512,0,3145728,268435456,3145728,2,200,0.0271609593182802,0,1
gemm,fp32,warm,512,512,512,0,3145728,268435456,3145728,3,200,0.0271595194935799,0,1
gemm,fp32,warm,512,512,512,0,3145728,268435456,3145728,4,200,0.0271689612418413,0,1
gemm,fp32,warm,512,512,512,0,3145728,268435456,3145728,5,200,0.0271716807037592,0,1
gemm,fp32,warm,512,512,512,0,3145728,268435456,3145728,6,200,0.02718336135149,0,1
gemm,fp32,cold,512,512,512,0,3145728,268435456,3145728,0,1,0.0337279997766018,0,1
gemm,fp32,cold,512,512,512,0,3145728,268435456,3145728,1,1,0.0335040017962456,0,1
gemm,fp32,cold,512,512,512,0,3145728,268435456,3145728,2,1,0.0337279997766018,0,1
gemm,fp32,cold,512,512,512,0,3145728,268435456,3145728,3,1,0.03507199883461,0,1
gemm,fp32,cold,512,512,512,0,3145728,268435456,3145728,4,1,0.0339200012385845,0,1
gemm,fp32,cold,512,512,512,0,3145728,268435456,3145728,5,1,0.0339200012385845,0,1
gemm,fp32,cold,512,512,512,0,3145728,268435456,3145728,6,1,0.0334720015525818,0,1
gemm,fp32,warm,1024,1024,1024,0,12582912,2147483648,12582912,0,149,0.128699064254761,0,1
gemm,fp32,warm,1024,1024,1024,0,12582912,2147483648,12582912,1,149,0.12871216237545,0,1
gemm,fp32,warm,1024,1024,1024,0,12582912,2147483648,12582912,2,149,0.129596769809723,0,1
gemm,fp32,warm,1024,1024,1024,0,12582912,2147483648,12582912,3,149,0.12930491566658,0,1
gemm,fp32,warm,1024,1024,1024,0,12582912,2147483648,12582912,4,149,0.128667280077934,0,1
gemm,fp32,warm,1024,1024,1024,0,12582912,2147483648,12582912,5,149,0.128688961267471,0,1
gemm,fp32,warm,1024,1024,1024,0,12582912,2147483648,12582912,6,149,0.128477215766907,0,1
gemm,fp32,cold,1024,1024,1024,0,12582912,2147483648,12582912,0,1,0.13654400408268,0,1
gemm,fp32,cold,1024,1024,1024,0,12582912,2147483648,12582912,1,1,0.134655997157097,0,1
gemm,fp32,cold,1024,1024,1024,0,12582912,2147483648,12582912,2,1,0.135391995310783,0,1
gemm,fp32,cold,1024,1024,1024,0,12582912,2147483648,12582912,3,1,0.134783998131752,0,1
gemm,fp32,cold,1024,1024,1024,0,12582912,2147483648,12582912,4,1,0.136096000671387,0,1
gemm,fp32,cold,1024,1024,1024,0,12582912,2147483648,12582912,5,1,0.134944006800652,0,1
gemm,fp32,cold,1024,1024,1024,0,12582912,2147483648,12582912,6,1,0.135263994336128,0,1
gemm,fp32,warm,2048,2048,2048,0,50331648,17179869184,50331648,0,20,0.972367942333221,0,1
gemm,fp32,warm,2048,2048,2048,0,50331648,17179869184,50331648,1,20,0.972388863563538,0,1
gemm,fp32,warm,2048,2048,2048,0,50331648,17179869184,50331648,2,20,0.972254395484924,0,1
gemm,fp32,warm,2048,2048,2048,0,50331648,17179869184,50331648,3,20,0.972443222999573,0,1
gemm,fp32,warm,2048,2048,2048,0,50331648,17179869184,50331648,4,20,0.972211182117462,0,1
gemm,fp32,warm,2048,2048,2048,0,50331648,17179869184,50331648,5,20,0.972438454627991,0,1
gemm,fp32,warm,2048,2048,2048,0,50331648,17179869184,50331648,6,20,0.972497582435608,0,1
gemm,fp32,cold,2048,2048,2048,0,50331648,17179869184,50331648,0,1,0.97705602645874,0,1
gemm,fp32,cold,2048,2048,2048,0,50331648,17179869184,50331648,1,1,0.976863980293274,0,1
gemm,fp32,cold,2048,2048,2048,0,50331648,17179869184,50331648,2,1,0.975808024406433,0,1
gemm,fp32,cold,2048,2048,2048,0,50331648,17179869184,50331648,3,1,0.97734397649765,0,1
gemm,fp32,cold,2048,2048,2048,0,50331648,17179869184,50331648,4,1,0.977119982242584,0,1
gemm,fp32,cold,2048,2048,2048,0,50331648,17179869184,50331648,5,1,0.976064026355743,0,1
gemm,fp32,cold,2048,2048,2048,0,50331648,17179869184,50331648,6,1,0.977024018764496,0,1
gemm,fp32,warm,4096,4096,4096,0,201326592,137438953472,201326592,0,2,7.2196159362793,0,1
gemm,fp32,warm,4096,4096,4096,0,201326592,137438953472,201326592,1,2,7.22215986251831,0,1
gemm,fp32,warm,4096,4096,4096,0,201326592,137438953472,201326592,2,2,7.21808004379272,0,1
gemm,fp32,warm,4096,4096,4096,0,201326592,137438953472,201326592,3,2,7.2197117805481,0,1
gemm,fp32,warm,4096,4096,4096,0,201326592,137438953472,201326592,4,2,7.22820806503296,0,1
gemm,fp32,warm,4096,4096,4096,0,201326592,137438953472,201326592,5,2,7.22099208831787,0,1
gemm,fp32,warm,4096,4096,4096,0,201326592,137438953472,201326592,6,2,7.2196159362793,0,1
gemm,fp32,warm,8192,8192,8192,0,805306368,1099511627776,805306368,0,1,57.312255859375,0,1
gemm,fp32,warm,8192,8192,8192,0,805306368,1099511627776,805306368,1,1,57.310718536377,0,1
gemm,fp32,warm,8192,8192,8192,0,805306368,1099511627776,805306368,2,1,57.3091201782227,0,1
gemm,fp32,warm,8192,8192,8192,0,805306368,1099511627776,805306368,3,1,57.3099212646484,0,1
gemm,fp32,warm,8192,8192,8192,0,805306368,1099511627776,805306368,4,1,57.3118705749512,0,1
gemm,fp32,warm,8192,8192,8192,0,805306368,1099511627776,805306368,5,1,57.3110084533691,0,1
gemm,fp32,warm,8192,8192,8192,0,805306368,1099511627776,805306368,6,1,57.312255859375,0,1
gemm,fp32,warm,1,8192,8192,0,268500992,134217728,268500992,0,116,0.165575176477432,0,1
gemm,fp32,warm,1,8192,8192,0,268500992,134217728,268500992,1,116,0.159340977668762,0,1
gemm,fp32,warm,1,8192,8192,0,268500992,134217728,268500992,2,116,0.159282490611076,0,1
gemm,fp32,warm,1,8192,8192,0,268500992,134217728,268500992,3,116,0.159088283777237,0,1
gemm,fp32,warm,1,8192,8192,0,268500992,134217728,268500992,4,116,0.159375175833702,0,1
gemm,fp32,warm,1,8192,8192,0,268500992,134217728,268500992,5,116,0.159550070762634,0,1
gemm,fp32,warm,1,8192,8192,0,268500992,134217728,268500992,6,116,0.159345105290413,0,1
gemm,fp32,warm,2,8192,8192,0,268566528,268435456,268566528,0,49,0.383289456367493,0,1
gemm,fp32,warm,2,8192,8192,0,268566528,268435456,268566528,1,49,0.379922956228256,0,1
gemm,fp32,warm,2,8192,8192,0,268566528,268435456,268566528,2,49,0.379725694656372,0,1
gemm,fp32,warm,2,8192,8192,0,268566528,268435456,268566528,3,49,0.379877209663391,0,1
gemm,fp32,warm,2,8192,8192,0,268566528,268435456,268566528,4,49,0.379708737134933,0,1
gemm,fp32,warm,2,8192,8192,0,268566528,268435456,268566528,5,49,0.379745274782181,0,1
gemm,fp32,warm,2,8192,8192,0,268566528,268435456,268566528,6,49,0.379853069782257,0,1
gemm,fp32,warm,4,8192,8192,0,268697600,536870912,268697600,0,64,0.296903491020203,0,1
gemm,fp32,warm,4,8192,8192,0,268697600,536870912,268697600,1,64,0.296546995639801,0,1
gemm,fp32,warm,4,8192,8192,0,268697600,536870912,268697600,2,64,0.294405490159988,0,1
gemm,fp32,warm,4,8192,8192,0,268697600,536870912,268697600,3,64,0.294458001852036,0,1
gemm,fp32,warm,4,8192,8192,0,268697600,536870912,268697600,4,64,0.294438004493713,0,1
gemm,fp32,warm,4,8192,8192,0,268697600,536870912,268697600,5,64,0.294467002153397,0,1
gemm,fp32,warm,4,8192,8192,0,268697600,536870912,268697600,6,64,0.294570505619049,0,1
gemm,fp32,warm,8,8192,8192,0,268959744,1073741824,268959744,0,64,0.297688007354736,0,1
gemm,fp32,warm,8,8192,8192,0,268959744,1073741824,268959744,1,64,0.296072512865067,0,1
gemm,fp32,warm,8,8192,8192,0,268959744,1073741824,268959744,2,64,0.296079993247986,0,1
gemm,fp32,warm,8,8192,8192,0,268959744,1073741824,268959744,3,64,0.29618701338768,0,1
gemm,fp32,warm,8,8192,8192,0,268959744,1073741824,268959744,4,64,0.296097010374069,0,1
gemm,fp32,warm,8,8192,8192,0,268959744,1073741824,268959744,5,64,0.296431005001068,0,1
gemm,fp32,warm,8,8192,8192,0,268959744,1073741824,268959744,6,64,0.295998007059097,0,1
gemm,fp32,warm,16,8192,8192,0,269484032,2147483648,269484032,0,63,0.300311863422394,0,1
gemm,fp32,warm,16,8192,8192,0,269484032,2147483648,269484032,1,63,0.298081010580063,0,1
gemm,fp32,warm,16,8192,8192,0,269484032,2147483648,269484032,2,63,0.298105895519257,0,1
gemm,fp32,warm,16,8192,8192,0,269484032,2147483648,269484032,3,63,0.298068821430206,0,1
gemm,fp32,warm,16,8192,8192,0,269484032,2147483648,269484032,4,63,0.298010945320129,0,1
gemm,fp32,warm,16,8192,8192,0,269484032,2147483648,269484032,5,63,0.298100829124451,0,1
gemm,fp32,warm,16,8192,8192,0,269484032,2147483648,269484032,6,63,0.299047112464905,0,1
gemm,fp32,warm,32,8192,8192,0,270532608,4294967296,270532608,0,61,0.312449067831039,0,1
gemm,fp32,warm,32,8192,8192,0,270532608,4294967296,270532608,1,61,0.310092568397522,0,1
gemm,fp32,warm,32,8192,8192,0,270532608,4294967296,270532608,2,61,0.309981882572174,0,1
gemm,fp32,warm,32,8192,8192,0,270532608,4294967296,270532608,3,61,0.309979259967804,0,1
gemm,fp32,warm,32,8192,8192,0,270532608,4294967296,270532608,4,61,0.310206443071365,0,1
gemm,fp32,warm,32,8192,8192,0,270532608,4294967296,270532608,5,61,0.30990794301033,0,1
gemm,fp32,warm,32,8192,8192,0,270532608,4294967296,270532608,6,61,0.310059517621994,0,1
gemm,fp32,warm,64,8192,8192,0,272629760,8589934592,272629760,0,36,0.53576797246933,0,1
gemm,fp32,warm,64,8192,8192,0,272629760,8589934592,272629760,1,36,0.535563588142395,0,1
gemm,fp32,warm,64,8192,8192,0,272629760,8589934592,272629760,2,36,0.538548469543457,0,1
gemm,fp32,warm,64,8192,8192,0,272629760,8589934592,272629760,3,36,0.53548264503479,0,1
gemm,fp32,warm,64,8192,8192,0,272629760,8589934592,272629760,4,36,0.535511136054993,0,1
gemm,fp32,warm,64,8192,8192,0,272629760,8589934592,272629760,5,36,0.535354673862457,0,1
gemm,fp32,warm,64,8192,8192,0,272629760,8589934592,272629760,6,36,0.53567111492157,0,1
gemm,fp32,warm,128,8192,8192,0,276824064,17179869184,276824064,0,19,1.03211116790771,0,1
gemm,fp32,warm,128,8192,8192,0,276824064,17179869184,276824064,1,19,1.03283369541168,0,1
gemm,fp32,warm,128,8192,8192,0,276824064,17179869184,276824064,2,19,1.03244459629059,0,1
gemm,fp32,warm,128,8192,8192,0,276824064,17179869184,276824064,3,19,1.03205049037933,0,1
gemm,fp32,warm,128,8192,8192,0,276824064,17179869184,276824064,4,19,1.03261983394623,0,1
gemm,fp32,warm,128,8192,8192,0,276824064,17179869184,276824064,5,19,1.03466951847076,0,1
gemm,fp32,warm,128,8192,8192,0,276824064,17179869184,276824064,6,19,1.03237891197205,0,1
gemm,fp32,warm,256,8192,8192,0,285212672,34359738368,285212672,0,9,2.01450300216675,0,1
gemm,fp32,warm,256,8192,8192,0,285212672,34359738368,285212672,1,9,2.0155200958252,0,1
gemm,fp32,warm,256,8192,8192,0,285212672,34359738368,285212672,2,9,2.01411199569702,0,1
gemm,fp32,warm,256,8192,8192,0,285212672,34359738368,285212672,3,9,2.01444268226624,0,1
gemm,fp32,warm,256,8192,8192,0,285212672,34359738368,285212672,4,9,2.01427555084229,0,1
gemm,fp32,warm,256,8192,8192,0,285212672,34359738368,285212672,5,9,2.01473784446716,0,1
gemm,fp32,warm,256,8192,8192,0,285212672,34359738368,285212672,6,9,2.01470923423767,0,1
gemm,fp32,warm,512,8192,8192,0,301989888,68719476736,301989888,0,5,3.79962873458862,0,1
gemm,fp32,warm,512,8192,8192,0,301989888,68719476736,301989888,1,5,3.80177927017212,0,1
gemm,fp32,warm,512,8192,8192,0,301989888,68719476736,301989888,2,5,3.80171513557434,0,1
gemm,fp32,warm,512,8192,8192,0,301989888,68719476736,301989888,3,5,3.80220150947571,0,1
gemm,fp32,warm,512,8192,8192,0,301989888,68719476736,301989888,4,5,3.80090856552124,0,1
gemm,fp32,warm,512,8192,8192,0,301989888,68719476736,301989888,5,5,3.79992938041687,0,1
gemm,fp32,warm,512,8192,8192,0,301989888,68719476736,301989888,6,5,3.8002815246582,0,1
gemm,fp32,warm,1024,8192,8192,0,335544320,137438953472,335544320,0,2,7.25486421585083,0,1
gemm,fp32,warm,1024,8192,8192,0,335544320,137438953472,335544320,1,2,7.251296043396,0,1
gemm,fp32,warm,1024,8192,8192,0,335544320,137438953472,335544320,2,2,7.25094413757324,0,1
gemm,fp32,warm,1024,8192,8192,0,335544320,137438953472,335544320,3,2,7.25184011459351,0,1
gemm,fp32,warm,1024,8192,8192,0,335544320,137438953472,335544320,4,2,7.25046396255493,0,1
gemm,fp32,warm,1024,8192,8192,0,335544320,137438953472,335544320,5,2,7.25035190582275,0,1
gemm,fp32,warm,1024,8192,8192,0,335544320,137438953472,335544320,6,2,7.25019216537476,0,1
gemm,fp32,warm,2048,8192,8192,0,402653184,274877906944,402653184,0,1,14.4937601089478,0,1
gemm,fp32,warm,2048,8192,8192,0,402653184,274877906944,402653184,1,1,14.4924478530884,0,1
gemm,fp32,warm,2048,8192,8192,0,402653184,274877906944,402653184,2,1,14.4906244277954,0,1
gemm,fp32,warm,2048,8192,8192,0,402653184,274877906944,402653184,3,1,14.4914884567261,0,1
gemm,fp32,warm,2048,8192,8192,0,402653184,274877906944,402653184,4,1,14.4907836914062,0,1
gemm,fp32,warm,2048,8192,8192,0,402653184,274877906944,402653184,5,1,14.4897603988647,0,1
gemm,fp32,warm,2048,8192,8192,0,402653184,274877906944,402653184,6,1,14.4898242950439,0,1
gemm,fp64,warm,256,256,256,0,1572864,33554432,1572864,0,200,0.00740351993590593,0,1
gemm,fp64,warm,256,256,256,0,1572864,33554432,1572864,1,200,0.0074177598580718,0,1
gemm,fp64,warm,256,256,256,0,1572864,33554432,1572864,2,200,0.00740736024454236,0,1
gemm,fp64,warm,256,256,256,0,1572864,33554432,1572864,3,200,0.00740015972405672,0,1
gemm,fp64,warm,256,256,256,0,1572864,33554432,1572864,4,200,0.00740351993590593,0,1
gemm,fp64,warm,256,256,256,0,1572864,33554432,1572864,5,200,0.00740320049226284,0,1
gemm,fp64,warm,256,256,256,0,1572864,33554432,1572864,6,200,0.00740800006315112,0,1
gemm,fp64,cold,256,256,256,0,1572864,33554432,1572864,0,1,0.0130880000069737,0,1
gemm,fp64,cold,256,256,256,0,1572864,33554432,1572864,1,1,0.0129279997199774,0,1
gemm,fp64,cold,256,256,256,0,1572864,33554432,1572864,2,1,0.0127999996766448,0,1
gemm,fp64,cold,256,256,256,0,1572864,33554432,1572864,3,1,0.0125759998336434,0,1
gemm,fp64,cold,256,256,256,0,1572864,33554432,1572864,4,1,0.0123840002343059,0,1
gemm,fp64,cold,256,256,256,0,1572864,33554432,1572864,5,1,0.0125439995899796,0,1
gemm,fp64,cold,256,256,256,0,1572864,33554432,1572864,6,1,0.0134399998933077,0,1
gemm,fp64,warm,512,512,512,0,6291456,268435456,6291456,0,200,0.0244843196123838,0,1
gemm,fp64,warm,512,512,512,0,6291456,268435456,6291456,1,200,0.0245038382709026,0,1
gemm,fp64,warm,512,512,512,0,6291456,268435456,6291456,2,200,0.0244915205985308,0,1
gemm,fp64,warm,512,512,512,0,6291456,268435456,6291456,3,200,0.0245030410587788,0,1
gemm,fp64,warm,512,512,512,0,6291456,268435456,6291456,4,200,0.0244916789233685,0,1
gemm,fp64,warm,512,512,512,0,6291456,268435456,6291456,5,200,0.0244945604354143,0,1
gemm,fp64,warm,512,512,512,0,6291456,268435456,6291456,6,200,0.0244937613606453,0,1
gemm,fp64,cold,512,512,512,0,6291456,268435456,6291456,0,1,0.0304320007562637,0,1
gemm,fp64,cold,512,512,512,0,6291456,268435456,6291456,1,1,0.0305279996246099,0,1
gemm,fp64,cold,512,512,512,0,6291456,268435456,6291456,2,1,0.0303039997816086,0,1
gemm,fp64,cold,512,512,512,0,6291456,268435456,6291456,3,1,0.0300799999386072,0,1
gemm,fp64,cold,512,512,512,0,6291456,268435456,6291456,4,1,0.0301760006695986,0,1
gemm,fp64,cold,512,512,512,0,6291456,268435456,6291456,5,1,0.0300799999386072,0,1
gemm,fp64,cold,512,512,512,0,6291456,268435456,6291456,6,1,0.0301440004259348,0,1
gemm,fp64,warm,1024,1024,1024,0,25165824,2147483648,25165824,0,150,0.127551138401031,0,1
gemm,fp64,warm,1024,1024,1024,0,25165824,2147483648,25165824,1,150,0.127570986747742,0,1
gemm,fp64,warm,1024,1024,1024,0,25165824,2147483648,25165824,2,150,0.1275534927845,0,1
gemm,fp64,warm,1024,1024,1024,0,25165824,2147483648,25165824,3,150,0.128480851650238,0,1
gemm,fp64,warm,1024,1024,1024,0,25165824,2147483648,25165824,4,150,0.127556055784225,0,1
gemm,fp64,warm,1024,1024,1024,0,25165824,2147483648,25165824,5,150,0.127524688839912,0,1
gemm,fp64,warm,1024,1024,1024,0,25165824,2147483648,25165824,6,150,0.127560541033745,0,1
gemm,fp64,cold,1024,1024,1024,0,25165824,2147483648,25165824,0,1,0.133440002799034,0,1
gemm,fp64,cold,1024,1024,1024,0,25165824,2147483648,25165824,1,1,0.132832005620003,0,1
gemm,fp64,cold,1024,1024,1024,0,25165824,2147483648,25165824,2,1,0.132256001234055,0,1
gemm,fp64,cold,1024,1024,1024,0,25165824,2147483648,25165824,3,1,0.133151993155479,0,1
gemm,fp64,cold,1024,1024,1024,0,25165824,2147483648,25165824,4,1,0.132704004645348,0,1
gemm,fp64,cold,1024,1024,1024,0,25165824,2147483648,25165824,5,1,0.132415995001793,0,1
gemm,fp64,cold,1024,1024,1024,0,25165824,2147483648,25165824,6,1,0.132256001234055,0,1
gemm,fp64,warm,2048,2048,2048,0,100663296,17179869184,100663296,0,20,0.949913620948792,0,1
gemm,fp64,warm,2048,2048,2048,0,100663296,17179869184,100663296,1,20,0.949945628643036,0,1
gemm,fp64,warm,2048,2048,2048,0,100663296,17179869184,100663296,2,20,0.949929594993591,0,1
gemm,fp64,warm,2048,2048,2048,0,100663296,17179869184,100663296,3,20,0.949963212013245,0,1
gemm,fp64,warm,2048,2048,2048,0,100663296,17179869184,100663296,4,20,0.949919998645782,0,1
gemm,fp64,warm,2048,2048,2048,0,100663296,17179869184,100663296,5,20,0.949825584888458,0,1
gemm,fp64,warm,2048,2048,2048,0,100663296,17179869184,100663296,6,20,0.949880003929138,0,1
gemm,fp64,cold,2048,2048,2048,0,100663296,17179869184,100663296,0,1,0.955327987670898,0,1
gemm,fp64,cold,2048,2048,2048,0,100663296,17179869184,100663296,1,1,0.954303979873657,0,1
gemm,fp64,cold,2048,2048,2048,0,100663296,17179869184,100663296,2,1,0.95414400100708,0,1
gemm,fp64,cold,2048,2048,2048,0,100663296,17179869184,100663296,3,1,0.955136001110077,0,1
gemm,fp64,cold,2048,2048,2048,0,100663296,17179869184,100663296,4,1,0.954656004905701,0,1
gemm,fp64,cold,2048,2048,2048,0,100663296,17179869184,100663296,5,1,0.954656004905701,0,1
gemm,fp64,cold,2048,2048,2048,0,100663296,17179869184,100663296,6,1,0.954271972179413,0,1
gemm,fp64,warm,4096,4096,4096,0,402653184,137438953472,402653184,0,2,7.12839984893799,0,1
gemm,fp64,warm,4096,4096,4096,0,402653184,137438953472,402653184,1,2,7.12856006622314,0,1
gemm,fp64,warm,4096,4096,4096,0,402653184,137438953472,402653184,2,2,7.12836790084839,0,1
gemm,fp64,warm,4096,4096,4096,0,402653184,137438953472,402653184,3,2,7.12857580184937,0,1
gemm,fp64,warm,4096,4096,4096,0,402653184,137438953472,402653184,4,2,7.12899208068848,0,1
gemm,fp64,warm,4096,4096,4096,0,402653184,137438953472,402653184,5,2,7.12873601913452,0,1
gemm,fp64,warm,4096,4096,4096,0,402653184,137438953472,402653184,6,2,7.12871980667114,0,1
gemm,fp64,warm,8192,8192,8192,0,1610612736,1099511627776,1610612736,0,1,56.8033599853516,0,1
gemm,fp64,warm,8192,8192,8192,0,1610612736,1099511627776,1610612736,1,1,56.7867202758789,0,1
gemm,fp64,warm,8192,8192,8192,0,1610612736,1099511627776,1610612736,2,1,56.7759056091309,0,1
gemm,fp64,warm,8192,8192,8192,0,1610612736,1099511627776,1610612736,3,1,56.7884178161621,0,1
gemm,fp64,warm,8192,8192,8192,0,1610612736,1099511627776,1610612736,4,1,56.7912330627441,0,1
gemm,fp64,warm,8192,8192,8192,0,1610612736,1099511627776,1610612736,5,1,56.7728652954102,0,1
gemm,fp64,warm,8192,8192,8192,0,1610612736,1099511627776,1610612736,6,1,56.7726097106934,0,1
gemm,fp64,warm,1,8192,8192,0,537001984,134217728,537001984,0,56,0.35554912686348,0,1
gemm,fp64,warm,1,8192,8192,0,537001984,134217728,537001984,1,56,0.347713708877563,0,1
gemm,fp64,warm,1,8192,8192,0,537001984,134217728,537001984,2,56,0.325166881084442,0,1
gemm,fp64,warm,1,8192,8192,0,537001984,134217728,537001984,3,56,0.324760586023331,0,1
gemm,fp64,warm,1,8192,8192,0,537001984,134217728,537001984,4,56,0.324825137853622,0,1
gemm,fp64,warm,1,8192,8192,0,537001984,134217728,537001984,5,56,0.324770271778107,0,1
gemm,fp64,warm,1,8192,8192,0,537001984,134217728,537001984,6,56,0.325065702199936,0,1
gemm,fp64,warm,2,8192,8192,0,537133056,268435456,537133056,0,45,0.410288363695145,0,1
gemm,fp64,warm,2,8192,8192,0,537133056,268435456,537133056,1,45,0.388249576091766,0,1
gemm,fp64,warm,2,8192,8192,0,537133056,268435456,537133056,2,45,0.388326376676559,0,1
gemm,fp64,warm,2,8192,8192,0,537133056,268435456,537133056,3,45,0.389308452606201,0,1
gemm,fp64,warm,2,8192,8192,0,537133056,268435456,537133056,4,45,0.388167828321457,0,1
gemm,fp64,warm,2,8192,8192,0,537133056,268435456,537133056,5,45,0.388482838869095,0,1
gemm,fp64,warm,2,8192,8192,0,537133056,268435456,537133056,6,45,0.388359844684601,0,1
gemm,fp64,warm,4,8192,8192,0,537395200,536870912,537395200,0,45,0.414464682340622,0,1
gemm,fp64,warm,4,8192,8192,0,537395200,536870912,537395200,1,45,0.389635562896729,0,1
gemm,fp64,warm,4,8192,8192,0,537395200,536870912,537395200,2,45,0.392110228538513,0,1
gemm,fp64,warm,4,8192,8192,0,537395200,536870912,537395200,3,45,0.390603393316269,0,1
gemm,fp64,warm,4,8192,8192,0,537395200,536870912,537395200,4,45,0.390198767185211,0,1
gemm,fp64,warm,4,8192,8192,0,537395200,536870912,537395200,5,45,0.389958411455154,0,1
gemm,fp64,warm,4,8192,8192,0,537395200,536870912,537395200,6,45,0.390186637639999,0,1
gemm,fp64,warm,8,8192,8192,0,537919488,1073741824,537919488,0,45,0.415014386177063,0,1
gemm,fp64,warm,8,8192,8192,0,537919488,1073741824,537919488,1,45,0.393934935331345,0,1
gemm,fp64,warm,8,8192,8192,0,537919488,1073741824,537919488,2,45,0.390360176563263,0,1
gemm,fp64,warm,8,8192,8192,0,537919488,1073741824,537919488,3,45,0.390884280204773,0,1
gemm,fp64,warm,8,8192,8192,0,537919488,1073741824,537919488,4,45,0.390849441289902,0,1
gemm,fp64,warm,8,8192,8192,0,537919488,1073741824,537919488,5,45,0.390526592731476,0,1
gemm,fp64,warm,8,8192,8192,0,537919488,1073741824,537919488,6,45,0.390618294477463,0,1
gemm,fp64,warm,16,8192,8192,0,538968064,2147483648,538968064,0,44,0.407912731170654,0,1
gemm,fp64,warm,16,8192,8192,0,538968064,2147483648,538968064,1,44,0.39455783367157,0,1
gemm,fp64,warm,16,8192,8192,0,538968064,2147483648,538968064,2,44,0.395104706287384,0,1
gemm,fp64,warm,16,8192,8192,0,538968064,2147483648,538968064,3,44,0.394788354635239,0,1
gemm,fp64,warm,16,8192,8192,0,538968064,2147483648,538968064,4,44,0.394804358482361,0,1
gemm,fp64,warm,16,8192,8192,0,538968064,2147483648,538968064,5,44,0.394551277160645,0,1
gemm,fp64,warm,16,8192,8192,0,538968064,2147483648,538968064,6,44,0.394415974617004,0,1
gemm,fp64,warm,32,8192,8192,0,541065216,4294967296,541065216,0,41,0.453883320093155,0,1
gemm,fp64,warm,32,8192,8192,0,541065216,4294967296,541065216,1,41,0.429724842309952,0,1
gemm,fp64,warm,32,8192,8192,0,541065216,4294967296,541065216,2,41,0.429809927940369,0,1
gemm,fp64,warm,32,8192,8192,0,541065216,4294967296,541065216,3,41,0.429805278778076,0,1
gemm,fp64,warm,32,8192,8192,0,541065216,4294967296,541065216,4,41,0.42980369925499,0,1
gemm,fp64,warm,32,8192,8192,0,541065216,4294967296,541065216,5,41,0.430017560720444,0,1
gemm,fp64,warm,32,8192,8192,0,541065216,4294967296,541065216,6,41,0.429966062307358,0,1
gemm,fp64,warm,64,8192,8192,0,545259520,8589934592,545259520,0,40,0.483078390359879,0,1
gemm,fp64,warm,64,8192,8192,0,545259520,8589934592,545259520,1,40,0.477750390768051,0,1
gemm,fp64,warm,64,8192,8192,0,545259520,8589934592,545259520,2,40,0.481978416442871,0,1
gemm,fp64,warm,64,8192,8192,0,545259520,8589934592,545259520,3,40,0.478327184915543,0,1
gemm,fp64,warm,64,8192,8192,0,545259520,8589934592,545259520,4,40,0.478011190891266,0,1
gemm,fp64,warm,64,8192,8192,0,545259520,8589934592,545259520,5,40,0.477998405694962,0,1
gemm,fp64,warm,64,8192,8192,0,545259520,8589934592,545259520,6,40,0.478118419647217,0,1
gemm,fp64,warm,128,8192,8192,0,553648128,17179869184,553648128,0,21,0.929781317710876,0,1
gemm,fp64,warm,128,8192,8192,0,553648128,17179869184,553648128,1,21,0.929715812206268,0,1
gemm,fp64,warm,128,8192,8192,0,553648128,17179869184,553648128,2,21,0.929636538028717,0,1
gemm,fp64,warm,128,8192,8192,0,553648128,17179869184,553648128,3,21,0.929603040218353,0,1
gemm,fp64,warm,128,8192,8192,0,553648128,17179869184,553648128,4,21,0.929654896259308,0,1
gemm,fp64,warm,128,8192,8192,0,553648128,17179869184,553648128,5,21,0.929546654224396,0,1
gemm,fp64,warm,128,8192,8192,0,553648128,17179869184,553648128,6,21,0.929459810256958,0,1
gemm,fp64,warm,256,8192,8192,0,570425344,34359738368,570425344,0,11,1.80713307857513,0,1
gemm,fp64,warm,256,8192,8192,0,570425344,34359738368,570425344,1,11,1.80680155754089,0,1
gemm,fp64,warm,256,8192,8192,0,570425344,34359738368,570425344,2,11,1.80676651000977,0,1
gemm,fp64,warm,256,8192,8192,0,570425344,34359738368,570425344,3,11,1.80687713623047,0,1
gemm,fp64,warm,256,8192,8192,0,570425344,34359738368,570425344,4,11,1.8066064119339,0,1
gemm,fp64,warm,256,8192,8192,0,570425344,34359738368,570425344,5,11,1.80686259269714,0,1
gemm,fp64,warm,256,8192,8192,0,570425344,34359738368,570425344,6,11,1.80699920654297,0,1
gemm,fp64,warm,512,8192,8192,0,603979776,68719476736,603979776,0,5,3.77945590019226,0,1
gemm,fp64,warm,512,8192,8192,0,603979776,68719476736,603979776,1,5,3.77935981750488,0,1
gemm,fp64,warm,512,8192,8192,0,603979776,68719476736,603979776,2,5,3.77979516983032,0,1
gemm,fp64,warm,512,8192,8192,0,603979776,68719476736,603979776,3,5,3.78029441833496,0,1
gemm,fp64,warm,512,8192,8192,0,603979776,68719476736,603979776,4,5,3.78056955337524,0,1
gemm,fp64,warm,512,8192,8192,0,603979776,68719476736,603979776,5,5,3.78074884414673,0,1
gemm,fp64,warm,512,8192,8192,0,603979776,68719476736,603979776,6,5,3.78099822998047,0,1
gemm,fp64,warm,1024,8192,8192,0,671088640,137438953472,671088640,0,2,7.16460800170898,0,1
gemm,fp64,warm,1024,8192,8192,0,671088640,137438953472,671088640,1,2,7.16364812850952,0,1
gemm,fp64,warm,1024,8192,8192,0,671088640,137438953472,671088640,2,2,7.16158390045166,0,1
gemm,fp64,warm,1024,8192,8192,0,671088640,137438953472,671088640,3,2,7.1637921333313,0,1
gemm,fp64,warm,1024,8192,8192,0,671088640,137438953472,671088640,4,2,7.16302394866943,0,1
gemm,fp64,warm,1024,8192,8192,0,671088640,137438953472,671088640,5,2,7.16404819488525,0,1
gemm,fp64,warm,1024,8192,8192,0,671088640,137438953472,671088640,6,2,7.16292810440063,0,1
gemm,fp64,warm,2048,8192,8192,0,805306368,274877906944,805306368,0,1,14.3053436279297,0,1
gemm,fp64,warm,2048,8192,8192,0,805306368,274877906944,805306368,1,1,14.3048000335693,0,1
gemm,fp64,warm,2048,8192,8192,0,805306368,274877906944,805306368,2,1,14.304479598999,0,1
gemm,fp64,warm,2048,8192,8192,0,805306368,274877906944,805306368,3,1,14.3044481277466,0,1
gemm,fp64,warm,2048,8192,8192,0,805306368,274877906944,805306368,4,1,14.3858556747437,0,1
gemm,fp64,warm,2048,8192,8192,0,805306368,274877906944,805306368,5,1,14.4512643814087,0,1
gemm,fp64,warm,2048,8192,8192,0,805306368,274877906944,805306368,6,1,14.3586559295654,0,1
gemm,fp16,warm,256,256,256,0,393216,33554432,393216,0,200,0.00620720023289323,0.000198426521477393,1
gemm,fp16,warm,256,256,256,0,393216,33554432,393216,1,200,0.00614319974556565,0.000198426521477393,1
gemm,fp16,warm,256,256,256,0,393216,33554432,393216,2,200,0.00623519998043776,0.000198426521477393,1
gemm,fp16,warm,256,256,256,0,393216,33554432,393216,3,200,0.00623791990801692,0.000198426521477393,1
gemm,fp16,warm,256,256,256,0,393216,33554432,393216,4,200,0.00630991999059916,0.000198426521477393,1
gemm,fp16,warm,256,256,256,0,393216,33554432,393216,5,200,0.00615919986739755,0.000198426521477393,1
gemm,fp16,warm,256,256,256,0,393216,33554432,393216,6,200,0.00620271963998675,0.000198426521477393,1
gemm,fp16,cold,256,256,256,0,393216,33554432,393216,0,1,0.0121280001476407,0.000198426521477393,1
gemm,fp16,cold,256,256,256,0,393216,33554432,393216,1,1,0.011680000461638,0.000198426521477393,1
gemm,fp16,cold,256,256,256,0,393216,33554432,393216,2,1,0.0115520004183054,0.000198426521477393,1
gemm,fp16,cold,256,256,256,0,393216,33554432,393216,3,1,0.0114879999309778,0.000198426521477393,1
gemm,fp16,cold,256,256,256,0,393216,33554432,393216,4,1,0.0175039991736412,0.000198426521477393,1
gemm,fp16,cold,256,256,256,0,393216,33554432,393216,5,1,0.0124159995466471,0.000198426521477393,1
gemm,fp16,cold,256,256,256,0,393216,33554432,393216,6,1,0.0111360000446439,0.000198426521477393,1
gemm,fp16,warm,512,512,512,0,1572864,268435456,1572864,0,200,0.00716175977140665,0.00020091145971206,1
gemm,fp16,warm,512,512,512,0,1572864,268435456,1572864,1,200,0.00718208029866219,0.00020091145971206,1
gemm,fp16,warm,512,512,512,0,1572864,268435456,1572864,2,200,0.00717360014095902,0.00020091145971206,1
gemm,fp16,warm,512,512,512,0,1572864,268435456,1572864,3,200,0.00717343995347619,0.00020091145971206,1
gemm,fp16,warm,512,512,512,0,1572864,268435456,1572864,4,200,0.00718432012945414,0.00020091145971206,1
gemm,fp16,warm,512,512,512,0,1572864,268435456,1572864,5,200,0.00717695988714695,0.00020091145971206,1
gemm,fp16,warm,512,512,512,0,1572864,268435456,1572864,6,200,0.007166079711169,0.00020091145971206,1
gemm,fp16,cold,512,512,512,0,1572864,268435456,1572864,0,1,0.0115520004183054,0.00020091145971206,1
gemm,fp16,cold,512,512,512,0,1572864,268435456,1572864,1,1,0.0120959999039769,0.00020091145971206,1
gemm,fp16,cold,512,512,512,0,1572864,268435456,1572864,2,1,0.0129599999636412,0.00020091145971206,1
gemm,fp16,cold,512,512,512,0,1572864,268435456,1572864,3,1,0.0117760002613068,0.00020091145971206,1
gemm,fp16,cold,512,512,512,0,1572864,268435456,1572864,4,1,0.0115520004183054,0.00020091145971206,1
gemm,fp16,cold,512,512,512,0,1572864,268435456,1572864,5,1,0.0112960003316402,0.00020091145971206,1
gemm,fp16,cold,512,512,512,0,1572864,268435456,1572864,6,1,0.011392000131309,0.00020091145971206,1
gemm,fp16,warm,1024,1024,1024,0,6291456,2147483648,6291456,0,200,0.0151113606989384,0.000189940520434515,1
gemm,fp16,warm,1024,1024,1024,0,6291456,2147483648,6291456,1,200,0.0151148792356253,0.000189940520434515,1
gemm,fp16,warm,1024,1024,1024,0,6291456,2147483648,6291456,2,200,0.015116959810257,0.000189940520434515,1
gemm,fp16,warm,1024,1024,1024,0,6291456,2147483648,6291456,3,200,0.0151123199611902,0.000189940520434515,1
gemm,fp16,warm,1024,1024,1024,0,6291456,2147483648,6291456,4,200,0.015111199580133,0.000189940520434515,1
gemm,fp16,warm,1024,1024,1024,0,6291456,2147483648,6291456,5,200,0.015116480179131,0.000189940520434515,1
gemm,fp16,warm,1024,1024,1024,0,6291456,2147483648,6291456,6,200,0.0151091190055013,0.000189940520434515,1
gemm,fp16,cold,1024,1024,1024,0,6291456,2147483648,6291456,0,1,0.0239039994776249,0.000189940520434515,1
gemm,fp16,cold,1024,1024,1024,0,6291456,2147483648,6291456,1,1,0.0236799996346235,0.000189940520434515,1
gemm,fp16,cold,1024,1024,1024,0,6291456,2147483648,6291456,2,1,0.0232960004359484,0.000189940520434515,1
gemm,fp16,cold,1024,1024,1024,0,6291456,2147483648,6291456,3,1,0.0235520005226135,0.000189940520434515,1
gemm,fp16,cold,1024,1024,1024,0,6291456,2147483648,6291456,4,1,0.0238400008529425,0.000189940520434515,1
gemm,fp16,cold,1024,1024,1024,0,6291456,2147483648,6291456,5,1,0.0235200002789497,0.000189940520434515,1
gemm,fp16,cold,1024,1024,1024,0,6291456,2147483648,6291456,6,1,0.0233919993042946,0.000189940520434515,1
gemm,fp16,warm,2048,2048,2048,0,25165824,17179869184,25165824,0,200,0.0698579251766205,0.000221487809070642,1
gemm,fp16,warm,2048,2048,2048,0,25165824,17179869184,25165824,1,200,0.0698945596814156,0.000221487809070642,1
gemm,fp16,warm,2048,2048,2048,0,25165824,17179869184,25165824,2,200,0.071305125951767,0.000221487809070642,1
gemm,fp16,warm,2048,2048,2048,0,25165824,17179869184,25165824,3,200,0.0701422393321991,0.000221487809070642,1
gemm,fp16,warm,2048,2048,2048,0,25165824,17179869184,25165824,4,200,0.0698687955737114,0.000221487809070642,1
gemm,fp16,warm,2048,2048,2048,0,25165824,17179869184,25165824,5,200,0.0707355216145515,0.000221487809070642,1
gemm,fp16,warm,2048,2048,2048,0,25165824,17179869184,25165824,6,200,0.0698307156562805,0.000221487809070642,1
gemm,fp16,cold,2048,2048,2048,0,25165824,17179869184,25165824,0,1,0.0771199986338615,0.000221487809070642,1
gemm,fp16,cold,2048,2048,2048,0,25165824,17179869184,25165824,1,1,0.0763520002365112,0.000221487809070642,1
gemm,fp16,cold,2048,2048,2048,0,25165824,17179869184,25165824,2,1,0.0767360031604767,0.000221487809070642,1
gemm,fp16,cold,2048,2048,2048,0,25165824,17179869184,25165824,3,1,0.075935997068882,0.000221487809070642,1
gemm,fp16,cold,2048,2048,2048,0,25165824,17179869184,25165824,4,1,0.0762559995055199,0.000221487809070642,1
gemm,fp16,cold,2048,2048,2048,0,25165824,17179869184,25165824,5,1,0.0766080021858215,0.000221487809070642,1
gemm,fp16,cold,2048,2048,2048,0,25165824,17179869184,25165824,6,1,0.0769279971718788,0.000221487809070642,1
gemm,fp16,warm,4096,4096,4096,0,100663296,137438953472,100663296,0,39,0.502288401126862,0.000227370978317963,1
gemm,fp16,warm,4096,4096,4096,0,100663296,137438953472,100663296,1,39,0.502258896827698,0.000227370978317963,1
gemm,fp16,warm,4096,4096,4096,0,100663296,137438953472,100663296,2,39,0.502432823181152,0.000227370978317963,1
gemm,fp16,warm,4096,4096,4096,0,100663296,137438953472,100663296,3,39,0.502730667591095,0.000227370978317963,1
gemm,fp16,warm,4096,4096,4096,0,100663296,137438953472,100663296,4,39,0.502638816833496,0.000227370978317963,1
gemm,fp16,warm,4096,4096,4096,0,100663296,137438953472,100663296,5,39,0.506194055080414,0.000227370978317963,1
gemm,fp16,warm,4096,4096,4096,0,100663296,137438953472,100663296,6,39,0.505674660205841,0.000227370978317963,1
gemm,fp16,warm,8192,8192,8192,0,402653184,1099511627776,402653184,0,5,3.72418546676636,0.000201482833635594,1
gemm,fp16,warm,8192,8192,8192,0,402653184,1099511627776,402653184,1,5,3.72414088249207,0.000201482833635594,1
gemm,fp16,warm,8192,8192,8192,0,402653184,1099511627776,402653184,2,5,3.72499203681946,0.000201482833635594,1
gemm,fp16,warm,8192,8192,8192,0,402653184,1099511627776,402653184,3,5,3.72451853752136,0.000201482833635594,1
gemm,fp16,warm,8192,8192,8192,0,402653184,1099511627776,402653184,4,5,3.71973752975464,0.000201482833635594,1
gemm,fp16,warm,8192,8192,8192,0,402653184,1099511627776,402653184,5,5,3.71973752975464,0.000201482833635594,1
gemm,fp16,warm,8192,8192,8192,0,402653184,1099511627776,402653184,6,5,3.71934080123901,0.000201482833635594,1
gemm,fp16,warm,1,8192,8192,0,134250496,134217728,134250496,0,200,0.0933454409241676,0.000241351598313866,1
gemm,fp16,warm,1,8192,8192,0,134250496,134217728,134250496,1,200,0.0895467177033424,0.000241351598313866,1
gemm,fp16,warm,1,8192,8192,0,134250496,134217728,134250496,2,200,0.089493602514267,0.000241351598313866,1
gemm,fp16,warm,1,8192,8192,0,134250496,134217728,134250496,3,200,0.0894283205270767,0.000241351598313866,1
gemm,fp16,warm,1,8192,8192,0,134250496,134217728,134250496,4,200,0.0899307131767273,0.000241351598313866,1
gemm,fp16,warm,1,8192,8192,0,134250496,134217728,134250496,5,200,0.0900070369243622,0.000241351598313866,1
gemm,fp16,warm,1,8192,8192,0,134250496,134217728,134250496,6,200,0.0906462371349335,0.000241351598313866,1
gemm,fp16,warm,2,8192,8192,0,134283264,268435456,134283264,0,175,0.105906099081039,0.00027080945397992,1
gemm,fp16,warm,2,8192,8192,0,134283264,268435456,134283264,1,175,0.105719037353992,0.00027080945397992,1
gemm,fp16,warm,2,8192,8192,0,134283264,268435456,134283264,2,175,0.106557630002499,0.00027080945397992,1
gemm,fp16,warm,2,8192,8192,0,134283264,268435456,134283264,3,175,0.105697281658649,0.00027080945397992,1
gemm,fp16,warm,2,8192,8192,0,134283264,268435456,134283264,4,175,0.105667285621166,0.00027080945397992,1
gemm,fp16,warm,2,8192,8192,0,134283264,268435456,134283264,5,175,0.105881415307522,0.00027080945397992,1
gemm,fp16,warm,2,8192,8192,0,134283264,268435456,134283264,6,175,0.105734035372734,0.00027080945397992,1
gemm,fp16,warm,4,8192,8192,0,134348800,536870912,134348800,0,164,0.113237261772156,0.00019835485441715,1
gemm,fp16,warm,4,8192,8192,0,134348800,536870912,134348800,1,164,0.112819708883762,0.00019835485441715,1
gemm,fp16,warm,4,8192,8192,0,134348800,536870912,134348800,2,164,0.11290829628706,0.00019835485441715,1
gemm,fp16,warm,4,8192,8192,0,134348800,536870912,134348800,3,164,0.112906537950039,0.00019835485441715,1
gemm,fp16,warm,4,8192,8192,0,134348800,536870912,134348800,4,164,0.112906731665134,0.00019835485441715,1
gemm,fp16,warm,4,8192,8192,0,134348800,536870912,134348800,5,164,0.11281581223011,0.00019835485441715,1
gemm,fp16,warm,4,8192,8192,0,134348800,536870912,134348800,6,164,0.112832978367805,0.00019835485441715,1
gemm,fp16,warm,8,8192,8192,0,134479872,1073741824,134479872,0,182,0.0945668593049049,0.000188446265463958,1
gemm,fp16,warm,8,8192,8192,0,134479872,1073741824,134479872,1,182,0.0935133174061775,0.000188446265463958,1
gemm,fp16,warm,8,8192,8192,0,134479872,1073741824,134479872,2,182,0.093129850924015,0.000188446265463958,1
gemm,fp16,warm,8,8192,8192,0,134479872,1073741824,134479872,3,182,0.0931825935840607,0.000188446265463958,1
gemm,fp16,warm,8,8192,8192,0,134479872,1073741824,134479872,4,182,0.0931593850255013,0.000188446265463958,1
gemm,fp16,warm,8,8192,8192,0,134479872,1073741824,134479872,5,182,0.0931214019656181,0.000188446265463958,1
gemm,fp16,warm,8,8192,8192,0,134479872,1073741824,134479872,6,182,0.0931994691491127,0.000188446265463958,1
gemm,fp16,warm,16,8192,8192,0,134742016,2147483648,134742016,0,185,0.0943095311522484,0.000219235237132225,1
gemm,fp16,warm,16,8192,8192,0,134742016,2147483648,134742016,1,185,0.0933033525943756,0.000219235237132225,1
gemm,fp16,warm,16,8192,8192,0,134742016,2147483648,134742016,2,185,0.0925204679369926,0.000219235237132225,1
gemm,fp16,warm,16,8192,8192,0,134742016,2147483648,134742016,3,185,0.0925919115543365,0.000219235237132225,1
gemm,fp16,warm,16,8192,8192,0,134742016,2147483648,134742016,4,185,0.0926121473312378,0.000219235237132225,1
gemm,fp16,warm,16,8192,8192,0,134742016,2147483648,134742016,5,185,0.0926195904612541,0.000219235237132225,1
gemm,fp16,warm,16,8192,8192,0,134742016,2147483648,134742016,6,185,0.0925675258040428,0.000219235237132225,1
gemm,fp16,warm,32,8192,8192,0,135266304,4294967296,135266304,0,185,0.0941784232854843,0.000245315918246433,1
gemm,fp16,warm,32,8192,8192,0,135266304,4294967296,135266304,1,185,0.0933739244937897,0.000245315918246433,1
gemm,fp16,warm,32,8192,8192,0,135266304,4294967296,135266304,2,185,0.0934216678142548,0.000245315918246433,1
gemm,fp16,warm,32,8192,8192,0,135266304,4294967296,135266304,3,185,0.0934406891465187,0.000245315918246433,1
gemm,fp16,warm,32,8192,8192,0,135266304,4294967296,135266304,4,185,0.0932782664895058,0.000245315918246433,1
gemm,fp16,warm,32,8192,8192,0,135266304,4294967296,135266304,5,185,0.0934714823961258,0.000245315918246433,1
gemm,fp16,warm,32,8192,8192,0,135266304,4294967296,135266304,6,185,0.0938001275062561,0.000245315918246433,1
gemm,fp16,warm,64,8192,8192,0,136314880,8589934592,136314880,0,183,0.0968118906021118,0.000206361611237897,1
gemm,fp16,warm,64,8192,8192,0,136314880,8589934592,136314880,1,183,0.0945276468992233,0.000206361611237897,1
gemm,fp16,warm,64,8192,8192,0,136314880,8589934592,136314880,2,183,0.0945133119821548,0.000206361611237897,1
gemm,fp16,warm,64,8192,8192,0,136314880,8589934592,136314880,3,183,0.0947149321436882,0.000206361611237897,1
gemm,fp16,warm,64,8192,8192,0,136314880,8589934592,136314880,4,183,0.0944295451045036,0.000206361611237897,1
gemm,fp16,warm,64,8192,8192,0,136314880,8589934592,136314880,5,183,0.0945028215646744,0.000206361611237897,1
gemm,fp16,warm,64,8192,8192,0,136314880,8589934592,136314880,6,183,0.0959457978606224,0.000206361611237897,1
gemm,fp16,warm,128,8192,8192,0,138412032,17179869184,138412032,0,152,0.116092629730701,0.000266098899365157,1
gemm,fp16,warm,128,8192,8192,0,138412032,17179869184,138412032,1,152,0.114780627191067,0.000266098899365157,1
gemm,fp16,warm,128,8192,8192,0,138412032,17179869184,138412032,2,152,0.11496189981699,0.000266098899365157,1
gemm,fp16,warm,128,8192,8192,0,138412032,17179869184,138412032,3,152,0.114813268184662,0.000266098899365157,1
gemm,fp16,warm,128,8192,8192,0,138412032,17179869184,138412032,4,152,0.114820003509521,0.000266098899365157,1
gemm,fp16,warm,128,8192,8192,0,138412032,17179869184,138412032,5,152,0.115097261965275,0.000266098899365157,1
gemm,fp16,warm,128,8192,8192,0,138412032,17179869184,138412032,6,152,0.115733258426189,0.000266098899365157,1
gemm,fp16,warm,256,8192,8192,0,142606336,34359738368,142606336,0,112,0.153418570756912,0.000298865235783124,1
gemm,fp16,warm,256,8192,8192,0,142606336,34359738368,142606336,1,112,0.153431430459023,0.000298865235783124,1
gemm,fp16,warm,256,8192,8192,0,142606336,34359738368,142606336,2,112,0.153442576527596,0.000298865235783124,1
gemm,fp16,warm,256,8192,8192,0,142606336,34359738368,142606336,3,112,0.153412565588951,0.000298865235783124,1
gemm,fp16,warm,256,8192,8192,0,142606336,34359738368,142606336,4,112,0.154484584927559,0.000298865235783124,1
gemm,fp16,warm,256,8192,8192,0,142606336,34359738368,142606336,5,112,0.153647422790527,0.000298865235783124,1
gemm,fp16,warm,256,8192,8192,0,142606336,34359738368,142606336,6,112,0.153443142771721,0.000298865235783124,1
gemm,fp16,warm,512,8192,8192,0,150994944,68719476736,150994944,0,73,0.26556009054184,0.000294186434664421,1
gemm,fp16,warm,512,8192,8192,0,150994944,68719476736,150994944,1,73,0.267431437969208,0.000294186434664421,1
gemm,fp16,warm,512,8192,8192,0,150994944,68719476736,150994944,2,73,0.26873117685318,0.000294186434664421,1
gemm,fp16,warm,512,8192,8192,0,150994944,68719476736,150994944,3,73,0.267762392759323,0.000294186434664421,1
gemm,fp16,warm,512,8192,8192,0,150994944,68719476736,150994944,4,73,0.267631351947784,0.000294186434664421,1
gemm,fp16,warm,512,8192,8192,0,150994944,68719476736,150994944,5,73,0.267590135335922,0.000294186434664421,1
gemm,fp16,warm,512,8192,8192,0,150994944,68719476736,150994944,6,73,0.267569959163666,0.000294186434664421,1
gemm,fp16,warm,1024,8192,8192,0,167772160,137438953472,167772160,0,37,0.519400656223297,0.000215873063059901,1
gemm,fp16,warm,1024,8192,8192,0,167772160,137438953472,167772160,1,37,0.516108155250549,0.000215873063059901,1
gemm,fp16,warm,1024,8192,8192,0,167772160,137438953472,167772160,2,37,0.518558323383331,0.000215873063059901,1
gemm,fp16,warm,1024,8192,8192,0,167772160,137438953472,167772160,3,37,0.51533317565918,0.000215873063059901,1
gemm,fp16,warm,1024,8192,8192,0,167772160,137438953472,167772160,4,37,0.517658829689026,0.000215873063059901,1
gemm,fp16,warm,1024,8192,8192,0,167772160,137438953472,167772160,5,37,0.515316724777222,0.000215873063059901,1
gemm,fp16,warm,1024,8192,8192,0,167772160,137438953472,167772160,6,37,0.515365183353424,0.000215873063059901,1
gemm,fp16,warm,2048,8192,8192,0,201326592,274877906944,201326592,0,20,0.987046420574188,0.000225696977694881,1
gemm,fp16,warm,2048,8192,8192,0,201326592,274877906944,201326592,1,20,0.987068831920624,0.000225696977694881,1
gemm,fp16,warm,2048,8192,8192,0,201326592,274877906944,201326592,2,20,0.987075209617615,0.000225696977694881,1
gemm,fp16,warm,2048,8192,8192,0,201326592,274877906944,201326592,3,20,0.983932793140411,0.000225696977694881,1
gemm,fp16,warm,2048,8192,8192,0,201326592,274877906944,201326592,4,20,0.97597599029541,0.000225696977694881,1
gemm,fp16,warm,2048,8192,8192,0,201326592,274877906944,201326592,5,20,0.975932776927948,0.000225696977694881,1
gemm,fp16,warm,2048,8192,8192,0,201326592,274877906944,201326592,6,20,0.975876808166504,0.000225696977694881,1
gemm,bf16,warm,256,256,256,0,393216,33554432,393216,0,200,0.00617503980174661,0.00156995384806169,1
gemm,bf16,warm,256,256,256,0,393216,33554432,393216,1,200,0.00617728009819984,0.00156995384806169,1
gemm,bf16,warm,256,256,256,0,393216,33554432,393216,2,200,0.00617456017062068,0.00156995384806169,1
gemm,bf16,warm,256,256,256,0,393216,33554432,393216,3,200,0.00617999956011772,0.00156995384806169,1
gemm,bf16,warm,256,256,256,0,393216,33554432,393216,4,200,0.00617263978347182,0.00156995384806169,1
gemm,bf16,warm,256,256,256,0,393216,33554432,393216,5,200,0.00617951992899179,0.00156995384806169,1
gemm,bf16,warm,256,256,256,0,393216,33554432,393216,6,200,0.0061758398078382,0.00156995384806169,1
gemm,bf16,cold,256,256,256,0,393216,33554432,393216,0,1,0.0108479997143149,0.00156995384806169,1
gemm,bf16,cold,256,256,256,0,393216,33554432,393216,1,1,0.0107199996709824,0.00156995384806169,1
gemm,bf16,cold,256,256,256,0,393216,33554432,393216,2,1,0.0108479997143149,0.00156995384806169,1
gemm,bf16,cold,256,256,256,0,393216,33554432,393216,3,1,0.0103359995409846,0.00156995384806169,1
gemm,bf16,cold,256,256,256,0,393216,33554432,393216,4,1,0.0108799999579787,0.00156995384806169,1
gemm,bf16,cold,256,256,256,0,393216,33554432,393216,5,1,0.0102399997413158,0.00156995384806169,1
gemm,bf16,cold,256,256,256,0,393216,33554432,393216,6,1,0.0102719999849796,0.00156995384806169,1
gemm,bf16,warm,512,512,512,0,1572864,268435456,1572864,0,200,0.00743455998599529,0.00162394799487254,1
gemm,bf16,warm,512,512,512,0,1572864,268435456,1572864,1,200,0.00744319986552,0.00162394799487254,1
gemm,bf16,warm,512,512,512,0,1572864,268435456,1572864,2,200,0.0074563198722899,0.00162394799487254,1
gemm,bf16,warm,512,512,512,0,1572864,268435456,1572864,3,200,0.00744751980528235,0.00162394799487254,1
gemm,bf16,warm,512,512,512,0,1572864,268435456,1572864,4,200,0.00745151983574033,0.00162394799487254,1
gemm,bf16,warm,512,512,512,0,1572864,268435456,1572864,5,200,0.00744016002863646,0.00162394799487254,1
gemm,bf16,warm,512,512,512,0,1572864,268435456,1572864,6,200,0.00743327988311648,0.00162394799487254,1
gemm,bf16,cold,512,512,512,0,1572864,268435456,1572864,0,1,0.0121280001476407,0.00162394799487254,1
gemm,bf16,cold,512,512,512,0,1572864,268435456,1572864,1,1,0.011744000017643,0.00162394799487254,1
gemm,bf16,cold,512,512,512,0,1572864,268435456,1572864,2,1,0.0119679998606443,0.00162394799487254,1
gemm,bf16,cold,512,512,512,0,1572864,268435456,1572864,3,1,0.0116159999743104,0.00162394799487254,1
gemm,bf16,cold,512,512,512,0,1572864,268435456,1572864,4,1,0.011744000017643,0.00162394799487254,1
gemm,bf16,cold,512,512,512,0,1572864,268435456,1572864,5,1,0.0126080000773072,0.00162394799487254,1
gemm,bf16,cold,512,512,512,0,1572864,268435456,1572864,6,1,0.011680000461638,0.00162394799487254,1
gemm,bf16,warm,1024,1024,1024,0,6291456,2147483648,6291456,0,200,0.0187268797308207,0.00141444543565153,1
gemm,bf16,warm,1024,1024,1024,0,6291456,2147483648,6291456,1,200,0.0187295991927385,0.00141444543565153,1
gemm,bf16,warm,1024,1024,1024,0,6291456,2147483648,6291456,2,200,0.0187288001179695,0.00141444543565153,1
gemm,bf16,warm,1024,1024,1024,0,6291456,2147483648,6291456,3,200,0.0187264010310173,0.00141444543565153,1
gemm,bf16,warm,1024,1024,1024,0,6291456,2147483648,6291456,4,200,0.0187326390296221,0.00141444543565153,1
gemm,bf16,warm,1024,1024,1024,0,6291456,2147483648,6291456,5,200,0.018726559355855,0.00141444543565153,1
gemm,bf16,warm,1024,1024,1024,0,6291456,2147483648,6291456,6,200,0.018728319555521,0.00141444543565153,1
gemm,bf16,cold,1024,1024,1024,0,6291456,2147483648,6291456,0,1,0.0231040008366108,0.00141444543565153,1
gemm,bf16,cold,1024,1024,1024,0,6291456,2147483648,6291456,1,1,0.0227840002626181,0.00141444543565153,1
gemm,bf16,cold,1024,1024,1024,0,6291456,2147483648,6291456,2,1,0.0228160005062819,0.00141444543565153,1
gemm,bf16,cold,1024,1024,1024,0,6291456,2147483648,6291456,3,1,0.0223999992012978,0.00141444543565153,1
gemm,bf16,cold,1024,1024,1024,0,6291456,2147483648,6291456,4,1,0.0228480007499456,0.00141444543565153,1
gemm,bf16,cold,1024,1024,1024,0,6291456,2147483648,6291456,5,1,0.0233919993042946,0.00141444543565153,1
gemm,bf16,cold,1024,1024,1024,0,6291456,2147483648,6291456,6,1,0.0226240009069443,0.00141444543565153,1
gemm,bf16,warm,2048,2048,2048,0,25165824,17179869184,25165824,0,179,0.107080936431885,0.00152126818093298,1
gemm,bf16,warm,2048,2048,2048,0,25165824,17179869184,25165824,1,179,0.107117764651775,0.00152126818093298,1
gemm,bf16,warm,2048,2048,2048,0,25165824,17179869184,25165824,2,179,0.107054829597473,0.00152126818093298,1
gemm,bf16,warm,2048,2048,2048,0,25165824,17179869184,25165824,3,179,0.107024803757668,0.00152126818093298,1
gemm,bf16,warm,2048,2048,2048,0,25165824,17179869184,25165824,4,179,0.107168540358543,0.00152126818093298,1
gemm,bf16,warm,2048,2048,2048,0,25165824,17179869184,25165824,5,179,0.107060022652149,0.00152126818093298,1
gemm,bf16,warm,2048,2048,2048,0,25165824,17179869184,25165824,6,179,0.107026413083076,0.00152126818093298,1
gemm,bf16,cold,2048,2048,2048,0,25165824,17179869184,25165824,0,1,0.112287998199463,0.00152126818093298,1
gemm,bf16,cold,2048,2048,2048,0,25165824,17179869184,25165824,1,1,0.112479999661446,0.00152126818093298,1
gemm,bf16,cold,2048,2048,2048,0,25165824,17179869184,25165824,2,1,0.111616000533104,0.00152126818093298,1
gemm,bf16,cold,2048,2048,2048,0,25165824,17179869184,25165824,3,1,0.112063996493816,0.00152126818093298,1
gemm,bf16,cold,2048,2048,2048,0,25165824,17179869184,25165824,4,1,0.111872002482414,0.00152126818093298,1
gemm,bf16,cold,2048,2048,2048,0,25165824,17179869184,25165824,5,1,0.111808001995087,0.00152126818093298,1
gemm,bf16,cold,2048,2048,2048,0,25165824,17179869184,25165824,6,1,0.112127996981144,0.00152126818093298,1
gemm,bf16,warm,4096,4096,4096,0,100663296,137438953472,100663296,0,39,0.506981730461121,0.00171066456404783,1
gemm,bf16,warm,4096,4096,4096,0,100663296,137438953472,100663296,1,39,0.507040023803711,0.00171066456404783,1
gemm,bf16,warm,4096,4096,4096,0,100663296,137438953472,100663296,2,39,0.506980121135712,0.00171066456404783,1
gemm,bf16,warm,4096,4096,4096,0,100663296,137438953472,100663296,3,39,0.507026016712189,0.00171066456404783,1
gemm,bf16,warm,4096,4096,4096,0,100663296,137438953472,100663296,4,39,0.508592426776886,0.00171066456404783,1
gemm,bf16,warm,4096,4096,4096,0,100663296,137438953472,100663296,5,39,0.512092709541321,0.00171066456404783,1
gemm,bf16,warm,4096,4096,4096,0,100663296,137438953472,100663296,6,39,0.511342763900757,0.00171066456404783,1
gemm,bf16,warm,8192,8192,8192,0,402653184,1099511627776,402653184,0,5,3.70601606369019,0.00196155990413702,1
gemm,bf16,warm,8192,8192,8192,0,402653184,1099511627776,402653184,1,5,3.73393940925598,0.00196155990413702,1
gemm,bf16,warm,8192,8192,8192,0,402653184,1099511627776,402653184,2,5,3.74570226669312,0.00196155990413702,1
gemm,bf16,warm,8192,8192,8192,0,402653184,1099511627776,402653184,3,5,3.74629735946655,0.00196155990413702,1
gemm,bf16,warm,8192,8192,8192,0,402653184,1099511627776,402653184,4,5,3.74518394470215,0.00196155990413702,1
gemm,bf16,warm,8192,8192,8192,0,402653184,1099511627776,402653184,5,5,3.74551701545715,0.00196155990413702,1
gemm,bf16,warm,8192,8192,8192,0,402653184,1099511627776,402653184,6,5,3.74567031860352,0.00196155990413702,1
gemm,bf16,warm,1,8192,8192,0,134250496,134217728,134250496,0,200,0.0942412763834,0.00159905328714834,1
gemm,bf16,warm,1,8192,8192,0,134250496,134217728,134250496,1,200,0.090138241648674,0.00159905328714834,1
gemm,bf16,warm,1,8192,8192,0,134250496,134217728,134250496,2,200,0.0903598368167877,0.00159905328714834,1
gemm,bf16,warm,1,8192,8192,0,134250496,134217728,134250496,3,200,0.0899744033813477,0.00159905328714834,1
gemm,bf16,warm,1,8192,8192,0,134250496,134217728,134250496,4,200,0.089994877576828,0.00159905328714834,1
gemm,bf16,warm,1,8192,8192,0,134250496,134217728,134250496,5,200,0.0900260806083679,0.00159905328714834,1
gemm,bf16,warm,1,8192,8192,0,134250496,134217728,134250496,6,200,0.0901977643370628,0.00159905328714834,1
gemm,bf16,warm,2,8192,8192,0,134283264,268435456,134283264,0,153,0.114027298986912,0.00250402574895961,1
gemm,bf16,warm,2,8192,8192,0,134283264,268435456,134283264,1,153,0.111165076494217,0.00250402574895961,1
gemm,bf16,warm,2,8192,8192,0,134283264,268435456,134283264,2,153,0.11102619022131,0.00250402574895961,1
gemm,bf16,warm,2,8192,8192,0,134283264,268435456,134283264,3,153,0.111076600849628,0.00250402574895961,1
gemm,bf16,warm,2,8192,8192,0,134283264,268435456,134283264,4,153,0.111008837819099,0.00250402574895961,1
gemm,bf16,warm,2,8192,8192,0,134283264,268435456,134283264,5,153,0.111019298434258,0.00250402574895961,1
gemm,bf16,warm,2,8192,8192,0,134283264,268435456,134283264,6,153,0.111586302518845,0.00250402574895961,1
gemm,bf16,warm,4,8192,8192,0,134348800,536870912,134348800,0,150,0.115222178399563,0.00193274875702583,1
gemm,bf16,warm,4,8192,8192,0,134348800,536870912,134348800,1,150,0.113220699131489,0.00193274875702583,1
gemm,bf16,warm,4,8192,8192,0,134348800,536870912,134348800,2,150,0.113237544894218,0.00193274875702583,1
gemm,bf16,warm,4,8192,8192,0,134348800,536870912,134348800,3,150,0.113251835107803,0.00193274875702583,1
gemm,bf16,warm,4,8192,8192,0,134348800,536870912,134348800,4,150,0.113291524350643,0.00193274875702583,1
gemm,bf16,warm,4,8192,8192,0,134348800,536870912,134348800,5,150,0.114244051277637,0.00193274875702583,1
gemm,bf16,warm,4,8192,8192,0,134348800,536870912,134348800,6,150,0.113263361155987,0.00193274875702583,1
gemm,bf16,warm,8,8192,8192,0,134479872,1073741824,134479872,0,179,0.0970197096467018,0.00169396235379781,1
gemm,bf16,warm,8,8192,8192,0,134479872,1073741824,134479872,1,179,0.0940544381737709,0.00169396235379781,1
gemm,bf16,warm,8,8192,8192,0,134479872,1073741824,134479872,2,179,0.094078928232193,0.00169396235379781,1
gemm,bf16,warm,8,8192,8192,0,134479872,1073741824,134479872,3,179,0.0940833911299706,0.00169396235379781,1
gemm,bf16,warm,8,8192,8192,0,134479872,1073741824,134479872,4,179,0.0941702798008919,0.00169396235379781,1
gemm,bf16,warm,8,8192,8192,0,134479872,1073741824,134479872,5,179,0.0940873324871063,0.00169396235379781,1
gemm,bf16,warm,8,8192,8192,0,134479872,1073741824,134479872,6,179,0.0949445366859436,0.00169396235379781,1
gemm,bf16,warm,16,8192,8192,0,134742016,2147483648,134742016,0,185,0.0930445790290833,0.001948402555698,1
gemm,bf16,warm,16,8192,8192,0,134742016,2147483648,134742016,1,185,0.0918301418423653,0.001948402555698,1
gemm,bf16,warm,16,8192,8192,0,134742016,2147483648,134742016,2,185,0.0918464064598083,0.001948402555698,1
gemm,bf16,warm,16,8192,8192,0,134742016,2147483648,134742016,3,185,0.092127650976181,0.001948402555698,1
gemm,bf16,warm,16,8192,8192,0,134742016,2147483648,134742016,4,185,0.0918349772691727,0.001948402555698,1
gemm,bf16,warm,16,8192,8192,0,134742016,2147483648,134742016,5,185,0.0918937996029854,0.001948402555698,1
gemm,bf16,warm,16,8192,8192,0,134742016,2147483648,134742016,6,185,0.0919084995985031,0.001948402555698,1
gemm,bf16,warm,32,8192,8192,0,135266304,4294967296,135266304,0,184,0.0952653884887695,0.00166506969017838,1
gemm,bf16,warm,32,8192,8192,0,135266304,4294967296,135266304,1,184,0.0940613970160484,0.00166506969017838,1
gemm,bf16,warm,32,8192,8192,0,135266304,4294967296,135266304,2,184,0.0947556495666504,0.00166506969017838,1
gemm,bf16,warm,32,8192,8192,0,135266304,4294967296,135266304,3,184,0.0940191298723221,0.00166506969017838,1
gemm,bf16,warm,32,8192,8192,0,135266304,4294967296,135266304,4,184,0.0940834730863571,0.00166506969017838,1
gemm,bf16,warm,32,8192,8192,0,135266304,4294967296,135266304,5,184,0.0939869582653046,0.00166506969017838,1
gemm,bf16,warm,32,8192,8192,0,135266304,4294967296,135266304,6,184,0.0939768701791763,0.00166506969017838,1
gemm,bf16,warm,64,8192,8192,0,136314880,8589934592,136314880,0,182,0.106299072504044,0.00244526833419578,1
gemm,bf16,warm,64,8192,8192,0,136314880,8589934592,136314880,1,182,0.105941101908684,0.00244526833419578,1
gemm,bf16,warm,64,8192,8192,0,136314880,8589934592,136314880,2,182,0.106373272836208,0.00244526833419578,1
gemm,bf16,warm,64,8192,8192,0,136314880,8589934592,136314880,3,182,0.105937756597996,0.00244526833419578,1
gemm,bf16,warm,64,8192,8192,0,136314880,8589934592,136314880,4,182,0.106129229068756,0.00244526833419578,1
gemm,bf16,warm,64,8192,8192,0,136314880,8589934592,136314880,5,182,0.106608346104622,0.00244526833419578,1
gemm,bf16,warm,64,8192,8192,0,136314880,8589934592,136314880,6,182,0.105988740921021,0.00244526833419578,1
gemm,bf16,warm,128,8192,8192,0,138412032,17179869184,138412032,0,157,0.112836487591267,0.00250200747372315,1
gemm,bf16,warm,128,8192,8192,0,138412032,17179869184,138412032,1,157,0.111738912761211,0.00250200747372315,1
gemm,bf16,warm,128,8192,8192,0,138412032,17179869184,138412032,2,157,0.11171281337738,0.00250200747372315,1
gemm,bf16,warm,128,8192,8192,0,138412032,17179869184,138412032,3,157,0.112986288964748,0.00250200747372315,1
gemm,bf16,warm,128,8192,8192,0,138412032,17179869184,138412032,4,157,0.111803308129311,0.00250200747372315,1
gemm,bf16,warm,128,8192,8192,0,138412032,17179869184,138412032,5,157,0.111772745847702,0.00250200747372315,1
gemm,bf16,warm,128,8192,8192,0,138412032,17179869184,138412032,6,157,0.111763574182987,0.00250200747372315,1
gemm,bf16,warm,256,8192,8192,0,142606336,34359738368,142606336,0,125,0.153779447078705,0.00196265276656711,1
gemm,bf16,warm,256,8192,8192,0,142606336,34359738368,142606336,1,125,0.15400268137455,0.00196265276656711,1
gemm,bf16,warm,256,8192,8192,0,142606336,34359738368,142606336,2,125,0.154090493917465,0.00196265276656711,1
gemm,bf16,warm,256,8192,8192,0,142606336,34359738368,142606336,3,125,0.153754368424416,0.00196265276656711,1
gemm,bf16,warm,256,8192,8192,0,142606336,34359738368,142606336,4,125,0.154966786503792,0.00196265276656711,1
gemm,bf16,warm,256,8192,8192,0,142606336,34359738368,142606336,5,125,0.153791487216949,0.00196265276656711,1
gemm,bf16,warm,256,8192,8192,0,142606336,34359738368,142606336,6,125,0.154148861765862,0.00196265276656711,1
gemm,bf16,warm,512,8192,8192,0,150994944,68719476736,150994944,0,61,0.315859407186508,0.00217223271533948,1
gemm,bf16,warm,512,8192,8192,0,150994944,68719476736,150994944,1,61,0.315801709890366,0.00217223271533948,1
gemm,bf16,warm,512,8192,8192,0,150994944,68719476736,150994944,2,61,0.316144794225693,0.00217223271533948,1
gemm,bf16,warm,512,8192,8192,0,150994944,68719476736,150994944,3,61,0.315933376550674,0.00217223271533948,1
gemm,bf16,warm,512,8192,8192,0,150994944,68719476736,150994944,4,61,0.315937042236328,0.00217223271533948,1
gemm,bf16,warm,512,8192,8192,0,150994944,68719476736,150994944,5,61,0.31582635641098,0.00217223271533948,1
gemm,bf16,warm,512,8192,8192,0,150994944,68719476736,150994944,6,61,0.315693110227585,0.00217223271533948,1
gemm,bf16,warm,1024,8192,8192,0,167772160,137438953472,167772160,0,37,0.523566663265228,0.00213313672755303,1
gemm,bf16,warm,1024,8192,8192,0,167772160,137438953472,167772160,1,37,0.523554563522339,0.00213313672755303,1
gemm,bf16,warm,1024,8192,8192,0,167772160,137438953472,167772160,2,37,0.523630738258362,0.00213313672755303,1
gemm,bf16,warm,1024,8192,8192,0,167772160,137438953472,167772160,3,37,0.52366703748703,0.00213313672755303,1
gemm,bf16,warm,1024,8192,8192,0,167772160,137438953472,167772160,4,37,0.523576200008392,0.00213313672755303,1
gemm,bf16,warm,1024,8192,8192,0,167772160,137438953472,167772160,5,37,0.523652315139771,0.00213313672755303,1
gemm,bf16,warm,1024,8192,8192,0,167772160,137438953472,167772160,6,37,0.523513972759247,0.00213313672755303,1
gemm,bf16,warm,2048,8192,8192,0,201326592,274877906944,201326592,0,20,0.976031959056854,0.00169340637723078,1
gemm,bf16,warm,2048,8192,8192,0,201326592,274877906944,201326592,1,20,0.976139187812805,0.00169340637723078,1
gemm,bf16,warm,2048,8192,8192,0,201326592,274877906944,201326592,2,20,0.97613114118576,0.00169340637723078,1
gemm,bf16,warm,2048,8192,8192,0,201326592,274877906944,201326592,3,20,0.976222395896912,0.00169340637723078,1
gemm,bf16,warm,2048,8192,8192,0,201326592,274877906944,201326592,4,20,0.976028800010681,0.00169340637723078,1
gemm,bf16,warm,2048,8192,8192,0,201326592,274877906944,201326592,5,20,0.975987255573273,0.00169340637723078,1
gemm,bf16,warm,2048,8192,8192,0,201326592,274877906944,201326592,6,20,0.975953578948975,0.00169340637723078,1
gemm,tf32,warm,256,256,256,0,786432,33554432,786432,0,200,0.00920207984745502,0,1
gemm,tf32,warm,256,256,256,0,786432,33554432,786432,1,200,0.00920831970870495,0,1
gemm,tf32,warm,256,256,256,0,786432,33554432,786432,2,200,0.00918287970125675,0,1
gemm,tf32,warm,256,256,256,0,786432,33554432,786432,3,200,0.00919536035507917,0,1
gemm,tf32,warm,256,256,256,0,786432,33554432,786432,4,200,0.00919567979872227,0,1
gemm,tf32,warm,256,256,256,0,786432,33554432,786432,5,200,0.00919615942984819,0,1
gemm,tf32,warm,256,256,256,0,786432,33554432,786432,6,200,0.00919343996793032,0,1
gemm,tf32,cold,256,256,256,0,786432,33554432,786432,0,1,0.016160000115633,0,1
gemm,tf32,cold,256,256,256,0,786432,33554432,786432,1,1,0.0151680000126362,0,1
gemm,tf32,cold,256,256,256,0,786432,33554432,786432,2,1,0.0150079997256398,0,1
gemm,tf32,cold,256,256,256,0,786432,33554432,786432,3,1,0.0145920002833009,0,1
gemm,tf32,cold,256,256,256,0,786432,33554432,786432,4,1,0.0154560003429651,0,1
gemm,tf32,cold,256,256,256,0,786432,33554432,786432,5,1,0.0145600000396371,0,1
gemm,tf32,cold,256,256,256,0,786432,33554432,786432,6,1,0.0143680004402995,0,1
gemm,tf32,warm,512,512,512,0,3145728,268435456,3145728,0,200,0.0105009600520134,0,1
gemm,tf32,warm,512,512,512,0,3145728,268435456,3145728,1,200,0.010499999858439,0,1
gemm,tf32,warm,512,512,512,0,3145728,268435456,3145728,2,200,0.0105038406327367,0,1
gemm,tf32,warm,512,512,512,0,3145728,268435456,3145728,3,200,0.0104974396526814,0,1
gemm,tf32,warm,512,512,512,0,3145728,268435456,3145728,4,200,0.0105051193386316,0,1
gemm,tf32,warm,512,512,512,0,3145728,268435456,3145728,5,200,0.0105129601433873,0,1
gemm,tf32,warm,512,512,512,0,3145728,268435456,3145728,6,200,0.0105044795200229,0,1
gemm,tf32,cold,512,512,512,0,3145728,268435456,3145728,0,1,0.0157760009169579,0,1
gemm,tf32,cold,512,512,512,0,3145728,268435456,3145728,1,1,0.0155840003862977,0,1
gemm,tf32,cold,512,512,512,0,3145728,268435456,3145728,2,1,0.0162240006029606,0,1
gemm,tf32,cold,512,512,512,0,3145728,268435456,3145728,3,1,0.0155840003862977,0,1
gemm,tf32,cold,512,512,512,0,3145728,268435456,3145728,4,1,0.0152319995686412,0,1
gemm,tf32,cold,512,512,512,0,3145728,268435456,3145728,5,1,0.0152960000559688,0,1
gemm,tf32,cold,512,512,512,0,3145728,268435456,3145728,6,1,0.0154879996553063,0,1
gemm,tf32,warm,1024,1024,1024,0,12582912,2147483648,12582912,0,200,0.0314534418284893,0,1
gemm,tf32,warm,1024,1024,1024,0,12582912,2147483648,12582912,1,200,0.0314574390649796,0,1
gemm,tf32,warm,1024,1024,1024,0,12582912,2147483648,12582912,2,200,0.0314601585268974,0,1
gemm,tf32,warm,1024,1024,1024,0,12582912,2147483648,12582912,3,200,0.0314417593181133,0,1
gemm,tf32,warm,1024,1024,1024,0,12582912,2147483648,12582912,4,200,0.0314671993255615,0,1
gemm,tf32,warm,1024,1024,1024,0,12582912,2147483648,12582912,5,200,0.0314571186900139,0,1
gemm,tf32,warm,1024,1024,1024,0,12582912,2147483648,12582912,6,200,0.0314526408910751,0,1
gemm,tf32,cold,1024,1024,1024,0,12582912,2147483648,12582912,0,1,0.0366399995982647,0,1
gemm,tf32,cold,1024,1024,1024,0,12582912,2147483648,12582912,1,1,0.037151999771595,0,1
gemm,tf32,cold,1024,1024,1024,0,12582912,2147483648,12582912,2,1,0.0363520011305809,0,1
gemm,tf32,cold,1024,1024,1024,0,12582912,2147483648,12582912,3,1,0.0363520011305809,0,1
gemm,tf32,cold,1024,1024,1024,0,12582912,2147483648,12582912,4,1,0.0363840013742447,0,1
gemm,tf32,cold,1024,1024,1024,0,12582912,2147483648,12582912,5,1,0.0362240001559258,0,1
gemm,tf32,cold,1024,1024,1024,0,12582912,2147483648,12582912,6,1,0.0363840013742447,0,1
gemm,tf32,warm,2048,2048,2048,0,50331648,17179869184,50331648,0,116,0.168490752577782,0,1
gemm,tf32,warm,2048,2048,2048,0,50331648,17179869184,50331648,1,116,0.167745649814606,0,1
gemm,tf32,warm,2048,2048,2048,0,50331648,17179869184,50331648,2,116,0.167265921831131,0,1
gemm,tf32,warm,2048,2048,2048,0,50331648,17179869184,50331648,3,116,0.167274475097656,0,1
gemm,tf32,warm,2048,2048,2048,0,50331648,17179869184,50331648,4,116,0.16729848086834,0,1
gemm,tf32,warm,2048,2048,2048,0,50331648,17179869184,50331648,5,116,0.167259857058525,0,1
gemm,tf32,warm,2048,2048,2048,0,50331648,17179869184,50331648,6,116,0.16769240796566,0,1
gemm,tf32,cold,2048,2048,2048,0,50331648,17179869184,50331648,0,1,0.172255992889404,0,1
gemm,tf32,cold,2048,2048,2048,0,50331648,17179869184,50331648,1,1,0.1718720048666,0,1
gemm,tf32,cold,2048,2048,2048,0,50331648,17179869184,50331648,2,1,0.17263999581337,0,1
gemm,tf32,cold,2048,2048,2048,0,50331648,17179869184,50331648,3,1,0.172831997275352,0,1
gemm,tf32,cold,2048,2048,2048,0,50331648,17179869184,50331648,4,1,0.171903997659683,0,1
gemm,tf32,cold,2048,2048,2048,0,50331648,17179869184,50331648,5,1,0.17212800681591,0,1
gemm,tf32,cold,2048,2048,2048,0,50331648,17179869184,50331648,6,1,0.171775996685028,0,1
gemm,tf32,warm,4096,4096,4096,0,201326592,137438953472,201326592,0,19,1.00558316707611,0,1
gemm,tf32,warm,4096,4096,4096,0,201326592,137438953472,201326592,1,19,1.00563538074493,0,1
gemm,tf32,warm,4096,4096,4096,0,201326592,137438953472,201326592,2,19,1.00552761554718,0,1
gemm,tf32,warm,4096,4096,4096,0,201326592,137438953472,201326592,3,19,1.00553607940674,0,1
gemm,tf32,warm,4096,4096,4096,0,201326592,137438953472,201326592,4,19,1.00559496879578,0,1
gemm,tf32,warm,4096,4096,4096,0,201326592,137438953472,201326592,5,19,1.00554609298706,0,1
gemm,tf32,warm,4096,4096,4096,0,201326592,137438953472,201326592,6,19,1.00563871860504,0,1
gemm,tf32,warm,8192,8192,8192,0,805306368,1099511627776,805306368,0,2,7.45918416976929,0,1
gemm,tf32,warm,8192,8192,8192,0,805306368,1099511627776,805306368,1,2,7.45841598510742,0,1
gemm,tf32,warm,8192,8192,8192,0,805306368,1099511627776,805306368,2,2,7.45721578598022,0,1
gemm,tf32,warm,8192,8192,8192,0,805306368,1099511627776,805306368,3,2,7.45707178115845,0,1
gemm,tf32,warm,8192,8192,8192,0,805306368,1099511627776,805306368,4,2,7.45758390426636,0,1
gemm,tf32,warm,8192,8192,8192,0,805306368,1099511627776,805306368,5,2,7.46278381347656,0,1
gemm,tf32,warm,8192,8192,8192,0,805306368,1099511627776,805306368,6,2,7.45689582824707,0,1
gemm,tf32,warm,1,8192,8192,0,268500992,134217728,268500992,0,114,0.17059201002121,0,1
gemm,tf32,warm,1,8192,8192,0,268500992,134217728,268500992,1,114,0.159589901566505,0,1
gemm,tf32,warm,1,8192,8192,0,268500992,134217728,268500992,2,114,0.159406885504723,0,1
gemm,tf32,warm,1,8192,8192,0,268500992,134217728,268500992,3,114,0.159169688820839,0,1
gemm,tf32,warm,1,8192,8192,0,268500992,134217728,268500992,4,114,0.159355223178864,0,1
gemm,tf32,warm,1,8192,8192,0,268500992,134217728,268500992,5,114,0.159420058131218,0,1
gemm,tf32,warm,1,8192,8192,0,268500992,134217728,268500992,6,114,0.159415289759636,0,1
gemm,tf32,warm,2,8192,8192,0,268566528,268435456,268566528,0,83,0.214211866259575,0,1
gemm,tf32,warm,2,8192,8192,0,268566528,268435456,268566528,1,83,0.207346886396408,0,1
gemm,tf32,warm,2,8192,8192,0,268566528,268435456,268566528,2,83,0.207593634724617,0,1
gemm,tf32,warm,2,8192,8192,0,268566528,268435456,268566528,3,83,0.207767903804779,0,1
gemm,tf32,warm,2,8192,8192,0,268566528,268435456,268566528,4,83,0.207582086324692,0,1
gemm,tf32,warm,2,8192,8192,0,268566528,268435456,268566528,5,83,0.207769051194191,0,1
gemm,tf32,warm,2,8192,8192,0,268566528,268435456,268566528,6,83,0.207336857914925,0,1
gemm,tf32,warm,4,8192,8192,0,268697600,536870912,268697600,0,100,0.179378241300583,0,1
gemm,tf32,warm,4,8192,8192,0,268697600,536870912,268697600,1,100,0.174177914857864,0,1
gemm,tf32,warm,4,8192,8192,0,268697600,536870912,268697600,2,100,0.174165770411491,0,1
gemm,tf32,warm,4,8192,8192,0,268697600,536870912,268697600,3,100,0.174119353294373,0,1
gemm,tf32,warm,4,8192,8192,0,268697600,536870912,268697600,4,100,0.174895361065865,0,1
gemm,tf32,warm,4,8192,8192,0,268697600,536870912,268697600,5,100,0.17425312101841,0,1
gemm,tf32,warm,4,8192,8192,0,268697600,536870912,268697600,6,100,0.174233287572861,0,1
gemm,tf32,warm,8,8192,8192,0,268959744,1073741824,268959744,0,97,0.183927416801453,0,1
gemm,tf32,warm,8,8192,8192,0,268959744,1073741824,268959744,1,97,0.17874276638031,0,1
gemm,tf32,warm,8,8192,8192,0,268959744,1073741824,268959744,2,97,0.178986221551895,0,1
gemm,tf32,warm,8,8192,8192,0,268959744,1073741824,268959744,3,97,0.17888331413269,0,1
gemm,tf32,warm,8,8192,8192,0,268959744,1073741824,268959744,4,97,0.1793342679739,0,1
gemm,tf32,warm,8,8192,8192,0,268959744,1073741824,268959744,5,97,0.178907379508018,0,1
gemm,tf32,warm,8,8192,8192,0,268959744,1073741824,268959744,6,97,0.178781345486641,0,1
gemm,tf32,warm,16,8192,8192,0,269484032,2147483648,269484032,0,100,0.183707192540169,0,1
gemm,tf32,warm,16,8192,8192,0,269484032,2147483648,269484032,1,100,0.179044470191002,0,1
gemm,tf32,warm,16,8192,8192,0,269484032,2147483648,269484032,2,100,0.1791612803936,0,1
gemm,tf32,warm,16,8192,8192,0,269484032,2147483648,269484032,3,100,0.180114552378654,0,1
gemm,tf32,warm,16,8192,8192,0,269484032,2147483648,269484032,4,100,0.179003521800041,0,1
gemm,tf32,warm,16,8192,8192,0,269484032,2147483648,269484032,5,100,0.179109767079353,0,1
gemm,tf32,warm,16,8192,8192,0,269484032,2147483648,269484032,6,100,0.179122567176819,0,1
gemm,tf32,warm,32,8192,8192,0,270532608,4294967296,270532608,0,95,0.190567746758461,0,1
gemm,tf32,warm,32,8192,8192,0,270532608,4294967296,270532608,1,95,0.186943992972374,0,1
gemm,tf32,warm,32,8192,8192,0,270532608,4294967296,270532608,2,95,0.186074614524841,0,1
gemm,tf32,warm,32,8192,8192,0,270532608,4294967296,270532608,3,95,0.185782223939896,0,1
gemm,tf32,warm,32,8192,8192,0,270532608,4294967296,270532608,4,95,0.185591906309128,0,1
gemm,tf32,warm,32,8192,8192,0,270532608,4294967296,270532608,5,95,0.185687229037285,0,1
gemm,tf32,warm,32,8192,8192,0,270532608,4294967296,270532608,6,95,0.185602694749832,0,1
gemm,tf32,warm,64,8192,8192,0,272629760,8589934592,272629760,0,93,0.193078026175499,0,1
gemm,tf32,warm,64,8192,8192,0,272629760,8589934592,272629760,1,93,0.186670452356339,0,1
gemm,tf32,warm,64,8192,8192,0,272629760,8589934592,272629760,2,93,0.186725839972496,0,1
gemm,tf32,warm,64,8192,8192,0,272629760,8589934592,272629760,3,93,0.186675265431404,0,1
gemm,tf32,warm,64,8192,8192,0,272629760,8589934592,272629760,4,93,0.187202766537666,0,1
gemm,tf32,warm,64,8192,8192,0,272629760,8589934592,272629760,5,93,0.186714828014374,0,1
gemm,tf32,warm,64,8192,8192,0,272629760,8589934592,272629760,6,93,0.186715871095657,0,1
gemm,tf32,warm,128,8192,8192,0,276824064,17179869184,276824064,0,85,0.211329877376556,0,1
gemm,tf32,warm,128,8192,8192,0,276824064,17179869184,276824064,1,85,0.205433234572411,0,1
gemm,tf32,warm,128,8192,8192,0,276824064,17179869184,276824064,2,85,0.205530345439911,0,1
gemm,tf32,warm,128,8192,8192,0,276824064,17179869184,276824064,3,85,0.206142872571945,0,1
gemm,tf32,warm,128,8192,8192,0,276824064,17179869184,276824064,4,85,0.205027014017105,0,1
gemm,tf32,warm,128,8192,8192,0,276824064,17179869184,276824064,5,85,0.205567240715027,0,1
gemm,tf32,warm,128,8192,8192,0,276824064,17179869184,276824064,6,85,0.207846790552139,0,1
gemm,tf32,warm,256,8192,8192,0,285212672,34359738368,285212672,0,68,0.285189181566238,0,1
gemm,tf32,warm,256,8192,8192,0,285212672,34359738368,285212672,1,68,0.285153418779373,0,1
gemm,tf32,warm,256,8192,8192,0,285212672,34359738368,285212672,2,68,0.284417390823364,0,1
gemm,tf32,warm,256,8192,8192,0,285212672,34359738368,285212672,3,68,0.28583812713623,0,1
gemm,tf32,warm,256,8192,8192,0,285212672,34359738368,285212672,4,68,0.284442335367203,0,1
gemm,tf32,warm,256,8192,8192,0,285212672,34359738368,285212672,5,68,0.286994338035583,0,1
gemm,tf32,warm,256,8192,8192,0,285212672,34359738368,285212672,6,68,0.284308224916458,0,1
gemm,tf32,warm,512,8192,8192,0,301989888,68719476736,301989888,0,35,0.562964141368866,0,1
gemm,tf32,warm,512,8192,8192,0,301989888,68719476736,301989888,1,35,0.562799572944641,0,1
gemm,tf32,warm,512,8192,8192,0,301989888,68719476736,301989888,2,35,0.562742829322815,0,1
gemm,tf32,warm,512,8192,8192,0,301989888,68719476736,301989888,3,35,0.562771201133728,0,1
gemm,tf32,warm,512,8192,8192,0,301989888,68719476736,301989888,4,35,0.562763869762421,0,1
gemm,tf32,warm,512,8192,8192,0,301989888,68719476736,301989888,5,35,0.562477707862854,0,1
gemm,tf32,warm,512,8192,8192,0,301989888,68719476736,301989888,6,35,0.562411904335022,0,1
gemm,tf32,warm,1024,8192,8192,0,335544320,137438953472,335544320,0,17,1.10904848575592,0,1
gemm,tf32,warm,1024,8192,8192,0,335544320,137438953472,335544320,1,17,1.109246134758,0,1
gemm,tf32,warm,1024,8192,8192,0,335544320,137438953472,335544320,2,17,1.10934019088745,0,1
gemm,tf32,warm,1024,8192,8192,0,335544320,137438953472,335544320,3,17,1.10935521125793,0,1
gemm,tf32,warm,1024,8192,8192,0,335544320,137438953472,335544320,4,17,1.10915768146515,0,1
gemm,tf32,warm,1024,8192,8192,0,335544320,137438953472,335544320,5,17,1.10948896408081,0,1
gemm,tf32,warm,1024,8192,8192,0,335544320,137438953472,335544320,6,17,1.10926306247711,0,1
gemm,tf32,warm,2048,8192,8192,0,402653184,274877906944,402653184,0,10,1.96776640415192,0,1
gemm,tf32,warm,2048,8192,8192,0,402653184,274877906944,402653184,1,10,1.96768641471863,0,1
gemm,tf32,warm,2048,8192,8192,0,402653184,274877906944,402653184,2,10,1.96776640415192,0,1
gemm,tf32,warm,2048,8192,8192,0,402653184,274877906944,402653184,3,10,1.96760964393616,0,1
gemm,tf32,warm,2048,8192,8192,0,402653184,274877906944,402653184,4,10,1.96763837337494,0,1
gemm,tf32,warm,2048,8192,8192,0,402653184,274877906944,402653184,5,10,1.96756148338318,0,1
gemm,tf32,warm,2048,8192,8192,0,402653184,274877906944,402653184,6,10,1.96771836280823,0,1
