batch,prompt_length,repeat,step,gpu_decode_ms,wall_decode_ms
1,128,0,1,11.987168312072754,12.015542946755886
1,128,0,2,12.05123233795166,12.078624218702316
1,128,0,3,11.950559616088867,11.97959017008543
1,128,0,4,11.856063842773438,11.883523780852556
1,128,0,5,11.879424095153809,11.907283682376146
1,128,0,6,11.874655723571777,11.903802864253521
1,128,0,7,11.838624000549316,11.866336222738028
1,128,0,8,11.979743957519531,12.007853016257286
1,128,0,9,11.970239639282227,11.997506953775883
1,128,0,10,11.964672088623047,11.993047315627337
1,128,0,11,11.933088302612305,11.960226111114025
1,128,0,12,11.933728218078613,11.962082237005234
1,128,0,13,12.930656433105469,12.959519866853952
1,128,0,14,12.28713607788086,12.317907065153122
1,128,0,15,11.982879638671875,12.011607177555561
1,128,0,16,11.95571231842041,11.984047014266253
1,128,0,17,12.042976379394531,12.071450240910053
1,128,0,18,20.617984771728516,20.650419872254133
1,128,0,19,17.46188735961914,17.501530703157187
1,128,0,20,12.681983947753906,12.713175732642412
1,128,0,21,11.996928215026855,12.02655304223299
1,128,0,22,12.121631622314453,12.149717193096876
1,128,0,23,11.99392032623291,12.022674083709717
1,128,0,24,12.032608032226562,12.06048484891653
1,128,0,25,11.921695709228516,11.94877689704299
1,128,0,26,12.00153636932373,12.030110694468021
1,128,0,27,12.05673599243164,12.084448244422674
1,128,0,28,12.070079803466797,12.102790176868439
1,128,0,29,12.120832443237305,12.149929068982601
1,128,0,30,12.011967658996582,12.041477020829916
1,128,0,31,12.077856063842773,12.106894049793482
1,128,0,32,13.452927589416504,13.484442606568336
1,128,0,33,15.683808326721191,15.720145776867867
1,128,0,34,20.48204803466797,20.532592199742794
1,128,0,35,13.022656440734863,13.05387169122696
1,128,0,36,12.057087898254395,12.085511814802885
1,128,0,37,11.96003246307373,11.988929007202387
1,128,0,38,12.111007690429688,12.139394879341125
1,128,0,39,11.983391761779785,12.011820916086435
1,128,0,40,12.115391731262207,12.144559994339943
1,128,0,41,12.167360305786133,12.19599274918437
1,128,0,42,12.132479667663574,12.161307968199253
1,128,0,43,12.140031814575195,12.16918509453535
1,128,0,44,12.022303581237793,12.050759047269821
1,128,0,45,12.183615684509277,12.221136130392551
1,128,0,46,12.004960060119629,12.034077662974596
1,128,0,47,12.095040321350098,12.124779168516397
1,128,0,48,12.163935661315918,12.192691210657358
1,128,0,49,12.158432006835938,12.186991982161999
1,128,0,50,12.275008201599121,12.303775176405907
1,128,0,51,12.094112396240234,12.122409883886576
1,128,0,52,12.201184272766113,12.229576706886292
1,128,0,53,12.121664047241211,12.151907198131084
1,128,0,54,12.138400077819824,12.167321983724833
1,128,0,55,12.21337604522705,12.242469936609268
1,128,0,56,12.095647811889648,12.125639244914055
1,128,0,57,12.124128341674805,12.152906972914934
1,128,0,58,12.084192276000977,12.11246382445097
1,128,0,59,12.167072296142578,12.19603605568409
1,128,0,60,12.178720474243164,12.208648957312107
1,128,0,61,12.040448188781738,12.071012053638697
1,128,0,62,12.033087730407715,12.062090914696455
1,128,0,63,12.241120338439941,12.270132079720497
1,128,1,1,12.10204792022705,12.129731010645628
1,128,1,2,12.06380844116211,12.093074154108763
1,128,1,3,12.053088188171387,12.080340180546045
1,128,1,4,11.921728134155273,11.949676088988781
1,128,1,5,12.041695594787598,12.0706120505929
1,128,1,6,11.938272476196289,11.966755148023367
1,128,1,7,11.966496467590332,11.993816122412682
1,128,1,8,11.947327613830566,11.97461411356926
1,128,1,9,12.00972843170166,12.037844862788916
1,128,1,10,12.040287971496582,12.068304233253002
1,128,1,11,11.932576179504395,11.96067500859499
1,128,1,12,11.98969554901123,12.018606066703796
1,128,1,13,11.947872161865234,11.976052075624466
1,128,1,14,12.083807945251465,12.11272133514285
1,128,1,15,11.930591583251953,11.964370030909777
1,128,1,16,12.021056175231934,12.056360952556133
1,128,1,17,11.964096069335938,11.99226500466466
1,128,1,18,11.916735649108887,11.94393029436469
1,128,1,19,12.027775764465332,12.05660542473197
1,128,1,20,11.923808097839355,11.952702887356281
1,128,1,21,11.956000328063965,11.984668672084808
1,128,1,22,11.985440254211426,12.014565989375114
1,128,1,23,11.82975959777832,11.85879623517394
1,128,1,24,11.89078426361084,11.918653268367052
1,128,1,25,11.820927619934082,11.84885110706091
1,128,1,26,11.882111549377441,11.909112799912691
1,128,1,27,11.909791946411133,11.937462259083986
1,128,1,28,11.887328147888184,11.913185939192772
1,128,1,29,11.859231948852539,11.885934043675661
1,128,1,30,11.877375602722168,11.90531998872757
1,128,1,31,11.810272216796875,11.839868035167456
1,128,1,32,12.02940845489502,12.061164248734713
1,128,1,33,11.853343963623047,11.880605015903711
1,128,1,34,11.945952415466309,11.973768007010221
1,128,1,35,11.9967679977417,12.024208903312683
1,128,1,36,11.942303657531738,11.96941314265132
1,128,1,37,11.879424095153809,11.90675189718604
1,128,1,38,11.878623962402344,11.905830353498459
1,128,1,39,11.815711975097656,11.843909043818712
1,128,1,40,11.762304306030273,11.789037846028805
1,128,1,41,11.786975860595703,11.815038975328207
1,128,1,42,11.956159591674805,11.984207667410374
1,128,1,43,11.891551971435547,11.918761301785707
1,128,1,44,11.986751556396484,12.015403248369694
1,128,1,45,11.857919692993164,11.88504509627819
1,128,1,46,12.005855560302734,12.032806873321533
1,128,1,47,11.87548828125,11.91085996106267
1,128,1,48,11.864224433898926,11.891230940818787
1,128,1,49,11.908448219299316,11.935664806514978
1,128,1,50,11.868576049804688,11.89516019076109
1,128,1,51,11.801919937133789,11.829799972474575
1,128,1,52,11.809120178222656,11.836727149784565
1,128,1,53,11.796735763549805,11.824654880911112
1,128,1,54,11.860639572143555,11.887199711054564
1,128,1,55,11.911711692810059,11.940535623580217
1,128,1,56,11.852224349975586,11.880788952112198
1,128,1,57,11.92131233215332,11.948073282837868
1,128,1,58,12.049152374267578,12.077637016773224
1,128,1,59,11.994912147521973,12.022978160530329
1,128,1,60,11.978943824768066,12.006751727312803
1,128,1,61,11.965248107910156,11.993808206170797
1,128,1,62,11.96678352355957,11.994622182101011
1,128,1,63,11.998623847961426,12.0266517624259
1,128,2,1,12.127296447753906,12.156255077570677
1,128,2,2,12.059488296508789,12.087127193808556
1,128,2,3,12.856160163879395,12.886274140328169
1,128,2,4,12.135583877563477,12.163258157670498
1,128,2,5,12.0066556930542,12.0354020036757
1,128,2,6,11.989407539367676,12.018719222396612
1,128,2,7,12.285056114196777,12.314209248870611
1,128,2,8,11.972831726074219,12.003730982542038
1,128,2,9,11.963264465332031,11.992607731372118
1,128,2,10,11.93068790435791,11.95854740217328
1,128,2,11,11.92527961730957,11.95219112560153
1,128,2,12,11.957792282104492,11.986019089818
1,128,2,13,11.935935974121094,11.964488308876753
1,128,2,14,11.963680267333984,11.991817969828844
1,128,2,15,11.858624458312988,11.886367108672857
1,128,2,16,12.114912033081055,12.144801206886768
1,128,2,17,12.07158374786377,12.099070008844137
1,128,2,18,11.936800003051758,11.965380050241947
1,128,2,19,12.043744087219238,12.073192745447159
1,128,2,20,12.012255668640137,12.039985042065382
1,128,2,21,12.007904052734375,12.035900726914406
1,128,2,22,12.109439849853516,12.137400917708874
1,128,2,23,12.029376029968262,12.057467829436064
1,128,2,24,11.944448471069336,11.98136992752552
1,128,2,25,11.996800422668457,12.0256501249969
1,128,2,26,12.065792083740234,12.09433889016509
1,128,2,27,12.03264045715332,12.061506975442171
1,128,2,28,12.17859172821045,12.20753788948059
1,128,2,29,12.070560455322266,12.099661864340305
1,128,2,30,12.037247657775879,12.06491282209754
1,128,2,31,12.114399909973145,12.143553234636784
1,128,2,32,12.180352210998535,12.213778216391802
1,128,2,33,11.99120044708252,12.021735776215792
1,128,2,34,12.007264137268066,12.035568710416555
1,128,2,35,12.006943702697754,12.035506311804056
1,128,2,36,12.065471649169922,12.094707693904638
1,128,2,37,11.945088386535645,11.974012944847345
1,128,2,38,12.126336097717285,12.153571005910635
1,128,2,39,11.933952331542969,11.961124837398529
1,128,2,40,11.94428825378418,11.973765213042498
1,128,2,41,12.020992279052734,12.050924357026815
1,128,2,42,12.054240226745605,12.082822155207396
1,128,2,43,12.110688209533691,12.14485988020897
1,128,2,44,12.036319732666016,12.064289767295122
1,128,2,45,12.039392471313477,12.065785005688667
1,128,2,46,12.126303672790527,12.153933756053448
1,128,2,47,11.959424018859863,11.987097095698118
1,128,2,48,12.077631950378418,12.107014190405607
1,128,2,49,12.183967590332031,12.214944697916508
1,128,2,50,12.229599952697754,12.259398121386766
1,128,2,51,12.091936111450195,12.120409868657589
1,128,2,52,12.061023712158203,12.089351192116737
1,128,2,53,12.08080005645752,12.109870091080666
1,128,2,54,12.225600242614746,12.252586428076029
1,128,2,55,12.036383628845215,12.07277923822403
1,128,2,56,11.949664115905762,11.979049071669579
1,128,2,57,12.008928298950195,12.039525900036097
1,128,2,58,12.023263931274414,12.052495032548904
1,128,2,59,12.042495727539062,12.071950826793909
1,128,2,60,11.961440086364746,11.989159975200891
1,128,2,61,11.98528003692627,12.013659346848726
1,128,2,62,11.916704177856445,11.944885365664959
1,128,2,63,11.928959846496582,11.958195827901363
1,128,3,1,12.072928428649902,12.101272121071815
1,128,3,2,12.041248321533203,12.070533819496632
1,128,3,3,12.058367729187012,12.088539078831673
1,128,3,4,12.052639961242676,12.081955093890429
1,128,3,5,11.940863609313965,11.97005994617939
1,128,3,6,11.993375778198242,12.021330185234547
1,128,3,7,12.004608154296875,12.032038997858763
1,128,3,8,11.986623764038086,12.014504987746477
1,128,3,9,12.120160102844238,12.14859215542674
1,128,3,10,11.979167938232422,12.010423932224512
1,128,3,11,11.927807807922363,11.955494992434978
1,128,3,12,12.134464263916016,12.163656763732433
1,128,3,13,12.071807861328125,12.100771069526672
1,128,3,14,12.074496269226074,12.102338019758463
1,128,3,15,11.94320011138916,11.970248073339462
1,128,3,16,12.09558391571045,12.124152388423681
1,128,3,17,12.251839637756348,12.280686758458614
1,128,3,18,12.15401554107666,12.185444124042988
1,128,3,19,12.029727935791016,12.061025016009808
1,128,3,20,11.948063850402832,11.977197136729956
1,128,3,21,12.484383583068848,12.512650340795517
1,128,3,22,11.946720123291016,11.97382528334856
1,128,3,23,11.92841625213623,11.956671252846718
1,128,3,24,12.017279624938965,12.045683804899454
1,128,3,25,11.981951713562012,12.010989710688591
1,128,3,26,11.971263885498047,12.00081454589963
1,128,3,27,11.944831848144531,11.973605956882238
1,128,3,28,12.068127632141113,12.09663925692439
1,128,3,29,11.992256164550781,12.021303176879883
1,128,3,30,11.969823837280273,11.999533977359533
1,128,3,31,11.937536239624023,11.966056190431118
1,128,3,32,11.993663787841797,12.023677118122578
1,128,3,33,11.949248313903809,11.978429276496172
1,128,3,34,11.962752342224121,11.9904731400311
1,128,3,35,11.990303993225098,12.020611204206944
1,128,3,36,11.884320259094238,11.91223505884409
1,128,3,37,11.830207824707031,11.859206948429346
1,128,3,38,12.043999671936035,12.073418125510216
1,128,3,39,11.98691177368164,12.015495914965868
1,128,3,40,12.011167526245117,12.03990401700139
1,128,3,41,12.072863578796387,12.101182714104652
1,128,3,42,11.998751640319824,12.027150951325893
1,128,3,43,11.855456352233887,11.885076761245728
1,128,3,44,11.950495719909668,11.977805756032467
1,128,3,45,11.916543960571289,11.945914942771196
1,128,3,46,12.001152038574219,12.029255274683237
1,128,3,47,11.983807563781738,12.012783903628588
1,128,3,48,11.894720077514648,11.922782752662897
1,128,3,49,11.984736442565918,12.013442814350128
1,128,3,50,11.935839653015137,11.963529046624899
1,128,3,51,11.905823707580566,11.935913935303688
1,128,3,52,11.91260814666748,11.94033119827509
1,128,3,53,11.92137622833252,11.949524749070406
1,128,3,54,11.975680351257324,12.003871146589518
1,128,3,55,12.041376113891602,12.068789917975664
1,128,3,56,12.019200325012207,12.047541793435812
1,128,3,57,12.087295532226562,12.11426593363285
1,128,3,58,12.07151985168457,12.101268395781517
1,128,3,59,11.964192390441895,11.991716921329498
1,128,3,60,11.977888107299805,12.007568031549454
1,128,3,61,11.901599884033203,11.929981876164675
1,128,3,62,11.947551727294922,11.975456029176712
1,128,3,63,11.939935684204102,11.967916041612625
1,128,4,1,12.12940788269043,12.158102355897427
1,128,4,2,12.121024131774902,12.149577029049397
1,128,4,3,13.148415565490723,13.17673921585083
1,128,4,4,12.069600105285645,12.100306805223227
1,128,4,5,11.94438362121582,11.971764732152224
1,128,4,6,11.945023536682129,11.973802000284195
1,128,4,7,11.983200073242188,12.00990891084075
1,128,4,8,23.112863540649414,23.143126163631678
1,128,4,9,14.477824211120605,14.517882838845253
1,128,4,10,12.057920455932617,12.087744660675526
1,128,4,11,11.925760269165039,11.955718044191599
1,128,4,12,11.922783851623535,11.952022090554237
1,128,4,13,11.961248397827148,11.989559046924114
1,128,4,14,11.97920036315918,12.0059410110116
1,128,4,15,11.943455696105957,11.972162872552872
1,128,4,16,12.072192192077637,12.10093917325139
1,128,4,17,12.02188777923584,12.050419114530087
1,128,4,18,11.941568374633789,11.969444807618856
1,128,4,19,12.15004825592041,12.178753968328238
1,128,4,20,11.98572826385498,12.012785766273737
1,128,4,21,11.963295936584473,11.992801912128925
1,128,4,22,12.16988754272461,12.198634911328554
1,128,4,23,11.989631652832031,12.018693145364523
1,128,4,24,12.026047706604004,12.056119740009308
1,128,4,25,12.021056175231934,12.048652861267328
1,128,4,26,11.946111679077148,11.974997818470001
1,128,4,27,12.02518367767334,12.05413369461894
1,128,4,28,11.992159843444824,12.020901311188936
1,128,4,29,12.063712120056152,12.090178672224283
1,128,4,30,12.006624221801758,12.035286985337734
1,128,4,31,11.96713638305664,11.996328830718994
1,128,4,32,11.985759735107422,12.013420928269625
1,128,4,33,11.869024276733398,11.895897798240185
1,128,4,34,11.860575675964355,11.886294931173325
1,128,4,35,12.058688163757324,12.08602823317051
1,128,4,36,11.874015808105469,11.90221682190895
1,128,4,37,11.733920097351074,11.760041117668152
1,128,4,38,11.834976196289062,11.862433981150389
1,128,4,39,11.866175651550293,11.895421892404556
1,128,4,40,12.007040023803711,12.03587418422103
1,128,4,41,11.999744415283203,12.028738856315613
1,128,4,42,12.022368431091309,12.051457073539495
1,128,4,43,12.053215980529785,12.080903630703688
1,128,4,44,12.069855690002441,12.098716106265783
1,128,4,45,11.94918441772461,11.975895147770643
1,128,4,46,11.92630386352539,11.952755972743034
1,128,4,47,11.8920316696167,11.918731965124607
1,128,4,48,11.84598445892334,11.872953735291958
1,128,4,49,11.940352439880371,11.969089973717928
1,128,4,50,11.998111724853516,12.027913238853216
1,128,4,51,12.072832107543945,12.099734973162413
1,128,4,52,11.963808059692383,11.991979088634253
1,128,4,53,11.9170560836792,11.946149170398712
1,128,4,54,12.082143783569336,12.110307812690735
1,128,4,55,12.035807609558105,12.063211295753717
1,128,4,56,11.989055633544922,12.016841676086187
1,128,4,57,12.020447731018066,12.048161122947931
1,128,4,58,11.943615913391113,11.972135864198208
1,128,4,59,11.969759941101074,11.998625006526709
1,128,4,60,11.976032257080078,12.004234362393618
1,128,4,61,12.005023956298828,12.035467196255922
1,128,4,62,11.916383743286133,11.94412400946021
1,128,4,63,12.0513277053833,12.080174870789051
1,128,5,1,11.954048156738281,11.98194408789277
1,128,5,2,11.971487998962402,12.000600341707468
1,128,5,3,11.910847663879395,11.938641779124737
1,128,5,4,11.965888023376465,11.995016597211361
1,128,5,5,11.898079872131348,11.92818209528923
1,128,5,6,11.928863525390625,11.957326903939247
1,128,5,7,12.133279800415039,12.16215780004859
1,128,5,8,11.976351737976074,12.005100958049297
1,128,5,9,11.864864349365234,11.893813963979483
1,128,5,10,11.839103698730469,11.867656838148832
1,128,5,11,11.862144470214844,11.889704037457705
1,128,5,12,11.91596794128418,11.943802237510681
1,128,5,13,11.942815780639648,11.977124027907848
1,128,5,14,11.959327697753906,11.987791862338781
1,128,5,15,11.87292766571045,11.902633123099804
1,128,5,16,11.901280403137207,11.931392829865217
1,128,5,17,11.964159965515137,11.994285043329
1,128,5,18,12.084159851074219,12.11313996464014
1,128,5,19,12.037471771240234,12.066282331943512
1,128,5,20,11.953727722167969,11.98227796703577
1,128,5,21,11.961631774902344,11.98997674509883
1,128,5,22,12.03651237487793,12.067615054547787
1,128,5,23,11.97539234161377,12.004027143120766
1,128,5,24,12.020223617553711,12.048711068928242
1,128,5,25,12.062848091125488,12.092133052647114
1,128,5,26,12.054112434387207,12.083487119525671
1,128,5,27,11.994879722595215,12.02305592596531
1,128,5,28,12.167360305786133,12.196321040391922
1,128,5,29,12.07919979095459,12.1083939447999
1,128,5,30,12.13708782196045,12.1676130220294
1,128,5,31,11.92739200592041,11.95579906925559
1,128,5,32,12.005632400512695,12.033975217491388
1,128,5,33,12.056351661682129,12.08605570718646
1,128,5,34,11.965824127197266,11.99443219229579
1,128,5,35,11.938719749450684,11.967893224209547
1,128,5,36,12.007648468017578,12.035947293043137
1,128,5,37,11.909343719482422,11.937612667679787
1,128,5,38,12.128479957580566,12.157552875578403
1,128,5,39,11.928256034851074,11.955737601965666
1,128,5,40,12.036383628845215,12.066051829606295
1,128,5,41,11.947039604187012,11.97868725284934
1,128,5,42,11.967455863952637,11.997422203421593
1,128,5,43,12.044960021972656,12.075101025402546
1,128,5,44,12.06272029876709,12.091160751879215
1,128,5,45,11.954879760742188,11.982965748757124
1,128,5,46,12.209535598754883,12.239513918757439
1,128,5,47,12.063039779663086,12.091632932424545
1,128,5,48,11.949376106262207,11.97842974215746
1,128,5,49,12.023263931274414,12.053847778588533
1,128,5,50,11.985535621643066,12.012423016130924
1,128,5,51,12.124320030212402,12.153014075011015
1,128,5,52,11.993280410766602,12.022735085338354
1,128,5,53,11.964768409729004,11.99307106435299
1,128,5,54,12.011584281921387,12.039795983582735
1,128,5,55,12.114080429077148,12.14410224929452
1,128,5,56,12.043744087219238,12.072138022631407
1,128,5,57,12.01427173614502,12.042711954563856
1,128,5,58,11.954751968383789,11.982906609773636
1,128,5,59,11.978143692016602,12.006640899926424
1,128,5,60,11.928352355957031,11.956378817558289
1,128,5,61,11.91049575805664,11.939265299588442
1,128,5,62,11.964384078979492,11.992761865258217
1,128,5,63,11.884960174560547,11.914136819541454
1,128,6,1,12.060864448547363,12.088553048670292
1,128,6,2,11.999327659606934,12.026498094201088
1,128,6,3,11.91004753112793,11.937526986002922
1,128,6,4,11.910016059875488,11.936899740248919
1,128,6,5,11.887136459350586,11.914847884327173
1,128,6,6,12.624832153320312,12.651956174522638
1,128,6,7,12.387935638427734,12.416965793818235
1,128,6,8,11.841279983520508,11.868269182741642
1,128,6,9,11.911487579345703,11.937730945646763
1,128,6,10,11.820927619934082,11.84816425666213
1,128,6,11,21.24470329284668,21.27407304942608
1,128,6,12,15.221407890319824,15.25765098631382
1,128,6,13,12.124383926391602,12.1512939222157
1,128,6,14,11.906623840332031,11.932811234146357
1,128,6,15,11.935744285583496,11.962854769080877
1,128,6,16,11.882111549377441,11.914972215890884
1,128,6,17,11.948736190795898,11.975720059126616
1,128,6,18,11.786879539489746,11.81494677439332
1,128,6,19,11.962112426757812,11.988813988864422
1,128,6,20,11.897279739379883,11.926548555493355
1,128,6,21,11.853568077087402,11.880767997354269
1,128,6,22,11.937727928161621,11.965558864176273
1,128,6,23,12.011263847351074,12.042670045047998
1,128,6,24,11.913248062133789,11.941056698560715
1,128,6,25,11.910271644592285,11.937910690903664
1,128,6,26,12.229248046875,12.256670277565718
1,128,6,27,12.01030445098877,12.037800159305334
1,128,6,28,11.992447853088379,12.020297348499298
1,128,6,29,12.090432167053223,12.118629179894924
1,128,6,30,11.990367889404297,12.017389759421349
1,128,6,31,11.971296310424805,11.999726761132479
1,128,6,32,12.059295654296875,12.087102979421616
1,128,6,33,12.093152046203613,12.121331878006458
1,128,6,34,11.912223815917969,11.93987112492323
1,128,6,35,11.988224029541016,12.016195338219404
1,128,6,36,12.02940845489502,12.05689087510109
1,128,6,37,11.81488037109375,11.842309962958097
1,128,6,38,11.907232284545898,11.93671626970172
1,128,6,39,11.819007873535156,11.84629276394844
1,128,6,40,11.829119682312012,11.85786398127675
1,128,6,41,11.851840019226074,11.877374723553658
1,128,6,42,11.88377571105957,11.910834815353155
1,128,6,43,11.94057559967041,11.96675281971693
1,128,6,44,11.905759811401367,11.932576075196266
1,128,6,45,11.81663990020752,11.843780986964703
1,128,6,46,11.853440284729004,11.879624798893929
1,128,6,47,11.822912216186523,11.84953423216939
1,128,6,48,11.877408027648926,11.906859930604696
1,128,6,49,11.995648384094238,12.022507842630148
1,128,6,50,11.928511619567871,11.957045178860426
1,128,6,51,11.914527893066406,11.941319797188044
1,128,6,52,11.97599983215332,12.004673946648836
1,128,6,53,11.99135971069336,12.018727138638496
1,128,6,54,11.961407661437988,11.988381389528513
1,128,6,55,11.834336280822754,11.862817220389843
1,128,6,56,11.980159759521484,12.010535690933466
1,128,6,57,12.024031639099121,12.051745317876339
1,128,6,58,12.046112060546875,12.074201833456755
1,128,6,59,12.061568260192871,12.089527677744627
1,128,6,60,12.01427173614502,12.042436748743057
1,128,6,61,12.073568344116211,12.10023369640112
1,128,6,62,11.867679595947266,11.895752977579832
1,128,6,63,11.88268756866455,11.911412235349417
1,1024,0,1,12.141440391540527,12.17078510671854
1,1024,0,2,12.045696258544922,12.073468416929245
1,1024,0,3,11.938143730163574,11.966479010879993
1,1024,0,4,12.030303955078125,12.058286927640438
1,1024,0,5,11.932576179504395,11.959903873503208
1,1024,0,6,11.910816192626953,11.938109062612057
1,1024,0,7,11.884927749633789,11.912805959582329
1,1024,0,8,11.833439826965332,11.86420489102602
1,1024,0,9,11.874527931213379,11.902866885066032
1,1024,0,10,11.897855758666992,11.926112696528435
1,1024,0,11,11.852543830871582,11.879337020218372
1,1024,0,12,11.901344299316406,11.929030995815992
1,1024,0,13,12.009663581848145,12.037884909659624
1,1024,0,14,11.977984428405762,12.006598990410566
1,1024,0,15,11.904959678649902,11.932572815567255
1,1024,0,16,11.887200355529785,11.91482599824667
1,1024,0,17,11.89731216430664,11.926192790269852
1,1024,0,18,11.815679550170898,11.843349784612656
1,1024,0,19,11.873344421386719,11.899447068572044
1,1024,0,20,11.687295913696289,11.714735068380833
1,1024,0,21,11.839136123657227,11.867316905409098
1,1024,0,22,11.709471702575684,11.736682150512934
1,1024,0,23,11.729056358337402,11.755485087633133
1,1024,0,24,11.763168334960938,11.788435745984316
1,1024,0,25,11.663135528564453,11.687709018588066
1,1024,0,26,11.709376335144043,11.735568288713694
1,1024,0,27,11.691712379455566,11.716874781996012
1,1024,0,28,11.717056274414062,11.742037255316973
1,1024,0,29,11.593184471130371,11.618217919021845
1,1024,0,30,11.657119750976562,11.681713163852692
1,1024,0,31,11.51030445098877,11.53474673628807
1,1024,0,32,11.405952453613281,11.43701421096921
1,1024,0,33,11.494912147521973,11.518914252519608
1,1024,0,34,11.554400444030762,11.580611113458872
1,1024,0,35,11.526752471923828,11.55142392963171
1,1024,0,36,11.524383544921875,11.55007304623723
1,1024,0,37,11.653471946716309,11.681451927870512
1,1024,0,38,11.913727760314941,11.946015059947968
1,1024,0,39,11.904864311218262,11.93213788792491
1,1024,0,40,11.881919860839844,11.910099070519209
1,1024,0,41,11.919455528259277,11.945730075240135
1,1024,0,42,11.927712440490723,11.954681016504765
1,1024,0,43,11.87388801574707,11.902966070920229
1,1024,0,44,11.928768157958984,11.95522677153349
1,1024,0,45,11.947168350219727,11.975090019404888
1,1024,0,46,11.875103950500488,11.900913901627064
1,1024,0,47,11.846303939819336,11.872558854520321
1,1024,0,48,11.805279731750488,11.831759009510279
1,1024,0,49,12.44809627532959,12.475104071199894
1,1024,0,50,12.2291841506958,12.256413232535124
1,1024,0,51,11.789024353027344,11.818260420113802
1,1024,0,52,11.8439359664917,11.873006820678711
1,1024,0,53,11.78604793548584,11.81406993418932
1,1024,0,54,17.61369514465332,17.645796295255423
1,1024,0,55,18.143327713012695,18.18468701094389
1,1024,0,56,12.538496017456055,12.567184865474701
1,1024,0,57,11.754143714904785,11.782022193074226
1,1024,0,58,11.800736427307129,11.83026609942317
1,1024,0,59,11.781344413757324,11.812254786491394
1,1024,0,60,11.766592025756836,11.795420665293932
1,1024,0,61,11.846048355102539,11.874911841005087
1,1024,0,62,11.786080360412598,11.813669931143522
1,1024,0,63,11.764960289001465,11.791997123509645
1,1024,1,1,12.175583839416504,12.211659923195839
1,1024,1,2,12.002143859863281,12.030227109789848
1,1024,1,3,11.834783554077148,11.861776933073997
1,1024,1,4,11.741472244262695,11.768259108066559
1,1024,1,5,11.811103820800781,11.83661911636591
1,1024,1,6,11.836799621582031,11.861637234687805
1,1024,1,7,11.748895645141602,11.775037739425898
1,1024,1,8,11.884991645812988,11.912471149116755
1,1024,1,9,11.864224433898926,11.89039507880807
1,1024,1,10,11.829216003417969,11.856324970722198
1,1024,1,11,11.814592361450195,11.843484360724688
1,1024,1,12,11.840096473693848,11.868212837725878
1,1024,1,13,11.772128105163574,11.799843981862068
1,1024,1,14,11.79423999786377,11.820597108453512
1,1024,1,15,11.7925443649292,11.819976847618818
1,1024,1,16,11.688608169555664,11.716058012098074
1,1024,1,17,11.817024230957031,11.8435169570148
1,1024,1,18,11.741279602050781,11.76980696618557
1,1024,1,19,11.735872268676758,11.761466041207314
1,1024,1,20,11.80179214477539,11.827848851680756
1,1024,1,21,11.872096061706543,11.899808421730995
1,1024,1,22,11.803232192993164,11.830117087811232
1,1024,1,23,11.79958438873291,11.827098205685616
1,1024,1,24,11.877471923828125,11.9047611951828
1,1024,1,25,11.841919898986816,11.870094109326601
1,1024,1,26,11.900320053100586,11.930130887776613
1,1024,1,27,11.8953275680542,11.925284285098314
1,1024,1,28,11.944928169250488,11.97327533736825
1,1024,1,29,11.94825553894043,11.976938229054213
1,1024,1,30,11.924511909484863,11.952470056712627
1,1024,1,31,11.766271591186523,11.793600860983133
1,1024,1,32,11.921664237976074,11.9486297480762
1,1024,1,33,11.81657600402832,11.843254789710045
1,1024,1,34,11.874367713928223,11.901467107236385
1,1024,1,35,11.875136375427246,11.904252227395773
1,1024,1,36,11.931551933288574,11.95985497906804
1,1024,1,37,12.013631820678711,12.040941044688225
1,1024,1,38,12.011136054992676,12.038731947541237
1,1024,1,39,11.852895736694336,11.88028696924448
1,1024,1,40,11.943039894104004,11.970445048063993
1,1024,1,41,11.999072074890137,12.026492040604353
1,1024,1,42,12.05788803100586,12.086795642971992
1,1024,1,43,11.97327995300293,12.002262752503157
1,1024,1,44,11.958975791931152,11.986447032541037
1,1024,1,45,12.009247779846191,12.035294901579618
1,1024,1,46,12.033439636230469,12.06241175532341
1,1024,1,47,11.994112014770508,12.022578157484531
1,1024,1,48,12.258336067199707,12.287113815546036
1,1024,1,49,12.051136016845703,12.079235166311264
1,1024,1,50,12.017087936401367,12.045599054545164
1,1024,1,51,11.917119979858398,11.946815997362137
1,1024,1,52,11.905247688293457,11.93396095186472
1,1024,1,53,12.039999961853027,12.068750336766243
1,1024,1,54,12.067904472351074,12.096510268747807
1,1024,1,55,12.049568176269531,12.078300584107637
1,1024,1,56,11.903776168823242,11.932145804166794
1,1024,1,57,11.91097640991211,11.938879266381264
1,1024,1,58,12.043168067932129,12.072563171386719
1,1024,1,59,12.05519962310791,12.084546964615583
1,1024,1,60,11.862079620361328,11.892481241375208
1,1024,1,61,11.888416290283203,11.917731259018183
1,1024,1,62,11.997344017028809,12.026446871459484
1,1024,1,63,11.89078426361084,11.919877026230097
1,1024,2,1,12.343615531921387,12.381517328321934
1,1024,2,2,12.02460765838623,12.053797021508217
1,1024,2,3,11.96729564666748,11.99599215760827
1,1024,2,4,12.06726360321045,12.094590347260237
1,1024,2,5,12.06726360321045,12.094947043806314
1,1024,2,6,12.090271949768066,12.117901351302862
1,1024,2,7,11.962271690368652,11.990027967840433
1,1024,2,8,11.974783897399902,12.00196798890829
1,1024,2,9,12.14252758026123,12.172839604318142
1,1024,2,10,12.000127792358398,12.028409168124199
1,1024,2,11,12.028191566467285,12.057926040142775
1,1024,2,12,11.966943740844727,11.996441055089235
1,1024,2,13,11.944640159606934,11.974221095442772
1,1024,2,14,11.954272270202637,11.982844211161137
1,1024,2,15,11.864255905151367,11.892509181052446
1,1024,2,16,11.850336074829102,11.878110002726316
1,1024,2,17,11.92739200592041,11.955277062952518
1,1024,2,18,11.90617561340332,11.934177950024605
1,1024,2,19,12.044320106506348,12.073262128978968
1,1024,2,20,11.984224319458008,12.012470047920942
1,1024,2,21,11.885024070739746,11.913652997463942
1,1024,2,22,11.986047744750977,12.014046311378479
1,1024,2,23,11.889887809753418,11.918358039110899
1,1024,2,24,11.913824081420898,11.942681390792131
1,1024,2,25,11.979552268981934,12.00786978006363
1,1024,2,26,11.870207786560059,11.896922253072262
1,1024,2,27,11.945631980895996,11.975657194852829
1,1024,2,28,11.983263969421387,12.011811137199402
1,1024,2,29,11.878432273864746,11.906657367944717
1,1024,2,30,11.988960266113281,12.016555294394493
1,1024,2,31,11.947808265686035,11.976124253123999
1,1024,2,32,11.936544418334961,11.964925099164248
1,1024,2,33,11.896991729736328,11.925299186259508
1,1024,2,34,11.90617561340332,11.934329755604267
1,1024,2,35,11.840031623840332,11.86807593330741
1,1024,2,36,11.920191764831543,11.949336156249046
1,1024,2,37,11.802911758422852,11.830295901745558
1,1024,2,38,11.794272422790527,11.822691187262535
1,1024,2,39,11.838335990905762,11.866772081702948
1,1024,2,40,11.768159866333008,11.795653030276299
1,1024,2,41,12.45571231842041,12.484963983297348
1,1024,2,42,12.343551635742188,12.375469785183668
1,1024,2,43,11.842016220092773,11.870404705405235
1,1024,2,44,11.841856002807617,11.869991663843393
1,1024,2,45,11.897760391235352,11.924848891794682
1,1024,2,46,11.92579174041748,11.953294277191162
1,1024,2,47,16.947519302368164,16.981099266558886
1,1024,2,48,18.78668785095215,18.82923301309347
1,1024,2,49,12.731328010559082,12.760865036398172
1,1024,2,50,11.840479850769043,11.868104804307222
1,1024,2,51,11.91596794128418,11.949738021939993
1,1024,2,52,11.878591537475586,11.906257830560207
1,1024,2,53,11.892191886901855,11.921120807528496
1,1024,2,54,12.012319564819336,12.039850931614637
1,1024,2,55,11.91487979888916,11.943055782467127
1,1024,2,56,11.989312171936035,12.01779069378972
1,1024,2,57,12.022687911987305,12.057194020599127
1,1024,2,58,12.841888427734375,12.87044771015644
1,1024,2,59,12.686783790588379,12.719241436570883
1,1024,2,60,11.848992347717285,11.876297183334827
1,1024,2,61,11.888383865356445,11.9167510420084
1,1024,2,62,11.98147201538086,12.023109011352062
1,1024,2,63,23.058879852294922,23.119566962122917
1,1024,3,1,12.233023643493652,12.265721801668406
1,1024,3,2,11.968576431274414,11.996615212410688
1,1024,3,3,11.937376022338867,11.964491568505764
1,1024,3,4,11.931360244750977,11.959871742874384
1,1024,3,5,11.948639869689941,11.977049987763166
1,1024,3,6,11.897855758666992,11.925346683710814
1,1024,3,7,11.82966423034668,11.855578981339931
1,1024,3,8,11.899328231811523,11.927882209420204
1,1024,3,9,11.973024368286133,12.000608257949352
1,1024,3,10,11.975040435791016,12.00186088681221
1,1024,3,11,11.92518424987793,11.953895911574364
1,1024,3,12,11.992064476013184,12.020730413496494
1,1024,3,13,11.955519676208496,11.984002310782671
1,1024,3,14,11.951135635375977,11.979745700955391
1,1024,3,15,12.062527656555176,12.09073280915618
1,1024,3,16,12.106719970703125,12.135119177401066
1,1024,3,17,12.03382396697998,12.06150557845831
1,1024,3,18,12.119551658630371,12.148131616413593
1,1024,3,19,12.01859188079834,12.045282870531082
1,1024,3,20,12.106080055236816,12.134561315178871
1,1024,3,21,12.22486400604248,12.25283183157444
1,1024,3,22,11.965120315551758,11.992344167083502
1,1024,3,23,12.07363224029541,12.101090047508478
1,1024,3,24,11.990143775939941,12.017867062240839
1,1024,3,25,11.975872039794922,12.004489079117775
1,1024,3,26,11.916447639465332,11.94516895338893
1,1024,3,27,12.007295608520508,12.03421177342534
1,1024,3,28,11.934335708618164,11.961839627474546
1,1024,3,29,11.9017915725708,11.928793974220753
1,1024,3,30,11.957887649536133,11.985213961452246
1,1024,3,31,11.88969612121582,11.91798411309719
1,1024,3,32,11.900768280029297,11.927826330065727
1,1024,3,33,11.881183624267578,11.908180080354214
1,1024,3,34,11.890591621398926,11.918388307094574
1,1024,3,35,12.019136428833008,12.046337127685547
1,1024,3,36,11.934176445007324,11.961270589381456
1,1024,3,37,11.928768157958984,11.956116184592247
1,1024,3,38,11.948991775512695,11.976343113929033
1,1024,3,39,11.864607810974121,11.892889626324177
1,1024,3,40,11.831104278564453,11.859485413879156
1,1024,3,41,11.917280197143555,11.945520993322134
1,1024,3,42,11.99948787689209,12.026028241962194
1,1024,3,43,11.973343849182129,12.002005707472563
1,1024,3,44,12.051136016845703,12.078458908945322
1,1024,3,45,11.964287757873535,11.991997715085745
1,1024,3,46,11.940768241882324,11.967992410063744
1,1024,3,47,12.08790397644043,12.115087825804949
1,1024,3,48,11.99407958984375,12.021578848361969
1,1024,3,49,12.033760070800781,12.061535846441984
1,1024,3,50,12.078495979309082,12.106472160667181
1,1024,3,51,11.984959602355957,12.020519003272057
1,1024,3,52,11.931296348571777,11.96478120982647
1,1024,3,53,11.913151741027832,11.94028789177537
1,1024,3,54,11.986751556396484,12.01583817601204
1,1024,3,55,12.102527618408203,12.13144138455391
1,1024,3,56,11.946944236755371,11.973930057138205
1,1024,3,57,11.926079750061035,11.953825131058693
1,1024,3,58,11.935392379760742,11.96341821923852
1,1024,3,59,11.954367637634277,11.983226053416729
1,1024,3,60,11.911935806274414,11.93963410332799
1,1024,3,61,11.879551887512207,11.907569132745266
1,1024,3,62,12.003071784973145,12.030461337417364
1,1024,3,63,11.95740795135498,11.985867749899626
1,1024,4,1,12.211935997009277,12.243801727890968
1,1024,4,2,12.019295692443848,12.047793250530958
1,1024,4,3,11.948831558227539,11.976453941315413
1,1024,4,4,12.045856475830078,12.073366902768612
1,1024,4,5,11.991168022155762,12.019975110888481
1,1024,4,6,11.946175575256348,11.97345880791545
1,1024,4,7,11.950559616088867,11.979204136878252
1,1024,4,8,12.022272109985352,12.050630059093237
1,1024,4,9,11.966976165771484,11.994753032922745
1,1024,4,10,11.926207542419434,11.954540852457285
1,1024,4,11,11.888895988464355,11.916648596525192
1,1024,4,12,11.994688034057617,12.02203705906868
1,1024,4,13,12.046048164367676,12.073767837136984
1,1024,4,14,12.014592170715332,12.04356411471963
1,1024,4,15,12.009632110595703,12.03836128115654
1,1024,4,16,12.048576354980469,12.077627703547478
1,1024,4,17,12.01091194152832,12.039660010486841
1,1024,4,18,12.016863822937012,12.045525945723057
1,1024,4,19,12.055487632751465,12.085453607141972
1,1024,4,20,12.036800384521484,12.064548674970865
1,1024,4,21,12.009183883666992,12.037841137498617
1,1024,4,22,12.06828784942627,12.097186874598265
1,1024,4,23,11.915871620178223,11.94284437224269
1,1024,4,24,11.996383666992188,12.023750226944685
1,1024,4,25,11.911231994628906,11.938974261283875
1,1024,4,26,11.964384078979492,11.990748345851898
1,1024,4,27,11.852224349975586,11.881302110850811
1,1024,4,28,11.843104362487793,11.870988178998232
1,1024,4,29,11.934335708618164,11.961884330958128
1,1024,4,30,11.925503730773926,11.952935717999935
1,1024,4,31,11.928031921386719,11.956141795963049
1,1024,4,32,11.884544372558594,11.91165205091238
1,1024,4,33,11.932064056396484,11.960848234593868
1,1024,4,34,11.912896156311035,11.941242031753063
1,1024,4,35,11.894144058227539,11.922131758183241
1,1024,4,36,11.942527770996094,11.971887666732073
1,1024,4,37,11.86963176727295,11.896850075572729
1,1024,4,38,11.948479652404785,11.975953821092844
1,1024,4,39,11.927264213562012,11.955112218856812
1,1024,4,40,11.886879920959473,11.914695613086224
1,1024,4,41,13.299424171447754,13.327735010534525
1,1024,4,42,12.023872375488281,12.051488272845745
1,1024,4,43,11.972576141357422,12.005669064819813
1,1024,4,44,12.020959854125977,12.050297111272812
1,1024,4,45,12.060704231262207,12.088713236153126
1,1024,4,46,11.904224395751953,11.93210482597351
1,1024,4,47,24.017183303833008,24.045975413173437
1,1024,4,48,13.691167831420898,13.725660275667906
1,1024,4,49,11.978560447692871,12.008230201900005
1,1024,4,50,12.016448020935059,12.045066338032484
1,1024,4,51,11.902239799499512,11.930769309401512
1,1024,4,52,11.90287971496582,11.931775137782097
1,1024,4,53,11.801024436950684,11.829705908894539
1,1024,4,54,11.954079627990723,11.98728010058403
1,1024,4,55,11.945440292358398,11.974114924669266
1,1024,4,56,12.39408016204834,12.423704378306866
1,1024,4,57,12.80463981628418,12.834778986871243
1,1024,4,58,11.893631935119629,11.922702193260193
1,1024,4,59,11.859295845031738,11.887908913195133
1,1024,4,60,11.728544235229492,11.757527943700552
1,1024,4,61,11.820511817932129,11.851038783788681
1,1024,4,62,21.35852813720703,21.39094192534685
1,1024,4,63,16.040576934814453,16.078731045126915
1,1024,5,1,12.204352378845215,12.236195150762796
1,1024,5,2,11.82595157623291,11.851971037685871
1,1024,5,3,11.853119850158691,11.881128884851933
1,1024,5,4,11.968576431274414,11.99555117636919
1,1024,5,5,11.836640357971191,11.86408195644617
1,1024,5,6,11.86297607421875,11.890608817338943
1,1024,5,7,11.79638385772705,11.823271866887808
1,1024,5,8,11.842144012451172,11.869580019265413
1,1024,5,9,11.858528137207031,11.887321714311838
1,1024,5,10,11.788479804992676,11.817020829766989
1,1024,5,11,11.78332805633545,11.811750940978527
1,1024,5,12,11.783967971801758,11.811872944235802
1,1024,5,13,11.805952072143555,11.834577191621065
1,1024,5,14,11.878560066223145,11.908494867384434
1,1024,5,15,11.879199981689453,11.908415239304304
1,1024,5,16,11.815072059631348,11.84396119788289
1,1024,5,17,11.813695907592773,11.843420565128326
1,1024,5,18,11.845600128173828,11.874022893607616
1,1024,5,19,11.75926399230957,11.78713794797659
1,1024,5,20,11.714336395263672,11.743817944079638
1,1024,5,21,11.764703750610352,11.793411336839199
1,1024,5,22,11.791647911071777,11.819441337138414
1,1024,5,23,11.801024436950684,11.828483082354069
1,1024,5,24,11.848959922790527,11.877885088324547
1,1024,5,25,11.890975952148438,11.919230688363314
1,1024,5,26,11.840607643127441,11.869851034134626
1,1024,5,27,11.887616157531738,11.915439739823341
1,1024,5,28,11.866175651550293,11.894006747752428
1,1024,5,29,11.791296005249023,11.818996164947748
1,1024,5,30,11.896512031555176,11.925789061933756
1,1024,5,31,11.794976234436035,11.82369003072381
1,1024,5,32,11.831071853637695,11.859918013215065
1,1024,5,33,11.9136323928833,11.942148208618164
1,1024,5,34,11.982560157775879,12.012566905468702
1,1024,5,35,11.810175895690918,11.838877107948065
1,1024,5,36,11.74783992767334,11.775415856391191
1,1024,5,37,11.684703826904297,11.71349873766303
1,1024,5,38,11.757920265197754,11.786064133048058
1,1024,5,39,11.719776153564453,11.747307144105434
1,1024,5,40,11.834527969360352,11.862920131534338
1,1024,5,41,11.873791694641113,11.902775149792433
1,1024,5,42,11.797696113586426,11.826174799352884
1,1024,5,43,11.847071647644043,11.876886244863272
1,1024,5,44,11.872639656066895,11.90090412274003
1,1024,5,45,11.85859203338623,11.887733824551105
1,1024,5,46,11.939167976379395,11.968245729804039
1,1024,5,47,11.74176025390625,11.769024189561605
1,1024,5,48,11.69273567199707,11.718878988176584
1,1024,5,49,11.797887802124023,11.824558954685926
1,1024,5,50,11.67311954498291,11.699998751282692
1,1024,5,51,11.703200340270996,11.730813886970282
1,1024,5,52,11.598688125610352,11.625917162746191
1,1024,5,53,11.641792297363281,11.669186875224113
1,1024,5,54,11.599967956542969,11.633497662842274
1,1024,5,55,11.537856101989746,11.564034037292004
1,1024,5,56,11.610400199890137,11.63674471899867
1,1024,5,57,11.607551574707031,11.635776609182358
1,1024,5,58,11.988384246826172,12.014967855066061
1,1024,5,59,11.705023765563965,11.7321303114295
1,1024,5,60,11.59382438659668,11.62205683067441
1,1024,5,61,11.616959571838379,11.643982958048582
1,1024,5,62,11.630047798156738,11.65674114599824
1,1024,5,63,11.652607917785645,11.681017000228167
1,1024,6,1,11.898367881774902,11.925794184207916
1,1024,6,2,11.734560012817383,11.762060225009918
1,1024,6,3,11.639616012573242,11.665287893265486
1,1024,6,4,11.62816047668457,11.653255205601454
1,1024,6,5,11.602975845336914,11.6273183375597
1,1024,6,6,11.472031593322754,11.4966481924057
1,1024,6,7,11.338208198547363,11.363022029399872
1,1024,6,8,11.389375686645508,11.414200998842716
1,1024,6,9,11.436127662658691,11.460359208285809
1,1024,6,10,11.359199523925781,11.383527889847755
1,1024,6,11,11.322272300720215,11.347897350788116
1,1024,6,12,11.368703842163086,11.393029242753983
1,1024,6,13,11.257120132446289,11.280592996627092
1,1024,6,14,11.349823951721191,11.373884975910187
1,1024,6,15,11.329695701599121,11.352738365530968
1,1024,6,16,11.317536354064941,11.340351309627295
1,1024,6,17,11.292608261108398,11.315412819385529
1,1024,6,18,11.388992309570312,11.411712970584631
1,1024,6,19,11.28774356842041,11.310393922030926
1,1024,6,20,11.278528213500977,11.301760096102953
1,1024,6,21,11.367903709411621,11.390367988497019
1,1024,6,22,11.3220796585083,11.344817001372576
1,1024,6,23,11.376543998718262,11.399529874324799
1,1024,6,24,11.316960334777832,11.339482851326466
1,1024,6,25,11.420415878295898,11.443036142736673
1,1024,6,26,11.418208122253418,11.4416079595685
1,1024,6,27,11.374624252319336,11.398271191865206
1,1024,6,28,11.29587173461914,11.320051271468401
1,1024,6,29,11.384096145629883,11.408408172428608
1,1024,6,30,11.358847618103027,11.382673867046833
1,1024,6,31,11.34870433807373,11.372423730790615
1,1024,6,32,11.451264381408691,11.476419866085052
1,1024,6,33,11.496447563171387,11.520749423652887
1,1024,6,34,11.429344177246094,11.452857870608568
1,1024,6,35,11.457183837890625,11.48317800834775
1,1024,6,36,12.552639961242676,12.578321155160666
1,1024,6,37,11.385760307312012,11.410740669816732
1,1024,6,38,11.365119934082031,11.389582883566618
1,1024,6,39,11.387264251708984,11.410867795348167
1,1024,6,40,16.925567626953125,16.955967992544174
1,1024,6,41,18.20502471923828,18.244879320263863
1,1024,6,42,12.382495880126953,12.408939190208912
1,1024,6,43,11.422911643981934,11.447601020336151
1,1024,6,44,11.540224075317383,11.565979104489088
1,1024,6,45,11.733951568603516,11.761513072997332
1,1024,6,46,11.625472068786621,11.651868931949139
1,1024,6,47,11.582143783569336,11.608722619712353
1,1024,6,48,11.788800239562988,11.817799881100655
1,1024,6,49,11.871935844421387,11.899763252586126
1,1024,6,50,12.407967567443848,12.436558026820421
1,1024,6,51,12.265151977539062,12.295028660446405
1,1024,6,52,11.825247764587402,11.85369398444891
1,1024,6,53,11.699487686157227,11.72774937003851
1,1024,6,54,11.78774356842041,11.814414989203215
1,1024,6,55,11.819647789001465,11.847080197185278
1,1024,6,56,20.556320190429688,20.588818937540054
1,1024,6,57,16.802400588989258,16.839873045682907
1,1024,6,58,12.46787166595459,12.499660719186068
1,1024,6,59,11.890624046325684,11.918464209884405
1,1024,6,60,11.819680213928223,11.847246903926134
1,1024,6,61,11.848031997680664,11.874154675751925
1,1024,6,62,11.801728248596191,11.828912887722254
1,1024,6,63,11.718303680419922,11.74555392935872
1,4096,0,1,12.11359977722168,12.149601243436337
1,4096,0,2,11.744671821594238,11.769518721848726
1,4096,0,3,11.527359962463379,11.553953867405653
1,4096,0,4,11.659744262695312,11.685077100992203
1,4096,0,5,11.644479751586914,11.669558938592672
1,4096,0,6,11.611200332641602,11.635756585747004
1,4096,0,7,11.504223823547363,11.529618874192238
1,4096,0,8,11.737248420715332,11.763638816773891
1,4096,0,9,11.747008323669434,11.774169746786356
1,4096,0,10,11.651840209960938,11.678329203277826
1,4096,0,11,11.471903800964355,11.496110819280148
1,4096,0,12,11.541472434997559,11.566319968551397
1,4096,0,13,11.545760154724121,11.570308823138475
1,4096,0,14,11.538080215454102,11.561755556613207
1,4096,0,15,11.497376441955566,11.520935222506523
1,4096,0,16,11.413824081420898,11.438865214586258
1,4096,0,17,11.522080421447754,11.546616908162832
1,4096,0,18,11.543456077575684,11.567926965653896
1,4096,0,19,11.506048202514648,11.530659161508083
1,4096,0,20,11.750368118286133,11.778137180954218
1,4096,0,21,11.827263832092285,11.856864672154188
1,4096,0,22,12.012864112854004,12.040352914482355
1,4096,0,23,11.9202241897583,11.946996208280325
1,4096,0,24,11.79804801940918,11.824784334748983
1,4096,0,25,11.866687774658203,11.893527116626501
1,4096,0,26,11.910079956054688,11.937255971133709
1,4096,0,27,11.811807632446289,11.838866863399744
1,4096,0,28,11.850048065185547,11.876310221850872
1,4096,0,29,11.838399887084961,11.86780584976077
1,4096,0,30,11.8953275680542,11.923311278223991
1,4096,0,31,11.941408157348633,11.969583109021187
1,4096,0,32,11.82140827178955,11.849667876958847
1,4096,0,33,11.823840141296387,11.852460913360119
1,4096,0,34,11.856191635131836,11.883675586432219
1,4096,0,35,11.778335571289062,11.805322021245956
1,4096,0,36,11.839520454406738,11.866251938045025
1,4096,0,37,11.805184364318848,11.834442149847746
1,4096,0,38,11.99180793762207,12.020668014883995
1,4096,0,39,12.006591796875,12.035746593028307
1,4096,0,40,11.838751792907715,11.867600958794355
1,4096,0,41,11.820799827575684,11.848955880850554
1,4096,0,42,11.82265567779541,11.848968919366598
1,4096,0,43,11.773311614990234,11.80050428956747
1,4096,0,44,11.8635835647583,11.890730820596218
1,4096,0,45,11.944543838500977,11.972059030085802
1,4096,0,46,11.924287796020508,11.953799985349178
1,4096,0,47,11.873855590820312,11.899900157004595
1,4096,0,48,11.842880249023438,11.87060633674264
1,4096,0,49,11.885279655456543,11.911829933524132
1,4096,0,50,11.782624244689941,11.809657327830791
1,4096,0,51,11.750399589538574,11.777761857956648
1,4096,0,52,11.811552047729492,11.839333921670914
1,4096,0,53,11.973535537719727,12.01207423582673
1,4096,0,54,11.928640365600586,11.961955111473799
1,4096,0,55,11.895135879516602,11.923469137400389
1,4096,0,56,11.862751960754395,11.890999041497707
1,4096,0,57,11.832991600036621,11.860959697514772
1,4096,0,58,11.78166389465332,11.809374671429396
1,4096,0,59,11.88758373260498,11.914779897779226
1,4096,0,60,11.861023902893066,11.889407876878977
1,4096,0,61,11.769184112548828,11.796970386058092
1,4096,0,62,11.731552124023438,11.758721899241209
1,4096,0,63,11.741408348083496,11.770531069487333
1,4096,1,1,12.035903930664062,12.069828808307648
1,4096,1,2,11.880736351013184,11.908614076673985
1,4096,1,3,11.93017578125,11.958474293351173
1,4096,1,4,11.966336250305176,11.994617059826851
1,4096,1,5,11.937824249267578,11.966044083237648
1,4096,1,6,12.062175750732422,12.090470176190138
1,4096,1,7,11.926752090454102,11.954114306718111
1,4096,1,8,11.930624008178711,11.958705261349678
1,4096,1,9,11.858719825744629,11.88688213005662
1,4096,1,10,11.915712356567383,11.944300029426813
1,4096,1,11,11.816512107849121,11.850659269839525
1,4096,1,12,11.935263633728027,11.964145116508007
1,4096,1,13,11.78774356842041,11.815546080470085
1,4096,1,14,11.798944473266602,11.826896108686924
1,4096,1,15,11.884575843811035,11.91279198974371
1,4096,1,16,11.915776252746582,11.944301892071962
1,4096,1,17,11.90771198272705,11.936566792428493
1,4096,1,18,11.831808090209961,11.859497986733913
1,4096,1,19,11.845024108886719,11.873449198901653
1,4096,1,20,11.833279609680176,11.861208826303482
1,4096,1,21,11.979968070983887,12.008207850158215
1,4096,1,22,11.84447956085205,11.872937437146902
1,4096,1,23,11.929375648498535,11.95908198133111
1,4096,1,24,12.033023834228516,12.061287183314562
1,4096,1,25,11.869536399841309,11.89796905964613
1,4096,1,26,11.975135803222656,12.003207113593817
1,4096,1,27,12.219391822814941,12.248117942363024
1,4096,1,28,11.864352226257324,11.892727110534906
1,4096,1,29,11.873855590820312,11.903143022209406
1,4096,1,30,12.039487838745117,12.068632990121841
1,4096,1,31,11.808608055114746,11.83785730972886
1,4096,1,32,11.828191757202148,11.856180615723133
1,4096,1,33,11.810432434082031,11.838195845484734
1,4096,1,34,11.814751625061035,11.842112988233566
1,4096,1,35,11.75772762298584,11.785368900746107
1,4096,1,36,11.819680213928223,11.847162153571844
1,4096,1,37,11.774975776672363,11.802276130765676
1,4096,1,38,11.757696151733398,11.785631999373436
1,4096,1,39,11.72652816772461,11.753165163099766
1,4096,1,40,11.842047691345215,11.870947200804949
1,4096,1,41,11.806816101074219,11.834677774459124
1,4096,1,42,11.755359649658203,11.783454101532698
1,4096,1,43,11.662336349487305,11.689052917063236
1,4096,1,44,11.712896347045898,11.739165987819433
1,4096,1,45,11.730912208557129,11.757665779441595
1,4096,1,46,11.719327926635742,11.746964883059263
1,4096,1,47,11.812000274658203,11.83942798525095
1,4096,1,48,11.790752410888672,11.819103267043829
1,4096,1,49,11.70035171508789,11.726702097803354
1,4096,1,50,11.70355224609375,11.729469057172537
1,4096,1,51,11.600128173828125,11.626882944256067
1,4096,1,52,11.762304306030273,11.789817828685045
1,4096,1,53,11.760448455810547,11.786698829382658
1,4096,1,54,11.744959831237793,11.77208824083209
1,4096,1,55,11.723999977111816,11.75089692696929
1,4096,1,56,11.905599594116211,11.932773981243372
1,4096,1,57,11.776415824890137,11.805211659520864
1,4096,1,58,11.817119598388672,11.843860149383545
1,4096,1,59,11.720959663391113,11.748929042369127
1,4096,1,60,11.838496208190918,11.865846812725067
1,4096,1,61,11.789504051208496,11.819683015346527
1,4096,1,62,11.864031791687012,11.890717316418886
1,4096,1,63,11.893888473510742,11.920550838112831
1,4096,2,1,12.06112003326416,12.094207108020782
1,4096,2,2,11.762880325317383,11.79066114127636
1,4096,2,3,11.690079689025879,11.716516222804785
1,4096,2,4,11.728575706481934,11.754232924431562
1,4096,2,5,11.601375579833984,11.626524850726128
1,4096,2,6,11.650208473205566,11.675307992845774
1,4096,2,7,11.68454360961914,11.71010173857212
1,4096,2,8,11.80288028717041,11.829180177301168
1,4096,2,9,11.684224128723145,11.71152200549841
1,4096,2,10,11.673983573913574,11.700153350830078
1,4096,2,11,11.6779203414917,11.703058145940304
1,4096,2,12,11.673279762268066,11.698443442583084
1,4096,2,13,11.634367942810059,11.659346986562014
1,4096,2,14,11.664928436279297,11.689737904816866
1,4096,2,15,11.548064231872559,11.572077870368958
1,4096,2,16,11.558208465576172,11.58254686743021
1,4096,2,17,11.517312049865723,11.54306810349226
1,4096,2,18,11.468352317810059,11.49207865819335
1,4096,2,19,11.43273639678955,11.45655196160078
1,4096,2,20,11.56822395324707,11.591974645853043
1,4096,2,21,11.484992027282715,11.509527917951345
1,4096,2,22,11.630816459655762,11.65552856400609
1,4096,2,23,12.741375923156738,12.76532094925642
1,4096,2,24,11.477888107299805,11.502491310238838
1,4096,2,25,11.483776092529297,11.507570277899504
1,4096,2,26,11.504159927368164,11.52855297550559
1,4096,2,27,11.433856010437012,11.456871870905161
1,4096,2,28,11.350175857543945,11.373623739928007
1,4096,2,29,21.263519287109375,21.289255935698748
1,4096,2,30,13.75267219543457,13.780709821730852
1,4096,2,31,11.572128295898438,11.59604825079441
1,4096,2,32,11.398367881774902,11.42170187085867
1,4096,2,33,11.36684799194336,11.390793602913618
1,4096,2,34,11.383999824523926,11.406701989471912
1,4096,2,35,11.417375564575195,11.440696194767952
1,4096,2,36,11.526559829711914,11.55111100524664
1,4096,2,37,11.572575569152832,11.597384233027697
1,4096,2,38,11.456576347351074,11.479728855192661
1,4096,2,39,11.762144088745117,11.785601265728474
1,4096,2,40,11.552096366882324,11.575555894523859
1,4096,2,41,11.359295845031738,11.383141856640577
1,4096,2,42,11.475456237792969,11.499303858727217
1,4096,2,43,11.341856002807617,11.365922167897224
1,4096,2,44,11.389439582824707,11.41263684257865
1,4096,2,45,13.6080322265625,13.640251941978931
1,4096,2,46,20.520832061767578,20.565433893352747
1,4096,2,47,12.794303894042969,12.82227411866188
1,4096,2,48,11.368800163269043,11.391537729650736
1,4096,2,49,11.409728050231934,11.433485895395279
1,4096,2,50,11.409024238586426,11.433936655521393
1,4096,2,51,11.389504432678223,11.415096931159496
1,4096,2,52,11.500960350036621,11.527182999998331
1,4096,2,53,11.593888282775879,11.619637720286846
1,4096,2,54,11.596863746643066,11.621918994933367
1,4096,2,55,11.596672058105469,11.622163001447916
1,4096,2,56,11.523103713989258,11.548571288585663
1,4096,2,57,11.550432205200195,11.577341239899397
1,4096,2,58,11.541664123535156,11.569006834179163
1,4096,2,59,11.548447608947754,11.573832016438246
1,4096,2,60,11.718879699707031,11.745291762053967
1,4096,2,61,11.656576156616211,11.682500131428242
1,4096,2,62,11.603327751159668,11.629300191998482
1,4096,2,63,11.594079971313477,11.619500815868378
1,4096,3,1,12.382047653198242,12.421451043337584
1,4096,3,2,11.89577579498291,11.922424659132957
1,4096,3,3,11.779359817504883,11.804500129073858
1,4096,3,4,11.78332805633545,11.807681992650032
1,4096,3,5,11.958815574645996,11.984048876911402
1,4096,3,6,11.71401596069336,11.73990173265338
1,4096,3,7,11.775967597961426,11.803030036389828
1,4096,3,8,11.831904411315918,11.857341043651104
1,4096,3,9,11.778976440429688,11.806475929915905
1,4096,3,10,11.806495666503906,11.835825629532337
1,4096,3,11,11.780511856079102,11.80770667269826
1,4096,3,12,11.808320045471191,11.835990007966757
1,4096,3,13,11.806464195251465,11.834672186523676
1,4096,3,14,11.884927749633789,11.913045775145292
1,4096,3,15,11.770719528198242,11.799173895269632
1,4096,3,16,11.955488204956055,11.985127348452806
1,4096,3,17,11.928095817565918,11.956112924963236
1,4096,3,18,11.85580825805664,11.884929146617651
1,4096,3,19,11.92585563659668,11.956630740314722
1,4096,3,20,11.86956787109375,11.899091303348541
1,4096,3,21,11.792415618896484,11.82064600288868
1,4096,3,22,11.945504188537598,11.974208988249302
1,4096,3,23,11.933216094970703,11.962336953729391
1,4096,3,24,11.849151611328125,11.87668414786458
1,4096,3,25,11.742079734802246,11.77047798410058
1,4096,3,26,11.882240295410156,11.90925296396017
1,4096,3,27,11.845279693603516,11.874818708747625
1,4096,3,28,11.892704010009766,11.922495905309916
1,4096,3,29,11.839424133300781,11.867596302181482
1,4096,3,30,11.855744361877441,11.883041355758905
1,4096,3,31,11.933279991149902,11.960600968450308
1,4096,3,32,11.924384117126465,11.951989028602839
1,4096,3,33,11.882719993591309,11.911602225154638
1,4096,3,34,12.268351554870605,12.298547197133303
1,4096,3,35,11.889535903930664,11.918853037059307
1,4096,3,36,11.979071617126465,12.00720714405179
1,4096,3,37,11.929759979248047,11.95797836408019
1,4096,3,38,11.811136245727539,11.837768834084272
1,4096,3,39,11.865920066833496,11.893677059561014
1,4096,3,40,12.019743919372559,12.048678006976843
1,4096,3,41,11.932255744934082,11.960543692111969
1,4096,3,42,12.000160217285156,12.030224781483412
1,4096,3,43,12.118847846984863,12.1469059959054
1,4096,3,44,11.930912017822266,11.959508992731571
1,4096,3,45,11.749119758605957,11.777647770941257
1,4096,3,46,11.976256370544434,12.004327960312366
1,4096,3,47,11.785183906555176,11.812672950327396
1,4096,3,48,11.84985637664795,11.877178214490414
1,4096,3,49,11.72060775756836,11.748472228646278
1,4096,3,50,11.803999900817871,11.832674033939838
1,4096,3,51,11.861824035644531,11.890459805727005
1,4096,3,52,11.770496368408203,11.80151291191578
1,4096,3,53,11.856608390808105,11.885720305144787
1,4096,3,54,11.901215553283691,11.929103638976812
1,4096,3,55,11.887455940246582,11.915852315723896
1,4096,3,56,12.000032424926758,12.027028948068619
1,4096,3,57,11.798303604125977,11.825427878648043
1,4096,3,58,11.822175979614258,11.849694885313511
1,4096,3,59,11.840928077697754,11.869147885590792
1,4096,3,60,11.885791778564453,11.914517730474472
1,4096,3,61,11.867232322692871,11.89954113215208
1,4096,3,62,11.921407699584961,11.951371096074581
1,4096,3,63,11.83011245727539,11.863595806062222
1,4096,4,1,12.168543815612793,12.209065724164248
1,4096,4,2,12.046784400939941,12.074433267116547
1,4096,4,3,11.921631813049316,11.94960717111826
1,4096,4,4,12.04207992553711,12.071994133293629
1,4096,4,5,12.011839866638184,12.038399931043386
1,4096,4,6,11.867456436157227,11.895406059920788
1,4096,4,7,11.949119567871094,11.975791770964861
1,4096,4,8,11.874815940856934,11.901992838829756
1,4096,4,9,11.913375854492188,11.941532138735056
1,4096,4,10,12.01142406463623,12.03819364309311
1,4096,4,11,11.914719581604004,11.941860895603895
1,4096,4,12,11.920000076293945,11.949390172958374
1,4096,4,13,11.859199523925781,11.888046283274889
1,4096,4,14,11.836640357971191,11.86581701040268
1,4096,4,15,11.875295639038086,11.904133018106222
1,4096,4,16,11.869888305664062,11.898665223270655
1,4096,4,17,11.99948787689209,12.034781742841005
1,4096,4,18,11.985024452209473,12.013589963316917
1,4096,4,19,11.894111633300781,11.922243051230907
1,4096,4,20,11.911199569702148,11.938632000237703
1,4096,4,21,11.853440284729004,11.882615275681019
1,4096,4,22,12.161952018737793,12.19033682718873
1,4096,4,23,12.040255546569824,12.068187817931175
1,4096,4,24,11.931488037109375,11.95985497906804
1,4096,4,25,11.89737606048584,11.92531967535615
1,4096,4,26,11.895615577697754,11.923025827854872
1,4096,4,27,11.783007621765137,11.812293902039528
1,4096,4,28,11.795328140258789,11.82323694229126
1,4096,4,29,11.758848190307617,11.78887439891696
1,4096,4,30,11.865823745727539,11.894111055880785
1,4096,4,31,11.986016273498535,12.014216743409634
1,4096,4,32,11.892831802368164,11.921165976673365
1,4096,4,33,11.887552261352539,11.916177812963724
1,4096,4,34,11.880895614624023,11.910149827599525
1,4096,4,35,11.834431648254395,11.862780898809433
1,4096,4,36,11.926688194274902,11.956130154430866
1,4096,4,37,12.008288383483887,12.036377098411322
1,4096,4,38,11.937503814697266,11.966442223638296
1,4096,4,39,11.977184295654297,12.005239725112915
1,4096,4,40,11.97372817993164,12.002286966890097
1,4096,4,41,11.764512062072754,11.791917029768229
1,4096,4,42,11.84447956085205,11.873285286128521
1,4096,4,43,11.79526424407959,11.823421344161034
1,4096,4,44,11.810848236083984,11.840710882097483
1,4096,4,45,11.877663612365723,11.906166095286608
1,4096,4,46,11.723711967468262,11.754547245800495
1,4096,4,47,11.67692756652832,11.703700758516788
1,4096,4,48,11.816384315490723,11.844315100461245
1,4096,4,49,11.772992134094238,11.799845844507217
1,4096,4,50,11.725215911865234,11.753720697015524
1,4096,4,51,11.774304389953613,11.803130153566599
1,4096,4,52,11.827008247375488,11.85676921159029
1,4096,4,53,11.825087547302246,11.854075826704502
1,4096,4,54,11.800288200378418,11.8297110311687
1,4096,4,55,11.816991806030273,11.84653490781784
1,4096,4,56,11.957280158996582,11.98567496612668
1,4096,4,57,11.926688194274902,11.955874972045422
1,4096,4,58,11.852288246154785,11.881830170750618
1,4096,4,59,11.771903991699219,11.800490785390139
1,4096,4,60,11.893792152404785,11.923347134143114
1,4096,4,61,11.854016304016113,11.88339339569211
1,4096,4,62,11.875328063964844,11.904381215572357
1,4096,4,63,11.843040466308594,11.872872244566679
1,4096,5,1,12.10927963256836,12.146559078246355
1,4096,5,2,11.96895980834961,11.997027788311243
1,4096,5,3,11.85315227508545,11.880381964147091
1,4096,5,4,11.938272476196289,11.965984012931585
1,4096,5,5,11.904255867004395,11.933107860386372
1,4096,5,6,11.95680046081543,11.984594166278839
1,4096,5,7,11.790271759033203,11.818348430097103
1,4096,5,8,11.888031959533691,11.91575126722455
1,4096,5,9,11.920255661010742,11.948683764785528
1,4096,5,10,12.000191688537598,12.02847296372056
1,4096,5,11,11.836640357971191,11.865787673741579
1,4096,5,12,11.937824249267578,11.967541184276342
1,4096,5,13,11.82528018951416,11.851815041154623
1,4096,5,14,12.124992370605469,12.15345412492752
1,4096,5,15,11.94591999053955,11.975308414548635
1,4096,5,16,11.969535827636719,11.997639201581478
1,4096,5,17,11.871199607849121,11.898690834641457
1,4096,5,18,11.816160202026367,11.845254339277744
1,4096,5,19,11.923392295837402,11.950778774917126
1,4096,5,20,11.877471923828125,11.905948165804148
1,4096,5,21,11.833888053894043,11.860977858304977
1,4096,5,22,11.859071731567383,11.88719691708684
1,4096,5,23,12.009056091308594,12.039920315146446
1,4096,5,24,12.039584159851074,12.067792005836964
1,4096,5,25,11.896448135375977,11.925396043807268
1,4096,5,26,12.360128402709961,12.387479655444622
1,4096,5,27,11.920160293579102,11.9511759839952
1,4096,5,28,11.972991943359375,12.00065528973937
1,4096,5,29,11.870431900024414,11.897140182554722
1,4096,5,30,11.880928039550781,11.907305102795362
1,4096,5,31,11.875295639038086,11.904344893991947
1,4096,5,32,11.795295715332031,11.827672831714153
1,4096,5,33,11.709600448608398,11.736429762095213
1,4096,5,34,11.845439910888672,11.871288996189833
1,4096,5,35,11.760576248168945,11.788774747401476
1,4096,5,36,11.896224021911621,11.924521997570992
1,4096,5,37,11.745216369628906,11.77104189991951
1,4096,5,38,11.832736015319824,11.858873069286346
1,4096,5,39,11.622976303100586,11.649174150079489
1,4096,5,40,11.729472160339355,11.757498141378164
1,4096,5,41,11.683103561401367,11.709942948073149
1,4096,5,42,11.796575546264648,11.8267429061234
1,4096,5,43,11.719391822814941,11.746909935027361
1,4096,5,44,11.977919578552246,12.004407122731209
1,4096,5,45,11.777376174926758,11.805258225649595
1,4096,5,46,11.894816398620605,11.921894270926714
1,4096,5,47,11.661824226379395,11.688930913805962
1,4096,5,48,11.775424003601074,11.80374901741743
1,4096,5,49,11.796128273010254,11.823059059679508
1,4096,5,50,11.869824409484863,11.896634008735418
1,4096,5,51,11.790719985961914,11.819048784673214
1,4096,5,52,11.836352348327637,11.864634230732918
1,4096,5,53,11.796480178833008,11.829142924398184
1,4096,5,54,11.807295799255371,11.834756005555391
1,4096,5,55,11.80297565460205,11.830865871161222
1,4096,5,56,12.015680313110352,12.04421604052186
1,4096,5,57,11.897024154663086,11.926705949008465
1,4096,5,58,12.224127769470215,12.251375243067741
1,4096,5,59,11.878560066223145,11.906520929187536
1,4096,5,60,11.988672256469727,12.01739814132452
1,4096,5,61,11.899935722351074,11.927235871553421
1,4096,5,62,12.49129581451416,12.518560979515314
1,4096,5,63,12.334976196289062,12.362154200673103
1,4096,6,1,12.01353645324707,12.043219059705734
1,4096,6,2,11.923839569091797,11.952209752053022
1,4096,6,3,11.9137601852417,11.941634118556976
1,4096,6,4,11.877152442932129,11.905245017260313
1,4096,6,5,12.812512397766113,12.841206975281239
1,4096,6,6,12.286208152770996,12.314972002059221
1,4096,6,7,11.766783714294434,11.793754063546658
1,4096,6,8,12.03439998626709,12.065230868756771
1,4096,6,9,11.89948844909668,11.927273124456406
1,4096,6,10,11.960576057434082,11.988921090960503
1,4096,6,11,21.167200088500977,21.196492947638035
1,4096,6,12,15.373696327209473,15.408830251544714
1,4096,6,13,12.002047538757324,12.029982171952724
1,4096,6,14,11.822912216186523,11.849581263959408
1,4096,6,15,11.712896347045898,11.740566231310368
1,4096,6,16,11.934016227722168,11.964364908635616
1,4096,6,17,11.981023788452148,12.010002043098211
1,4096,6,18,11.936415672302246,11.96605758741498
1,4096,6,19,11.929984092712402,11.957730166614056
1,4096,6,20,12.007200241088867,12.042801827192307
1,4096,6,21,11.801952362060547,11.830796021968126
1,4096,6,22,11.99516773223877,12.022763025015593
1,4096,6,23,12.035455703735352,12.062827125191689
1,4096,6,24,11.988991737365723,12.019942980259657
1,4096,6,25,11.876799583435059,11.90596492961049
1,4096,6,26,12.014623641967773,12.042879126966
1,4096,6,27,11.85433578491211,11.882883962243795
1,4096,6,28,11.826175689697266,11.854674201458693
1,4096,6,29,11.947551727294922,11.976100038737059
1,4096,6,30,11.846559524536133,11.874057818204165
1,4096,6,31,11.867263793945312,11.894149240106344
1,4096,6,32,11.938688278198242,11.967964004725218
1,4096,6,33,12.050623893737793,12.078795582056046
1,4096,6,34,11.950336456298828,11.98069378733635
1,4096,6,35,11.968992233276367,11.99634000658989
1,4096,6,36,11.909215927124023,11.942354030907154
1,4096,6,37,11.867391586303711,11.894907802343369
1,4096,6,38,11.876288414001465,11.904151178896427
1,4096,6,39,11.887807846069336,11.915715876966715
1,4096,6,40,11.767295837402344,11.796718928962946
1,4096,6,41,11.761983871459961,11.79052283987403
1,4096,6,42,11.791744232177734,11.819138191640377
1,4096,6,43,11.72815990447998,11.755303014069796
1,4096,6,44,11.812640190124512,11.840270832180977
1,4096,6,45,11.862688064575195,11.889059096574783
1,4096,6,46,11.66982364654541,11.695925146341324
1,4096,6,47,11.770879745483398,11.797240935266018
1,4096,6,48,11.760128021240234,11.786958202719688
1,4096,6,49,11.678815841674805,11.707152239978313
1,4096,6,50,11.832672119140625,11.861265636980534
1,4096,6,51,11.860896110534668,11.88808586448431
1,4096,6,52,11.763039588928223,11.790937278419733
1,4096,6,53,11.878751754760742,11.908145155757666
1,4096,6,54,11.888447761535645,11.917205061763525
1,4096,6,55,11.86854362487793,11.896960437297821
1,4096,6,56,11.86736011505127,11.894975323230028
1,4096,6,57,11.783967971801758,11.811745818704367
1,4096,6,58,11.861503601074219,11.888342909514904
1,4096,6,59,11.873824119567871,11.902009136974812
1,4096,6,60,11.906144142150879,11.93429809063673
1,4096,6,61,11.87007999420166,11.898286174982786
1,4096,6,62,11.863167762756348,11.89134456217289
1,4096,6,63,11.880448341369629,11.908499989658594
8,128,0,1,12.34937572479248,12.384794652462006
8,128,0,2,12.219488143920898,12.247614096850157
8,128,0,3,12.038751602172852,12.065195944160223
8,128,0,4,12.153792381286621,12.181587982922792
8,128,0,5,12.20083236694336,12.227884959429502
8,128,0,6,12.088959693908691,12.118136044591665
8,128,0,7,12.29321575164795,12.320934794843197
8,128,0,8,12.09552001953125,12.121185194700956
8,128,0,9,12.109600067138672,12.13658694177866
8,128,0,10,12.196672439575195,12.230319902300835
8,128,0,11,12.279775619506836,12.309506069868803
8,128,0,12,12.176511764526367,12.203979771584272
8,128,0,13,12.139776229858398,12.167968787252903
8,128,0,14,12.179455757141113,12.20847899094224
8,128,0,15,12.147456169128418,12.175078969448805
8,128,0,16,12.142175674438477,12.171025853604078
8,128,0,17,12.045344352722168,12.0745156891644
8,128,0,18,12.123104095458984,12.15072674676776
8,128,0,19,12.0731840133667,12.100431136786938
8,128,0,20,12.134400367736816,12.163134757429361
8,128,0,21,12.111776351928711,12.139095924794674
8,128,0,22,12.122976303100586,12.1519910171628
8,128,0,23,12.112640380859375,12.140193954110146
8,128,0,24,12.073408126831055,12.102305889129639
8,128,0,25,12.107872009277344,12.135908007621765
8,128,0,26,12.078271865844727,12.111290358006954
8,128,0,27,12.344256401062012,12.37308420240879
8,128,0,28,12.046112060546875,12.074257247149944
8,128,0,29,12.065664291381836,12.094859965145588
8,128,0,30,12.242143630981445,12.273982167243958
8,128,0,31,12.076255798339844,12.105111964046955
8,128,0,32,12.07811164855957,12.105574365705252
8,128,0,33,12.107616424560547,12.135269120335579
8,128,0,34,12.082176208496094,12.110003270208836
8,128,0,35,12.179167747497559,12.207997031509876
8,128,0,36,13.369215965270996,13.400792609900236
8,128,0,37,12.102592468261719,12.131709139794111
8,128,0,38,12.156767845153809,12.185373809188604
8,128,0,39,12.097344398498535,12.12697010487318
8,128,0,40,12.175968170166016,12.205828912556171
8,128,0,41,16.406047821044922,16.439696308225393
8,128,0,42,20.29248046875,20.339834969490767
8,128,0,43,13.111616134643555,13.143088202923536
8,128,0,44,12.316608428955078,12.344805058091879
8,128,0,45,12.160736083984375,12.187765911221504
8,128,0,46,12.141887664794922,12.170803267508745
8,128,0,47,12.109696388244629,12.138695921748877
8,128,0,48,12.061792373657227,12.08949601277709
8,128,0,49,12.029791831970215,12.056949082762003
8,128,0,50,12.141087532043457,12.168814893811941
8,128,0,51,13.666655540466309,13.694638852030039
8,128,0,52,12.072704315185547,12.100152671337128
8,128,0,53,12.061216354370117,12.088857125490904
8,128,0,54,12.257696151733398,12.286118231713772
8,128,0,55,12.07817554473877,12.107210233807564
8,128,0,56,14.168095588684082,14.207832980901003
8,128,0,57,22.498048782348633,22.551678121089935
8,128,0,58,13.20412826538086,13.23715690523386
8,128,0,59,12.171008110046387,12.198099866509438
8,128,0,60,12.191743850708008,12.219598051160574
8,128,0,61,12.149184226989746,12.177679687738419
8,128,0,62,12.146976470947266,12.174746952950954
8,128,0,63,12.19644832611084,12.223812751471996
8,128,1,1,12.520832061767578,12.55215285345912
8,128,1,2,12.106240272521973,12.13350985199213
8,128,1,3,12.055007934570312,12.082312256097794
8,128,1,4,12.061152458190918,12.089532800018787
8,128,1,5,12.074175834655762,12.102269101887941
8,128,1,6,12.136063575744629,12.164559215307236
8,128,1,7,12.19711971282959,12.224674224853516
8,128,1,8,12.067904472351074,12.097304686903954
8,128,1,9,12.112288475036621,12.140822131186724
8,128,1,10,12.056447982788086,12.084213085472584
8,128,1,11,12.069439888000488,12.095947749912739
8,128,1,12,12.017727851867676,12.045851908624172
8,128,1,13,11.99283218383789,12.01929384842515
8,128,1,14,12.135904312133789,12.163776904344559
8,128,1,15,12.22435188293457,12.251867912709713
8,128,1,16,12.178303718566895,12.205138802528381
8,128,1,17,12.036160469055176,12.063073925673962
8,128,1,18,12.090368270874023,12.117800768464804
8,128,1,19,12.136128425598145,12.162650935351849
8,128,1,20,11.989503860473633,12.01657298952341
8,128,1,21,11.996352195739746,12.021803762763739
8,128,1,22,11.948479652404785,11.97438221424818
8,128,1,23,12.307456016540527,12.335570994764566
8,128,1,24,12.078271865844727,12.105634901672602
8,128,1,25,12.003199577331543,12.029326986521482
8,128,1,26,11.833439826965332,11.858297977596521
8,128,1,27,11.88047981262207,11.904805898666382
8,128,1,28,11.814144134521484,11.840134859085083
8,128,1,29,11.7423677444458,11.76724024116993
8,128,1,30,11.82204818725586,11.847045738250017
8,128,1,31,11.760576248168945,11.784207075834274
8,128,1,32,11.771103858947754,11.795265134423971
8,128,1,33,11.848928451538086,11.871829628944397
8,128,1,34,11.710432052612305,11.733350344002247
8,128,1,35,11.796575546264648,11.819927021861076
8,128,1,36,11.69212818145752,11.714514810591936
8,128,1,37,11.637727737426758,11.661708820611238
8,128,1,38,11.73862361907959,11.762277223169804
8,128,1,39,11.678751945495605,11.701887007802725
8,128,1,40,11.89299201965332,11.918169911950827
8,128,1,41,11.80185604095459,11.824857909232378
8,128,1,42,11.890624046325684,11.913944035768509
8,128,1,43,11.752448081970215,11.77614415064454
8,128,1,44,11.781567573547363,11.804874055087566
8,128,1,45,11.705408096313477,11.734411586076021
8,128,1,46,11.749664306640625,11.773208621889353
8,128,1,47,11.75376033782959,11.777651961892843
8,128,1,48,11.775327682495117,11.799397878348827
8,128,1,49,11.76307201385498,11.78825180977583
8,128,1,50,11.763711929321289,11.787142138928175
8,128,1,51,11.781311988830566,11.805427726358175
8,128,1,52,11.674431800842285,11.698671150952578
8,128,1,53,11.722016334533691,11.745420284569263
8,128,1,54,11.683232307434082,11.708797886967659
8,128,1,55,11.682144165039062,11.705948039889336
8,128,1,56,11.669471740722656,11.692429892718792
8,128,1,57,11.630080223083496,11.652577202767134
8,128,1,58,11.59216022491455,11.615223716944456
8,128,1,59,11.6812162399292,11.703663971275091
8,128,1,60,11.645600318908691,11.667949613183737
8,128,1,61,11.629247665405273,11.651675682514906
8,128,1,62,11.591039657592773,11.614947114139795
8,128,1,63,11.605631828308105,11.628854088485241
8,128,2,1,11.890336036682129,11.915090959519148
8,128,2,2,11.684160232543945,11.707266792654991
8,128,2,3,11.647520065307617,11.67073892429471
8,128,2,4,11.704544067382812,11.727186851203442
8,128,2,5,11.69593620300293,11.720165610313416
8,128,2,6,11.720000267028809,11.743577662855387
8,128,2,7,11.704383850097656,11.727409902960062
8,128,2,8,11.654784202575684,11.678060051053762
8,128,2,9,11.670751571655273,11.693188920617104
8,128,2,10,11.65078353881836,11.673194821923971
8,128,2,11,11.703871726989746,11.72676170244813
8,128,2,12,11.685919761657715,11.708850041031837
8,128,2,13,11.803008079528809,11.826295405626297
8,128,2,14,11.725983619689941,11.749218683689833
8,128,2,15,11.869279861450195,11.893654242157936
8,128,2,16,11.693920135498047,11.718362104147673
8,128,2,17,11.726271629333496,11.750692967325449
8,128,2,18,11.71667194366455,11.740484274923801
8,128,2,19,11.833312034606934,11.856396216899157
8,128,2,20,11.492064476013184,11.515085119754076
8,128,2,21,11.635071754455566,11.658723931759596
8,128,2,22,11.82198429107666,11.847115121781826
8,128,2,23,11.781855583190918,11.806000024080276
8,128,2,24,11.712512016296387,11.73673290759325
8,128,2,25,11.703871726989746,11.727038770914078
8,128,2,26,11.574080467224121,11.59815676510334
8,128,2,27,11.71008014678955,11.734429281204939
8,128,2,28,11.907615661621094,11.93270506337285
8,128,2,29,11.884960174560547,11.908769141882658
8,128,2,30,11.774687767028809,11.798582039773464
8,128,2,31,11.72873592376709,11.753488797694445
8,128,2,32,11.692864418029785,11.71627826988697
8,128,2,33,11.645119667053223,11.668555904179811
8,128,2,34,11.606143951416016,11.630528140813112
8,128,2,35,11.70956802368164,11.733722873032093
8,128,2,36,11.74351978302002,11.768873780965805
8,128,2,37,11.711392402648926,11.735348030924797
8,128,2,38,12.4236478805542,12.450784910470247
8,128,2,39,12.224320411682129,12.254321947693825
8,128,2,40,12.016544342041016,12.043029069900513
8,128,2,41,11.904031753540039,11.930473614484072
8,128,2,42,23.38092803955078,23.40732980519533
8,128,2,43,13.546143531799316,13.574433978646994
8,128,2,44,11.734848022460938,11.759073007851839
8,128,2,45,11.686240196228027,11.710861697793007
8,128,2,46,11.888671875,11.915829963982105
8,128,2,47,11.932640075683594,11.957359034568071
8,128,2,48,11.777471542358398,11.802113149315119
8,128,2,49,11.786591529846191,11.810841038823128
8,128,2,50,11.83471965789795,11.858530342578888
8,128,2,51,11.798848152160645,11.823408305644989
8,128,2,52,11.820575714111328,11.846000328660011
8,128,2,53,12.985535621643066,13.011062052100897
8,128,2,54,11.930815696716309,11.956780683249235
8,128,2,55,11.957759857177734,11.985116638243198
8,128,2,56,11.817919731140137,11.843653861433268
8,128,2,57,17.18070411682129,17.209889367222786
8,128,2,58,18.58585548400879,18.625088967382908
8,128,2,59,12.833375930786133,12.862942181527615
8,128,2,60,12.14140796661377,12.168723158538342
8,128,2,61,12.086432456970215,12.113470118492842
8,128,2,62,11.97107219696045,11.99928019195795
8,128,2,63,12.019583702087402,12.04511895775795
8,128,3,1,12.360992431640625,12.39609532058239
8,128,3,2,12.098655700683594,12.127578724175692
8,128,3,3,12.14361572265625,12.169536668807268
8,128,3,4,12.112671852111816,12.138923164457083
8,128,3,5,11.99779224395752,12.025623116642237
8,128,3,6,11.937952041625977,11.96335768327117
8,128,3,7,12.085503578186035,12.112176045775414
8,128,3,8,12.009984016418457,12.037570122629404
8,128,3,9,12.057536125183105,12.084468267858028
8,128,3,10,12.116512298583984,12.142315041273832
8,128,3,11,12.022303581237793,12.049234006553888
8,128,3,12,12.293984413146973,12.321272864937782
8,128,3,13,12.206527709960938,12.23745895549655
8,128,3,14,12.209695816040039,12.238653842359781
8,128,3,15,12.205408096313477,12.233833782374859
8,128,3,16,12.185152053833008,12.213503010571003
8,128,3,17,12.069664001464844,12.097674887627363
8,128,3,18,12.211551666259766,12.240407057106495
8,128,3,19,12.151519775390625,12.179342098534107
8,128,3,20,12.152447700500488,12.17928295955062
8,128,3,21,12.150591850280762,12.179819867014885
8,128,3,22,12.142911911010742,12.171166948974133
8,128,3,23,12.196160316467285,12.22385698929429
8,128,3,24,12.126272201538086,12.15495727956295
8,128,3,25,12.22326374053955,12.251175940036774
8,128,3,26,12.19264030456543,12.220258358865976
8,128,3,27,12.224127769470215,12.251685839146376
8,128,3,28,12.195775985717773,12.22452474758029
8,128,3,29,12.142271995544434,12.175093870609999
8,128,3,30,12.101696014404297,12.129758019000292
8,128,3,31,12.114336013793945,12.142116203904152
8,128,3,32,12.113887786865234,12.141565792262554
8,128,3,33,12.186112403869629,12.213233858346939
8,128,3,34,12.088607788085938,12.115647085011005
8,128,3,35,12.041760444641113,12.06946698948741
8,128,3,36,12.083680152893066,12.112565338611603
8,128,3,37,12.172351837158203,12.200524099171162
8,128,3,38,12.078751564025879,12.107101734727621
8,128,3,39,12.016863822937012,12.044494971632957
8,128,3,40,12.19001579284668,12.218535412102938
8,128,3,41,12.149727821350098,12.177582830190659
8,128,3,42,12.027327537536621,12.055275961756706
8,128,3,43,12.188960075378418,12.217015959322453
8,128,3,44,12.266752243041992,12.295350898057222
8,128,3,45,12.123871803283691,12.15181965380907
8,128,3,46,12.162752151489258,12.192117050290108
8,128,3,47,12.322303771972656,12.350075878202915
8,128,3,48,12.179936408996582,12.207812163978815
8,128,3,49,12.125727653503418,12.154615018516779
8,128,3,50,12.12662410736084,12.154513038694859
8,128,3,51,12.243616104125977,12.272211257368326
8,128,3,52,12.130111694335938,12.157585937529802
8,128,3,53,12.285632133483887,12.314355000853539
8,128,3,54,12.14089584350586,12.170324102044106
8,128,3,55,12.17296028137207,12.199659366160631
8,128,3,56,12.247455596923828,12.275440152734518
8,128,3,57,12.180352210998535,12.209780048578978
8,128,3,58,12.167903900146484,12.197121977806091
8,128,3,59,12.33414363861084,12.361834291368723
8,128,3,60,12.255904197692871,12.284379918128252
8,128,3,61,12.331263542175293,12.360503431409597
8,128,3,62,12.121439933776855,12.150581926107407
8,128,3,63,12.205216407775879,12.233017943799496
8,128,4,1,12.514495849609375,12.547359801828861
8,128,4,2,12.151776313781738,12.179323006421328
8,128,4,3,12.162688255310059,12.195724993944168
8,128,4,4,12.285823822021484,12.314916122704744
8,128,4,5,12.180543899536133,12.211595196276903
8,128,4,6,12.131199836730957,12.158522382378578
8,128,4,7,12.084287643432617,12.111308984458447
8,128,4,8,12.207200050354004,12.241752818226814
8,128,4,9,12.159711837768555,12.18791725113988
8,128,4,10,12.257408142089844,12.28547003120184
8,128,4,11,12.182656288146973,12.210683897137642
8,128,4,12,12.157983779907227,12.186183128505945
8,128,4,13,12.2326078414917,12.26271502673626
8,128,4,14,12.221856117248535,12.249366380274296
8,128,4,15,12.116512298583984,12.14771717786789
8,128,4,16,12.043456077575684,12.07105303183198
8,128,4,17,12.02940845489502,12.057185173034668
8,128,4,18,12.344639778137207,12.372288852930069
8,128,4,19,12.209471702575684,12.237942777574062
8,128,4,20,12.136672019958496,12.164499145001173
8,128,4,21,12.226335525512695,12.2553501278162
8,128,4,22,12.149087905883789,12.177333701401949
8,128,4,23,12.203455924987793,12.232632841914892
8,128,4,24,12.1976318359375,12.225721962749958
8,128,4,25,12.337247848510742,12.365202885121107
8,128,4,26,13.602304458618164,13.63086188212037
8,128,4,27,12.457695960998535,12.48628692701459
8,128,4,28,12.14896011352539,12.17597397044301
8,128,4,29,12.134655952453613,12.16464163735509
8,128,4,30,12.121472358703613,12.148709036409855
8,128,4,31,17.252479553222656,17.286257818341255
8,128,4,32,19.86457633972168,19.91030527278781
8,128,4,33,13.226271629333496,13.256671838462353
8,128,4,34,12.130047798156738,12.158261612057686
8,128,4,35,12.16643238067627,12.195981107652187
8,128,4,36,12.185567855834961,12.214110232889652
8,128,4,37,12.096320152282715,12.123459950089455
8,128,4,38,12.232512474060059,12.260344810783863
8,128,4,39,12.13702392578125,12.165585067123175
8,128,4,40,12.114336013793945,12.143786065280437
8,128,4,41,13.003264427185059,13.031612150371075
8,128,4,42,12.639328002929688,12.66845315694809
8,128,4,43,12.196928024291992,12.224303092807531
8,128,4,44,12.058208465576172,12.086912989616394
8,128,4,45,12.12662410736084,12.15392304584384
8,128,4,46,14.870719909667969,14.905977062880993
8,128,4,47,21.86947250366211,21.922321990132332
8,128,4,48,13.215935707092285,13.249095994979143
8,128,4,49,12.040672302246094,12.069093994796276
8,128,4,50,12.170207977294922,12.198476120829582
8,128,4,51,12.342944145202637,12.372431810945272
8,128,4,52,12.264320373535156,12.292270082980394
8,128,4,53,12.235360145568848,12.263171840459108
8,128,4,54,12.22544002532959,12.253255117684603
8,128,4,55,12.149056434631348,12.177054770290852
8,128,4,56,12.270336151123047,12.297923676669598
8,128,4,57,12.180800437927246,12.209597043693066
8,128,4,58,12.097663879394531,12.125782202929258
8,128,4,59,12.133600234985352,12.163948733359575
8,128,4,60,12.163583755493164,12.190600857138634
8,128,4,61,12.111519813537598,12.139961123466492
8,128,4,62,12.062080383300781,12.09099031984806
8,128,4,63,12.301631927490234,12.329746037721634
8,128,5,1,12.395487785339355,12.429310008883476
8,128,5,2,12.270912170410156,12.30096211656928
8,128,5,3,12.253791809082031,12.28401530534029
8,128,5,4,12.270976066589355,12.300436850637197
8,128,5,5,12.230879783630371,12.258676812052727
8,128,5,6,12.239999771118164,12.267974205315113
8,128,5,7,12.112192153930664,12.138406280428171
8,128,5,8,12.138143539428711,12.16544397175312
8,128,5,9,12.168831825256348,12.197649106383324
8,128,5,10,12.107359886169434,12.136791832745075
8,128,5,11,12.042367935180664,12.071555946022272
8,128,5,12,12.134559631347656,12.161173392087221
8,128,5,13,12.284576416015625,12.311080005019903
8,128,5,14,12.07260799407959,12.100090738385916
8,128,5,15,12.222399711608887,12.250302825123072
8,128,5,16,12.18841552734375,12.215184979140759
8,128,5,17,12.055647850036621,12.084118090569973
8,128,5,18,12.273056030273438,12.302468065172434
8,128,5,19,12.17347240447998,12.201860081404448
8,128,5,20,12.232192039489746,12.26356765255332
8,128,5,21,12.176223754882812,12.204260099679232
8,128,5,22,12.089664459228516,12.118508107960224
8,128,5,23,12.198975563049316,12.227328028529882
8,128,5,24,12.135199546813965,12.163226958364248
8,128,5,25,12.09660816192627,12.124434113502502
8,128,5,26,12.101152420043945,12.128950096666813
8,128,5,27,12.16262435913086,12.192413210868835
8,128,5,28,12.078463554382324,12.106507085263729
8,128,5,29,11.94217586517334,11.969097889959812
8,128,5,30,12.072128295898438,12.099515181034803
8,128,5,31,12.031231880187988,12.058035004884005
8,128,5,32,12.12662410736084,12.155027128756046
8,128,5,33,12.064640045166016,12.092504184693098
8,128,5,34,12.05401611328125,12.080210261046886
8,128,5,35,11.983551979064941,12.010835111141205
8,128,5,36,11.855839729309082,11.880246922373772
8,128,5,37,11.90601634979248,11.929292231798172
8,128,5,38,11.938015937805176,11.96303777396679
8,128,5,39,11.848352432250977,11.873205192387104
8,128,5,40,11.91641616821289,11.941781733185053
8,128,5,41,11.92409610748291,11.950603686273098
8,128,5,42,12.025312423706055,12.053068727254868
8,128,5,43,12.119392395019531,12.14867178350687
8,128,5,44,12.044320106506348,12.074972968548536
8,128,5,45,11.941984176635742,11.967998929321766
8,128,5,46,12.038304328918457,12.066432740539312
8,128,5,47,12.082752227783203,12.109640054404736
8,128,5,48,12.02729606628418,12.053563725203276
8,128,5,49,11.962016105651855,11.98852388188243
8,128,5,50,12.026656150817871,12.053434271365404
8,128,5,51,12.055904388427734,12.082570232450962
8,128,5,52,12.020928382873535,12.04812666401267
8,128,5,53,11.968223571777344,11.996381916105747
8,128,5,54,12.124863624572754,12.152275070548058
8,128,5,55,12.160160064697266,12.188700027763844
8,128,5,56,12.129568099975586,12.15689443051815
8,128,5,57,12.034560203552246,12.061959132552147
8,128,5,58,12.077024459838867,12.10454199463129
8,128,5,59,12.08358383178711,12.112417723983526
8,128,5,60,12.180800437927246,12.210719753056765
8,128,5,61,12.123519897460938,12.151189148426056
8,128,5,62,12.132863998413086,12.160677928477526
8,128,5,63,12.04252815246582,12.069740798324347
8,128,6,1,12.357151985168457,12.387818191200495
8,128,6,2,12.032480239868164,12.066090945154428
8,128,6,3,12.10313606262207,12.131164781749249
8,128,6,4,12.035712242126465,12.064636684954166
8,128,6,5,12.103008270263672,12.130769900977612
8,128,6,6,12.137951850891113,12.165370397269726
8,128,6,7,12.237407684326172,12.265405617654324
8,128,6,8,12.142144203186035,12.170568108558655
8,128,6,9,12.13907241821289,12.166368309408426
8,128,6,10,12.150239944458008,12.177139054983854
8,128,6,11,12.259648323059082,12.28793105110526
8,128,6,12,12.144512176513672,12.172813061624765
8,128,6,13,12.124799728393555,12.152374256402254
8,128,6,14,12.156448364257812,12.183955870568752
8,128,6,15,12.205951690673828,12.233111076056957
8,128,6,16,12.171648025512695,12.206140905618668
8,128,6,17,12.114527702331543,12.143006082624197
8,128,6,18,12.127296447753906,12.155614793300629
8,128,6,19,12.194144248962402,12.222436722368002
8,128,6,20,12.117664337158203,12.145435903221369
8,128,6,21,12.177696228027344,12.205900624394417
8,128,6,22,12.135040283203125,12.163967359811068
8,128,6,23,12.1179838180542,12.146068271249533
8,128,6,24,12.097472190856934,12.12602062150836
8,128,6,25,12.09721565246582,12.125093024224043
8,128,6,26,11.991135597229004,12.018655892461538
8,128,6,27,12.073504447937012,12.102268170565367
8,128,6,28,12.032959938049316,12.06425717100501
8,128,6,29,12.055487632751465,12.08460796624422
8,128,6,30,12.186688423156738,12.214343063533306
8,128,6,31,12.072192192077637,12.099724728614092
8,128,6,32,12.099743843078613,12.12788326665759
8,128,6,33,11.947456359863281,11.974195018410683
8,128,6,34,12.174752235412598,12.201887089759111
8,128,6,35,12.401599884033203,12.430495116859674
8,128,6,36,12.548704147338867,12.579843867570162
8,128,6,37,17.592863082885742,17.624966334551573
8,128,6,38,18.51919937133789,18.559343181550503
8,128,6,39,12.899616241455078,12.929350137710571
8,128,6,40,12.031231880187988,12.060070876032114
8,128,6,41,12.018719673156738,12.046701740473509
8,128,6,42,12.111167907714844,12.139851227402687
8,128,6,43,11.998432159423828,12.025253847241402
8,128,6,44,11.976991653442383,12.002975214272738
8,128,6,45,12.067551612854004,12.094490230083466
8,128,6,46,11.985600471496582,12.011954095214605
8,128,6,47,12.00598430633545,12.0321293361485
8,128,6,48,11.853919982910156,11.880415957421064
8,128,6,49,11.86019229888916,11.885887011885643
8,128,6,50,11.910079956054688,11.936136987060308
8,128,6,51,11.92198371887207,11.948811821639538
8,128,6,52,11.917728424072266,11.943329125642776
8,128,6,53,11.86838436126709,11.89406169578433
8,128,6,54,11.861087799072266,11.886848136782646
8,128,6,55,11.823552131652832,11.848434805870056
8,128,6,56,11.794719696044922,11.819266714155674
8,128,6,57,11.770367622375488,11.79549004882574
8,128,6,58,11.79190444946289,11.816815007477999
8,128,6,59,11.781696319580078,11.80747989565134
8,128,6,60,11.868127822875977,11.892668902873993
8,128,6,61,11.82425594329834,11.848994065076113
8,128,6,62,11.807488441467285,11.83287100866437
8,128,6,63,11.77132797241211,11.796064674854279
8,1024,0,1,16.67286491394043,16.724185086786747
8,1024,0,2,15.460991859436035,15.48931235447526
8,1024,0,3,14.945535659790039,14.971289783716202
8,1024,0,4,14.998687744140625,15.024506021291018
8,1024,0,5,14.96451187133789,14.989716000854969
8,1024,0,6,14.93667221069336,14.961120206862688
8,1024,0,7,14.434432029724121,14.458880294114351
8,1024,0,8,14.452128410339355,14.478718861937523
8,1024,0,9,14.436767578125,14.466071967035532
8,1024,0,10,14.457183837890625,14.484448824077845
8,1024,0,11,14.385984420776367,14.412922784686089
8,1024,0,12,14.570879936218262,14.59752582013607
8,1024,0,13,14.439264297485352,14.467777218669653
8,1024,0,14,14.501983642578125,14.52931808307767
8,1024,0,15,14.426431655883789,14.454599004238844
8,1024,0,16,14.636128425598145,14.667029026895761
8,1024,0,17,14.456480026245117,14.485531020909548
8,1024,0,18,14.60921573638916,14.637106098234653
8,1024,0,19,14.524800300598145,14.553423039615154
8,1024,0,20,14.614432334899902,14.643962029367685
8,1024,0,21,14.492704391479492,14.521647710353136
8,1024,0,22,14.534367561340332,14.562900643795729
8,1024,0,23,14.593440055847168,14.624814037233591
8,1024,0,24,14.652223587036133,14.681396074593067
8,1024,0,25,14.664799690246582,14.6939130499959
8,1024,0,26,14.602911949157715,14.63301433250308
8,1024,0,27,14.632896423339844,14.663401991128922
8,1024,0,28,14.657279968261719,14.684897381812334
8,1024,0,29,14.6146879196167,14.646320603787899
8,1024,0,30,14.555392265319824,14.588658697903156
8,1024,0,31,14.5863037109375,14.615187887102365
8,1024,0,32,14.671232223510742,14.701677020639181
8,1024,0,33,14.62816047668457,14.661464840173721
8,1024,0,34,14.629183769226074,14.657574240118265
8,1024,0,35,14.551168441772461,14.579948037862778
8,1024,0,36,14.751680374145508,14.780579134821892
8,1024,0,37,14.572575569152832,14.603101648390293
8,1024,0,38,14.649727821350098,14.677406754344702
8,1024,0,39,14.5480318069458,14.576684217900038
8,1024,0,40,14.69593620300293,14.72456194460392
8,1024,0,41,14.578207969665527,14.606410171836615
8,1024,0,42,14.580384254455566,14.610532205551863
8,1024,0,43,14.618975639343262,14.647369738668203
8,1024,0,44,14.695039749145508,14.72593005746603
8,1024,0,45,14.63049602508545,14.660233166068792
8,1024,0,46,14.583968162536621,14.611717313528061
8,1024,0,47,14.643263816833496,14.672358985990286
8,1024,0,48,14.707136154174805,14.73712595179677
8,1024,0,49,14.69222354888916,14.722140040248632
8,1024,0,50,14.61241626739502,14.642368070781231
8,1024,0,51,14.599967956542969,14.629472978413105
8,1024,0,52,14.787263870239258,14.817066956311464
8,1024,0,53,14.613439559936523,14.641688205301762
8,1024,0,54,14.708928108215332,14.738153200596571
8,1024,0,55,14.615039825439453,14.643003698438406
8,1024,0,56,14.786016464233398,14.815656002610922
8,1024,0,57,14.644736289978027,14.67584678903222
8,1024,0,58,14.685855865478516,14.715515077114105
8,1024,0,59,14.607935905456543,14.63690772652626
8,1024,0,60,14.800448417663574,14.830416068434715
8,1024,0,61,14.645312309265137,14.677130151540041
8,1024,0,62,14.731807708740234,14.760340098291636
8,1024,0,63,14.63263988494873,14.663087204098701
8,1024,1,1,16.626367568969727,16.682906076312065
8,1024,1,2,15.658432006835938,15.68783214315772
8,1024,1,3,15.6627197265625,15.692786779254675
8,1024,1,4,15.650015830993652,15.68252732977271
8,1024,1,5,14.707263946533203,14.740131329745054
8,1024,1,6,14.572192192077637,14.603159856051207
8,1024,1,7,14.671839714050293,14.703767839819193
8,1024,1,8,21.93052864074707,21.96377795189619
8,1024,1,9,17.00432014465332,17.04166689887643
8,1024,1,10,14.671199798583984,14.702069107443094
8,1024,1,11,14.460800170898438,14.491057023406029
8,1024,1,12,14.628416061401367,14.660571236163378
8,1024,1,13,14.460672378540039,14.490341767668724
8,1024,1,14,14.534463882446289,14.56448808312416
8,1024,1,15,14.451871871948242,14.480636920779943
8,1024,1,16,14.680352210998535,14.711065217852592
8,1024,1,17,14.522944450378418,14.553446788340807
8,1024,1,18,14.63036823272705,14.66094283387065
8,1024,1,19,14.519295692443848,14.55044373869896
8,1024,1,20,14.646688461303711,14.676752034574747
8,1024,1,21,22.842208862304688,22.874040994793177
8,1024,1,22,16.4671688079834,16.50276780128479
8,1024,1,23,14.631711959838867,14.663022011518478
8,1024,1,24,14.660703659057617,14.690427109599113
8,1024,1,25,14.641951560974121,14.67831525951624
8,1024,1,26,14.55072021484375,14.579575974494219
8,1024,1,27,14.600223541259766,14.630033168941736
8,1024,1,28,14.635456085205078,14.670537784695625
8,1024,1,29,14.610048294067383,14.64555924758315
8,1024,1,30,14.549568176269531,14.581309631466866
8,1024,1,31,14.626943588256836,14.659747947007418
8,1024,1,32,14.640447616577148,14.67317109927535
8,1024,1,33,14.617183685302734,14.64914483949542
8,1024,1,34,14.648351669311523,14.677083119750023
8,1024,1,35,14.525247573852539,14.555442612618208
8,1024,1,36,14.764639854431152,14.79498716071248
8,1024,1,37,14.552576065063477,14.58456739783287
8,1024,1,38,14.652031898498535,14.681517146527767
8,1024,1,39,14.569567680358887,14.599843416363
8,1024,1,40,14.76467227935791,14.795402064919472
8,1024,1,41,14.615008354187012,14.646547380834818
8,1024,1,42,14.585184097290039,14.614024199545383
8,1024,1,43,14.62992000579834,14.660637825727463
8,1024,1,44,14.736479759216309,14.76794807240367
8,1024,1,45,14.666560173034668,14.701545238494873
8,1024,1,46,14.599616050720215,14.631481375545263
8,1024,1,47,14.693056106567383,14.725429937243462
8,1024,1,48,14.708319664001465,14.738198835402727
8,1024,1,49,14.648991584777832,14.680202584713697
8,1024,1,50,14.65113639831543,14.681786764413118
8,1024,1,51,14.601887702941895,14.632569160312414
8,1024,1,52,14.80179214477539,14.83201002702117
8,1024,1,53,14.606016159057617,14.638368971645832
8,1024,1,54,14.703840255737305,14.734118711203337
8,1024,1,55,14.613375663757324,14.6439247764647
8,1024,1,56,14.80838394165039,14.838551636785269
8,1024,1,57,14.649312019348145,14.68159118667245
8,1024,1,58,14.720319747924805,14.749373309314251
8,1024,1,59,14.618656158447266,14.650174882262945
8,1024,1,60,14.806655883789062,14.836499001830816
8,1024,1,61,14.62492847442627,14.65348107740283
8,1024,1,62,14.715904235839844,14.748315792530775
8,1024,1,63,14.622655868530273,14.65348294004798
8,1024,2,1,16.594175338745117,16.638072207570076
8,1024,2,2,15.1278076171875,15.16165304929018
8,1024,2,3,14.976927757263184,15.006513800472021
8,1024,2,4,15.004416465759277,15.03565814346075
8,1024,2,5,14.857088088989258,14.885595999658108
8,1024,2,6,14.508031845092773,14.536838047206402
8,1024,2,7,14.493215560913086,14.522191137075424
8,1024,2,8,14.49516773223877,14.524962287396193
8,1024,2,9,14.52575969696045,14.556501992046833
8,1024,2,10,14.521471977233887,14.550239779055119
8,1024,2,11,14.447263717651367,14.476136304438114
8,1024,2,12,14.583968162536621,14.610850717872381
8,1024,2,13,14.418623924255371,14.447392895817757
8,1024,2,14,14.511679649353027,14.538559131324291
8,1024,2,15,14.412256240844727,14.438827987760305
8,1024,2,16,14.63491153717041,14.662363100796938
8,1024,2,17,14.422176361083984,14.451013877987862
8,1024,2,18,14.546431541442871,14.57454776391387
8,1024,2,19,14.485823631286621,14.512812718749046
8,1024,2,20,14.604096412658691,14.638440683484077
8,1024,2,21,14.525535583496094,14.553629793226719
8,1024,2,22,14.492416381835938,14.521648176014423
8,1024,2,23,14.516703605651855,14.544319827109575
8,1024,2,24,14.584735870361328,14.618223998695612
8,1024,2,25,14.643391609191895,14.674522913992405
8,1024,2,26,19.372512817382812,19.40267253667116
8,1024,2,27,17.803424835205078,17.84080732613802
8,1024,2,28,14.682687759399414,14.71064705401659
8,1024,2,29,14.52409553527832,14.551700558513403
8,1024,2,30,14.49120044708252,14.517882373183966
8,1024,2,31,14.55452823638916,14.584647025913
8,1024,2,32,14.638848304748535,14.665931928902864
8,1024,2,33,14.529984474182129,14.557418879121542
8,1024,2,34,14.597087860107422,14.62426083162427
8,1024,2,35,14.519647598266602,14.547403901815414
8,1024,2,36,14.678848266601562,14.70552571117878
8,1024,2,37,14.523776054382324,14.551058877259493
8,1024,2,38,14.589056015014648,14.616830740123987
8,1024,2,39,16.359647750854492,16.39701658859849
8,1024,2,40,21.096031188964844,21.145311184227467
8,1024,2,41,14.686528205871582,14.715278055518866
8,1024,2,42,14.55679988861084,14.583321753889322
8,1024,2,43,14.56879997253418,14.596256893128157
8,1024,2,44,14.64572811126709,14.673725236207247
8,1024,2,45,14.582240104675293,14.610107988119125
8,1024,2,46,14.567647933959961,14.593572355806828
8,1024,2,47,14.603072166442871,14.630553312599659
8,1024,2,48,14.683008193969727,14.710217248648405
8,1024,2,49,14.618207931518555,14.646012801676989
8,1024,2,50,14.61996841430664,14.651296194642782
8,1024,2,51,14.608672142028809,14.63760482147336
8,1024,2,52,14.766143798828125,14.79476923123002
8,1024,2,53,14.614591598510742,14.643935021013021
8,1024,2,54,14.675647735595703,14.704642817378044
8,1024,2,55,14.636384010314941,14.664522837847471
8,1024,2,56,14.781696319580078,14.809540938585997
8,1024,2,57,14.605024337768555,14.631174970418215
8,1024,2,58,14.650976181030273,14.680124819278717
8,1024,2,59,14.595744132995605,14.624123927205801
8,1024,2,60,14.798303604125977,14.829665888100863
8,1024,2,61,14.610176086425781,14.637120068073273
8,1024,2,62,14.688223838806152,14.7144072689116
8,1024,2,63,14.562399864196777,14.591470826417208
8,1024,3,1,16.748767852783203,16.796927899122238
8,1024,3,2,15.521408081054688,15.551968943327665
8,1024,3,3,14.783583641052246,14.813296031206846
8,1024,3,4,14.734335899353027,14.76373290643096
8,1024,3,5,14.59609603881836,14.626599848270416
8,1024,3,6,14.55737590789795,14.588505029678345
8,1024,3,7,14.534239768981934,14.56344174221158
8,1024,3,8,14.523551940917969,14.55126004293561
8,1024,3,9,14.466464042663574,14.496034011244774
8,1024,3,10,14.492480278015137,14.520531985908747
8,1024,3,11,14.437439918518066,14.466850087046623
8,1024,3,12,14.644864082336426,14.673476107418537
8,1024,3,13,14.464896202087402,14.496719930320978
8,1024,3,14,14.550592422485352,14.581578318029642
8,1024,3,15,14.459648132324219,14.48716502636671
8,1024,3,16,14.689760208129883,14.724473003298044
8,1024,3,17,14.504575729370117,14.53346898779273
8,1024,3,18,14.62054443359375,14.651208184659481
8,1024,3,19,14.529536247253418,14.558001421391964
8,1024,3,20,14.624671936035156,14.656261075288057
8,1024,3,21,14.529279708862305,14.558569993823767
8,1024,3,22,14.550496101379395,14.580553863197565
8,1024,3,23,14.539872169494629,14.569414779543877
8,1024,3,24,14.657567977905273,14.686814974993467
8,1024,3,25,14.636032104492188,14.66494519263506
8,1024,3,26,14.578144073486328,14.607724733650684
8,1024,3,27,14.605855941772461,14.636911917477846
8,1024,3,28,14.633919715881348,14.663056004792452
8,1024,3,29,14.605183601379395,14.634532853960991
8,1024,3,30,14.548864364624023,14.57941485568881
8,1024,3,31,14.608896255493164,14.638043008744717
8,1024,3,32,14.64412784576416,14.675398357212543
8,1024,3,33,14.603808403015137,14.63244715705514
8,1024,3,34,14.627584457397461,14.658853877335787
8,1024,3,35,14.569600105285645,14.598508831113577
8,1024,3,36,14.737024307250977,14.765862841159105
8,1024,3,37,14.557760238647461,14.586740173399448
8,1024,3,38,14.665151596069336,14.694747049361467
8,1024,3,39,14.565567970275879,14.593282248824835
8,1024,3,40,14.74623966217041,14.776159077882767
8,1024,3,41,14.584351539611816,14.614430256187916
8,1024,3,42,14.58521556854248,14.613878913223743
8,1024,3,43,14.645183563232422,14.6731729619205
8,1024,3,44,14.69638442993164,14.726433902978897
8,1024,3,45,14.682304382324219,14.711526222527027
8,1024,3,46,14.6212158203125,14.650199096649885
8,1024,3,47,14.63862419128418,14.668141957372427
8,1024,3,48,14.708895683288574,14.738769270479679
8,1024,3,49,14.671839714050293,14.701436273753643
8,1024,3,50,14.627519607543945,14.658052939921618
8,1024,3,51,14.638688087463379,14.667877927422523
8,1024,3,52,14.803839683532715,14.834312722086906
8,1024,3,53,14.620320320129395,14.650154858827591
8,1024,3,54,14.712384223937988,14.743854757398367
8,1024,3,55,14.638303756713867,14.667375013232231
8,1024,3,56,22.404544830322266,22.43447070941329
8,1024,3,57,16.1560001373291,16.19378523901105
8,1024,3,58,14.774527549743652,14.805202838033438
8,1024,3,59,14.640959739685059,14.671101234853268
8,1024,3,60,14.8154878616333,14.845605939626694
8,1024,3,61,14.896448135375977,14.9251539260149
8,1024,3,62,14.711935997009277,14.740853104740381
8,1024,3,63,14.648863792419434,14.678477309644222
8,1024,4,1,16.51888084411621,16.558931209146976
8,1024,4,2,15.250176429748535,15.278847888112068
8,1024,4,3,15.001119613647461,15.031883958727121
8,1024,4,4,15.026687622070312,15.05753118544817
8,1024,4,5,14.991423606872559,15.025169588625431
8,1024,4,6,14.540960311889648,14.569857157766819
8,1024,4,7,14.52672004699707,14.554854948073626
8,1024,4,8,14.54412841796875,14.574293978512287
8,1024,4,9,14.48412799835205,14.513641130179167
8,1024,4,10,14.598496437072754,14.629737008363008
8,1024,4,11,14.4901123046875,14.518388081341982
8,1024,4,12,14.62816047668457,14.658370986580849
8,1024,4,13,14.469375610351562,14.50044708326459
8,1024,4,14,14.523455619812012,14.554294291883707
8,1024,4,15,14.45417594909668,14.483888167887926
8,1024,4,16,14.68553638458252,14.71517188474536
8,1024,4,17,14.48083209991455,14.508525840938091
8,1024,4,18,14.621343612670898,14.64954111725092
8,1024,4,19,14.51369571685791,14.543244615197182
8,1024,4,20,14.66703987121582,14.696203172206879
8,1024,4,21,14.543135643005371,14.573532156646252
8,1024,4,22,14.558655738830566,14.586691278964281
8,1024,4,23,14.554688453674316,14.585470780730247
8,1024,4,24,14.6496000289917,14.677784871309996
8,1024,4,25,14.653663635253906,14.683886896818876
8,1024,4,26,14.58351993560791,14.611158054322004
8,1024,4,27,14.564064025878906,14.594195876270533
8,1024,4,28,14.639616012573242,14.669561292976141
8,1024,4,29,14.609472274780273,14.641438145190477
8,1024,4,30,14.549375534057617,14.582186937332153
8,1024,4,31,14.615296363830566,14.648796059191227
8,1024,4,32,14.659839630126953,14.688144903630018
8,1024,4,33,14.627679824829102,14.664785005152225
8,1024,4,34,14.648351669311523,14.6775608882308
8,1024,4,35,14.561375617980957,14.5908547565341
8,1024,4,36,14.754240036010742,14.78413213044405
8,1024,4,37,14.57801628112793,14.609317295253277
8,1024,4,38,14.664735794067383,14.695638790726662
8,1024,4,39,14.600383758544922,14.62855888530612
8,1024,4,40,14.766719818115234,14.79522604495287
8,1024,4,41,14.591263771057129,14.619881752878428
8,1024,4,42,14.590720176696777,14.617722947150469
8,1024,4,43,14.636384010314941,14.664982911199331
8,1024,4,44,14.707167625427246,14.737662859261036
8,1024,4,45,14.66528034210205,14.696843922138214
8,1024,4,46,14.613408088684082,14.64216411113739
8,1024,4,47,14.639424324035645,14.669017866253853
8,1024,4,48,14.730624198913574,14.760919380933046
8,1024,4,49,14.66659164428711,14.696099795401096
8,1024,4,50,14.629631996154785,14.657610096037388
8,1024,4,51,14.609824180603027,14.639274217188358
8,1024,4,52,14.78172779083252,14.811011031270027
8,1024,4,53,14.609312057495117,14.637928921729326
8,1024,4,54,14.678976058959961,14.707124326378107
8,1024,4,55,14.59830379486084,14.627361204475164
8,1024,4,56,14.818367958068848,14.84594214707613
8,1024,4,57,14.64633560180664,14.67550778761506
8,1024,4,58,14.674847602844238,14.701280742883682
8,1024,4,59,14.568448066711426,14.595470856875181
8,1024,4,60,14.786144256591797,14.813826885074377
8,1024,4,61,14.568096160888672,14.594543259590864
8,1024,4,62,14.65772819519043,14.683926943689585
8,1024,4,63,14.580063819885254,14.607440680265427
8,1024,5,1,16.44268798828125,16.495749820023775
8,1024,5,2,21.447296142578125,21.49595133960247
8,1024,5,3,14.872447967529297,14.903577044606209
8,1024,5,4,14.64896011352539,14.680879190564156
8,1024,5,5,14.655743598937988,14.694924931973219
8,1024,5,6,14.549440383911133,14.579872135072947
8,1024,5,7,14.575103759765625,14.605407603085041
8,1024,5,8,14.576607704162598,14.60627093911171
8,1024,5,9,14.467391967773438,14.496171846985817
8,1024,5,10,14.476736068725586,14.506481122225523
8,1024,5,11,14.479071617126465,14.509267639368773
8,1024,5,12,14.60860824584961,14.636446721851826
8,1024,5,13,14.454496383666992,14.487998094409704
8,1024,5,14,14.538016319274902,14.577088877558708
8,1024,5,15,22.80076789855957,22.858806885778904
8,1024,5,16,15.10108757019043,15.133123844861984
8,1024,5,17,14.521504402160645,14.554832130670547
8,1024,5,18,14.609600067138672,14.639463741332293
8,1024,5,19,14.544416427612305,14.575748704373837
8,1024,5,20,14.6593599319458,14.688577968627214
8,1024,5,21,14.53651237487793,14.567829668521881
8,1024,5,22,14.56719970703125,14.596960972994566
8,1024,5,23,14.556991577148438,14.586484991014004
8,1024,5,24,14.661567687988281,14.692473690956831
8,1024,5,25,14.568832397460938,14.599158894270658
8,1024,5,26,14.539487838745117,14.571196865290403
8,1024,5,27,14.576000213623047,14.60491493344307
8,1024,5,28,14.651040077209473,14.68068826943636
8,1024,5,29,14.59340763092041,14.623078051954508
8,1024,5,30,14.537887573242188,14.566761907190084
8,1024,5,31,14.612064361572266,14.643223024904728
8,1024,5,32,14.64367961883545,14.675803016871214
8,1024,5,33,14.637184143066406,14.667653944343328
8,1024,5,34,14.639488220214844,14.669573865830898
8,1024,5,35,14.566944122314453,14.599001035094261
8,1024,5,36,14.741727828979492,14.77279607206583
8,1024,5,37,14.585536003112793,14.615880325436592
8,1024,5,38,14.660127639770508,14.689428266137838
8,1024,5,39,14.578271865844727,14.606745913624763
8,1024,5,40,14.71065616607666,14.743064064532518
8,1024,5,41,14.572447776794434,14.602439943701029
8,1024,5,42,14.587936401367188,14.617499895393848
8,1024,5,43,14.617823600769043,14.646795578300953
8,1024,5,44,14.66982364654541,14.700534753501415
8,1024,5,45,14.672415733337402,14.70180507749319
8,1024,5,46,14.597439765930176,14.62722010910511
8,1024,5,47,14.621439933776855,14.650100842118263
8,1024,5,48,14.690208435058594,14.718926046043634
8,1024,5,49,14.671263694763184,14.699598774313927
8,1024,5,50,14.62720012664795,14.656092040240765
8,1024,5,51,14.595040321350098,14.625528827309608
8,1024,5,52,14.799103736877441,14.827695209532976
8,1024,5,53,14.605888366699219,14.63738502934575
8,1024,5,54,14.676032066345215,14.704818837344646
8,1024,5,55,14.578335762023926,14.6077792160213
8,1024,5,56,14.781344413757324,14.812740962952375
8,1024,5,57,14.623616218566895,14.652877114713192
8,1024,5,58,14.685248374938965,14.715027995407581
8,1024,5,59,14.626015663146973,14.655670151114464
8,1024,5,60,14.813119888305664,14.843715820461512
8,1024,5,61,14.635104179382324,14.664287213236094
8,1024,5,62,14.732352256774902,14.760079327970743
8,1024,5,63,14.640447616577148,14.67149332165718
8,1024,6,1,16.475360870361328,16.51558605954051
8,1024,6,2,15.394207954406738,15.423129312694073
8,1024,6,3,15.355487823486328,15.382932033389807
8,1024,6,4,15.407744407653809,15.435855835676193
8,1024,6,5,15.231040000915527,15.258819330483675
8,1024,6,6,14.436639785766602,14.465459156781435
8,1024,6,7,14.484000205993652,14.512974303215742
8,1024,6,8,14.515423774719238,14.545302838087082
8,1024,6,9,14.449888229370117,14.479835983365774
8,1024,6,10,14.471712112426758,14.501248952001333
8,1024,6,11,14.449536323547363,14.480276964604855
8,1024,6,12,14.593759536743164,14.627486001700163
8,1024,6,13,14.443903923034668,14.473019167780876
8,1024,6,14,14.531231880187988,14.55994788557291
8,1024,6,15,14.446687698364258,14.476454816758633
8,1024,6,16,14.671008110046387,14.701707288622856
8,1024,6,17,14.47270393371582,14.500956982374191
8,1024,6,18,14.653375625610352,14.683418907225132
8,1024,6,19,14.540512084960938,14.572408981621265
8,1024,6,20,14.866463661193848,14.90017119795084
8,1024,6,21,14.524255752563477,14.554345048964024
8,1024,6,22,14.64572811126709,14.675016980618238
8,1024,6,23,14.571616172790527,14.602337032556534
8,1024,6,24,22.425888061523438,22.45980640873313
8,1024,6,25,16.318368911743164,16.36059209704399
8,1024,6,26,14.531744003295898,14.562321826815605
8,1024,6,27,14.578911781311035,14.608902856707573
8,1024,6,28,14.650079727172852,14.678973238915205
8,1024,6,29,14.589376449584961,14.62093973532319
8,1024,6,30,14.534655570983887,14.56413697451353
8,1024,6,31,14.689696311950684,14.71865689381957
8,1024,6,32,14.641056060791016,14.66986583545804
8,1024,6,33,14.611295700073242,14.641114044934511
8,1024,6,34,14.644351959228516,14.673292636871338
8,1024,6,35,14.541664123535156,14.569899067282677
8,1024,6,36,14.728192329406738,14.759821817278862
8,1024,6,37,14.583168029785156,14.613843988627195
8,1024,6,38,14.663583755493164,14.693386387079954
8,1024,6,39,14.578911781311035,14.608070719987154
8,1024,6,40,14.762847900390625,14.79205023497343
8,1024,6,41,14.574048042297363,14.603253919631243
8,1024,6,42,14.589056015014648,14.61807219311595
8,1024,6,43,14.64185619354248,14.670747797936201
8,1024,6,44,14.695967674255371,14.724478125572205
8,1024,6,45,14.640159606933594,14.67075664550066
8,1024,6,46,14.62399959564209,14.657449908554554
8,1024,6,47,14.651264190673828,14.680898748338223
8,1024,6,48,14.724991798400879,14.755854848772287
8,1024,6,49,14.65062427520752,14.681386295706034
8,1024,6,50,14.6079683303833,14.635693747550249
8,1024,6,51,14.59068775177002,14.61974997073412
8,1024,6,52,14.779264450073242,14.807313214987516
8,1024,6,53,14.610272407531738,14.638834167271852
8,1024,6,54,14.705151557922363,14.733831863850355
8,1024,6,55,14.603263854980469,14.631893951445818
8,1024,6,56,14.815263748168945,14.845555182546377
8,1024,6,57,14.642144203186035,14.670363161712885
8,1024,6,58,14.69702434539795,14.726302120834589
8,1024,6,59,14.639455795288086,14.668143820017576
8,1024,6,60,14.81824016571045,14.846510719507933
8,1024,6,61,14.622495651245117,14.650546945631504
8,1024,6,62,14.735424041748047,14.762921258807182
8,1024,6,63,14.627488136291504,14.65617772191763
8,4096,0,1,38.00239944458008,38.04079769179225
8,4096,0,2,31.911136627197266,31.945204827934504
8,4096,0,3,31.467424392700195,31.50427294895053
8,4096,0,4,32.10790252685547,32.139450777322054
8,4096,0,5,30.703935623168945,30.736007262021303
8,4096,0,6,30.641887664794922,30.669636093080044
8,4096,0,7,30.83603286743164,30.866510700434446
8,4096,0,8,30.746559143066406,30.775203369557858
8,4096,0,9,30.666271209716797,30.693238135427237
8,4096,0,10,30.6343994140625,30.664275866001844
8,4096,0,11,30.832672119140625,30.860531143844128
8,4096,0,12,30.70457649230957,30.73625499382615
8,4096,0,13,30.535808563232422,30.570155940949917
8,4096,0,14,30.50377655029297,30.53363598883152
8,4096,0,15,30.671104431152344,30.699793249368668
8,4096,0,16,30.602272033691406,30.632526148110628
8,4096,0,17,30.496959686279297,30.525281094014645
8,4096,0,18,30.522079467773438,30.555208679288626
8,4096,0,19,30.68694305419922,30.716929119080305
8,4096,0,20,30.58131217956543,30.61267687007785
8,4096,0,21,30.537343978881836,30.569598078727722
8,4096,0,22,30.617919921875,30.657966621220112
8,4096,0,23,30.691328048706055,30.722439754754305
8,4096,0,24,30.6363525390625,30.666504055261612
8,4096,0,25,30.55014419555664,30.57941561564803
8,4096,0,26,30.590496063232422,30.620333272963762
8,4096,0,27,30.78335952758789,30.810429248958826
8,4096,0,28,30.65190315246582,30.682695098221302
8,4096,0,29,30.662368774414062,30.693886801600456
8,4096,0,30,30.636831283569336,30.66663211211562
8,4096,0,31,30.76799964904785,30.79957002773881
8,4096,0,32,30.70012855529785,30.73128405958414
8,4096,0,33,30.58006477355957,30.613550916314125
8,4096,0,34,30.67795181274414,30.711117200553417
8,4096,0,35,30.884767532348633,30.91733530163765
8,4096,0,36,30.77110481262207,30.80660430714488
8,4096,0,37,30.69068717956543,30.721415765583515
8,4096,0,38,30.6529598236084,30.685314908623695
8,4096,0,39,30.812992095947266,30.84577014669776
8,4096,0,40,30.7476806640625,30.780601780861616
8,4096,0,41,30.65875244140625,30.689251609146595
8,4096,0,42,30.72915267944336,30.764167197048664
8,4096,0,43,30.9400634765625,30.973791610449553
8,4096,0,44,30.840864181518555,30.87365534156561
8,4096,0,45,30.834688186645508,30.87076498195529
8,4096,0,46,30.805471420288086,30.841588973999023
8,4096,0,47,31.18726348876953,31.224868260324
8,4096,0,48,30.768640518188477,30.801264569163322
8,4096,0,49,30.732576370239258,30.769519973546267
8,4096,0,50,30.702239990234375,30.735697131603956
8,4096,0,51,31.021728515625,31.057098880410194
8,4096,0,52,30.846784591674805,30.889214016497135
8,4096,0,53,31.520671844482422,31.570340041071177
8,4096,0,54,30.813823699951172,30.845158733427525
8,4096,0,55,31.027040481567383,31.06140671297908
8,4096,0,56,30.904096603393555,30.936042312532663
8,4096,0,57,30.773439407348633,30.806020367890596
8,4096,0,58,30.75539207458496,30.790625140070915
8,4096,0,59,30.98566436767578,31.018096953630447
8,4096,0,60,30.864543914794922,30.901056714355946
8,4096,0,61,30.942975997924805,30.9760682284832
8,4096,0,62,30.869855880737305,30.90359829366207
8,4096,0,63,31.063007354736328,31.096274964511395
8,4096,1,1,37.60028839111328,37.63790801167488
8,4096,1,2,32.4365119934082,32.46619366109371
8,4096,1,3,31.360448837280273,31.39082295820117
8,4096,1,4,30.724895477294922,30.752905644476414
8,4096,1,5,30.598112106323242,30.6246280670166
8,4096,1,6,30.578943252563477,30.605557840317488
8,4096,1,7,30.739904403686523,30.764675233513117
8,4096,1,8,30.651199340820312,30.676655936986208
8,4096,1,9,30.565248489379883,30.591447837650776
8,4096,1,10,30.61417579650879,30.640245880931616
8,4096,1,11,30.86947250366211,30.900117941200733
8,4096,1,12,30.627744674682617,30.656180810183287
8,4096,1,13,30.53331184387207,30.56338708847761
8,4096,1,14,30.432607650756836,30.462824273854494
8,4096,1,15,30.68489646911621,30.71502922102809
8,4096,1,16,30.53331184387207,30.562422703951597
8,4096,1,17,30.47123146057129,30.499987304210663
8,4096,1,18,30.53331184387207,30.563367996364832
8,4096,1,19,30.781280517578125,30.812551267445087
8,4096,1,20,30.74028778076172,30.7702231220901
8,4096,1,21,30.581087112426758,30.60829872265458
8,4096,1,22,30.539167404174805,30.567097011953592
8,4096,1,23,30.649215698242188,30.67844081670046
8,4096,1,24,30.58710479736328,30.61498422175646
8,4096,1,25,30.510847091674805,30.539155937731266
8,4096,1,26,30.51900863647461,30.547565314918756
8,4096,1,27,30.70956802368164,30.738447792828083
8,4096,1,28,30.62771224975586,30.657502356916666
8,4096,1,29,30.59017562866211,30.621423851698637
8,4096,1,30,30.597055435180664,30.626615043729544
8,4096,1,31,30.826080322265625,30.85614601150155
8,4096,1,32,30.747295379638672,30.780079308897257
8,4096,1,33,30.676639556884766,30.70775093510747
8,4096,1,34,30.683359146118164,30.7143721729517
8,4096,1,35,30.825088500976562,30.854938086122274
8,4096,1,36,30.716800689697266,30.749086756259203
8,4096,1,37,30.627103805541992,30.65892867743969
8,4096,1,38,30.66249656677246,30.692511703819036
8,4096,1,39,30.807231903076172,30.840431805700064
8,4096,1,40,30.73753547668457,30.767733696848154
8,4096,1,41,30.65920066833496,30.689456034451723
8,4096,1,42,30.718687057495117,30.756189953535795
8,4096,1,43,30.88319969177246,30.91308195143938
8,4096,1,44,30.737791061401367,30.76920099556446
8,4096,1,45,30.668832778930664,30.698921997100115
8,4096,1,46,30.656639099121094,30.685184989124537
8,4096,1,47,30.845151901245117,30.876559671014547
8,4096,1,48,30.738399505615234,30.769970268011093
8,4096,1,49,30.624479293823242,30.65457660704851
8,4096,1,50,30.688703536987305,30.71944322437048
8,4096,1,51,30.941120147705078,30.972203239798546
8,4096,1,52,30.85977554321289,30.897805001586676
8,4096,1,53,31.11782455444336,31.159219332039356
8,4096,1,54,30.801984786987305,30.833879951387644
8,4096,1,55,30.959999084472656,30.99620109423995
8,4096,1,56,30.89904022216797,30.931987334042788
8,4096,1,57,30.796512603759766,30.83252999931574
8,4096,1,58,30.758560180664062,30.80816101282835
8,4096,1,59,32.75299072265625,32.817506697028875
8,4096,1,60,30.952991485595703,30.98679007962346
8,4096,1,61,30.87059211730957,30.90528305619955
8,4096,1,62,30.901887893676758,30.937517061829567
8,4096,1,63,31.138944625854492,31.174645759165287
8,4096,2,1,37.46876907348633,37.50854078680277
8,4096,2,2,31.796672821044922,31.830323860049248
8,4096,2,3,31.447744369506836,31.48095216602087
8,4096,2,4,31.092031478881836,31.125038862228394
8,4096,2,5,30.687328338623047,30.72089422494173
8,4096,2,6,30.736480712890625,30.775840859860182
8,4096,2,7,31.29199981689453,31.334747094660997
8,4096,2,8,30.847455978393555,30.883844010531902
8,4096,2,9,30.799455642700195,30.835820361971855
8,4096,2,10,30.799264907836914,30.834082048386335
8,4096,2,11,30.982816696166992,31.018522568047047
8,4096,2,12,30.781536102294922,30.816620215773582
8,4096,2,13,33.24652862548828,33.27965410426259
8,4096,2,14,30.643583297729492,30.685732141137123
8,4096,2,15,30.813472747802734,30.847567599266768
8,4096,2,16,30.599008560180664,30.63140669837594
8,4096,2,17,30.571359634399414,30.604917090386152
8,4096,2,18,30.63910484313965,30.674858950078487
8,4096,2,19,30.85843276977539,30.89383104816079
8,4096,2,20,30.767263412475586,30.801416374742985
8,4096,2,21,30.577280044555664,30.608954839408398
8,4096,2,22,30.59369659423828,30.628476291894913
8,4096,2,23,30.76531219482422,30.796467792242765
8,4096,2,24,30.714847564697266,30.74476309120655
8,4096,2,25,30.628671646118164,30.66158201545477
8,4096,2,26,30.671520233154297,30.704344157129526
8,4096,2,27,30.884288787841797,30.918949283659458
8,4096,2,28,30.768352508544922,30.801949091255665
8,4096,2,29,30.672639846801758,30.70472599938512
8,4096,2,30,30.690879821777344,30.724122188985348
8,4096,2,31,30.85385513305664,30.886312015354633
8,4096,2,32,30.756736755371094,30.790116172283888
8,4096,2,33,30.690975189208984,30.72257712483406
8,4096,2,34,30.670272827148438,30.701756943017244
8,4096,2,35,30.868896484375,30.90238803997636
8,4096,2,36,30.74844741821289,30.78113915398717
8,4096,2,37,30.705791473388672,30.738644767552614
8,4096,2,38,30.700767517089844,30.73312807828188
8,4096,2,39,30.8907527923584,30.921929981559515
8,4096,2,40,30.7838077545166,30.81728797405958
8,4096,2,41,30.63715171813965,30.66714107990265
8,4096,2,42,30.67638397216797,30.71061708033085
8,4096,2,43,30.846399307250977,30.877599958330393
8,4096,2,44,30.714176177978516,30.744370073080063
8,4096,2,45,30.68623924255371,30.721912626177073
8,4096,2,46,30.718624114990234,30.74931399896741
8,4096,2,47,30.9421443939209,30.971788335591555
8,4096,2,48,30.873151779174805,30.90486489236355
8,4096,2,49,30.73311996459961,30.763813760131598
8,4096,2,50,30.78175926208496,30.814032070338726
8,4096,2,51,30.93497657775879,30.96764674410224
8,4096,2,52,30.855104446411133,30.887817963957787
8,4096,2,53,30.759199142456055,30.790820252150297
8,4096,2,54,30.79097557067871,30.82274878397584
8,4096,2,55,30.98476791381836,31.01961361244321
8,4096,2,56,30.90755271911621,30.94004187732935
8,4096,2,57,30.812416076660156,30.844228342175484
8,4096,2,58,30.89411163330078,30.93524929136038
8,4096,2,59,31.428800582885742,31.471889000386
8,4096,2,60,30.884672164916992,30.915892217308283
8,4096,2,61,30.89833641052246,30.932503286749125
8,4096,2,62,30.848512649536133,30.87986120954156
8,4096,2,63,31.095359802246094,31.132418662309647
8,4096,3,1,40.5186882019043,40.56147113442421
8,4096,3,2,34.074337005615234,34.110607113689184
8,4096,3,3,31.123775482177734,31.15613106638193
8,4096,3,4,30.945375442504883,30.97931481897831
8,4096,3,5,30.7620792388916,30.796536244452
8,4096,3,6,30.78816032409668,30.822654720395803
8,4096,3,7,30.896991729736328,30.93034727498889
8,4096,3,8,30.803680419921875,30.835135839879513
8,4096,3,9,30.70262336730957,30.736553948372602
8,4096,3,10,30.719392776489258,30.75261740013957
8,4096,3,11,30.95267105102539,30.986086931079626
8,4096,3,12,30.836864471435547,30.872652307152748
8,4096,3,13,30.908735275268555,30.952366068959236
8,4096,3,14,30.65622329711914,30.690649058669806
8,4096,3,15,30.80134391784668,30.83700593560934
8,4096,3,16,30.72051239013672,30.759476125240326
8,4096,3,17,30.78508758544922,30.823143664747477
8,4096,3,18,30.678560256958008,30.726181343197823
8,4096,3,19,32.253440856933594,32.309499103575945
8,4096,3,20,30.78201675415039,30.815904960036278
8,4096,3,21,30.65555191040039,30.690810177475214
8,4096,3,22,30.639360427856445,30.671818181872368
8,4096,3,23,30.797279357910156,30.83103708922863
8,4096,3,24,30.762176513671875,30.798460822552443
8,4096,3,25,30.782623291015625,30.820513144135475
8,4096,3,26,30.741151809692383,30.77529091387987
8,4096,3,27,30.869247436523438,30.900065321475267
8,4096,3,28,30.756351470947266,30.788462609052658
8,4096,3,29,30.678783416748047,30.711571220308542
8,4096,3,30,30.648479461669922,30.681555159389973
8,4096,3,31,30.810016632080078,30.844276770949364
8,4096,3,32,30.69843292236328,30.731646809726954
8,4096,3,33,30.692096710205078,30.7238157838583
8,4096,3,34,30.731679916381836,30.764630995690823
8,4096,3,35,30.911455154418945,30.945900827646255
8,4096,3,36,30.795167922973633,30.830977018922567
8,4096,3,37,30.70172882080078,30.73772508651018
8,4096,3,38,30.739168167114258,30.77405598014593
8,4096,3,39,30.92140769958496,30.95507575199008
8,4096,3,40,30.82374382019043,30.857142992317677
8,4096,3,41,30.740928649902344,30.776997096836567
8,4096,3,42,30.75926399230957,30.79259768128395
8,4096,3,43,30.947328567504883,30.982626136392355
8,4096,3,44,30.823104858398438,30.858452897518873
8,4096,3,45,30.71459197998047,30.748312827199697
8,4096,3,46,30.748319625854492,30.78167187049985
8,4096,3,47,30.991968154907227,31.03447984904051
8,4096,3,48,30.844255447387695,30.878336168825626
8,4096,3,49,30.784032821655273,30.81801999360323
8,4096,3,50,30.792768478393555,30.82718513906002
8,4096,3,51,30.935039520263672,30.970007181167603
8,4096,3,52,30.853952407836914,30.888217967003584
8,4096,3,53,30.72153663635254,30.75721999630332
8,4096,3,54,30.755456924438477,30.789393931627274
8,4096,3,55,30.931743621826172,30.962225049734116
8,4096,3,56,30.876480102539062,30.90805234387517
8,4096,3,57,30.809919357299805,30.846084002405405
8,4096,3,58,30.83363151550293,30.876352917402983
8,4096,3,59,31.110559463500977,31.150496564805508
8,4096,3,60,30.976959228515625,31.03036992251873
8,4096,3,61,32.492225646972656,32.55545813590288
8,4096,3,62,30.88105583190918,30.91489104554057
8,4096,3,63,31.024255752563477,31.058748718351126
8,4096,4,1,38.64409637451172,38.68642495945096
8,4096,4,2,33.519134521484375,33.55787694454193
8,4096,4,3,32.43622589111328,32.46829006820917
8,4096,4,4,30.742944717407227,30.774295795708895
8,4096,4,5,30.69424057006836,30.72936274111271
8,4096,4,6,30.703584671020508,30.736526008695364
8,4096,4,7,30.92086410522461,30.95425618812442
8,4096,4,8,30.788223266601562,30.823285691440105
8,4096,4,9,30.687328338623047,30.719674192368984
8,4096,4,10,30.76595115661621,30.798508320003748
8,4096,4,11,30.945823669433594,30.97882680594921
8,4096,4,12,30.816959381103516,30.849494971334934
8,4096,4,13,30.474496841430664,30.508572701364756
8,4096,4,14,30.514175415039062,30.546100344508886
8,4096,4,15,30.679359436035156,30.710933730006218
8,4096,4,16,30.594463348388672,30.626842752099037
8,4096,4,17,30.535200119018555,30.568489339202642
8,4096,4,18,30.5482234954834,30.581163708120584
8,4096,4,19,30.75334358215332,30.78519320115447
8,4096,4,20,30.70172882080078,30.733450781553984
8,4096,4,21,30.61814308166504,30.654362868517637
8,4096,4,22,31.207263946533203,31.249646097421646
8,4096,4,23,30.798175811767578,30.82993533462286
8,4096,4,24,30.754976272583008,30.790972989052534
8,4096,4,25,30.699935913085938,30.731794890016317
8,4096,4,26,30.733535766601562,30.76686430722475
8,4096,4,27,30.830656051635742,30.862204264849424
8,4096,4,28,30.734752655029297,30.769641045480967
8,4096,4,29,30.69536018371582,30.72804305702448
8,4096,4,30,30.695327758789062,30.730110127478838
8,4096,4,31,30.878751754760742,30.915431678295135
8,4096,4,32,30.746112823486328,30.777912121266127
8,4096,4,33,30.73404884338379,30.76453972607851
8,4096,4,34,30.674272537231445,30.70741891860962
8,4096,4,35,30.899232864379883,30.932332389056683
8,4096,4,36,30.78873634338379,30.820177868008614
8,4096,4,37,30.687904357910156,30.721995048224926
8,4096,4,38,30.735488891601562,30.769628006964922
8,4096,4,39,30.902111053466797,30.935541726648808
8,4096,4,40,30.78326416015625,30.81871895119548
8,4096,4,41,30.7293758392334,30.76546499505639
8,4096,4,42,30.716672897338867,30.74879478663206
8,4096,4,43,30.89913558959961,30.930635053664446
8,4096,4,44,30.774911880493164,30.80856427550316
8,4096,4,45,30.73299217224121,30.766146257519722
8,4096,4,46,30.77027130126953,30.80458240583539
8,4096,4,47,30.953855514526367,30.9895109385252
8,4096,4,48,30.829376220703125,30.862243846058846
8,4096,4,49,30.746623992919922,30.78092820942402
8,4096,4,50,30.760896682739258,30.795715283602476
8,4096,4,51,30.921247482299805,30.95408296212554
8,4096,4,52,30.86515235900879,30.897630844265223
8,4096,4,53,30.7412166595459,30.774387065321207
8,4096,4,54,30.789215087890625,30.823209322988987
8,4096,4,55,31.014047622680664,31.046572607010603
8,4096,4,56,30.94063949584961,30.976078938692808
8,4096,4,57,30.82102394104004,30.85501166060567
8,4096,4,58,30.86720085144043,30.89799080044031
8,4096,4,59,31.056032180786133,31.087023206055164
8,4096,4,60,30.899648666381836,30.934678856283426
8,4096,4,61,30.876447677612305,30.90915223583579
8,4096,4,62,30.852031707763672,30.88676417246461
8,4096,4,63,31.14998435974121,31.19781333953142
8,4096,5,1,38.95695877075195,39.0057316981256
8,4096,5,2,32.01299285888672,32.043884973973036
8,4096,5,3,31.66441535949707,31.692800112068653
8,4096,5,4,30.717248916625977,30.749119818210602
8,4096,5,5,30.64476776123047,30.675585847347975
8,4096,5,6,30.621183395385742,30.650891363620758
8,4096,5,7,30.809600830078125,30.840821098536253
8,4096,5,8,30.75324821472168,30.785316601395607
8,4096,5,9,30.611103057861328,30.639938078820705
8,4096,5,10,30.6942081451416,30.725899618119
8,4096,5,11,30.879392623901367,30.911547131836414
8,4096,5,12,30.704896926879883,30.733360908925533
8,4096,5,13,30.502399444580078,30.535174068063498
8,4096,5,14,30.550687789916992,30.583502259105444
8,4096,5,15,30.71219253540039,30.744249932467937
8,4096,5,16,30.63724708557129,30.66969895735383
8,4096,5,17,30.526016235351562,30.570339411497116
8,4096,5,18,32.18511962890625,32.2452038526535
8,4096,5,19,30.846847534179688,30.879364348948002
8,4096,5,20,30.622304916381836,30.654360074549913
8,4096,5,21,30.56163215637207,30.598608776926994
8,4096,5,22,30.628223419189453,30.660277232527733
8,4096,5,23,30.8417911529541,30.877054203301668
8,4096,5,24,30.71788787841797,30.754414852708578
8,4096,5,25,30.960384368896484,31.00137785077095
8,4096,5,26,30.667743682861328,30.699520371854305
8,4096,5,27,30.850400924682617,30.882774852216244
8,4096,5,28,30.734207153320312,30.765251722186804
8,4096,5,29,30.680736541748047,30.71199171245098
8,4096,5,30,30.718048095703125,30.752794817090034
8,4096,5,31,30.89414405822754,30.926693230867386
8,4096,5,32,30.764320373535156,30.798478983342648
8,4096,5,33,30.68137550354004,30.714436899870634
8,4096,5,34,30.693695068359375,30.72657808661461
8,4096,5,35,30.872800827026367,30.903642997145653
8,4096,5,36,30.779264450073242,30.811083037406206
8,4096,5,37,30.685504913330078,30.719602946192026
8,4096,5,38,30.735872268676758,30.76841589063406
8,4096,5,39,30.838560104370117,30.87021829560399
8,4096,5,40,30.7959041595459,30.829422641545534
8,4096,5,41,30.680063247680664,30.711939092725515
8,4096,5,42,30.69318389892578,30.723749194294214
8,4096,5,43,30.90755271911621,30.93910403549671
8,4096,5,44,30.784832000732422,30.816070269793272
8,4096,5,45,30.706432342529297,30.73681704699993
8,4096,5,46,30.730112075805664,30.759993009269238
8,4096,5,47,30.898239135742188,30.9296241030097
8,4096,5,48,30.808895111083984,30.839127954095602
8,4096,5,49,30.699392318725586,30.731440987437963
8,4096,5,50,30.702688217163086,30.733325984328985
8,4096,5,51,30.870975494384766,30.899567063897848
8,4096,5,52,30.815200805664062,30.847438145428896
8,4096,5,53,30.717504501342773,30.749833211302757
8,4096,5,54,30.74278450012207,30.773579142987728
8,4096,5,55,30.95462417602539,30.986264813691378
8,4096,5,56,30.870912551879883,30.9046171605587
8,4096,5,57,30.77743911743164,30.80941503867507
8,4096,5,58,30.792095184326172,30.82376578822732
8,4096,5,59,30.98521614074707,31.013927422463894
8,4096,5,60,30.857440948486328,30.887925997376442
8,4096,5,61,30.772159576416016,30.801451299339533
8,4096,5,62,30.753759384155273,30.78165464103222
8,4096,5,63,30.93199920654297,30.959525611251593
8,4096,6,1,37.72038269042969,37.753866985440254
8,4096,6,2,31.727712631225586,31.752012204378843
8,4096,6,3,31.081247329711914,31.10527526587248
8,4096,6,4,30.95404815673828,30.979597009718418
8,4096,6,5,30.478975296020508,30.503386165946722
8,4096,6,6,30.550655364990234,30.575066804885864
8,4096,6,7,30.646432876586914,30.671576038002968
8,4096,6,8,30.567712783813477,30.592442955821753
8,4096,6,9,30.440576553344727,30.465226154774427
8,4096,6,10,30.467391967773438,30.490750912576914
8,4096,6,11,30.66352081298828,30.686769168823957
8,4096,6,12,30.55718421936035,30.580775812268257
8,4096,6,13,30.396320343017578,30.420396011322737
8,4096,6,14,30.35977554321289,30.383232980966568
8,4096,6,15,30.54707145690918,30.57121206074953
8,4096,6,16,30.4552001953125,30.480237677693367
8,4096,6,17,30.40070343017578,30.42705776169896
8,4096,6,18,30.40127944946289,30.42497392743826
8,4096,6,19,30.568864822387695,30.592886731028557
8,4096,6,20,30.510175704956055,30.534091871231794
8,4096,6,21,30.3756160736084,30.399348121136427
8,4096,6,22,30.45395278930664,30.47770680859685
8,4096,6,23,30.60371208190918,30.629413202404976
8,4096,6,24,30.521312713623047,30.545437708497047
8,4096,6,25,30.41417694091797,30.43878683820367
8,4096,6,26,30.463743209838867,30.4882749915123
8,4096,6,27,30.644895553588867,30.67045286297798
8,4096,6,28,30.796672821044922,30.827716924250126
8,4096,6,29,30.452255249023438,30.47720668837428
8,4096,6,30,30.461984634399414,30.486421193927526
8,4096,6,31,30.646591186523438,30.670820269733667
8,4096,6,32,30.5150089263916,30.53868981078267
8,4096,6,33,30.432384490966797,30.45620210468769
8,4096,6,34,30.481311798095703,30.504468828439713
8,4096,6,35,30.653472900390625,30.677358154207468
8,4096,6,36,30.547807693481445,30.571623239666224
8,4096,6,37,30.467487335205078,30.491217970848083
8,4096,6,38,30.513216018676758,30.53701901808381
8,4096,6,39,30.665599822998047,30.690614599734545
8,4096,6,40,30.589344024658203,30.615543015301228
8,4096,6,41,30.45372772216797,30.47827584668994
8,4096,6,42,30.491680145263672,30.515169259160757
8,4096,6,43,30.753440856933594,30.781411100178957
8,4096,6,44,30.576448440551758,30.600002966821194
8,4096,6,45,30.50249671936035,30.526594258844852
8,4096,6,46,30.53856086730957,30.56303970515728
8,4096,6,47,30.701120376586914,30.72522906586528
8,4096,6,48,30.60393524169922,30.627666972577572
8,4096,6,49,30.502944946289062,30.52687691524625
8,4096,6,50,30.538976669311523,30.56306904181838
8,4096,6,51,30.690208435058594,30.715166125446558
8,4096,6,52,30.614816665649414,30.639367643743753
8,4096,6,53,30.53206443786621,30.5563029833138
8,4096,6,54,30.61484718322754,30.638746917247772
8,4096,6,55,30.75836753845215,30.782375019043684
8,4096,6,56,30.6463680267334,30.671129003167152
8,4096,6,57,30.54800033569336,30.571518931537867
8,4096,6,58,30.5828800201416,30.607097316533327
8,4096,6,59,30.808799743652344,30.832804273813963
8,4096,6,60,30.671871185302734,30.69564513862133
8,4096,6,61,30.60700798034668,30.631141271442175
8,4096,6,62,30.612031936645508,30.636233277618885
8,4096,6,63,30.80531120300293,30.82909109070897
16,128,0,1,14.522591590881348,14.555985108017921
16,128,0,2,11.850303649902344,11.873573064804077
16,128,0,3,11.67136001586914,11.693191714584827
16,128,0,4,11.693696022033691,11.720781214535236
16,128,0,5,11.694239616394043,11.717194691300392
16,128,0,6,11.680159568786621,11.702281888574362
16,128,0,7,11.709183692932129,11.732125654816628
16,128,0,8,11.649087905883789,11.672463733702898
16,128,0,9,11.699935913085938,11.722731869667768
16,128,0,10,11.706175804138184,11.729397810995579
16,128,0,11,11.693344116210938,11.716692242771387
16,128,0,12,11.638879776000977,11.661704629659653
16,128,0,13,11.67024040222168,11.692758183926344
16,128,0,14,11.65071964263916,11.673643719404936
16,128,0,15,11.676032066345215,11.698567308485508
16,128,0,16,11.623552322387695,11.645432095974684
16,128,0,17,11.659839630126953,11.682807002216578
16,128,0,18,11.695103645324707,11.717926245182753
16,128,0,19,11.664928436279297,11.687064077705145
16,128,0,20,11.702431678771973,11.724651791155338
16,128,0,21,11.65401554107666,11.676709167659283
16,128,0,22,11.626463890075684,11.64910290390253
16,128,0,23,11.621983528137207,11.643809266388416
16,128,0,24,11.632415771484375,11.655631009489298
16,128,0,25,11.602592468261719,11.624553240835667
16,128,0,26,11.628767967224121,11.651596054434776
16,128,0,27,11.534751892089844,11.557514779269695
16,128,0,28,11.65071964263916,11.673199944198132
16,128,0,29,11.622688293457031,11.645208112895489
16,128,0,30,11.625247955322266,11.647875886410475
16,128,0,31,11.667679786682129,11.690422426909208
16,128,0,32,11.632960319519043,11.656099930405617
16,128,0,33,11.620991706848145,11.644259095191956
16,128,0,34,11.643872261047363,11.6672501899302
16,128,0,35,11.63094425201416,11.653502006083727
16,128,0,36,11.691904067993164,11.714968830347061
16,128,0,37,11.601375579833984,11.623832862824202
16,128,0,38,11.623231887817383,11.65073225274682
16,128,0,39,11.638527870178223,11.660791002213955
16,128,0,40,11.674336433410645,11.697448790073395
16,128,0,41,11.650176048278809,11.673705652356148
16,128,0,42,11.627519607543945,11.650436092168093
16,128,0,43,11.66966438293457,11.693335138261318
16,128,0,44,11.654175758361816,11.676940135657787
16,128,0,45,11.61631965637207,11.639217846095562
16,128,0,46,11.560576438903809,11.583910789340734
16,128,0,47,11.619872093200684,11.642978060990572
16,128,0,48,11.573375701904297,11.596286203712225
16,128,0,49,11.652000427246094,11.67538482695818
16,128,0,50,11.629759788513184,11.65251201018691
16,128,0,51,11.694111824035645,11.717591900378466
16,128,0,52,11.665472030639648,11.688388884067535
16,128,0,53,11.658687591552734,11.68135181069374
16,128,0,54,11.635616302490234,11.658131144940853
16,128,0,55,11.65071964263916,11.672432068735361
16,128,0,56,11.653120040893555,11.675873305648565
16,128,0,57,11.672063827514648,11.694684624671936
16,128,0,58,11.6693115234375,11.691683903336525
16,128,0,59,11.663488388061523,11.686882935464382
16,128,0,60,11.638751983642578,11.661956086754799
16,128,0,61,11.691904067993164,11.715151835232973
16,128,0,62,11.660799980163574,11.684081051498652
16,128,0,63,11.63759994506836,11.66112395003438
16,128,1,1,11.73027229309082,11.75329927355051
16,128,1,2,11.729567527770996,11.752073653042316
16,128,1,3,11.649951934814453,11.67225418612361
16,128,1,4,11.665984153747559,11.688467115163803
16,128,1,5,11.725024223327637,11.748100630939007
16,128,1,6,11.682687759399414,11.705591809004545
16,128,1,7,11.680704116821289,11.703714728355408
16,128,1,8,11.723936080932617,11.747349053621292
16,128,1,9,11.675488471984863,11.69844577088952
16,128,1,10,11.717696189880371,11.73995528370142
16,128,1,11,11.760671615600586,11.782871559262276
16,128,1,12,11.680352210998535,11.70291192829609
16,128,1,13,11.727231979370117,11.749664787203074
16,128,1,14,11.643584251403809,11.6657973267138
16,128,1,15,11.720735549926758,11.743572074919939
16,128,1,16,11.664383888244629,11.686844285577536
16,128,1,17,11.72316837310791,11.7457858286798
16,128,1,18,11.718400001525879,11.741136200726032
16,128,1,19,11.631936073303223,11.65532460436225
16,128,1,20,11.641247749328613,11.664186138659716
16,128,1,21,11.681119918823242,11.70381996780634
16,128,1,22,11.7009916305542,11.723552830517292
16,128,1,23,11.69711971282959,11.720091104507446
16,128,1,24,11.690303802490234,11.715762317180634
16,128,1,25,11.670528411865234,11.693637818098068
16,128,1,26,11.671104431152344,11.694119777530432
16,128,1,27,11.601408004760742,11.624961160123348
16,128,1,28,11.71350383758545,11.737128719687462
16,128,1,29,11.726335525512695,11.75404479727149
16,128,1,30,11.60431957244873,11.627131141722202
16,128,1,31,11.663840293884277,11.687016114592552
16,128,1,32,11.625727653503418,11.64957694709301
16,128,1,33,11.657119750976562,11.684775352478027
16,128,1,34,11.554368019104004,11.578251607716084
16,128,1,35,11.660608291625977,11.684037744998932
16,128,1,36,11.622271537780762,11.644911020994186
16,128,1,37,11.60870361328125,11.63164572790265
16,128,1,38,11.624832153320312,11.647894978523254
16,128,1,39,11.675071716308594,11.697303969413042
16,128,1,40,11.62275218963623,11.64536690339446
16,128,1,41,11.636927604675293,11.659028939902782
16,128,1,42,11.636032104492188,11.658302042633295
16,128,1,43,11.632767677307129,11.658065021038055
16,128,1,44,11.643487930297852,11.665519792586565
16,128,1,45,11.576576232910156,11.59927574917674
16,128,1,46,11.578783988952637,11.601720005273819
16,128,1,47,11.638976097106934,11.661719996482134
16,128,1,48,11.657343864440918,11.679884977638721
16,128,1,49,11.648736000061035,11.671753134578466
16,128,1,50,11.656319618225098,11.679868213832378
16,128,1,51,16.69036865234375,16.71763090416789
16,128,1,52,17.452735900878906,17.48781045898795
16,128,1,53,12.601663589477539,12.627033051103354
16,128,1,54,11.798368453979492,11.821454856544733
16,128,1,55,11.664480209350586,11.687424033880234
16,128,1,56,11.693183898925781,11.715719010680914
16,128,1,57,11.750687599182129,11.773028876632452
16,128,1,58,11.66543960571289,11.68800424784422
16,128,1,59,11.678879737854004,11.702028103172779
16,128,1,60,11.643168449401855,11.665745172649622
16,128,1,61,11.712063789367676,11.734668165445328
16,128,1,62,11.68131160736084,11.703755240887403
16,128,1,63,11.691583633422852,11.714576743543148
16,128,2,1,11.748160362243652,11.771203950047493
16,128,2,2,11.739104270935059,11.761339846998453
16,128,2,3,11.731103897094727,11.75316097214818
16,128,2,4,11.691679954528809,11.71571435406804
16,128,2,5,11.627679824829102,11.650685220956802
16,128,2,6,11.72771167755127,11.7499022744596
16,128,2,7,11.721759796142578,11.743926908820868
16,128,2,8,11.76095962524414,11.783843860030174
16,128,2,9,11.738207817077637,11.760476976633072
16,128,2,10,11.776288032531738,11.799776926636696
16,128,2,11,11.702495574951172,11.725729331374168
16,128,2,12,11.733856201171875,11.755959130823612
16,128,2,13,11.709759712219238,11.732327751815319
16,128,2,14,11.694944381713867,11.717608664184809
16,128,2,15,11.710783958435059,11.733457911759615
16,128,2,16,11.70860767364502,11.731098871678114
16,128,2,17,11.732704162597656,11.75486110150814
16,128,2,18,11.67471981048584,11.697271838784218
16,128,2,19,11.703807830810547,11.726297903805971
16,128,2,20,11.720383644104004,11.74268964678049
16,128,2,21,11.66102409362793,11.683415155857801
16,128,2,22,11.690303802490234,11.712817009538412
16,128,2,23,11.685919761657715,11.70823723077774
16,128,2,24,11.8121919631958,11.834933888167143
16,128,2,25,11.695136070251465,11.717816814780235
16,128,2,26,11.685471534729004,11.708556208759546
16,128,2,27,11.655967712402344,11.679095216095448
16,128,2,28,11.664896011352539,11.68784312903881
16,128,2,29,11.67311954498291,11.696572881191969
16,128,2,30,11.661760330200195,11.685534846037626
16,128,2,31,11.700032234191895,11.722506955265999
16,128,2,32,11.66329574584961,11.685894802212715
16,128,2,33,11.68723201751709,11.709397658705711
16,128,2,34,11.709952354431152,11.732915882021189
16,128,2,35,11.630335807800293,11.652159970253706
16,128,2,36,11.599136352539062,11.6217159666121
16,128,2,37,11.645919799804688,11.668380349874496
16,128,2,38,11.654272079467773,11.676772963255644
16,128,2,39,11.694175720214844,11.716990265995264
16,128,2,40,11.695327758789062,11.71830389648676
16,128,2,41,11.647968292236328,11.670149862766266
16,128,2,42,11.530752182006836,11.554184835404158
16,128,2,43,11.588704109191895,11.612576898187399
16,128,2,44,11.646464347839355,11.669204104691744
16,128,2,45,11.736000061035156,11.759295128285885
16,128,2,46,11.629664421081543,11.652906890958548
16,128,2,47,11.623392105102539,11.646491941064596
16,128,2,48,11.698687553405762,11.7218061350286
16,128,2,49,11.694560050964355,11.71772088855505
16,128,2,50,11.704768180847168,11.73337223008275
16,128,2,51,11.707551956176758,11.731290724128485
16,128,2,52,11.651200294494629,11.674717999994755
16,128,2,53,11.752191543579102,11.775344144552946
16,128,2,54,11.707776069641113,11.736142914742231
16,128,2,55,11.693280220031738,11.716770008206367
16,128,2,56,11.727904319763184,11.750999838113785
16,128,2,57,11.660479545593262,11.683522257953882
16,128,2,58,11.675583839416504,11.698376853018999
16,128,2,59,11.693663597106934,11.716537177562714
16,128,2,60,11.682463645935059,11.705227196216583
16,128,2,61,11.685983657836914,11.708670295774937
16,128,2,62,11.69001579284668,11.71307498589158
16,128,2,63,11.649279594421387,11.672012973576784
16,128,3,1,11.815648078918457,11.839068029075861
16,128,3,2,11.772031784057617,11.794631835073233
16,128,3,3,11.701791763305664,11.724394280463457
16,128,3,4,11.779423713684082,11.802058666944504
16,128,3,5,11.712575912475586,11.735307984054089
16,128,3,6,11.75171184539795,11.774609796702862
16,128,3,7,11.722368240356445,11.745879892259836
16,128,3,8,11.746784210205078,11.769451666623354
16,128,3,9,11.653247833251953,11.675931978970766
16,128,3,10,11.630911827087402,11.653645895421505
16,128,3,11,11.709856033325195,11.732593178749084
16,128,3,12,11.680383682250977,11.703343130648136
16,128,3,13,11.726112365722656,11.749664787203074
16,128,3,14,11.69638442993164,11.719368863850832
16,128,3,15,11.729599952697754,11.752268299460411
16,128,3,16,11.710271835327148,11.733099818229675
16,128,3,17,11.686816215515137,11.708923615515232
16,128,3,18,11.721952438354492,11.744450777769089
16,128,3,19,11.707679748535156,11.731075122952461
16,128,3,20,11.720224380493164,11.742970906198025
16,128,3,21,11.672415733337402,11.695008259266615
16,128,3,22,11.691200256347656,11.713673826307058
16,128,3,23,11.70633602142334,11.729384306818247
16,128,3,24,11.649056434631348,11.672950349748135
16,128,3,25,11.597087860107422,11.621163692325354
16,128,3,26,11.691743850708008,11.715006083250046
16,128,3,27,11.674559593200684,11.697610840201378
16,128,3,28,11.71679973602295,11.739802081137896
16,128,3,29,11.735039710998535,11.758067179471254
16,128,3,30,11.674176216125488,11.696895118802786
16,128,3,31,11.688096046447754,11.71182096004486
16,128,3,32,11.696895599365234,11.719579808413982
16,128,3,33,11.62934398651123,11.651542037725449
16,128,3,34,11.651455879211426,11.673850938677788
16,128,3,35,11.697343826293945,11.720554903149605
16,128,3,36,11.742048263549805,11.764716822654009
16,128,3,37,11.67692756652832,11.699574068188667
16,128,3,38,11.685791969299316,11.708830017596483
16,128,3,39,11.628640174865723,11.651239357888699
16,128,3,40,11.622591972351074,11.650929227471352
16,128,3,41,11.701375961303711,11.724148876965046
16,128,3,42,11.736160278320312,11.758536100387573
16,128,3,43,11.732447624206543,11.755352839827538
16,128,3,44,11.644672393798828,11.671913787722588
16,128,3,45,11.720767974853516,11.743118055164814
16,128,3,46,11.685567855834961,11.707504279911518
16,128,3,47,11.709247589111328,11.731598060578108
16,128,3,48,11.671551704406738,11.694212909787893
16,128,3,49,11.656736373901367,11.684294324368238
16,128,3,50,11.668255805969238,11.690400075167418
16,128,3,51,21.170656204223633,21.19533810764551
16,128,3,52,14.148896217346191,14.178107958287
16,128,3,53,11.916192054748535,11.941895820200443
16,128,3,54,11.7161283493042,11.737962253391743
16,128,3,55,11.716416358947754,11.739396024495363
16,128,3,56,11.725472450256348,11.748876888304949
16,128,3,57,11.70041561126709,11.723482050001621
16,128,3,58,11.678976058959961,11.701863259077072
16,128,3,59,11.703743934631348,11.726218275725842
16,128,3,60,11.65494441986084,11.6779999807477
16,128,3,61,11.705984115600586,11.728618294000626
16,128,3,62,11.703071594238281,11.726417113095522
16,128,3,63,11.675999641418457,11.699166148900986
16,128,4,1,14.418784141540527,14.454021118581295
16,128,4,2,12.184831619262695,12.207993771880865
16,128,4,3,11.708415985107422,11.73060480505228
16,128,4,4,11.716704368591309,11.739030946046114
16,128,4,5,11.752703666687012,11.77546102553606
16,128,4,6,11.744416236877441,11.767799966037273
16,128,4,7,11.628671646118164,11.651237960904837
16,128,4,8,11.695167541503906,11.71736279502511
16,128,4,9,11.748607635498047,11.77138788625598
16,128,4,10,11.710783958435059,11.733376886695623
16,128,4,11,11.724639892578125,11.74714183434844
16,128,4,12,11.738335609436035,11.761005967855453
16,128,4,13,11.716768264770508,11.739478912204504
16,128,4,14,11.611424446105957,11.63463480770588
16,128,4,15,11.697312355041504,11.720238253474236
16,128,4,16,11.732352256774902,11.7562017403543
16,128,4,17,11.762271881103516,11.784559115767479
16,128,4,18,11.723872184753418,11.746557895094156
16,128,4,19,11.741536140441895,11.76462834700942
16,128,4,20,11.762463569641113,11.785821057856083
16,128,4,21,11.68825626373291,11.71148382127285
16,128,4,22,11.716832160949707,11.739551089704037
16,128,4,23,11.735584259033203,11.758510023355484
16,128,4,24,11.751808166503906,11.77558908239007
16,128,4,25,11.754048347473145,11.77770085632801
16,128,4,26,11.721311569213867,11.74357021227479
16,128,4,27,11.704704284667969,11.728232726454735
16,128,4,28,11.73862361907959,11.76167605444789
16,128,4,29,11.696703910827637,11.719228699803352
16,128,4,30,11.679007530212402,11.701713781803846
16,128,4,31,11.717280387878418,11.740419082343578
16,128,4,32,11.663135528564453,11.686241254210472
16,128,4,33,11.676959991455078,11.700273025780916
16,128,4,34,11.674528121948242,11.697617825120687
16,128,4,35,11.699487686157227,11.722180061042309
16,128,4,36,11.744223594665527,11.767200194299221
16,128,4,37,11.599935531616211,11.622991878539324
16,128,4,38,11.71504020690918,11.739083100110292
16,128,4,39,11.681407928466797,11.704133357852697
16,128,4,40,11.731871604919434,11.755472049117088
16,128,4,41,11.700608253479004,11.730470694601536
16,128,4,42,11.676192283630371,11.699475347995758
16,128,4,43,11.69814395904541,11.721191927790642
16,128,4,44,11.696127891540527,11.719128116965294
16,128,4,45,11.710176467895508,11.733019724488258
16,128,4,46,11.636863708496094,11.659844778478146
16,128,4,47,11.671711921691895,11.695180553942919
16,128,4,48,11.705504417419434,11.728504206985235
16,128,4,49,11.714048385620117,11.736705899238586
16,128,4,50,11.703136444091797,11.72609906643629
16,128,4,51,11.708864212036133,11.732040904462337
16,128,4,52,11.67625617980957,11.699154041707516
16,128,4,53,11.672927856445312,11.696542613208294
16,128,4,54,11.70956802368164,11.732013896107674
16,128,4,55,11.701024055480957,11.724190786480904
16,128,4,56,11.71571159362793,11.73914223909378
16,128,4,57,11.694975852966309,11.717676185071468
16,128,4,58,11.635871887207031,11.659090872853994
16,128,4,59,11.670783996582031,11.694044806063175
16,128,4,60,11.718463897705078,11.741445399820805
16,128,4,61,11.717920303344727,11.740881949663162
16,128,4,62,11.724543571472168,11.747478041797876
16,128,4,63,11.66483211517334,11.688634753227234
16,128,5,1,11.801376342773438,11.82582788169384
16,128,5,2,11.786784172058105,11.809439864009619
16,128,5,3,11.725695610046387,11.748431716114283
16,128,5,4,11.72873592376709,11.751404963433743
16,128,5,5,11.758079528808594,11.780884116888046
16,128,5,6,11.69052791595459,11.713539250195026
16,128,5,7,11.764479637145996,11.78704109042883
16,128,5,8,11.718432426452637,11.74195483326912
16,128,5,9,11.716608047485352,11.739781126379967
16,128,5,10,11.775296211242676,11.798111256211996
16,128,5,11,11.770943641662598,11.793582234531641
16,128,5,12,11.782336235046387,11.805648915469646
16,128,5,13,11.70083236694336,11.723964009433985
16,128,5,14,11.719615936279297,11.74199115484953
16,128,5,15,11.697823524475098,11.72034814953804
16,128,5,16,11.726592063903809,11.749454773962498
16,128,5,17,11.71731185913086,11.740028858184814
16,128,5,18,11.751551628112793,11.77386986091733
16,128,5,19,11.728960037231445,11.750884354114532
16,128,5,20,11.744447708129883,11.766516137868166
16,128,5,21,11.693984031677246,11.716681066900492
16,128,5,22,11.707232475280762,11.729528196156025
16,128,5,23,11.720416069030762,11.74271572381258
16,128,5,24,11.671680450439453,11.694869957864285
16,128,5,25,12.058688163757324,12.081619817763567
16,128,5,26,11.97100830078125,11.993711814284325
16,128,5,27,11.783904075622559,11.80737791582942
16,128,5,28,11.827872276306152,11.851073708385229
16,128,5,29,11.73136043548584,11.754789855331182
16,128,5,30,11.717408180236816,11.740121990442276
16,128,5,31,11.76854419708252,11.791032273322344
16,128,5,32,11.739104270935059,11.761886067688465
16,128,5,33,11.65056037902832,11.673517990857363
16,128,5,34,11.691360473632812,11.714005842804909
16,128,5,35,11.72544002532959,11.748913675546646
16,128,5,36,11.707167625427246,11.730338912457228
16,128,5,37,11.685791969299316,11.708731763064861
16,128,5,38,11.571104049682617,11.59351086243987
16,128,5,39,11.729087829589844,11.75137609243393
16,128,5,40,11.77132797241211,11.795571073889732
16,128,5,41,11.68505573272705,11.708281002938747
16,128,5,42,21.544960021972656,21.569468080997467
16,128,5,43,13.535872459411621,13.566017150878906
16,128,5,44,11.827967643737793,11.85054611414671
16,128,5,45,11.71548843383789,11.737642344087362
16,128,5,46,11.702400207519531,11.725130025297403
16,128,5,47,11.69705581665039,11.720267124474049
16,128,5,48,11.694463729858398,11.717359069734812
16,128,5,49,11.693280220031738,11.715392116457224
16,128,5,50,11.680512428283691,11.70259714126587
16,128,5,51,11.6779203414917,11.700733099132776
16,128,5,52,11.673215866088867,11.695909779518843
16,128,5,53,11.744959831237793,11.766943149268627
16,128,5,54,11.728192329406738,11.750182136893272
16,128,5,55,11.703680038452148,11.725918855518103
16,128,5,56,11.686367988586426,11.708551086485386
16,128,5,57,11.706527709960938,11.728539131581783
16,128,5,58,21.767135620117188,21.792291663587093
16,128,5,59,13.018207550048828,13.045622035861015
16,128,5,60,11.699328422546387,11.722547933459282
16,128,5,61,11.723679542541504,11.746696196496487
16,128,5,62,11.769984245300293,11.798385996371508
16,128,5,63,11.755904197692871,11.77899818867445
16,128,6,1,11.720671653747559,11.744116432964802
16,128,6,2,11.712191581726074,11.73515198752284
16,128,6,3,11.697983741760254,11.721800081431866
16,128,6,4,11.714495658874512,11.737670749425888
16,128,6,5,11.7325439453125,11.756427120417356
16,128,6,6,11.732576370239258,11.75463804975152
16,128,6,7,11.672287940979004,11.695013847202063
16,128,6,8,11.651552200317383,11.674536857753992
16,128,6,9,11.698176383972168,11.721388902515173
16,128,6,10,11.771455764770508,11.794747784733772
16,128,6,11,11.670880317687988,11.693822219967842
16,128,6,12,11.720512390136719,11.74397999420762
16,128,6,13,11.711968421936035,11.735242791473866
16,128,6,14,11.665696144104004,11.687920894473791
16,128,6,15,11.630111694335938,11.65255717933178
16,128,6,16,11.707903861999512,11.734779924154282
16,128,6,17,11.697343826293945,11.719697155058384
16,128,6,18,11.760224342346191,11.78249390795827
16,128,6,19,11.669088363647461,11.69179193675518
16,128,6,20,11.718688011169434,11.741338763386011
16,128,6,21,11.679807662963867,11.702234856784344
16,128,6,22,11.695136070251465,11.71761890873313
16,128,6,23,11.71168041229248,11.734181083738804
16,128,6,24,11.712767601013184,11.740842834115028
16,128,6,25,11.686880111694336,11.709754820913076
16,128,6,26,11.737215995788574,11.759382672607899
16,128,6,27,11.677184104919434,11.699650902301073
16,128,6,28,11.6461763381958,11.668626684695482
16,128,6,29,11.684479713439941,11.707209050655365
16,128,6,30,11.65078353881836,11.67335920035839
16,128,6,31,11.686752319335938,11.709778103977442
16,128,6,32,11.668928146362305,11.692327912896872
16,128,6,33,11.644543647766113,11.666847858577967
16,128,6,34,11.594400405883789,11.617396958172321
16,128,6,35,11.71343994140625,11.735614854842424
16,128,6,36,11.663519859313965,11.68603589758277
16,128,6,37,11.646944046020508,11.669266037642956
16,128,6,38,11.603296279907227,11.62602799013257
16,128,6,39,11.6693115234375,11.69272605329752
16,128,6,40,11.703328132629395,11.726468801498413
16,128,6,41,11.644927978515625,11.66794216260314
16,128,6,42,11.64419174194336,11.66687672957778
16,128,6,43,11.712224006652832,11.73482509329915
16,128,6,44,11.655808448791504,11.678437702357769
16,128,6,45,11.682080268859863,11.70443370938301
16,128,6,46,11.657567977905273,11.680271942168474
16,128,6,47,11.601632118225098,11.624095030128956
16,128,6,48,11.692288398742676,11.71525800600648
16,128,6,49,11.689888000488281,11.71294180676341
16,128,6,50,11.664064407348633,11.686678044497967
16,128,6,51,11.691712379455566,11.714291293174028
16,128,6,52,11.672703742980957,11.695879977196455
16,128,6,53,11.76524829864502,11.78759103640914
16,128,6,54,11.791040420532227,11.813854798674583
16,128,6,55,11.686783790588379,11.709955055266619
16,128,6,56,11.676192283630371,11.699119117110968
16,128,6,57,11.668448448181152,11.69069716706872
16,128,6,58,11.657983779907227,11.680969968438148
16,128,6,59,11.68057632446289,11.70421577990055
16,128,6,60,11.687711715698242,11.711548082530499
16,128,6,61,11.724575996398926,11.747566051781178
16,128,6,62,11.634559631347656,11.656747199594975
16,128,6,63,11.640800476074219,11.663143057376146
16,1024,0,1,24.50707244873047,24.5416727848351
16,1024,0,2,21.525056838989258,21.550660952925682
16,1024,0,3,20.963167190551758,20.989754237234592
16,1024,0,4,20.97216033935547,21.0008742287755
16,1024,0,5,20.432992935180664,20.459385123103857
16,1024,0,6,20.21980857849121,20.244609098881483
16,1024,0,7,20.153087615966797,20.18046285957098
16,1024,0,8,20.40118408203125,20.42794693261385
16,1024,0,9,20.663711547851562,20.69589402526617
16,1024,0,10,20.308927536010742,20.337837748229504
16,1024,0,11,20.19830322265625,20.222762133926153
16,1024,0,12,20.43404769897461,20.460165105760098
16,1024,0,13,20.218496322631836,20.249247085303068
16,1024,0,14,20.296287536621094,20.322937984019518
16,1024,0,15,20.223487854003906,20.247546024620533
16,1024,0,16,20.416255950927734,20.440212916582823
16,1024,0,17,20.224288940429688,20.248306915163994
16,1024,0,18,23.120512008666992,23.146893829107285
16,1024,0,19,20.305152893066406,20.335691049695015
16,1024,0,20,20.411903381347656,20.43619519099593
16,1024,0,21,20.174400329589844,20.198769867420197
16,1024,0,22,20.250944137573242,20.275438204407692
16,1024,0,23,20.192832946777344,20.218940917402506
16,1024,0,24,20.454591751098633,20.480317063629627
16,1024,0,25,20.235200881958008,20.26102179661393
16,1024,0,26,20.33296012878418,20.359682850539684
16,1024,0,27,20.29132843017578,20.31823107972741
16,1024,0,28,20.54524803161621,20.575930830091238
16,1024,0,29,20.38483238220215,20.41330374777317
16,1024,0,30,20.456384658813477,20.485626999288797
16,1024,0,31,20.404767990112305,20.432794000953436
16,1024,0,32,20.652671813964844,20.681509282439947
16,1024,0,33,20.425376892089844,20.456734113395214
16,1024,0,34,20.476703643798828,20.50653100013733
16,1024,0,35,20.387168884277344,20.41768468916416
16,1024,0,36,20.689727783203125,20.71957103908062
16,1024,0,37,20.463071823120117,20.49471205100417
16,1024,0,38,20.477567672729492,20.508969202637672
16,1024,0,39,20.461088180541992,20.49103518947959
16,1024,0,40,20.714975357055664,20.746521186083555
16,1024,0,41,20.478431701660156,20.507582928985357
16,1024,0,42,20.496864318847656,20.526526030153036
16,1024,0,43,20.459903717041016,20.49048710614443
16,1024,0,44,20.761215209960938,20.7902854308486
16,1024,0,45,20.512191772460938,20.543744787573814
16,1024,0,46,20.612096786499023,20.64414694905281
16,1024,0,47,20.592575073242188,20.622138399630785
16,1024,0,48,20.834623336791992,20.865560974925756
16,1024,0,49,20.577056884765625,20.60785796493292
16,1024,0,50,20.581663131713867,20.61315393075347
16,1024,0,51,20.581151962280273,20.61244286596775
16,1024,0,52,20.86150360107422,20.896664820611477
16,1024,0,53,20.582656860351562,20.612495951354504
16,1024,0,54,20.66649627685547,20.697987638413906
16,1024,0,55,20.635583877563477,20.666700787842274
16,1024,0,56,20.913408279418945,20.942846778780222
16,1024,0,57,20.655296325683594,20.686123054474592
16,1024,0,58,20.668832778930664,20.699378568679094
16,1024,0,59,20.5948486328125,20.62524901703
16,1024,0,60,20.879520416259766,20.909034181386232
16,1024,0,61,20.610591888427734,20.640860311686993
16,1024,0,62,20.694623947143555,20.72475291788578
16,1024,0,63,20.690336227416992,20.720855798572302
16,1024,1,1,23.657535552978516,23.696932941675186
16,1024,1,2,21.174335479736328,21.207375917583704
16,1024,1,3,20.6210880279541,20.651858765631914
16,1024,1,4,20.708480834960938,20.73847409337759
16,1024,1,5,20.570112228393555,20.600513089448214
16,1024,1,6,20.422367095947266,20.454053301364183
16,1024,1,7,20.374208450317383,20.406574942171574
16,1024,1,8,20.57596778869629,20.605464931577444
16,1024,1,9,20.394912719726562,20.425474736839533
16,1024,1,10,20.3985595703125,20.430423319339752
16,1024,1,11,20.38582420349121,20.420474000275135
16,1024,1,12,20.611103057861328,20.640914794057608
16,1024,1,13,20.392127990722656,20.424238871783018
16,1024,1,14,20.4385929107666,20.47109417617321
16,1024,1,15,20.397632598876953,20.430366043001413
16,1024,1,16,20.65564727783203,20.68825624883175
16,1024,1,17,20.41993522644043,20.451069343835115
16,1024,1,18,20.467456817626953,20.49902593716979
16,1024,1,19,20.370399475097656,20.401873625814915
16,1024,1,20,20.631711959838867,20.661455113440752
16,1024,1,21,20.386112213134766,20.419506821781397
16,1024,1,22,20.46031951904297,20.489697344601154
16,1024,1,23,20.350656509399414,20.38043597713113
16,1024,1,24,20.651519775390625,20.68148087710142
16,1024,1,25,20.390399932861328,20.421418361365795
16,1024,1,26,20.449663162231445,20.48184722661972
16,1024,1,27,20.418655395507812,20.4470157623291
16,1024,1,28,20.593887329101562,20.623488817363977
16,1024,1,29,20.423551559448242,20.455717109143734
16,1024,1,30,20.515071868896484,20.54733084514737
16,1024,1,31,20.430688858032227,20.463587250560522
16,1024,1,32,20.743776321411133,20.77538799494505
16,1024,1,33,20.471647262573242,20.503393840044737
16,1024,1,34,20.526111602783203,20.558015909045935
16,1024,1,35,20.4847354888916,20.5148053355515
16,1024,1,36,20.76006317138672,20.791674964129925
16,1024,1,37,20.475296020507812,20.50864091143012
16,1024,1,38,20.54969596862793,20.580593962222338
16,1024,1,39,20.479167938232422,20.509066060185432
16,1024,1,40,20.731456756591797,20.76423168182373
16,1024,1,41,20.50774383544922,20.540175959467888
16,1024,1,42,20.59231948852539,20.623479038476944
16,1024,1,43,20.529855728149414,20.56180778890848
16,1024,1,44,20.809343338012695,20.842124242335558
16,1024,1,45,20.56595230102539,20.5992772243917
16,1024,1,46,20.620288848876953,20.653619896620512
16,1024,1,47,20.577407836914062,20.611601881682873
16,1024,1,48,20.840255737304688,20.872801076620817
16,1024,1,49,20.59663963317871,20.62804391607642
16,1024,1,50,20.65590476989746,20.690940786153078
16,1024,1,51,20.609920501708984,20.641764625906944
16,1024,1,52,20.913856506347656,20.944472402334213
16,1024,1,53,20.64076805114746,20.673905964940786
16,1024,1,54,20.72015953063965,20.751746837049723
16,1024,1,55,20.609439849853516,20.643146242946386
16,1024,1,56,20.877216339111328,20.908507984131575
16,1024,1,57,20.64352035522461,20.674434956163168
16,1024,1,58,20.681087493896484,20.713580772280693
16,1024,1,59,20.63043212890625,20.66889312118292
16,1024,1,60,20.92585563659668,20.960084162652493
16,1024,1,61,20.668352127075195,20.699850283563137
16,1024,1,62,20.758943557739258,20.788933616131544
16,1024,1,63,20.712095260620117,20.742343738675117
16,1024,2,1,23.48873519897461,23.523885291069746
16,1024,2,2,21.01590347290039,21.045319736003876
16,1024,2,3,20.612031936645508,20.63906705006957
16,1024,2,4,20.66080093383789,20.688078366219997
16,1024,2,5,20.56012725830078,20.59117518365383
16,1024,2,6,20.282527923583984,20.311356987804174
16,1024,2,7,20.304960250854492,20.333966240286827
16,1024,2,8,20.51696014404297,20.546155981719494
16,1024,2,9,20.22083282470703,20.248136948794127
16,1024,2,10,20.237823486328125,20.26525093242526
16,1024,2,11,20.20400047302246,20.230854861438274
16,1024,2,12,20.444480895996094,20.469795912504196
16,1024,2,13,20.21174430847168,20.237606018781662
16,1024,2,14,20.2871036529541,20.313693210482597
16,1024,2,15,20.25379180908203,20.281878765672445
16,1024,2,16,20.53936004638672,20.566922146826982
16,1024,2,17,20.265600204467773,20.28947276994586
16,1024,2,18,20.29167938232422,20.315513014793396
16,1024,2,19,20.17731285095215,20.20194986835122
16,1024,2,20,20.40496063232422,20.42886894196272
16,1024,2,21,20.170879364013672,20.19545529037714
16,1024,2,22,20.212352752685547,20.237829070538282
16,1024,2,23,20.170976638793945,20.196793135255575
16,1024,2,24,20.461536407470703,20.489520858973265
16,1024,2,25,20.30793571472168,20.336152985692024
16,1024,2,26,20.391359329223633,20.421084947884083
16,1024,2,27,20.40399932861328,20.43339191004634
16,1024,2,28,20.584896087646484,20.61551297083497
16,1024,2,29,20.39379119873047,20.42606705799699
16,1024,2,30,20.48192024230957,20.512247923761606
16,1024,2,31,20.36345672607422,20.395176950842142
16,1024,2,32,20.669408798217773,20.69833315908909
16,1024,2,33,20.409536361694336,20.43857518583536
16,1024,2,34,20.45699119567871,20.48896113410592
16,1024,2,35,20.422880172729492,20.45455202460289
16,1024,2,36,20.714879989624023,20.74300916865468
16,1024,2,37,20.496192932128906,20.526833832263947
16,1024,2,38,20.529247283935547,20.559951197355986
16,1024,2,39,20.479328155517578,20.50975291058421
16,1024,2,40,20.69923210144043,20.728799980133772
16,1024,2,41,20.47385597229004,20.502802915871143
16,1024,2,42,20.504352569580078,20.535464864224195
16,1024,2,43,20.45577621459961,20.486855879426003
16,1024,2,44,20.770719528198242,20.801682025194168
16,1024,2,45,20.4946231842041,20.52478026598692
16,1024,2,46,20.609472274780273,20.64139535650611
16,1024,2,47,20.55731201171875,20.58618376031518
16,1024,2,48,20.7926082611084,20.822334103286266
16,1024,2,49,20.545087814331055,20.575915928930044
16,1024,2,50,20.625728607177734,20.656249951571226
16,1024,2,51,20.603103637695312,20.636877976357937
16,1024,2,52,20.887968063354492,20.917922258377075
16,1024,2,53,20.57721519470215,20.608555991202593
16,1024,2,54,20.622432708740234,20.651127211749554
16,1024,2,55,20.55718421936035,20.58705920353532
16,1024,2,56,20.844032287597656,20.87297197431326
16,1024,2,57,20.595199584960938,20.62390511855483
16,1024,2,58,20.650623321533203,20.68077214062214
16,1024,2,59,20.582944869995117,20.61351388692856
16,1024,2,60,20.918336868286133,20.947834942489862
16,1024,2,61,20.617279052734375,20.64609620720148
16,1024,2,62,20.69865608215332,20.72718506678939
16,1024,2,63,20.642208099365234,20.67713998258114
16,1024,3,1,24.038496017456055,24.07576935365796
16,1024,3,2,22.67840003967285,22.710598073899746
16,1024,3,3,22.417919158935547,22.454366087913513
16,1024,3,4,20.706464767456055,20.738376770168543
16,1024,3,5,20.394655227661133,20.427285693585873
16,1024,3,6,20.479360580444336,20.511947106570005
16,1024,3,7,20.366304397583008,20.39906196296215
16,1024,3,8,20.59823989868164,20.63224883750081
16,1024,3,9,20.365568161010742,20.397146698087454
16,1024,3,10,20.355615615844727,20.386607386171818
16,1024,3,11,20.360736846923828,20.39230102673173
16,1024,3,12,20.613248825073242,20.64504288136959
16,1024,3,13,20.40003204345703,20.432761404663324
16,1024,3,14,20.469024658203125,20.500832237303257
16,1024,3,15,20.441919326782227,20.473427139222622
16,1024,3,16,20.667648315429688,20.700247026979923
16,1024,3,17,20.437280654907227,20.469591952860355
16,1024,3,18,20.471424102783203,20.50307672470808
16,1024,3,19,20.424543380737305,20.457648672163486
16,1024,3,20,20.634687423706055,20.665112882852554
16,1024,3,21,20.343168258666992,20.375287625938654
16,1024,3,22,20.382591247558594,20.415534731000662
16,1024,3,23,20.36742401123047,20.399319007992744
16,1024,3,24,20.635520935058594,20.67153761163354
16,1024,3,25,20.367712020874023,20.40018467232585
16,1024,3,26,20.419296264648438,20.451920107007027
16,1024,3,27,20.432767868041992,20.4654298722744
16,1024,3,28,20.62588882446289,20.65707417204976
16,1024,3,29,20.411840438842773,20.443880930542946
16,1024,3,30,20.49091148376465,20.520836114883423
16,1024,3,31,20.413951873779297,20.44498361647129
16,1024,3,32,20.692800521850586,20.726685877889395
16,1024,3,33,20.461471557617188,20.491711795330048
16,1024,3,34,20.514528274536133,20.547111984342337
16,1024,3,35,20.477664947509766,20.50858223810792
16,1024,3,36,20.71721649169922,20.747945178300142
16,1024,3,37,20.52252769470215,20.555830094963312
16,1024,3,38,20.518239974975586,20.54866636171937
16,1024,3,39,20.44963264465332,20.481265150010586
16,1024,3,40,20.748384475708008,20.78032400459051
16,1024,3,41,20.557823181152344,20.589597057551146
16,1024,3,42,20.556480407714844,20.587808918207884
16,1024,3,43,20.511104583740234,20.54083999246359
16,1024,3,44,20.783967971801758,20.81340504810214
16,1024,3,45,20.57593536376953,20.60754969716072
16,1024,3,46,24.588895797729492,24.621123913675547
16,1024,3,47,20.833887100219727,20.870709791779518
16,1024,3,48,20.800607681274414,20.83047991618514
16,1024,3,49,20.53670310974121,20.565316081047058
16,1024,3,50,20.58291244506836,20.611451007425785
16,1024,3,51,20.58892822265625,20.620618015527725
16,1024,3,52,20.85215950012207,20.882421173155308
16,1024,3,53,20.523775100708008,20.553075708448887
16,1024,3,54,20.610815048217773,20.642335060983896
16,1024,3,55,20.623807907104492,20.66013077273965
16,1024,3,56,21.35260772705078,21.393206901848316
16,1024,3,57,20.67203140258789,20.7016090862453
16,1024,3,58,20.66908836364746,20.698884036391973
16,1024,3,59,20.684480667114258,20.715263206511736
16,1024,3,60,20.98931121826172,21.01936610415578
16,1024,3,61,20.640928268432617,20.674244035035372
16,1024,3,62,20.72969627380371,20.76005982235074
16,1024,3,63,20.67318344116211,20.706338807940483
16,1024,4,1,23.432512283325195,23.470384068787098
16,1024,4,2,21.511648178100586,21.540910005569458
16,1024,4,3,20.945663452148438,20.973095670342445
16,1024,4,4,20.630752563476562,20.65750816836953
16,1024,4,5,20.263296127319336,20.292692817747593
16,1024,4,6,20.23084831237793,20.257539115846157
16,1024,4,7,20.18294334411621,20.21061396226287
16,1024,4,8,20.497983932495117,20.524474792182446
16,1024,4,9,20.25481605529785,20.281544886529446
16,1024,4,10,20.276512145996094,20.30456718057394
16,1024,4,11,20.24665641784668,20.273716188967228
16,1024,4,12,20.513887405395508,20.541802048683167
16,1024,4,13,20.313024520874023,20.33946616575122
16,1024,4,14,20.35603141784668,20.38227068260312
16,1024,4,15,20.30748748779297,20.335768815129995
16,1024,4,16,20.515840530395508,20.54173918440938
16,1024,4,17,20.31065559387207,20.336377900093794
16,1024,4,18,20.30944061279297,20.335158333182335
16,1024,4,19,20.262496948242188,20.28629742562771
16,1024,4,20,20.450271606445312,20.476270001381636
16,1024,4,21,20.219680786132812,20.244551822543144
16,1024,4,22,20.249439239501953,20.275434013456106
16,1024,4,23,20.27008056640625,20.296091679483652
16,1024,4,24,20.509183883666992,20.53797524422407
16,1024,4,25,20.38105583190918,20.412292797118425
16,1024,4,26,20.418176651000977,20.447684917598963
16,1024,4,27,20.421951293945312,20.451593212783337
16,1024,4,28,20.64486312866211,20.676493179053068
16,1024,4,29,20.43974494934082,20.469716284424067
16,1024,4,30,20.451616287231445,20.48432594165206
16,1024,4,31,20.472991943359375,20.506673958152533
16,1024,4,32,20.67363166809082,20.703238900750875
16,1024,4,33,20.410015106201172,20.439499989151955
16,1024,4,34,21.61359977722168,21.645020693540573
16,1024,4,35,20.77516746520996,20.81419015303254
16,1024,4,36,20.727807998657227,20.756069105118513
16,1024,4,37,20.471712112426758,20.50036797299981
16,1024,4,38,20.49945640563965,20.529855042696
16,1024,4,39,20.46303939819336,20.493226125836372
16,1024,4,40,20.746944427490234,20.78027231618762
16,1024,4,41,20.53433609008789,20.568521227687597
16,1024,4,42,20.595584869384766,20.634560845792294
16,1024,4,43,20.526304244995117,20.568707026541233
16,1024,4,44,24.643327713012695,24.70226725563407
16,1024,4,45,20.656768798828125,20.68933565169573
16,1024,4,46,20.586591720581055,20.619404036551714
16,1024,4,47,20.574623107910156,20.607484970241785
16,1024,4,48,20.864959716796875,20.90414986014366
16,1024,4,49,20.620607376098633,20.65572375431657
16,1024,4,50,20.64009666442871,20.67211316898465
16,1024,4,51,20.584192276000977,20.616219844669104
16,1024,4,52,20.85024070739746,20.88591828942299
16,1024,4,53,20.562271118164062,20.593469962477684
16,1024,4,54,20.63750457763672,20.673093385994434
16,1024,4,55,20.634496688842773,20.66837903112173
16,1024,4,56,20.890304565429688,20.92220401391387
16,1024,4,57,20.6561279296875,20.687248092144728
16,1024,4,58,20.721952438354492,20.752952434122562
16,1024,4,59,20.642559051513672,20.676954183727503
16,1024,4,60,20.903871536254883,20.93510003760457
16,1024,4,61,20.651935577392578,20.684729795902967
16,1024,4,62,20.750015258789062,20.781900268048048
16,1024,4,63,20.69161605834961,20.721704233437777
16,1024,5,1,24.144832611083984,24.18713690713048
16,1024,5,2,22.473695755004883,22.506054025143385
16,1024,5,3,22.451744079589844,22.485875990241766
16,1024,5,4,20.982303619384766,21.017808932811022
16,1024,5,5,20.402080535888672,20.434308797121048
16,1024,5,6,20.480831146240234,20.513657014817
16,1024,5,7,20.422208786010742,20.45591501519084
16,1024,5,8,20.632064819335938,20.672558806836605
16,1024,5,9,20.412927627563477,20.447598304599524
16,1024,5,10,20.408672332763672,20.44028090313077
16,1024,5,11,20.357152938842773,20.38807002827525
16,1024,5,12,20.645376205444336,20.677058957517147
16,1024,5,13,20.420223236083984,20.452308002859354
16,1024,5,14,20.406816482543945,20.43780731037259
16,1024,5,15,20.403392791748047,20.438258070498705
16,1024,5,16,20.63203239440918,20.663472823798656
16,1024,5,17,20.42572784423828,20.455081947147846
16,1024,5,18,20.452959060668945,20.484360866248608
16,1024,5,19,20.38422393798828,20.415435079485178
16,1024,5,20,20.584192276000977,20.61404474079609
16,1024,5,21,20.379552841186523,20.411898847669363
16,1024,5,22,26.163488388061523,26.197300292551517
16,1024,5,23,20.47100830078125,20.505532156676054
16,1024,5,24,20.63257598876953,20.66468819975853
16,1024,5,25,20.38652801513672,20.416679326444864
16,1024,5,26,20.457151412963867,20.487230271100998
16,1024,5,27,20.396223068237305,20.42884426191449
16,1024,5,28,20.637887954711914,20.668915007263422
16,1024,5,29,20.41267204284668,20.44254168868065
16,1024,5,30,20.52560043334961,20.556234754621983
16,1024,5,31,20.424448013305664,20.458150189369917
16,1024,5,32,21.559648513793945,21.602364722639322
16,1024,5,33,20.460735321044922,20.492664072662592
16,1024,5,34,20.503263473510742,20.533951930701733
16,1024,5,35,20.387231826782227,20.41669189929962
16,1024,5,36,20.663360595703125,20.694291219115257
16,1024,5,37,20.43270492553711,20.466857124119997
16,1024,5,38,20.438079833984375,20.46675095334649
16,1024,5,39,20.429536819458008,20.45957976952195
16,1024,5,40,20.695903778076172,20.72554500773549
16,1024,5,41,20.45769691467285,20.486443769186735
16,1024,5,42,20.480863571166992,20.510380156338215
16,1024,5,43,20.436511993408203,20.463542081415653
16,1024,5,44,20.747520446777344,20.78135870397091
16,1024,5,45,20.63167953491211,20.683188922703266
16,1024,5,46,20.62112045288086,20.650532096624374
16,1024,5,47,20.497535705566406,20.526135805994272
16,1024,5,48,20.78540802001953,20.816409029066563
16,1024,5,49,20.5928955078125,20.623300690203905
16,1024,5,50,20.577791213989258,20.606855861842632
16,1024,5,51,20.50806427001953,20.538026001304388
16,1024,5,52,20.85036849975586,20.881920121610165
16,1024,5,53,20.576799392700195,20.6067212857306
16,1024,5,54,20.65500831604004,20.686559844762087
16,1024,5,55,20.607040405273438,20.6366959027946
16,1024,5,56,20.895584106445312,20.92877635732293
16,1024,5,57,20.631200790405273,20.661032758653164
16,1024,5,58,20.65635108947754,20.687618758529425
16,1024,5,59,20.582111358642578,20.611821208149195
16,1024,5,60,20.886816024780273,20.916149020195007
16,1024,5,61,20.596960067749023,20.626956596970558
16,1024,5,62,20.711231231689453,20.740916952490807
16,1024,5,63,20.690431594848633,20.72000503540039
16,1024,6,1,23.485151290893555,23.523567244410515
16,1024,6,2,21.1582088470459,21.188010927289724
16,1024,6,3,20.601919174194336,20.632011350244284
16,1024,6,4,20.668703079223633,20.709475968033075
16,1024,6,5,24.11555290222168,24.174944031983614
16,1024,6,6,20.48214340209961,20.51512897014618
16,1024,6,7,20.29302406311035,20.322874188423157
16,1024,6,8,20.54185676574707,20.571242086589336
16,1024,6,9,20.292255401611328,20.320070907473564
16,1024,6,10,20.310527801513672,20.339286886155605
16,1024,6,11,20.42643165588379,20.455533638596535
16,1024,6,12,20.641311645507812,20.671521313488483
16,1024,6,13,20.43244743347168,20.462590269744396
16,1024,6,14,20.480575561523438,20.5149888060987
16,1024,6,15,21.453887939453125,21.496988832950592
16,1024,6,16,20.704063415527344,20.73504589498043
16,1024,6,17,20.408031463623047,20.437578205019236
16,1024,6,18,20.428991317749023,20.458476152271032
16,1024,6,19,20.350143432617188,20.380672067403793
16,1024,6,20,20.581087112426758,20.613570231944323
16,1024,6,21,20.31599998474121,20.34616284072399
16,1024,6,22,20.395008087158203,20.428230985999107
16,1024,6,23,20.352767944335938,20.385095849633217
16,1024,6,24,20.606847763061523,20.638676825910807
16,1024,6,25,20.34716796875,20.379443187266588
16,1024,6,26,20.456512451171875,20.48727497458458
16,1024,6,27,20.404447555541992,20.435416605323553
16,1024,6,28,20.664928436279297,20.696272142231464
16,1024,6,29,20.44576072692871,20.4760218039155
16,1024,6,30,20.498111724853516,20.531860645860434
16,1024,6,31,20.387968063354492,20.417829044163227
16,1024,6,32,20.677631378173828,20.707848016172647
16,1024,6,33,20.42367935180664,20.45525098219514
16,1024,6,34,20.497087478637695,20.528628956526518
16,1024,6,35,20.447423934936523,20.478934049606323
16,1024,6,36,20.73628807067871,20.768629852682352
16,1024,6,37,20.50422477722168,20.5429052002728
16,1024,6,38,20.52409553527832,20.554672926664352
16,1024,6,39,20.485408782958984,20.517061930149794
16,1024,6,40,20.756223678588867,20.788583904504776
16,1024,6,41,20.538496017456055,20.570107270032167
16,1024,6,42,20.56390380859375,20.59456193819642
16,1024,6,43,20.463199615478516,20.49339609220624
16,1024,6,44,20.780223846435547,20.811978727579117
16,1024,6,45,20.540000915527344,20.571799017488956
16,1024,6,46,20.604703903198242,20.633479114621878
16,1024,6,47,20.593215942382812,20.62544086948037
16,1024,6,48,20.88332748413086,20.915821194648743
16,1024,6,49,20.620351791381836,20.65293164923787
16,1024,6,50,20.62406349182129,20.656080916523933
16,1024,6,51,20.562591552734375,20.593292079865932
16,1024,6,52,20.8624324798584,20.894016604870558
16,1024,6,53,20.604415893554688,20.638305693864822
16,1024,6,54,20.65100860595703,20.68394608795643
16,1024,6,55,20.632064819335938,20.663941279053688
16,1024,6,56,20.900575637817383,20.931195933371782
16,1024,6,57,20.663360595703125,20.69534407928586
16,1024,6,58,20.68988800048828,20.72154823690653
16,1024,6,59,20.638751983642578,20.67120699211955
16,1024,6,60,20.944799423217773,20.977752283215523
16,1024,6,61,20.65727996826172,20.68817103281617
16,1024,6,62,20.76144027709961,20.79302305355668
16,1024,6,63,20.672319412231445,20.70277091115713
16,4096,0,1,66.6230697631836,66.67106412351131
16,4096,0,2,53.760318756103516,53.79738099873066
16,4096,0,3,52.908958435058594,52.95141693204641
16,4096,0,4,52.669921875,52.70838923752308
16,4096,0,5,52.534080505371094,52.57129389792681
16,4096,0,6,52.51145553588867,52.54426412284374
16,4096,0,7,52.94112014770508,52.97724902629852
16,4096,0,8,52.39692687988281,52.431176882237196
16,4096,0,9,52.27110290527344,52.306744270026684
16,4096,0,10,52.370174407958984,52.40569869056344
16,4096,0,11,52.67628860473633,52.71334107965231
16,4096,0,12,52.51340866088867,52.554018795490265
16,4096,0,13,52.3191032409668,52.362730260938406
16,4096,0,14,52.34476852416992,52.38113505765796
16,4096,0,15,53.123680114746094,53.16932313144207
16,4096,0,16,52.59833526611328,52.631663624197245
16,4096,0,17,52.343231201171875,52.380505949258804
16,4096,0,18,52.38412857055664,52.41653183475137
16,4096,0,19,52.9218864440918,52.958174142986536
16,4096,0,20,52.54703903198242,52.578134927898645
16,4096,0,21,52.33894348144531,52.37120296806097
16,4096,0,22,52.419742584228516,52.450363989919424
16,4096,0,23,52.76454544067383,52.80111311003566
16,4096,0,24,52.569183349609375,52.606801968067884
16,4096,0,25,52.36822509765625,52.39923391491175
16,4096,0,26,52.435489654541016,52.47019603848457
16,4096,0,27,52.81155014038086,52.8441215865314
16,4096,0,28,52.59280014038086,52.62601701542735
16,4096,0,29,52.48320007324219,52.51731816679239
16,4096,0,30,52.495391845703125,52.53088800236583
16,4096,0,31,52.865535736083984,52.8998370282352
16,4096,0,32,52.63225555419922,52.671647164970636
16,4096,0,33,52.42582321166992,52.45696706697345
16,4096,0,34,52.50912094116211,52.54298681393266
16,4096,0,35,52.84678268432617,52.87936283275485
16,4096,0,36,52.63286590576172,52.667152136564255
16,4096,0,37,52.52521514892578,52.56163002923131
16,4096,0,38,52.538719177246094,52.57501220330596
16,4096,0,39,52.9119987487793,52.94594494625926
16,4096,0,40,52.695648193359375,52.73075168952346
16,4096,0,41,52.5546875,52.587103098630905
16,4096,0,42,52.62713623046875,52.66031576320529
16,4096,0,43,52.91936111450195,52.95509984716773
16,4096,0,44,52.76358413696289,52.798878867179155
16,4096,0,45,52.65110397338867,52.68799187615514
16,4096,0,46,52.66463851928711,52.69943503662944
16,4096,0,47,52.96883010864258,53.00504295155406
16,4096,0,48,52.79385757446289,52.8365820646286
16,4096,0,49,53.226463317871094,53.27667901292443
16,4096,0,50,52.64838409423828,52.68015619367361
16,4096,0,51,53.009185791015625,53.045387379825115
16,4096,0,52,52.8040657043457,52.838216070085764
16,4096,0,53,52.63385772705078,52.66859661787748
16,4096,0,54,52.72723388671875,52.76405019685626
16,4096,0,55,53.093406677246094,53.13293496146798
16,4096,0,56,52.85996627807617,52.896339911967516
16,4096,0,57,52.65785598754883,52.69348714500666
16,4096,0,58,52.7591667175293,52.794196642935276
16,4096,0,59,53.07721710205078,53.11257904395461
16,4096,0,60,52.91446304321289,52.949827164411545
16,4096,0,61,52.73699188232422,52.76768421754241
16,4096,0,62,52.78006362915039,52.81414184719324
16,4096,0,63,53.109439849853516,53.14266076311469
16,4096,1,1,71.46166229248047,71.52069080621004
16,4096,1,2,53.84783935546875,53.90872713178396
16,4096,1,3,53.056190490722656,53.09319216758013
16,4096,1,4,52.64076614379883,52.67874198034406
16,4096,1,5,52.459232330322266,52.49819112941623
16,4096,1,6,52.54646301269531,52.58470727130771
16,4096,1,7,52.88518524169922,52.92217805981636
16,4096,1,8,52.395294189453125,52.43108607828617
16,4096,1,9,52.217472076416016,52.25219903513789
16,4096,1,10,52.27222442626953,52.30770772323012
16,4096,1,11,52.62486267089844,52.663725800812244
16,4096,1,12,52.4317741394043,52.46758973225951
16,4096,1,13,52.254207611083984,52.29105893522501
16,4096,1,14,52.26822280883789,52.30559594929218
16,4096,1,15,52.67327880859375,52.70785000175238
16,4096,1,16,52.41007995605469,52.442552987486124
16,4096,1,17,52.303489685058594,52.3378630168736
16,4096,1,18,52.32691192626953,52.359675988554955
16,4096,1,19,52.653343200683594,52.689088974148035
16,4096,1,20,52.4736328125,52.508411929011345
16,4096,1,21,52.310752868652344,52.346428856253624
16,4096,1,22,52.38409423828125,52.428754046559334
16,4096,1,23,52.71449661254883,52.75280587375164
16,4096,1,24,52.51414489746094,52.55615897476673
16,4096,1,25,52.32156753540039,52.35919216647744
16,4096,1,26,52.43382263183594,52.47010616585612
16,4096,1,27,52.767425537109375,52.805458661168814
16,4096,1,28,52.565216064453125,52.599356044083834
16,4096,1,29,52.37123107910156,52.40606889128685
16,4096,1,30,52.49363327026367,52.534402813762426
16,4096,1,31,52.97430419921875,53.014534059911966
16,4096,1,32,52.598079681396484,52.632216829806566
16,4096,1,33,52.46604919433594,52.50112200155854
16,4096,1,34,52.50105667114258,52.53651970997453
16,4096,1,35,52.77542495727539,52.81373858451843
16,4096,1,36,52.60518264770508,52.64278268441558
16,4096,1,37,52.47964859008789,52.51745134592056
16,4096,1,38,52.490623474121094,52.5278733111918
16,4096,1,39,52.90934371948242,52.94892005622387
16,4096,1,40,52.72175979614258,52.765291184186935
16,4096,1,41,52.46931076049805,52.50429222360253
16,4096,1,42,52.646305084228516,52.684467285871506
16,4096,1,43,52.916446685791016,52.95715993270278
16,4096,1,44,52.684513092041016,52.72088618949056
16,4096,1,45,52.495967864990234,52.53031989559531
16,4096,1,46,52.565086364746094,52.59949900209904
16,4096,1,47,52.857505798339844,52.88960924372077
16,4096,1,48,52.7022705078125,52.735825069248676
16,4096,1,49,52.56390380859375,52.59969411417842
16,4096,1,50,52.61094284057617,52.64874408021569
16,4096,1,51,52.916481018066406,52.95686796307564
16,4096,1,52,52.7031364440918,52.74150799959898
16,4096,1,53,52.558624267578125,52.59182024747133
16,4096,1,54,52.6209602355957,52.654022350907326
16,4096,1,55,52.987552642822266,53.02157485857606
16,4096,1,56,52.84630584716797,52.87992302328348
16,4096,1,57,52.6769905090332,52.712478674948215
16,4096,1,58,52.79616165161133,52.83900769427419
16,4096,1,59,53.87126541137695,53.92499826848507
16,4096,1,60,52.945438385009766,52.982218097895384
16,4096,1,61,52.759552001953125,52.79625905677676
16,4096,1,62,52.757598876953125,52.790649235248566
16,4096,1,63,53.34463882446289,53.383388090878725
16,4096,2,1,64.20537567138672,64.25502803176641
16,4096,2,2,54.335872650146484,54.38064970076084
16,4096,2,3,53.031646728515625,53.100887686014175
16,4096,2,4,52.67683029174805,52.7210459113121
16,4096,2,5,52.58998489379883,52.62834811583161
16,4096,2,6,52.51350402832031,52.54722107201815
16,4096,2,7,52.84444808959961,52.87966504693031
16,4096,2,8,52.43404769897461,52.47027473524213
16,4096,2,9,52.27910232543945,52.31439368799329
16,4096,2,10,52.346527099609375,52.38275323063135
16,4096,2,11,52.70195388793945,52.73665301501751
16,4096,2,12,52.46214294433594,52.49667866155505
16,4096,2,13,52.30198287963867,52.3366229608655
16,4096,2,14,52.32387161254883,52.35734023153782
16,4096,2,15,52.69683074951172,52.729814779013395
16,4096,2,16,52.48419189453125,52.51826485618949
16,4096,2,17,52.414207458496094,52.44752671569586
16,4096,2,18,52.76646423339844,52.809152752161026
16,4096,2,19,52.7086067199707,52.74091009050608
16,4096,2,20,52.52403259277344,52.557535003870726
16,4096,2,21,52.3546257019043,52.38867923617363
16,4096,2,22,52.5382080078125,52.58026532828808
16,4096,2,23,52.785823822021484,52.827429957687855
16,4096,2,24,52.5753288269043,52.61034704744816
16,4096,2,25,52.40342330932617,52.43749916553497
16,4096,2,26,52.475616455078125,52.51377495005727
16,4096,2,27,52.80201721191406,52.8357638977468
16,4096,2,28,52.61296081542969,52.646668162196875
16,4096,2,29,52.509918212890625,52.5464522652328
16,4096,2,30,52.51203155517578,52.54564993083477
16,4096,2,31,52.867584228515625,52.90329176932573
16,4096,2,32,52.63759994506836,52.66988230869174
16,4096,2,33,52.44847869873047,52.48180776834488
16,4096,2,34,52.545310974121094,52.57869325578213
16,4096,2,35,52.874752044677734,52.90853790938854
16,4096,2,36,52.684959411621094,52.71995300427079
16,4096,2,37,52.477439880371094,52.51020612195134
16,4096,2,38,52.52259063720703,52.55477409809828
16,4096,2,39,52.877281188964844,52.9112140648067
16,4096,2,40,52.69731140136719,52.73045226931572
16,4096,2,41,52.53936004638672,52.576009184122086
16,4096,2,42,52.64371109008789,52.68030893057585
16,4096,2,43,52.968929290771484,53.00288926810026
16,4096,2,44,52.772926330566406,52.808755077421665
16,4096,2,45,52.6723518371582,52.710314746946096
16,4096,2,46,52.629024505615234,52.66226688399911
16,4096,2,47,52.96480178833008,52.9994941316545
16,4096,2,48,52.7979850769043,52.83281905576587
16,4096,2,49,52.61395263671875,52.66336165368557
16,4096,2,50,54.02793502807617,54.09512063488364
16,4096,2,51,52.97856140136719,53.0126141384244
16,4096,2,52,52.87936019897461,52.91599594056606
16,4096,2,53,52.636993408203125,52.67165182158351
16,4096,2,54,52.752254486083984,52.78698028996587
16,4096,2,55,53.03004837036133,53.06017678231001
16,4096,2,56,52.8289909362793,52.86163790151477
16,4096,2,57,52.67219161987305,52.70557198673487
16,4096,2,58,52.73484802246094,52.76990495622158
16,4096,2,59,53.10572814941406,53.13877109438181
16,4096,2,60,52.856510162353516,52.890724036842585
16,4096,2,61,52.70083236694336,52.73312097415328
16,4096,2,62,52.78220748901367,52.8163043782115
16,4096,2,63,53.12742233276367,53.15879173576832
16,4096,3,1,65.46272277832031,65.50524430349469
16,4096,3,2,54.07219314575195,54.10643992945552
16,4096,3,3,52.886688232421875,52.91953310370445
16,4096,3,4,52.69539260864258,52.73088300600648
16,4096,3,5,52.45587158203125,52.48737009242177
16,4096,3,6,52.47475051879883,52.51458985731006
16,4096,3,7,53.53593444824219,53.5848350264132
16,4096,3,8,52.54278564453125,52.573963068425655
16,4096,3,9,52.16950225830078,52.20363987609744
16,4096,3,10,52.211456298828125,52.244232036173344
16,4096,3,11,52.57075119018555,52.60649882256985
16,4096,3,12,52.407615661621094,52.440340630710125
16,4096,3,13,52.223262786865234,52.25740512832999
16,4096,3,14,52.26569747924805,52.295484114438295
16,4096,3,15,52.610816955566406,52.64425789937377
16,4096,3,16,52.43475341796875,52.465278655290604
16,4096,3,17,52.2081298828125,52.23921174183488
16,4096,3,18,52.28793716430664,52.31887521222234
16,4096,3,19,52.623870849609375,52.65520792454481
16,4096,3,20,52.39023971557617,52.41990881040692
16,4096,3,21,52.27142333984375,52.302402909845114
16,4096,3,22,52.31692886352539,52.3465508595109
16,4096,3,23,52.640159606933594,52.67027439549565
16,4096,3,24,52.41017532348633,52.440352737903595
16,4096,3,25,52.24342346191406,52.27255309000611
16,4096,3,26,52.28521728515625,52.31288122013211
16,4096,3,27,52.611873626708984,52.64580110087991
16,4096,3,28,52.436607360839844,52.46545700356364
16,4096,3,29,52.255775451660156,52.285328041762114
16,4096,3,30,52.37036895751953,52.40036407485604
16,4096,3,31,52.69036865234375,52.71983938291669
16,4096,3,32,52.714111328125,52.75045707821846
16,4096,3,33,52.26847839355469,52.29554092511535
16,4096,3,34,52.34115219116211,52.36991215497255
16,4096,3,35,52.69452667236328,52.72285221144557
16,4096,3,36,52.55500793457031,52.58533684536815
16,4096,3,37,52.30022430419922,52.32726922258735
16,4096,3,38,52.29305648803711,52.3212137632072
16,4096,3,39,52.70844650268555,52.735389675945044
16,4096,3,40,52.47577667236328,52.507962100207806
16,4096,3,41,52.40348815917969,52.438887767493725
16,4096,3,42,52.56159973144531,52.594928070902824
16,4096,3,43,52.85036849975586,52.88113793358207
16,4096,3,44,52.6577262878418,52.690369077026844
16,4096,3,45,52.511009216308594,52.54328902810812
16,4096,3,46,52.56739044189453,52.60316515341401
16,4096,3,47,52.8770866394043,52.91070183739066
16,4096,3,48,52.69004821777344,52.723180036991835
16,4096,3,49,52.51804733276367,52.55268281325698
16,4096,3,50,52.61568069458008,52.648769691586494
16,4096,3,51,52.923038482666016,52.95877391472459
16,4096,3,52,52.766815185546875,52.801270969212055
16,4096,3,53,52.569854736328125,52.606211975216866
16,4096,3,54,52.63087844848633,52.665043622255325
16,4096,3,55,53.00223922729492,53.03790280595422
16,4096,3,56,52.796478271484375,52.83056199550629
16,4096,3,57,52.623329162597656,52.66135884448886
16,4096,3,58,52.6409912109375,52.673953119665384
16,4096,3,59,53.00758361816406,53.04127698764205
16,4096,3,60,52.839744567871094,52.873863372951746
16,4096,3,61,52.64384078979492,52.67970636487007
16,4096,3,62,52.77190399169922,52.81191598623991
16,4096,3,63,53.12022399902344,53.176996763795614
16,4096,4,1,68.43580627441406,68.48643720149994
16,4096,4,2,54.55500793457031,54.59382385015488
16,4096,4,3,52.8737907409668,52.906390745192766
16,4096,4,4,52.616416931152344,52.651586942374706
16,4096,4,5,52.54451370239258,52.57781269028783
16,4096,4,6,52.56185531616211,52.597153931856155
16,4096,4,7,52.928062438964844,52.96335322782397
16,4096,4,8,52.47331237792969,52.509498316794634
16,4096,4,9,52.217857360839844,52.252551075071096
16,4096,4,10,52.3138542175293,52.348677068948746
16,4096,4,11,52.687232971191406,52.72056581452489
16,4096,4,12,52.47206497192383,52.50798398628831
16,4096,4,13,52.30278396606445,52.33407486230135
16,4096,4,14,52.32252883911133,52.355855237692595
16,4096,4,15,52.70783996582031,52.742351312190294
16,4096,4,16,52.65382385253906,52.6921721175313
16,4096,4,17,52.4354248046875,52.47334484010935
16,4096,4,18,52.48310470581055,52.51973681151867
16,4096,4,19,52.779937744140625,52.81853722408414
16,4096,4,20,52.651329040527344,52.694430109113455
16,4096,4,21,53.03116989135742,53.08231199160218
16,4096,4,22,52.434593200683594,52.46788123622537
16,4096,4,23,52.824161529541016,52.86214221268892
16,4096,4,24,52.61088180541992,52.64873895794153
16,4096,4,25,52.44972610473633,52.487364038825035
16,4096,4,26,52.440128326416016,52.472556941211224
16,4096,4,27,52.838401794433594,52.87777492776513
16,4096,4,28,52.69446563720703,52.732252050191164
16,4096,4,29,52.5043830871582,52.540595177561045
16,4096,4,30,52.529823303222656,52.56280582398176
16,4096,4,31,52.84540939331055,52.88460524752736
16,4096,4,32,52.6743049621582,52.70654009655118
16,4096,4,33,52.50796890258789,52.541851066052914
16,4096,4,34,52.560096740722656,52.59416904300451
16,4096,4,35,52.875999450683594,52.91124014183879
16,4096,4,36,52.66239929199219,52.69587179645896
16,4096,4,37,52.525184631347656,52.5599610991776
16,4096,4,38,52.52684783935547,52.55877412855625
16,4096,4,39,52.89654541015625,52.93064098805189
16,4096,4,40,52.69286346435547,52.72935004904866
16,4096,4,41,52.541534423828125,52.57292604073882
16,4096,4,42,52.61555099487305,52.64987191185355
16,4096,4,43,52.934913635253906,52.96790320426226
16,4096,4,44,52.770206451416016,52.807592786848545
16,4096,4,45,52.61423873901367,52.65062302350998
16,4096,4,46,52.67631912231445,52.713953889906406
16,4096,4,47,53.02582550048828,53.062237333506346
16,4096,4,48,52.82838439941406,52.8674703091383
16,4096,4,49,52.63955307006836,52.67313588410616
16,4096,4,50,52.74067306518555,52.778380922973156
16,4096,4,51,53.07798385620117,53.113481029868126
16,4096,4,52,52.81974411010742,52.85657988861203
16,4096,4,53,52.63062286376953,52.663054782897234
16,4096,4,54,52.73187255859375,52.76594264432788
16,4096,4,55,53.00521469116211,53.03559498861432
16,4096,4,56,52.81587219238281,52.84573696553707
16,4096,4,57,52.639041900634766,52.67023481428623
16,4096,4,58,52.66934585571289,52.699719090014696
16,4096,4,59,53.048160552978516,53.081400226801634
16,4096,4,60,52.85638427734375,52.88707697764039
16,4096,4,61,52.69535827636719,52.726504392921925
16,4096,4,62,52.74291229248047,52.7724321000278
16,4096,4,63,53.105857849121094,53.1391859985888
16,4096,5,1,66.77398681640625,66.84297369793057
16,4096,5,2,53.96665573120117,54.0046370588243
16,4096,5,3,52.90390396118164,52.93888691812754
16,4096,5,4,52.64329528808594,52.6745286770165
16,4096,5,5,52.43312072753906,52.466060034930706
16,4096,5,6,52.46467208862305,52.493819035589695
16,4096,5,7,52.84076690673828,52.872651256620884
16,4096,5,8,52.360992431640625,52.39026760682464
16,4096,5,9,52.14121627807617,52.1744042634964
16,4096,5,10,52.23289489746094,52.26248363032937
16,4096,5,11,52.5401611328125,52.57143918424845
16,4096,5,12,52.36044692993164,52.39043105393648
16,4096,5,13,52.178367614746094,52.2104580886662
16,4096,5,14,52.254432678222656,52.28607123717666
16,4096,5,15,52.5906867980957,52.62203188613057
16,4096,5,16,52.3988151550293,52.43539996445179
16,4096,5,17,52.25987243652344,52.291061729192734
16,4096,5,18,52.31459045410156,52.35162191092968
16,4096,5,19,52.66825485229492,52.70129814743996
16,4096,5,20,52.442142486572266,52.47551808133721
16,4096,5,21,52.29219055175781,52.32531204819679
16,4096,5,22,52.34329605102539,52.38075600937009
16,4096,5,23,52.70444869995117,52.73885931819677
16,4096,5,24,52.48988723754883,52.526763174682856
16,4096,5,25,52.30160140991211,52.34052333980799
16,4096,5,26,52.42371368408203,52.458781749010086
16,4096,5,27,52.73526382446289,52.770697977393866
16,4096,5,28,52.5715217590332,52.60811094194651
16,4096,5,29,52.36656188964844,52.39862063899636
16,4096,5,30,52.43948745727539,52.47339513152838
16,4096,5,31,52.78096008300781,52.81312903389335
16,4096,5,32,52.58607864379883,52.62237973511219
16,4096,5,33,52.42166519165039,52.456671837717295
16,4096,5,34,52.487648010253906,52.52256989479065
16,4096,5,35,52.787681579589844,52.82523110508919
16,4096,5,36,52.64179229736328,52.67459526658058
16,4096,5,37,52.465728759765625,52.50114528462291
16,4096,5,38,52.49612808227539,52.530776243656874
16,4096,5,39,52.87638473510742,52.91399313136935
16,4096,5,40,52.63600158691406,52.67303204163909
16,4096,5,41,52.49046325683594,52.526975981891155
16,4096,5,42,52.552032470703125,52.58697597309947
16,4096,5,43,52.90496063232422,52.940867841243744
16,4096,5,44,52.697696685791016,52.73343389853835
16,4096,5,45,52.55414581298828,52.59305937215686
16,4096,5,46,52.579105377197266,52.61347396299243
16,4096,5,47,52.92927932739258,52.96229664236307
16,4096,5,48,52.69734573364258,52.730562165379524
16,4096,5,49,52.53798294067383,52.572596818208694
16,4096,5,50,52.59247970581055,52.62382514774799
16,4096,5,51,52.88355255126953,52.91822133585811
16,4096,5,52,52.73708724975586,52.77006281539798
16,4096,5,53,52.56604766845703,52.60158609598875
16,4096,5,54,52.63999938964844,52.67753126099706
16,4096,5,55,52.988033294677734,53.019882179796696
16,4096,5,56,52.77043151855469,52.80217807739973
16,4096,5,57,52.59414291381836,52.62468568980694
16,4096,5,58,52.64332962036133,52.676774095743895
16,4096,5,59,53.03209686279297,53.062334191054106
16,4096,5,60,52.808414459228516,52.83945007249713
16,4096,5,61,52.57779312133789,52.6058180257678
16,4096,5,62,52.585182189941406,52.61457897722721
16,4096,5,63,52.936737060546875,52.964933682233095
16,4096,6,1,64.1928939819336,64.25251672044396
16,4096,6,2,53.919647216796875,53.96114010363817
16,4096,6,3,52.936702728271484,52.972696255892515
16,4096,6,4,52.61609649658203,52.65176994726062
16,4096,6,5,52.50931167602539,52.543405909091234
16,4096,6,6,52.539615631103516,52.57251439616084
16,4096,6,7,52.79423904418945,52.82699782401323
16,4096,6,8,52.45225524902344,52.48815705999732
16,4096,6,9,52.25600051879883,52.28955391794443
16,4096,6,10,52.310848236083984,52.343595772981644
16,4096,6,11,52.67084884643555,52.7063449844718
16,4096,6,12,52.43920135498047,52.4713140912354
16,4096,6,13,52.28790283203125,52.32170829549432
16,4096,6,14,52.31840133666992,52.35033622011542
16,4096,6,15,52.7138557434082,52.75237699970603
16,4096,6,16,52.579166412353516,52.61605465784669
16,4096,6,17,52.37033462524414,52.41229431703687
16,4096,6,18,52.412864685058594,52.44777584448457
16,4096,6,19,52.834495544433594,52.87025636062026
16,4096,6,20,52.627166748046875,52.66107805073261
16,4096,6,21,52.36592102050781,52.402887027710676
16,4096,6,22,52.50035095214844,52.5342607870698
16,4096,6,23,52.76707077026367,52.80381999909878
16,4096,6,24,52.595584869384766,52.63291299343109
16,4096,6,25,52.39507293701172,52.43049701675773
16,4096,6,26,52.47244644165039,52.503678016364574
16,4096,6,27,52.784385681152344,52.81822010874748
16,4096,6,28,52.56367874145508,52.596482913941145
16,4096,6,29,52.41993713378906,52.452472038567066
16,4096,6,30,52.462337493896484,52.496952936053276
16,4096,6,31,52.83561706542969,52.86883329972625
16,4096,6,32,52.61872100830078,52.65400977805257
16,4096,6,33,52.4846076965332,52.51857917755842
16,4096,6,34,52.531742095947266,52.56629595533013
16,4096,6,35,52.8554573059082,52.88708722218871
16,4096,6,36,52.693153381347656,52.73004807531834
16,4096,6,37,52.49379348754883,52.52717202529311
16,4096,6,38,52.55196762084961,52.589391358196735
16,4096,6,39,52.91455841064453,52.94808093458414
16,4096,6,40,52.72195053100586,52.75912769138813
16,4096,6,41,52.536033630371094,52.56848782300949
16,4096,6,42,52.596702575683594,52.63314163312316
16,4096,6,43,52.918113708496094,52.94965486973524
16,4096,6,44,52.85696029663086,52.90033109486103
16,4096,6,45,53.26591873168945,53.31766465678811
16,4096,6,46,52.666656494140625,52.705307956784964
16,4096,6,47,53.09366226196289,53.129348903894424
16,4096,6,48,52.79663848876953,52.831178065389395
16,4096,6,49,52.8771858215332,52.91750095784664
16,4096,6,50,52.748512268066406,52.785912062972784
16,4096,6,51,53.034175872802734,53.076941054314375
16,4096,6,52,52.87910461425781,52.91532399132848
16,4096,6,53,52.66704177856445,52.71047633141279
16,4096,6,54,52.698238372802734,52.733538672327995
16,4096,6,55,53.05344009399414,53.089729975908995
16,4096,6,56,52.825408935546875,52.859652787446976
16,4096,6,57,52.67580795288086,52.71114222705364
16,4096,6,58,52.7149772644043,52.75163380429149
16,4096,6,59,53.08457565307617,53.121295757591724
16,4096,6,60,52.902591705322266,52.93516209349036
16,4096,6,61,52.71356964111328,52.747808396816254
16,4096,6,62,52.781089782714844,52.81408037990332
16,4096,6,63,53.12051010131836,53.15678706392646
