family,dtype,cache,m,n,k,reps,bytes,flops,footprint_bytes,sample,loops,ms,error,valid
copy,fp32,warm,0,1024,0,0,8192,0,8192,0,200,0.00167696003336459,0,1
copy,fp32,warm,0,1024,0,0,8192,0,8192,1,200,0.00167631998192519,0,1
copy,fp32,warm,0,1024,0,0,8192,0,8192,2,200,0.00169152009766549,0,1
copy,fp32,warm,0,1024,0,0,8192,0,8192,3,200,0.00168016005773097,0,1
copy,fp32,warm,0,1024,0,0,8192,0,8192,4,200,0.00168351992033422,0,1
copy,fp32,warm,0,1024,0,0,8192,0,8192,5,200,0.00167855992913246,0,1
copy,fp32,warm,0,1024,0,0,8192,0,8192,6,200,0.00167840009089559,0,1
add,fp32,warm,0,1024,0,0,12288,1024,12288,0,200,0.00169824005570263,0,1
add,fp32,warm,0,1024,0,0,12288,1024,12288,1,200,0.00170911999884993,0,1
add,fp32,warm,0,1024,0,0,12288,1024,12288,2,200,0.00169359997380525,0,1
add,fp32,warm,0,1024,0,0,12288,1024,12288,3,200,0.00170128000900149,0,1
add,fp32,warm,0,1024,0,0,12288,1024,12288,4,200,0.00168704008683562,0,1
add,fp32,warm,0,1024,0,0,12288,1024,12288,5,200,0.00168927991762757,0,1
add,fp32,warm,0,1024,0,0,12288,1024,12288,6,200,0.00169088004622608,0,1
triad,fp32,warm,0,1024,0,0,12288,2048,12288,0,200,0.00169872003607452,0,1
triad,fp32,warm,0,1024,0,0,12288,2048,12288,1,200,0.00169632001779974,0,1
triad,fp32,warm,0,1024,0,0,12288,2048,12288,2,200,0.00169855996500701,0,1
triad,fp32,warm,0,1024,0,0,12288,2048,12288,3,200,0.00169487996026874,0,1
triad,fp32,warm,0,1024,0,0,12288,2048,12288,4,200,0.00168911996297538,0,1
triad,fp32,warm,0,1024,0,0,12288,2048,12288,5,200,0.00168560002930462,0,1
triad,fp32,warm,0,1024,0,0,12288,2048,12288,6,200,0.00169632001779974,0,1
copy,fp32,warm,0,16384,0,0,131072,0,131072,0,200,0.00182735989801586,0,1
copy,fp32,warm,0,16384,0,0,131072,0,131072,1,200,0.00181984005030245,0,1
copy,fp32,warm,0,16384,0,0,131072,0,131072,2,200,0.00181327993050218,0,1
copy,fp32,warm,0,16384,0,0,131072,0,131072,3,200,0.00182464008685201,0,1
copy,fp32,warm,0,16384,0,0,131072,0,131072,4,200,0.0018223999068141,0,1
copy,fp32,warm,0,16384,0,0,131072,0,131072,5,200,0.00182607991155237,0,1
copy,fp32,warm,0,16384,0,0,131072,0,131072,6,200,0.00182080001104623,0,1
add,fp32,warm,0,16384,0,0,196608,16384,196608,0,200,0.00183344003744423,0,1
add,fp32,warm,0,16384,0,0,196608,16384,196608,1,200,0.00183408008888364,0,1
add,fp32,warm,0,16384,0,0,196608,16384,196608,2,200,0.00183055992238224,0,1
add,fp32,warm,0,16384,0,0,196608,16384,196608,3,200,0.0018252800218761,0,1
add,fp32,warm,0,16384,0,0,196608,16384,196608,4,200,0.00182511995080858,0,1
add,fp32,warm,0,16384,0,0,196608,16384,196608,5,200,0.00181952002458274,0,1
add,fp32,warm,0,16384,0,0,196608,16384,196608,6,200,0.00182751996908337,0,1
triad,fp32,warm,0,16384,0,0,196608,32768,196608,0,200,0.00183487997855991,0,1
triad,fp32,warm,0,16384,0,0,196608,32768,196608,1,200,0.00183151999954134,0,1
triad,fp32,warm,0,16384,0,0,196608,32768,196608,2,200,0.00182096008211374,0,1
triad,fp32,warm,0,16384,0,0,196608,32768,196608,3,200,0.00183247996028513,0,1
triad,fp32,warm,0,16384,0,0,196608,32768,196608,4,200,0.00182848004624248,0,1
triad,fp32,warm,0,16384,0,0,196608,32768,196608,5,200,0.00182912009768188,0,1
triad,fp32,warm,0,16384,0,0,196608,32768,196608,6,200,0.00182799994945526,0,1
copy,fp32,warm,0,262144,0,0,2097152,0,2097152,0,200,0.00245936005376279,0,1
copy,fp32,warm,0,262144,0,0,2097152,0,2097152,1,200,0.00245487992651761,0,1
copy,fp32,warm,0,262144,0,0,2097152,0,2097152,2,200,0.0024606401566416,0,1
copy,fp32,warm,0,262144,0,0,2097152,0,2097152,3,200,0.00245696003548801,0,1
copy,fp32,warm,0,262144,0,0,2097152,0,2097152,4,200,0.00246143992990255,0,1
copy,fp32,warm,0,262144,0,0,2097152,0,2097152,5,200,0.00245471997186542,0,1
copy,fp32,warm,0,262144,0,0,2097152,0,2097152,6,200,0.0024563199840486,0,1
add,fp32,warm,0,262144,0,0,3145728,262144,3145728,0,200,0.00249312003143132,0,1
add,fp32,warm,0,262144,0,0,3145728,262144,3145728,1,200,0.00249903998337686,0,1
add,fp32,warm,0,262144,0,0,3145728,262144,3145728,2,200,0.00249823997728527,0,1
add,fp32,warm,0,262144,0,0,3145728,262144,3145728,3,200,0.00248767994344234,0,1
add,fp32,warm,0,262144,0,0,3145728,262144,3145728,4,200,0.00249999994412065,0,1
add,fp32,warm,0,262144,0,0,3145728,262144,3145728,5,200,0.00249615986831486,0,1
add,fp32,warm,0,262144,0,0,3145728,262144,3145728,6,200,0.00249808002263308,0,1
triad,fp32,warm,0,262144,0,0,3145728,524288,3145728,0,200,0.00249808002263308,0,1
triad,fp32,warm,0,262144,0,0,3145728,524288,3145728,1,200,0.00250128004699945,0,1
triad,fp32,warm,0,262144,0,0,3145728,524288,3145728,2,200,0.00249503995291889,0,1
triad,fp32,warm,0,262144,0,0,3145728,524288,3145728,3,200,0.00249520014040172,0,1
triad,fp32,warm,0,262144,0,0,3145728,524288,3145728,4,200,0.00249583995901048,0,1
triad,fp32,warm,0,262144,0,0,3145728,524288,3145728,5,200,0.00249232002533972,0,1
triad,fp32,warm,0,262144,0,0,3145728,524288,3145728,6,200,0.0024940799921751,0,1
copy,fp32,warm,0,1048576,0,0,8388608,0,8388608,0,200,0.00440335972234607,0,1
copy,fp32,warm,0,1048576,0,0,8388608,0,8388608,1,200,0.00440528010949492,0,1
copy,fp32,warm,0,1048576,0,0,8388608,0,8388608,2,200,0.00440544029697776,0,1
copy,fp32,warm,0,1048576,0,0,8388608,0,8388608,3,200,0.00440368009731174,0,1
copy,fp32,warm,0,1048576,0,0,8388608,0,8388608,4,200,0.00440671993419528,0,1
copy,fp32,warm,0,1048576,0,0,8388608,0,8388608,5,200,0.00440496020019054,0,1
copy,fp32,warm,0,1048576,0,0,8388608,0,8388608,6,200,0.0044064000248909,0,1
add,fp32,warm,0,1048576,0,0,12582912,1048576,12582912,0,200,0.00450544012710452,0,1
add,fp32,warm,0,1048576,0,0,12582912,1048576,12582912,1,200,0.00450384011492133,0,1
add,fp32,warm,0,1048576,0,0,12582912,1048576,12582912,2,200,0.004498400259763,0,1
add,fp32,warm,0,1048576,0,0,12582912,1048576,12582912,3,200,0.00450384011492133,0,1
add,fp32,warm,0,1048576,0,0,12582912,1048576,12582912,4,200,0.00450015999376774,0,1
add,fp32,warm,0,1048576,0,0,12582912,1048576,12582912,5,200,0.00449904007837176,0,1
add,fp32,warm,0,1048576,0,0,12582912,1048576,12582912,6,200,0.00450176000595093,0,1
triad,fp32,warm,0,1048576,0,0,12582912,2097152,12582912,0,200,0.00449904007837176,0,1
triad,fp32,warm,0,1048576,0,0,12582912,2097152,12582912,1,200,0.00449744006618857,0,1
triad,fp32,warm,0,1048576,0,0,12582912,2097152,12582912,2,200,0.00449567986652255,0,1
triad,fp32,warm,0,1048576,0,0,12582912,2097152,12582912,3,200,0.0045028799213469,0,1
triad,fp32,warm,0,1048576,0,0,12582912,2097152,12582912,4,200,0.00449312012642622,0,1
triad,fp32,warm,0,1048576,0,0,12582912,2097152,12582912,5,200,0.00449679978191853,0,1
triad,fp32,warm,0,1048576,0,0,12582912,2097152,12582912,6,200,0.00449728034436703,0,1
copy,fp32,warm,0,4194304,0,0,33554432,0,33554432,0,200,0.0122135998681188,0,1
copy,fp32,warm,0,4194304,0,0,33554432,0,33554432,1,200,0.012175040319562,0,1
copy,fp32,warm,0,4194304,0,0,33554432,0,33554432,2,200,0.0121731199324131,0,1
copy,fp32,warm,0,4194304,0,0,33554432,0,33554432,3,200,0.0121934404596686,0,1
copy,fp32,warm,0,4194304,0,0,33554432,0,33554432,4,200,0.0122204804793,0,1
copy,fp32,warm,0,4194304,0,0,33554432,0,33554432,5,200,0.0121940802782774,0,1
copy,fp32,warm,0,4194304,0,0,33554432,0,33554432,6,200,0.0122335990890861,0,1
add,fp32,warm,0,4194304,0,0,50331648,4194304,50331648,0,200,0.0164140798151493,0,1
add,fp32,warm,0,4194304,0,0,50331648,4194304,50331648,1,200,0.0164203196763992,0,1
add,fp32,warm,0,4194304,0,0,50331648,4194304,50331648,2,200,0.0164174400269985,0,1
add,fp32,warm,0,4194304,0,0,50331648,4194304,50331648,3,200,0.016417920589447,0,1
add,fp32,warm,0,4194304,0,0,50331648,4194304,50331648,4,200,0.0164158400148153,0,1
add,fp32,warm,0,4194304,0,0,50331648,4194304,50331648,5,200,0.0164199993014336,0,1
add,fp32,warm,0,4194304,0,0,50331648,4194304,50331648,6,200,0.0164479985833168,0,1
triad,fp32,warm,0,4194304,0,0,50331648,8388608,50331648,0,200,0.0168031994253397,0,1
triad,fp32,warm,0,4194304,0,0,50331648,8388608,50331648,1,200,0.0168222412467003,0,1
triad,fp32,warm,0,4194304,0,0,50331648,8388608,50331648,2,200,0.0168286394327879,0,1
triad,fp32,warm,0,4194304,0,0,50331648,8388608,50331648,3,200,0.0168648008257151,0,1
triad,fp32,warm,0,4194304,0,0,50331648,8388608,50331648,4,200,0.0167851205915213,0,1
triad,fp32,warm,0,4194304,0,0,50331648,8388608,50331648,5,200,0.0167695991694927,0,1
triad,fp32,warm,0,4194304,0,0,50331648,8388608,50331648,6,200,0.0168499201536179,0,1
copy,fp32,warm,0,16777216,0,0,134217728,0,134217728,0,200,0.051968477666378,0,1
copy,fp32,warm,0,16777216,0,0,134217728,0,134217728,1,200,0.0519860796630383,0,1
copy,fp32,warm,0,16777216,0,0,134217728,0,134217728,2,200,0.0519779212772846,0,1
copy,fp32,warm,0,16777216,0,0,134217728,0,134217728,3,200,0.0519799999892712,0,1
copy,fp32,warm,0,16777216,0,0,134217728,0,134217728,4,200,0.0519671998918056,0,1
copy,fp32,warm,0,16777216,0,0,134217728,0,134217728,5,200,0.0519825592637062,0,1
copy,fp32,warm,0,16777216,0,0,134217728,0,134217728,6,200,0.052016481757164,0,1
add,fp32,warm,0,16777216,0,0,201326592,16777216,201326592,0,200,0.0605764836072922,0,1
add,fp32,warm,0,16777216,0,0,201326592,16777216,201326592,1,200,0.0605764836072922,0,1
add,fp32,warm,0,16777216,0,0,201326592,16777216,201326592,2,200,0.0605759993195534,0,1
add,fp32,warm,0,16777216,0,0,201326592,16777216,201326592,3,200,0.0605555213987827,0,1
add,fp32,warm,0,16777216,0,0,201326592,16777216,201326592,4,200,0.0605886429548264,0,1
add,fp32,warm,0,16777216,0,0,201326592,16777216,201326592,5,200,0.0605465620756149,0,1
add,fp32,warm,0,16777216,0,0,201326592,16777216,201326592,6,200,0.0605567991733551,0,1
triad,fp32,warm,0,16777216,0,0,201326592,33554432,201326592,0,200,0.0605896003544331,0,1
triad,fp32,warm,0,16777216,0,0,201326592,33554432,201326592,1,200,0.0606105625629425,0,1
triad,fp32,warm,0,16777216,0,0,201326592,33554432,201326592,2,200,0.0606294386088848,0,1
triad,fp32,warm,0,16777216,0,0,201326592,33554432,201326592,3,200,0.0606166422367096,0,1
triad,fp32,warm,0,16777216,0,0,201326592,33554432,201326592,4,200,0.0606228783726692,0,1
triad,fp32,warm,0,16777216,0,0,201326592,33554432,201326592,5,200,0.0605972819030285,0,1
triad,fp32,warm,0,16777216,0,0,201326592,33554432,201326592,6,200,0.0606086403131485,0,1
copy,fp32,warm,0,67108864,0,0,536870912,0,536870912,0,115,0.16973078250885,0,1
copy,fp32,warm,0,67108864,0,0,536870912,0,536870912,1,115,0.169685423374176,0,1
copy,fp32,warm,0,67108864,0,0,536870912,0,536870912,2,115,0.169765010476112,0,1
copy,fp32,warm,0,67108864,0,0,536870912,0,536870912,3,115,0.169741079211235,0,1
copy,fp32,warm,0,67108864,0,0,536870912,0,536870912,4,115,0.169915273785591,0,1
copy,fp32,warm,0,67108864,0,0,536870912,0,536870912,5,115,0.169745251536369,0,1
copy,fp32,warm,0,67108864,0,0,536870912,0,536870912,6,115,0.169671237468719,0,1
add,fp32,warm,0,67108864,0,0,805306368,67108864,805306368,0,90,0.217823281884193,0,1
add,fp32,warm,0,67108864,0,0,805306368,67108864,805306368,1,90,0.217783465981483,0,1
add,fp32,warm,0,67108864,0,0,805306368,67108864,805306368,2,90,0.217818662524223,0,1
add,fp32,warm,0,67108864,0,0,805306368,67108864,805306368,3,90,0.217796623706818,0,1
add,fp32,warm,0,67108864,0,0,805306368,67108864,805306368,4,90,0.217826142907143,0,1
add,fp32,warm,0,67108864,0,0,805306368,67108864,805306368,5,90,0.217815458774567,0,1
add,fp32,warm,0,67108864,0,0,805306368,67108864,805306368,6,90,0.217802658677101,0,1
triad,fp32,warm,0,67108864,0,0,805306368,134217728,805306368,0,90,0.218188792467117,0,1
triad,fp32,warm,0,67108864,0,0,805306368,134217728,805306368,1,90,0.218140095472336,0,1
triad,fp32,warm,0,67108864,0,0,805306368,134217728,805306368,2,90,0.218185231089592,0,1
triad,fp32,warm,0,67108864,0,0,805306368,134217728,805306368,3,90,0.218184888362885,0,1
triad,fp32,warm,0,67108864,0,0,805306368,134217728,805306368,4,90,0.218190938234329,0,1
triad,fp32,warm,0,67108864,0,0,805306368,134217728,805306368,5,90,0.218173876404762,0,1
triad,fp32,warm,0,67108864,0,0,805306368,134217728,805306368,6,90,0.218220800161362,0,1
fma,fp32,streaming,0,67108864,0,1,536870912,134217728,536870912,0,149,0.132818043231964,0,1
fma,fp32,streaming,0,67108864,0,1,536870912,134217728,536870912,1,149,0.132817178964615,0,1
fma,fp32,streaming,0,67108864,0,1,536870912,134217728,536870912,2,149,0.132803216576576,0,1
fma,fp32,streaming,0,67108864,0,1,536870912,134217728,536870912,3,149,0.132781744003296,0,1
fma,fp32,streaming,0,67108864,0,1,536870912,134217728,536870912,4,149,0.132862061262131,0,1
fma,fp32,streaming,0,67108864,0,1,536870912,134217728,536870912,5,149,0.13282835483551,0,1
fma,fp32,streaming,0,67108864,0,1,536870912,134217728,536870912,6,149,0.132851973176003,0,1
fma,fp64,streaming,0,33554432,0,1,536870912,67108864,536870912,0,83,0.236546695232391,0,1
fma,fp64,streaming,0,33554432,0,1,536870912,67108864,536870912,1,83,0.236609533429146,0,1
fma,fp64,streaming,0,33554432,0,1,536870912,67108864,536870912,2,83,0.236232087016106,0,1
fma,fp64,streaming,0,33554432,0,1,536870912,67108864,536870912,3,83,0.236470371484756,0,1
fma,fp64,streaming,0,33554432,0,1,536870912,67108864,536870912,4,83,0.236556336283684,0,1
fma,fp64,streaming,0,33554432,0,1,536870912,67108864,536870912,5,83,0.236395955085754,0,1
fma,fp64,streaming,0,33554432,0,1,536870912,67108864,536870912,6,83,0.236474990844727,0,1
fma,fp32,streaming,0,67108864,0,2,536870912,268435456,536870912,0,145,0.13285693526268,0,1
fma,fp32,streaming,0,67108864,0,2,536870912,268435456,536870912,1,145,0.132937923073769,0,1
fma,fp32,streaming,0,67108864,0,2,536870912,268435456,536870912,2,145,0.132921382784843,0,1
fma,fp32,streaming,0,67108864,0,2,536870912,268435456,536870912,3,145,0.132942572236061,0,1
fma,fp32,streaming,0,67108864,0,2,536870912,268435456,536870912,4,145,0.132870182394981,0,1
fma,fp32,streaming,0,67108864,0,2,536870912,268435456,536870912,5,145,0.132902845740318,0,1
fma,fp32,streaming,0,67108864,0,2,536870912,268435456,536870912,6,145,0.132997304201126,0,1
fma,fp64,streaming,0,33554432,0,2,536870912,134217728,536870912,0,84,0.230641528964043,0,1
fma,fp64,streaming,0,33554432,0,2,536870912,134217728,536870912,1,84,0.230470478534698,0,1
fma,fp64,streaming,0,33554432,0,2,536870912,134217728,536870912,2,84,0.23054513335228,0,1
fma,fp64,streaming,0,33554432,0,2,536870912,134217728,536870912,3,84,0.230285719037056,0,1
fma,fp64,streaming,0,33554432,0,2,536870912,134217728,536870912,4,84,0.230388954281807,0,1
fma,fp64,streaming,0,33554432,0,2,536870912,134217728,536870912,5,84,0.230388954281807,0,1
fma,fp64,streaming,0,33554432,0,2,536870912,134217728,536870912,6,84,0.230534106492996,0,1
fma,fp32,streaming,0,67108864,0,4,536870912,536870912,536870912,0,147,0.132944971323013,0,1
fma,fp32,streaming,0,67108864,0,4,536870912,536870912,536870912,1,147,0.13299722969532,0,1
fma,fp32,streaming,0,67108864,0,4,536870912,536870912,536870912,2,147,0.132947370409966,0,1
fma,fp32,streaming,0,67108864,0,4,536870912,536870912,536870912,3,147,0.13295803964138,0,1
fma,fp32,streaming,0,67108864,0,4,536870912,536870912,536870912,4,147,0.132999837398529,0,1
fma,fp32,streaming,0,67108864,0,4,536870912,536870912,536870912,5,147,0.132990479469299,0,1
fma,fp32,streaming,0,67108864,0,4,536870912,536870912,536870912,6,147,0.13294018805027,0,1
fma,fp64,streaming,0,33554432,0,4,536870912,268435456,536870912,0,85,0.230717733502388,0,1
fma,fp64,streaming,0,33554432,0,4,536870912,268435456,536870912,1,85,0.230577304959297,0,1
fma,fp64,streaming,0,33554432,0,4,536870912,268435456,536870912,2,85,0.230532139539719,0,1
fma,fp64,streaming,0,33554432,0,4,536870912,268435456,536870912,3,85,0.230587854981422,0,1
fma,fp64,streaming,0,33554432,0,4,536870912,268435456,536870912,4,85,0.230630785226822,0,1
fma,fp64,streaming,0,33554432,0,4,536870912,268435456,536870912,5,85,0.230642065405846,0,1
fma,fp64,streaming,0,33554432,0,4,536870912,268435456,536870912,6,85,0.230572044849396,0,1
fma,fp32,streaming,0,67108864,0,8,536870912,1073741824,536870912,0,146,0.133124172687531,0,1
fma,fp32,streaming,0,67108864,0,8,536870912,1073741824,536870912,1,146,0.13326421380043,0,1
fma,fp32,streaming,0,67108864,0,8,536870912,1073741824,536870912,2,146,0.133237689733505,0,1
fma,fp32,streaming,0,67108864,0,8,536870912,1073741824,536870912,3,146,0.133222356438637,0,1
fma,fp32,streaming,0,67108864,0,8,536870912,1073741824,536870912,4,146,0.133222788572311,0,1
fma,fp32,streaming,0,67108864,0,8,536870912,1073741824,536870912,5,146,0.133165806531906,0,1
fma,fp32,streaming,0,67108864,0,8,536870912,1073741824,536870912,6,146,0.133120656013489,0,1
fma,fp64,streaming,0,33554432,0,8,536870912,536870912,536870912,0,84,0.229946300387383,0,1
fma,fp64,streaming,0,33554432,0,8,536870912,536870912,536870912,1,84,0.230146661400795,0,1
fma,fp64,streaming,0,33554432,0,8,536870912,536870912,536870912,2,84,0.229891806840897,0,1
fma,fp64,streaming,0,33554432,0,8,536870912,536870912,536870912,3,84,0.229742869734764,0,1
fma,fp64,streaming,0,33554432,0,8,536870912,536870912,536870912,4,84,0.229968756437302,0,1
fma,fp64,streaming,0,33554432,0,8,536870912,536870912,536870912,5,84,0.229991227388382,0,1
fma,fp64,streaming,0,33554432,0,8,536870912,536870912,536870912,6,84,0.229984760284424,0,1
fma,fp32,streaming,0,67108864,0,16,536870912,2147483648,536870912,0,146,0.133365467190742,0,1
fma,fp32,streaming,0,67108864,0,16,536870912,2147483648,536870912,1,146,0.133428379893303,0,1
fma,fp32,streaming,0,67108864,0,16,536870912,2147483648,536870912,2,146,0.133451625704765,0,1
fma,fp32,streaming,0,67108864,0,16,536870912,2147483648,536870912,3,146,0.133424431085587,0,1
fma,fp32,streaming,0,67108864,0,16,536870912,2147483648,536870912,4,146,0.13345117866993,0,1
fma,fp32,streaming,0,67108864,0,16,536870912,2147483648,536870912,5,146,0.133456438779831,0,1
fma,fp32,streaming,0,67108864,0,16,536870912,2147483648,536870912,6,146,0.133471563458443,0,1
fma,fp64,streaming,0,33554432,0,16,536870912,1073741824,536870912,0,86,0.229107350111008,0,1
fma,fp64,streaming,0,33554432,0,16,536870912,1073741824,536870912,1,86,0.229108095169067,0,1
fma,fp64,streaming,0,33554432,0,16,536870912,1073741824,536870912,2,86,0.228915721178055,0,1
fma,fp64,streaming,0,33554432,0,16,536870912,1073741824,536870912,3,86,0.229008361697197,0,1
fma,fp64,streaming,0,33554432,0,16,536870912,1073741824,536870912,4,86,0.228884473443031,0,1
fma,fp64,streaming,0,33554432,0,16,536870912,1073741824,536870912,5,86,0.228959634900093,0,1
fma,fp64,streaming,0,33554432,0,16,536870912,1073741824,536870912,6,86,0.229048922657967,0,1
fma,fp32,streaming,0,67108864,0,32,536870912,4294967296,536870912,0,142,0.136211156845093,0,1
fma,fp32,streaming,0,67108864,0,32,536870912,4294967296,536870912,1,142,0.136191323399544,0,1
fma,fp32,streaming,0,67108864,0,32,536870912,4294967296,536870912,2,142,0.136208683252335,0,1
fma,fp32,streaming,0,67108864,0,32,536870912,4294967296,536870912,3,142,0.136212512850761,0,1
fma,fp32,streaming,0,67108864,0,32,536870912,4294967296,536870912,4,142,0.136202603578568,0,1
fma,fp32,streaming,0,67108864,0,32,536870912,4294967296,536870912,5,142,0.136163160204887,0,1
fma,fp32,streaming,0,67108864,0,32,536870912,4294967296,536870912,6,142,0.136243149638176,0,1
fma,fp64,streaming,0,33554432,0,32,536870912,2147483648,536870912,0,89,0.217608630657196,0,1
fma,fp64,streaming,0,33554432,0,32,536870912,2147483648,536870912,1,89,0.217487826943398,0,1
fma,fp64,streaming,0,33554432,0,32,536870912,2147483648,536870912,2,89,0.217318117618561,0,1
fma,fp64,streaming,0,33554432,0,32,536870912,2147483648,536870912,3,89,0.217585980892181,0,1
fma,fp64,streaming,0,33554432,0,32,536870912,2147483648,536870912,4,89,0.217469125986099,0,1
fma,fp64,streaming,0,33554432,0,32,536870912,2147483648,536870912,5,89,0.217392891645432,0,1
fma,fp64,streaming,0,33554432,0,32,536870912,2147483648,536870912,6,89,0.217774018645287,0,1
fma,fp32,streaming,0,67108864,0,64,536870912,8589934592,536870912,0,112,0.175244003534317,0,1
fma,fp32,streaming,0,67108864,0,64,536870912,8589934592,536870912,1,112,0.175363421440125,0,1
fma,fp32,streaming,0,67108864,0,64,536870912,8589934592,536870912,2,112,0.175349429249763,0,1
fma,fp32,streaming,0,67108864,0,64,536870912,8589934592,536870912,3,112,0.175312012434006,0,1
fma,fp32,streaming,0,67108864,0,64,536870912,8589934592,536870912,4,112,0.175309151411057,0,1
fma,fp32,streaming,0,67108864,0,64,536870912,8589934592,536870912,5,112,0.175310850143433,0,1
fma,fp32,streaming,0,67108864,0,64,536870912,8589934592,536870912,6,112,0.175169706344604,0,1
fma,fp64,streaming,0,33554432,0,64,536870912,4294967296,536870912,0,135,0.145722076296806,0,1
fma,fp64,streaming,0,33554432,0,64,536870912,4294967296,536870912,1,135,0.145701214671135,0,1
fma,fp64,streaming,0,33554432,0,64,536870912,4294967296,536870912,2,135,0.149888008832932,0,1
fma,fp64,streaming,0,33554432,0,64,536870912,4294967296,536870912,3,135,0.150885924696922,0,1
fma,fp64,streaming,0,33554432,0,64,536870912,4294967296,536870912,4,135,0.151076272130013,0,1
fma,fp64,streaming,0,33554432,0,64,536870912,4294967296,536870912,5,135,0.15122726559639,0,1
fma,fp64,streaming,0,33554432,0,64,536870912,4294967296,536870912,6,135,0.15124337375164,0,1
fma,fp32,streaming,0,67108864,0,128,536870912,17179869184,536870912,0,61,0.319398283958435,0,1
fma,fp32,streaming,0,67108864,0,128,536870912,17179869184,536870912,1,61,0.314076840877533,0,1
fma,fp32,streaming,0,67108864,0,128,536870912,17179869184,536870912,2,61,0.310553699731827,0,1
fma,fp32,streaming,0,67108864,0,128,536870912,17179869184,536870912,3,61,0.309423714876175,0,1
fma,fp32,streaming,0,67108864,0,128,536870912,17179869184,536870912,4,61,0.309410095214844,0,1
fma,fp32,streaming,0,67108864,0,128,536870912,17179869184,536870912,5,61,0.309414803981781,0,1
fma,fp32,streaming,0,67108864,0,128,536870912,17179869184,536870912,6,61,0.309370219707489,0,1
fma,fp64,streaming,0,33554432,0,128,536870912,8589934592,536870912,0,71,0.275099962949753,0,1
fma,fp64,streaming,0,33554432,0,128,536870912,8589934592,536870912,1,71,0.275048553943634,0,1
fma,fp64,streaming,0,33554432,0,128,536870912,8589934592,536870912,2,71,0.275096774101257,0,1
fma,fp64,streaming,0,33554432,0,128,536870912,8589934592,536870912,3,71,0.275086879730225,0,1
fma,fp64,streaming,0,33554432,0,128,536870912,8589934592,536870912,4,71,0.275131046772003,0,1
fma,fp64,streaming,0,33554432,0,128,536870912,8589934592,536870912,5,71,0.275208115577698,0,1
fma,fp64,streaming,0,33554432,0,128,536870912,8589934592,536870912,6,71,0.275207668542862,0,1
fma,fp32,streaming,0,67108864,0,256,536870912,34359738368,536870912,0,34,0.585128426551819,0,1
fma,fp32,streaming,0,67108864,0,256,536870912,34359738368,536870912,1,34,0.585939764976501,0,1
fma,fp32,streaming,0,67108864,0,256,536870912,34359738368,536870912,2,34,0.581715762615204,0,1
fma,fp32,streaming,0,67108864,0,256,536870912,34359738368,536870912,3,34,0.579859793186188,0,1
fma,fp32,streaming,0,67108864,0,256,536870912,34359738368,536870912,4,34,0.57978355884552,0,1
fma,fp32,streaming,0,67108864,0,256,536870912,34359738368,536870912,5,34,0.579829692840576,0,1
fma,fp32,streaming,0,67108864,0,256,536870912,34359738368,536870912,6,34,0.579695999622345,0,1
fma,fp64,streaming,0,33554432,0,256,536870912,17179869184,536870912,0,37,0.533890604972839,0,1
fma,fp64,streaming,0,33554432,0,256,536870912,17179869184,536870912,1,37,0.53374183177948,0,1
fma,fp64,streaming,0,33554432,0,256,536870912,17179869184,536870912,2,37,0.533759117126465,0,1
fma,fp64,streaming,0,33554432,0,256,536870912,17179869184,536870912,3,37,0.533715009689331,0,1
fma,fp64,streaming,0,33554432,0,256,536870912,17179869184,536870912,4,37,0.533754825592041,0,1
fma,fp64,streaming,0,33554432,0,256,536870912,17179869184,536870912,5,37,0.533787667751312,0,1
fma,fp64,streaming,0,33554432,0,256,536870912,17179869184,536870912,6,37,0.533762574195862,0,1
fma,fp32,streaming,0,67108864,0,512,536870912,68719476736,536870912,0,17,1.1246212720871,0,1
fma,fp32,streaming,0,67108864,0,512,536870912,68719476736,536870912,1,17,1.12452900409698,0,1
fma,fp32,streaming,0,67108864,0,512,536870912,68719476736,536870912,2,17,1.12468898296356,0,1
fma,fp32,streaming,0,67108864,0,512,536870912,68719476736,536870912,3,17,1.12690830230713,0,1
fma,fp32,streaming,0,67108864,0,512,536870912,68719476736,536870912,4,17,1.12746918201447,0,1
fma,fp32,streaming,0,67108864,0,512,536870912,68719476736,536870912,5,17,1.12720000743866,0,1
fma,fp32,streaming,0,67108864,0,512,536870912,68719476736,536870912,6,17,1.12706828117371,0,1
fma,fp64,streaming,0,33554432,0,512,536870912,34359738368,536870912,0,18,1.0550400018692,0,1
fma,fp64,streaming,0,33554432,0,512,536870912,34359738368,536870912,1,18,1.05476260185242,0,1
fma,fp64,streaming,0,33554432,0,512,536870912,34359738368,536870912,2,18,1.05480349063873,0,1
fma,fp64,streaming,0,33554432,0,512,536870912,34359738368,536870912,3,18,1.05467736721039,0,1
fma,fp64,streaming,0,33554432,0,512,536870912,34359738368,536870912,4,18,1.0546418428421,0,1
fma,fp64,streaming,0,33554432,0,512,536870912,34359738368,536870912,5,18,1.05478048324585,0,1
fma,fp64,streaming,0,33554432,0,512,536870912,34359738368,536870912,6,18,1.05474138259888,0,1
fma,fp32,streaming,0,67108864,0,1024,536870912,137438953472,536870912,0,8,2.25217199325562,0,1
fma,fp32,streaming,0,67108864,0,1024,536870912,137438953472,536870912,1,8,2.24850010871887,0,1
fma,fp32,streaming,0,67108864,0,1024,536870912,137438953472,536870912,2,8,2.243488073349,0,1
fma,fp32,streaming,0,67108864,0,1024,536870912,137438953472,536870912,3,8,2.24779605865479,0,1
fma,fp32,streaming,0,67108864,0,1024,536870912,137438953472,536870912,4,8,2.25078010559082,0,1
fma,fp32,streaming,0,67108864,0,1024,536870912,137438953472,536870912,5,8,2.25380396842957,0,1
fma,fp32,streaming,0,67108864,0,1024,536870912,137438953472,536870912,6,8,2.25185203552246,0,1
fma,fp64,streaming,0,33554432,0,1024,536870912,68719476736,536870912,0,9,2.09702754020691,0,1
fma,fp64,streaming,0,33554432,0,1024,536870912,68719476736,536870912,1,9,2.09714841842651,0,1
fma,fp64,streaming,0,33554432,0,1024,536870912,68719476736,536870912,2,9,2.09679293632507,0,1
fma,fp64,streaming,0,33554432,0,1024,536870912,68719476736,536870912,3,9,2.09673237800598,0,1
fma,fp64,streaming,0,33554432,0,1024,536870912,68719476736,536870912,4,9,2.09673595428467,0,1
fma,fp64,streaming,0,33554432,0,1024,536870912,68719476736,536870912,5,9,2.09720182418823,0,1
fma,fp64,streaming,0,33554432,0,1024,536870912,68719476736,536870912,6,9,2.09684276580811,0,1
fma,fp32,streaming,0,67108864,0,2048,536870912,274877906944,536870912,0,4,4.40099191665649,0,1
fma,fp32,streaming,0,67108864,0,2048,536870912,274877906944,536870912,1,4,4.40144014358521,0,1
fma,fp32,streaming,0,67108864,0,2048,536870912,274877906944,536870912,2,4,4.41846418380737,0,1
fma,fp32,streaming,0,67108864,0,2048,536870912,274877906944,536870912,3,4,4.40140008926392,0,1
fma,fp32,streaming,0,67108864,0,2048,536870912,274877906944,536870912,4,4,4.43039178848267,0,1
fma,fp32,streaming,0,67108864,0,2048,536870912,274877906944,536870912,5,4,4.41719198226929,0,1
fma,fp32,streaming,0,67108864,0,2048,536870912,274877906944,536870912,6,4,4.41739177703857,0,1
fma,fp64,streaming,0,33554432,0,2048,536870912,137438953472,536870912,0,4,4.18261623382568,0,1
fma,fp64,streaming,0,33554432,0,2048,536870912,137438953472,536870912,1,4,4.18222379684448,0,1
fma,fp64,streaming,0,33554432,0,2048,536870912,137438953472,536870912,2,4,4.18222379684448,0,1
fma,fp64,streaming,0,33554432,0,2048,536870912,137438953472,536870912,3,4,4.18211984634399,0,1
fma,fp64,streaming,0,33554432,0,2048,536870912,137438953472,536870912,4,4,4.18222379684448,0,1
fma,fp64,streaming,0,33554432,0,2048,536870912,137438953472,536870912,5,4,4.18222379684448,0,1
fma,fp64,streaming,0,33554432,0,2048,536870912,137438953472,536870912,6,4,4.18249607086182,0,1
gemm,fp32,warm,256,256,256,0,786432,33554432,786432,0,200,0.00812624022364616,0,1
gemm,fp32,warm,256,256,256,0,786432,33554432,786432,1,200,0.00812575966119766,0,1
gemm,fp32,warm,256,256,256,0,786432,33554432,786432,2,200,0.00806447956711054,0,1
gemm,fp32,warm,256,256,256,0,786432,33554432,786432,3,200,0.00812320038676262,0,1
gemm,fp32,warm,256,256,256,0,786432,33554432,786432,4,200,0.00807536020874977,0,1
gemm,fp32,warm,256,256,256,0,786432,33554432,786432,5,200,0.00809247978031635,0,1
gemm,fp32,warm,256,256,256,0,786432,33554432,786432,6,200,0.00808255933225155,0,1
gemm,fp32,cold,256,256,256,0,786432,33554432,786432,0,1,0.0161920003592968,0,1
gemm,fp32,cold,256,256,256,0,786432,33554432,786432,1,1,0.0159680005162954,0,1
gemm,fp32,cold,256,256,256,0,786432,33554432,786432,2,1,0.0167999994009733,0,1
gemm,fp32,cold,256,256,256,0,786432,33554432,786432,3,1,0.0168960001319647,0,1
gemm,fp32,cold,256,256,256,0,786432,33554432,786432,4,1,0.0158719997853041,0,1
gemm,fp32,cold,256,256,256,0,786432,33554432,786432,5,1,0.0163199994713068,0,1
gemm,fp32,cold,256,256,256,0,786432,33554432,786432,6,1,0.016448000445962,0,1
gemm,fp32,warm,512,512,512,0,3145728,268435456,3145728,0,200,0.0145113598555326,0,1
gemm,fp32,warm,512,512,512,0,3145728,268435456,3145728,1,200,0.014526080340147,0,1
gemm,fp32,warm,512,512,512,0,3145728,268435456,3145728,2,200,0.0145227201282978,0,1
gemm,fp32,warm,512,512,512,0,3145728,268435456,3145728,3,200,0.0145212803035975,0,1
gemm,fp32,warm,512,512,512,0,3145728,268435456,3145728,4,200,0.0145553601905704,0,1
gemm,fp32,warm,512,512,512,0,3145728,268435456,3145728,5,200,0.0145217599347234,0,1
gemm,fp32,warm,512,512,512,0,3145728,268435456,3145728,6,200,0.0145267201587558,0,1
gemm,fp32,cold,512,512,512,0,3145728,268435456,3145728,0,1,0.0217279996722937,0,1
gemm,fp32,cold,512,512,512,0,3145728,268435456,3145728,1,1,0.0219199992716312,0,1
gemm,fp32,cold,512,512,512,0,3145728,268435456,3145728,2,1,0.0228799991309643,0,1
gemm,fp32,cold,512,512,512,0,3145728,268435456,3145728,3,1,0.0218880008906126,0,1
gemm,fp32,cold,512,512,512,0,3145728,268435456,3145728,4,1,0.0219199992716312,0,1
gemm,fp32,cold,512,512,512,0,3145728,268435456,3145728,5,1,0.022239999845624,0,1
gemm,fp32,cold,512,512,512,0,3145728,268435456,3145728,6,1,0.0226559992879629,0,1
gemm,fp32,warm,1024,1024,1024,0,12582912,2147483648,12582912,0,200,0.0561689622700214,0,1
gemm,fp32,warm,1024,1024,1024,0,12582912,2147483648,12582912,1,200,0.0560803227126598,0,1
gemm,fp32,warm,1024,1024,1024,0,12582912,2147483648,12582912,2,200,0.0559822432696819,0,1
gemm,fp32,warm,1024,1024,1024,0,12582912,2147483648,12582912,3,200,0.0559761635959148,0,1
gemm,fp32,warm,1024,1024,1024,0,12582912,2147483648,12582912,4,200,0.0559795200824738,0,1
gemm,fp32,warm,1024,1024,1024,0,12582912,2147483648,12582912,5,200,0.0559779219329357,0,1
gemm,fp32,warm,1024,1024,1024,0,12582912,2147483648,12582912,6,200,0.0559758394956589,0,1
gemm,fp32,cold,1024,1024,1024,0,12582912,2147483648,12582912,0,1,0.0673599988222122,0,1
gemm,fp32,cold,1024,1024,1024,0,12582912,2147483648,12582912,1,1,0.0678080022335052,0,1
gemm,fp32,cold,1024,1024,1024,0,12582912,2147483648,12582912,2,1,0.0683199986815453,0,1
gemm,fp32,cold,1024,1024,1024,0,12582912,2147483648,12582912,3,1,0.0679680034518242,0,1
gemm,fp32,cold,1024,1024,1024,0,12582912,2147483648,12582912,4,1,0.0670719966292381,0,1
gemm,fp32,cold,1024,1024,1024,0,12582912,2147483648,12582912,5,1,0.0687680020928383,0,1
gemm,fp32,cold,1024,1024,1024,0,12582912,2147483648,12582912,6,1,0.0672639980912209,0,1
gemm,fp32,warm,2048,2048,2048,0,50331648,17179869184,50331648,0,57,0.340201526880264,0,1
gemm,fp32,warm,2048,2048,2048,0,50331648,17179869184,50331648,1,57,0.340287983417511,0,1
gemm,fp32,warm,2048,2048,2048,0,50331648,17179869184,50331648,2,57,0.340625405311584,0,1
gemm,fp32,warm,2048,2048,2048,0,50331648,17179869184,50331648,3,57,0.340744405984879,0,1
gemm,fp32,warm,2048,2048,2048,0,50331648,17179869184,50331648,4,57,0.340627104043961,0,1
gemm,fp32,warm,2048,2048,2048,0,50331648,17179869184,50331648,5,57,0.340654611587524,0,1
gemm,fp32,warm,2048,2048,2048,0,50331648,17179869184,50331648,6,57,0.340601831674576,0,1
gemm,fp32,cold,2048,2048,2048,0,50331648,17179869184,50331648,0,1,0.344511985778809,0,1
gemm,fp32,cold,2048,2048,2048,0,50331648,17179869184,50331648,1,1,0.344384014606476,0,1
gemm,fp32,cold,2048,2048,2048,0,50331648,17179869184,50331648,2,1,0.344415992498398,0,1
gemm,fp32,cold,2048,2048,2048,0,50331648,17179869184,50331648,3,1,0.343968003988266,0,1
gemm,fp32,cold,2048,2048,2048,0,50331648,17179869184,50331648,4,1,0.348639994859695,0,1
gemm,fp32,cold,2048,2048,2048,0,50331648,17179869184,50331648,5,1,0.344191998243332,0,1
gemm,fp32,cold,2048,2048,2048,0,50331648,17179869184,50331648,6,1,0.344319999217987,0,1
gemm,fp32,warm,4096,4096,4096,0,201326592,137438953472,201326592,0,7,2.66539883613586,0,1
gemm,fp32,warm,4096,4096,4096,0,201326592,137438953472,201326592,1,7,2.66523885726929,0,1
gemm,fp32,warm,4096,4096,4096,0,201326592,137438953472,201326592,2,7,2.66419649124146,0,1
gemm,fp32,warm,4096,4096,4096,0,201326592,137438953472,201326592,3,7,2.66507887840271,0,1
gemm,fp32,warm,4096,4096,4096,0,201326592,137438953472,201326592,4,7,2.66485953330994,0,1
gemm,fp32,warm,4096,4096,4096,0,201326592,137438953472,201326592,5,7,2.66538977622986,0,1
gemm,fp32,warm,4096,4096,4096,0,201326592,137438953472,201326592,6,7,2.66502833366394,0,1
gemm,fp32,warm,8192,8192,8192,0,805306368,1099511627776,805306368,0,1,21.4602565765381,0,1
gemm,fp32,warm,8192,8192,8192,0,805306368,1099511627776,805306368,1,1,21.4426231384277,0,1
gemm,fp32,warm,8192,8192,8192,0,805306368,1099511627776,805306368,2,1,21.381664276123,0,1
gemm,fp32,warm,8192,8192,8192,0,805306368,1099511627776,805306368,3,1,21.3861122131348,0,1
gemm,fp32,warm,8192,8192,8192,0,805306368,1099511627776,805306368,4,1,21.3864326477051,0,1
gemm,fp32,warm,8192,8192,8192,0,805306368,1099511627776,805306368,5,1,21.3853435516357,0,1
gemm,fp32,warm,8192,8192,8192,0,805306368,1099511627776,805306368,6,1,21.3807048797607,0,1
gemm,fp32,warm,1,8192,8192,0,268500992,134217728,268500992,0,200,0.0693200007081032,0,1
gemm,fp32,warm,1,8192,8192,0,268500992,134217728,268500992,1,200,0.0693579167127609,0,1
gemm,fp32,warm,1,8192,8192,0,268500992,134217728,268500992,2,200,0.0693289637565613,0,1
gemm,fp32,warm,1,8192,8192,0,268500992,134217728,268500992,3,200,0.0693188831210136,0,1
gemm,fp32,warm,1,8192,8192,0,268500992,134217728,268500992,4,200,0.0693377554416656,0,1
gemm,fp32,warm,1,8192,8192,0,268500992,134217728,268500992,5,200,0.069317914545536,0,1
gemm,fp32,warm,1,8192,8192,0,268500992,134217728,268500992,6,200,0.0694443210959435,0,1
gemm,fp32,warm,2,8192,8192,0,268566528,268435456,268566528,0,76,0.254594087600708,0,1
gemm,fp32,warm,2,8192,8192,0,268566528,268435456,268566528,1,76,0.254476636648178,0,1
gemm,fp32,warm,2,8192,8192,0,268566528,268435456,268566528,2,76,0.254480421543121,0,1
gemm,fp32,warm,2,8192,8192,0,268566528,268435456,268566528,3,76,0.254394114017487,0,1
gemm,fp32,warm,2,8192,8192,0,268566528,268435456,268566528,4,76,0.254277914762497,0,1
gemm,fp32,warm,2,8192,8192,0,268566528,268435456,268566528,5,76,0.254273682832718,0,1
gemm,fp32,warm,2,8192,8192,0,268566528,268435456,268566528,6,76,0.254368841648102,0,1
gemm,fp32,warm,4,8192,8192,0,268697600,536870912,268697600,0,134,0.142012655735016,0,1
gemm,fp32,warm,4,8192,8192,0,268697600,536870912,268697600,1,134,0.142080962657928,0,1
gemm,fp32,warm,4,8192,8192,0,268697600,536870912,268697600,2,134,0.14203654229641,0,1
gemm,fp32,warm,4,8192,8192,0,268697600,536870912,268697600,3,134,0.142037734389305,0,1
gemm,fp32,warm,4,8192,8192,0,268697600,536870912,268697600,4,134,0.142075464129448,0,1
gemm,fp32,warm,4,8192,8192,0,268697600,536870912,268697600,5,134,0.142043232917786,0,1
gemm,fp32,warm,4,8192,8192,0,268697600,536870912,268697600,6,134,0.141826629638672,0,1
gemm,fp32,warm,8,8192,8192,0,268959744,1073741824,268959744,0,135,0.140978261828423,0,1
gemm,fp32,warm,8,8192,8192,0,268959744,1073741824,268959744,1,135,0.140974447131157,0,1
gemm,fp32,warm,8,8192,8192,0,268959744,1073741824,268959744,2,135,0.140962138772011,0,1
gemm,fp32,warm,8,8192,8192,0,268959744,1073741824,268959744,3,135,0.141022816300392,0,1
gemm,fp32,warm,8,8192,8192,0,268959744,1073741824,268959744,4,135,0.141313180327415,0,1
gemm,fp32,warm,8,8192,8192,0,268959744,1073741824,268959744,5,135,0.141237571835518,0,1
gemm,fp32,warm,8,8192,8192,0,268959744,1073741824,268959744,6,135,0.141208186745644,0,1
gemm,fp32,warm,16,8192,8192,0,269484032,2147483648,269484032,0,136,0.139378353953362,0,1
gemm,fp32,warm,16,8192,8192,0,269484032,2147483648,269484032,1,136,0.139380946755409,0,1
gemm,fp32,warm,16,8192,8192,0,269484032,2147483648,269484032,2,136,0.13913482427597,0,1
gemm,fp32,warm,16,8192,8192,0,269484032,2147483648,269484032,3,136,0.13916777074337,0,1
gemm,fp32,warm,16,8192,8192,0,269484032,2147483648,269484032,4,136,0.139178588986397,0,1
gemm,fp32,warm,16,8192,8192,0,269484032,2147483648,269484032,5,136,0.139132469892502,0,1
gemm,fp32,warm,16,8192,8192,0,269484032,2147483648,269484032,6,136,0.139144003391266,0,1
gemm,fp32,warm,32,8192,8192,0,270532608,4294967296,270532608,0,134,0.140869006514549,0,1
gemm,fp32,warm,32,8192,8192,0,270532608,4294967296,270532608,1,134,0.140927284955978,0,1
gemm,fp32,warm,32,8192,8192,0,270532608,4294967296,270532608,2,134,0.140939235687256,0,1
gemm,fp32,warm,32,8192,8192,0,270532608,4294967296,270532608,3,134,0.1409050822258,0,1
gemm,fp32,warm,32,8192,8192,0,270532608,4294967296,270532608,4,134,0.14141109585762,0,1
gemm,fp32,warm,32,8192,8192,0,270532608,4294967296,270532608,5,134,0.140691339969635,0,1
gemm,fp32,warm,32,8192,8192,0,270532608,4294967296,270532608,6,134,0.140661016106606,0,1
gemm,fp32,warm,64,8192,8192,0,272629760,8589934592,272629760,0,96,0.198505997657776,0,1
gemm,fp32,warm,64,8192,8192,0,272629760,8589934592,272629760,1,96,0.198526337742805,0,1
gemm,fp32,warm,64,8192,8192,0,272629760,8589934592,272629760,2,96,0.198590993881226,0,1
gemm,fp32,warm,64,8192,8192,0,272629760,8589934592,272629760,3,96,0.198781669139862,0,1
gemm,fp32,warm,64,8192,8192,0,272629760,8589934592,272629760,4,96,0.198723986744881,0,1
gemm,fp32,warm,64,8192,8192,0,272629760,8589934592,272629760,5,96,0.198770001530647,0,1
gemm,fp32,warm,64,8192,8192,0,272629760,8589934592,272629760,6,96,0.198683336377144,0,1
gemm,fp32,warm,128,8192,8192,0,276824064,17179869184,276824064,0,57,0.34178751707077,0,1
gemm,fp32,warm,128,8192,8192,0,276824064,17179869184,276824064,1,57,0.341484904289246,0,1
gemm,fp32,warm,128,8192,8192,0,276824064,17179869184,276824064,2,57,0.34140744805336,0,1
gemm,fp32,warm,128,8192,8192,0,276824064,17179869184,276824064,3,57,0.341333329677582,0,1
gemm,fp32,warm,128,8192,8192,0,276824064,17179869184,276824064,4,57,0.341313123703003,0,1
gemm,fp32,warm,128,8192,8192,0,276824064,17179869184,276824064,5,57,0.341329962015152,0,1
gemm,fp32,warm,128,8192,8192,0,276824064,17179869184,276824064,6,57,0.341413587331772,0,1
gemm,fp32,warm,256,8192,8192,0,285212672,34359738368,285212672,0,27,0.716279685497284,0,1
gemm,fp32,warm,256,8192,8192,0,285212672,34359738368,285212672,1,27,0.716182470321655,0,1
gemm,fp32,warm,256,8192,8192,0,285212672,34359738368,285212672,2,27,0.71629387140274,0,1
gemm,fp32,warm,256,8192,8192,0,285212672,34359738368,285212672,3,27,0.716011822223663,0,1
gemm,fp32,warm,256,8192,8192,0,285212672,34359738368,285212672,4,27,0.715529501438141,0,1
gemm,fp32,warm,256,8192,8192,0,285212672,34359738368,285212672,5,27,0.715186953544617,0,1
gemm,fp32,warm,256,8192,8192,0,285212672,34359738368,285212672,6,27,0.715172708034515,0,1
gemm,fp32,warm,512,8192,8192,0,301989888,68719476736,301989888,0,14,1.35265147686005,0,1
gemm,fp32,warm,512,8192,8192,0,301989888,68719476736,301989888,1,14,1.35279548168182,0,1
gemm,fp32,warm,512,8192,8192,0,301989888,68719476736,301989888,2,14,1.35392677783966,0,1
gemm,fp32,warm,512,8192,8192,0,301989888,68719476736,301989888,3,14,1.35390627384186,0,1
gemm,fp32,warm,512,8192,8192,0,301989888,68719476736,301989888,4,14,1.35445249080658,0,1
gemm,fp32,warm,512,8192,8192,0,301989888,68719476736,301989888,5,14,1.35372126102448,0,1
gemm,fp32,warm,512,8192,8192,0,301989888,68719476736,301989888,6,14,1.35382854938507,0,1
gemm,fp32,warm,1024,8192,8192,0,335544320,137438953472,335544320,0,7,2.68017816543579,0,1
gemm,fp32,warm,1024,8192,8192,0,335544320,137438953472,335544320,1,7,2.68067193031311,0,1
gemm,fp32,warm,1024,8192,8192,0,335544320,137438953472,335544320,2,7,2.67898511886597,0,1
gemm,fp32,warm,1024,8192,8192,0,335544320,137438953472,335544320,3,7,2.67908549308777,0,1
gemm,fp32,warm,1024,8192,8192,0,335544320,137438953472,335544320,4,7,2.68160009384155,0,1
gemm,fp32,warm,1024,8192,8192,0,335544320,137438953472,335544320,5,7,2.68208003044128,0,1
gemm,fp32,warm,1024,8192,8192,0,335544320,137438953472,335544320,6,7,2.68241834640503,0,1
gemm,fp32,warm,2048,8192,8192,0,402653184,274877906944,402653184,0,3,5.36646413803101,0,1
gemm,fp32,warm,2048,8192,8192,0,402653184,274877906944,402653184,1,3,5.35724830627441,0,1
gemm,fp32,warm,2048,8192,8192,0,402653184,274877906944,402653184,2,3,5.35932779312134,0,1
gemm,fp32,warm,2048,8192,8192,0,402653184,274877906944,402653184,3,3,5.35941314697266,0,1
gemm,fp32,warm,2048,8192,8192,0,402653184,274877906944,402653184,4,3,5.35809087753296,0,1
gemm,fp32,warm,2048,8192,8192,0,402653184,274877906944,402653184,5,3,5.35756826400757,0,1
gemm,fp32,warm,2048,8192,8192,0,402653184,274877906944,402653184,6,3,5.35794115066528,0,1
gemm,fp64,warm,256,256,256,0,1572864,33554432,1572864,0,200,0.00605440000072122,0,1
gemm,fp64,warm,256,256,256,0,1572864,33554432,1572864,1,200,0.00601216033101082,0,1
gemm,fp64,warm,256,256,256,0,1572864,33554432,1572864,2,200,0.00598591985180974,0,1
gemm,fp64,warm,256,256,256,0,1572864,33554432,1572864,3,200,0.00597856007516384,0,1
gemm,fp64,warm,256,256,256,0,1572864,33554432,1572864,4,200,0.0060263997875154,0,1
gemm,fp64,warm,256,256,256,0,1572864,33554432,1572864,5,200,0.00599248008802533,0,1
gemm,fp64,warm,256,256,256,0,1572864,33554432,1572864,6,200,0.00602879980579019,0,1
gemm,fp64,cold,256,256,256,0,1572864,33554432,1572864,0,1,0.0126080000773072,0,1
gemm,fp64,cold,256,256,256,0,1572864,33554432,1572864,1,1,0.0123840002343059,0,1
gemm,fp64,cold,256,256,256,0,1572864,33554432,1572864,2,1,0.0123840002343059,0,1
gemm,fp64,cold,256,256,256,0,1572864,33554432,1572864,3,1,0.0123840002343059,0,1
gemm,fp64,cold,256,256,256,0,1572864,33554432,1572864,4,1,0.0121600003913045,0,1
gemm,fp64,cold,256,256,256,0,1572864,33554432,1572864,5,1,0.0124479997903109,0,1
gemm,fp64,cold,256,256,256,0,1572864,33554432,1572864,6,1,0.0126080000773072,0,1
gemm,fp64,warm,512,512,512,0,6291456,268435456,6291456,0,200,0.00859791971743107,0,1
gemm,fp64,warm,512,512,512,0,6291456,268435456,6291456,1,200,0.00859360024333,0,1
gemm,fp64,warm,512,512,512,0,6291456,268435456,6291456,2,200,0.00859471969306469,0,1
gemm,fp64,warm,512,512,512,0,6291456,268435456,6291456,3,200,0.00860271975398064,0,1
gemm,fp64,warm,512,512,512,0,6291456,268435456,6291456,4,200,0.00859935954213142,0,1
gemm,fp64,warm,512,512,512,0,6291456,268435456,6291456,5,200,0.00859120022505522,0,1
gemm,fp64,warm,512,512,512,0,6291456,268435456,6291456,6,200,0.00859056040644646,0,1
gemm,fp64,cold,512,512,512,0,6291456,268435456,6291456,0,1,0.0183359999209642,0,1
gemm,fp64,cold,512,512,512,0,6291456,268435456,6291456,1,1,0.0182399991899729,0,1
gemm,fp64,cold,512,512,512,0,6291456,268435456,6291456,2,1,0.0182719994336367,0,1
gemm,fp64,cold,512,512,512,0,6291456,268435456,6291456,3,1,0.0194879993796349,0,1
gemm,fp64,cold,512,512,512,0,6291456,268435456,6291456,4,1,0.0189120005816221,0,1
gemm,fp64,cold,512,512,512,0,6291456,268435456,6291456,5,1,0.0184320006519556,0,1
gemm,fp64,cold,512,512,512,0,6291456,268435456,6291456,6,1,0.0181440003216267,0,1
gemm,fp64,warm,1024,1024,1024,0,25165824,2147483648,25165824,0,200,0.0404240004718304,0,1
gemm,fp64,warm,1024,1024,1024,0,25165824,2147483648,25165824,1,200,0.0404112003743649,0,1
gemm,fp64,warm,1024,1024,1024,0,25165824,2147483648,25165824,2,200,0.0404017604887486,0,1
gemm,fp64,warm,1024,1024,1024,0,25165824,2147483648,25165824,3,200,0.0403991974890232,0,1
gemm,fp64,warm,1024,1024,1024,0,25165824,2147483648,25165824,4,200,0.0404025614261627,0,1
gemm,fp64,warm,1024,1024,1024,0,25165824,2147483648,25165824,5,200,0.0404574386775494,0,1
gemm,fp64,warm,1024,1024,1024,0,25165824,2147483648,25165824,6,200,0.0405468791723251,0,1
gemm,fp64,cold,1024,1024,1024,0,25165824,2147483648,25165824,0,1,0.0483199991285801,0,1
gemm,fp64,cold,1024,1024,1024,0,25165824,2147483648,25165824,1,1,0.0482559986412525,0,1
gemm,fp64,cold,1024,1024,1024,0,25165824,2147483648,25165824,2,1,0.0479359999299049,0,1
gemm,fp64,cold,1024,1024,1024,0,25165824,2147483648,25165824,3,1,0.0480960011482239,0,1
gemm,fp64,cold,1024,1024,1024,0,25165824,2147483648,25165824,4,1,0.0481600016355515,0,1
gemm,fp64,cold,1024,1024,1024,0,25165824,2147483648,25165824,5,1,0.0480000004172325,0,1
gemm,fp64,cold,1024,1024,1024,0,25165824,2147483648,25165824,6,1,0.0479680001735687,0,1
gemm,fp64,warm,2048,2048,2048,0,100663296,17179869184,100663296,0,69,0.281842559576035,0,1
gemm,fp64,warm,2048,2048,2048,0,100663296,17179869184,100663296,1,69,0.281726151704788,0,1
gemm,fp64,warm,2048,2048,2048,0,100663296,17179869184,100663296,2,69,0.281731694936752,0,1
gemm,fp64,warm,2048,2048,2048,0,100663296,17179869184,100663296,3,69,0.281787812709808,0,1
gemm,fp64,warm,2048,2048,2048,0,100663296,17179869184,100663296,4,69,0.281489163637161,0,1
gemm,fp64,warm,2048,2048,2048,0,100663296,17179869184,100663296,5,69,0.281369507312775,0,1
gemm,fp64,warm,2048,2048,2048,0,100663296,17179869184,100663296,6,69,0.2813620865345,0,1
gemm,fp64,cold,2048,2048,2048,0,100663296,17179869184,100663296,0,1,0.288767993450165,0,1
gemm,fp64,cold,2048,2048,2048,0,100663296,17179869184,100663296,1,1,0.287551999092102,0,1
gemm,fp64,cold,2048,2048,2048,0,100663296,17179869184,100663296,2,1,0.287135988473892,0,1
gemm,fp64,cold,2048,2048,2048,0,100663296,17179869184,100663296,3,1,0.287968009710312,0,1
gemm,fp64,cold,2048,2048,2048,0,100663296,17179869184,100663296,4,1,0.288064002990723,0,1
gemm,fp64,cold,2048,2048,2048,0,100663296,17179869184,100663296,5,1,0.287712007761002,0,1
gemm,fp64,cold,2048,2048,2048,0,100663296,17179869184,100663296,6,1,0.287200003862381,0,1
gemm,fp64,warm,4096,4096,4096,0,402653184,137438953472,402653184,0,9,2.1773157119751,0,1
gemm,fp64,warm,4096,4096,4096,0,402653184,137438953472,402653184,1,9,2.17874121665955,0,1
gemm,fp64,warm,4096,4096,4096,0,402653184,137438953472,402653184,2,9,2.17793774604797,0,1
gemm,fp64,warm,4096,4096,4096,0,402653184,137438953472,402653184,3,9,2.17858481407166,0,1
gemm,fp64,warm,4096,4096,4096,0,402653184,137438953472,402653184,4,9,2.17837500572205,0,1
gemm,fp64,warm,4096,4096,4096,0,402653184,137438953472,402653184,5,9,2.17773151397705,0,1
gemm,fp64,warm,4096,4096,4096,0,402653184,137438953472,402653184,6,9,2.17794489860535,0,1
gemm,fp64,warm,8192,8192,8192,0,1610612736,1099511627776,1610612736,0,1,17.1098556518555,0,1
gemm,fp64,warm,8192,8192,8192,0,1610612736,1099511627776,1610612736,1,1,17.0673274993896,0,1
gemm,fp64,warm,8192,8192,8192,0,1610612736,1099511627776,1610612736,2,1,17.0106239318848,0,1
gemm,fp64,warm,8192,8192,8192,0,1610612736,1099511627776,1610612736,3,1,17.0026569366455,0,1
gemm,fp64,warm,8192,8192,8192,0,1610612736,1099511627776,1610612736,4,1,17.0082244873047,0,1
gemm,fp64,warm,8192,8192,8192,0,1610612736,1099511627776,1610612736,5,1,16.9930553436279,0,1
gemm,fp64,warm,8192,8192,8192,0,1610612736,1099511627776,1610612736,6,1,16.9921607971191,0,1
gemm,fp64,warm,1,8192,8192,0,537001984,134217728,537001984,0,156,0.12366010248661,0,1
gemm,fp64,warm,1,8192,8192,0,537001984,134217728,537001984,1,156,0.123666666448116,0,1
gemm,fp64,warm,1,8192,8192,0,537001984,134217728,537001984,2,156,0.123618453741074,0,1
gemm,fp64,warm,1,8192,8192,0,537001984,134217728,537001984,3,156,0.123666666448116,0,1
gemm,fp64,warm,1,8192,8192,0,537001984,134217728,537001984,4,156,0.123648412525654,0,1
gemm,fp64,warm,1,8192,8192,0,537001984,134217728,537001984,5,156,0.123643077909946,0,1
gemm,fp64,warm,1,8192,8192,0,537001984,134217728,537001984,6,156,0.12359344214201,0,1
gemm,fp64,warm,2,8192,8192,0,537133056,268435456,537133056,0,142,0.13382625579834,0,1
gemm,fp64,warm,2,8192,8192,0,537133056,268435456,537133056,1,142,0.13411471247673,0,1
gemm,fp64,warm,2,8192,8192,0,537133056,268435456,537133056,2,142,0.133956506848335,0,1
gemm,fp64,warm,2,8192,8192,0,537133056,268435456,537133056,3,142,0.134026601910591,0,1
gemm,fp64,warm,2,8192,8192,0,537133056,268435456,537133056,4,142,0.134000450372696,0,1
gemm,fp64,warm,2,8192,8192,0,537133056,268435456,537133056,5,142,0.133994817733765,0,1
gemm,fp64,warm,2,8192,8192,0,537133056,268435456,537133056,6,142,0.133925184607506,0,1
gemm,fp64,warm,4,8192,8192,0,537395200,536870912,537395200,0,141,0.134488061070442,0,1
gemm,fp64,warm,4,8192,8192,0,537395200,536870912,537395200,1,141,0.134408861398697,0,1
gemm,fp64,warm,4,8192,8192,0,537395200,536870912,537395200,2,141,0.134447664022446,0,1
gemm,fp64,warm,4,8192,8192,0,537395200,536870912,537395200,3,141,0.134441301226616,0,1
gemm,fp64,warm,4,8192,8192,0,537395200,536870912,537395200,4,141,0.134332820773125,0,1
gemm,fp64,warm,4,8192,8192,0,537395200,536870912,537395200,5,141,0.134355753660202,0,1
gemm,fp64,warm,4,8192,8192,0,537395200,536870912,537395200,6,141,0.134412482380867,0,1
gemm,fp64,warm,8,8192,8192,0,537919488,1073741824,537919488,0,141,0.133262977004051,0,1
gemm,fp64,warm,8,8192,8192,0,537919488,1073741824,537919488,1,141,0.133405953645706,0,1
gemm,fp64,warm,8,8192,8192,0,537919488,1073741824,537919488,2,141,0.133250951766968,0,1
gemm,fp64,warm,8,8192,8192,0,537919488,1073741824,537919488,3,141,0.133306562900543,0,1
gemm,fp64,warm,8,8192,8192,0,537919488,1073741824,537919488,4,141,0.133225083351135,0,1
gemm,fp64,warm,8,8192,8192,0,537919488,1073741824,537919488,5,141,0.133362621068954,0,1
gemm,fp64,warm,8,8192,8192,0,537919488,1073741824,537919488,6,141,0.13329815864563,0,1
gemm,fp64,warm,16,8192,8192,0,538968064,2147483648,538968064,0,138,0.132341802120209,0,1
gemm,fp64,warm,16,8192,8192,0,538968064,2147483648,538968064,1,138,0.132369861006737,0,1
gemm,fp64,warm,16,8192,8192,0,538968064,2147483648,538968064,2,138,0.132397443056107,0,1
gemm,fp64,warm,16,8192,8192,0,538968064,2147483648,538968064,3,138,0.132334619760513,0,1
gemm,fp64,warm,16,8192,8192,0,538968064,2147483648,538968064,4,138,0.132373332977295,0,1
gemm,fp64,warm,16,8192,8192,0,538968064,2147483648,538968064,5,138,0.132349446415901,0,1
gemm,fp64,warm,16,8192,8192,0,538968064,2147483648,538968064,6,138,0.132390722632408,0,1
gemm,fp64,warm,32,8192,8192,0,541065216,4294967296,541065216,0,140,0.135389715433121,0,1
gemm,fp64,warm,32,8192,8192,0,541065216,4294967296,541065216,1,140,0.135278627276421,0,1
gemm,fp64,warm,32,8192,8192,0,541065216,4294967296,541065216,2,140,0.135353609919548,0,1
gemm,fp64,warm,32,8192,8192,0,541065216,4294967296,541065216,3,140,0.135343313217163,0,1
gemm,fp64,warm,32,8192,8192,0,541065216,4294967296,541065216,4,140,0.135399773716927,0,1
gemm,fp64,warm,32,8192,8192,0,541065216,4294967296,541065216,5,140,0.135295540094376,0,1
gemm,fp64,warm,32,8192,8192,0,541065216,4294967296,541065216,6,140,0.135384231805801,0,1
gemm,fp64,warm,64,8192,8192,0,545259520,8589934592,545259520,0,118,0.161852732300758,0,1
gemm,fp64,warm,64,8192,8192,0,545259520,8589934592,545259520,1,118,0.161923795938492,0,1
gemm,fp64,warm,64,8192,8192,0,545259520,8589934592,545259520,2,118,0.162176534533501,0,1
gemm,fp64,warm,64,8192,8192,0,545259520,8589934592,545259520,3,118,0.162186577916145,0,1
gemm,fp64,warm,64,8192,8192,0,545259520,8589934592,545259520,4,118,0.162085697054863,0,1
gemm,fp64,warm,64,8192,8192,0,545259520,8589934592,545259520,5,118,0.162047997117043,0,1
gemm,fp64,warm,64,8192,8192,0,545259520,8589934592,545259520,6,118,0.16199266910553,0,1
gemm,fp64,warm,128,8192,8192,0,553648128,17179869184,553648128,0,64,0.302524507045746,0,1
gemm,fp64,warm,128,8192,8192,0,553648128,17179869184,553648128,1,64,0.302536487579346,0,1
gemm,fp64,warm,128,8192,8192,0,553648128,17179869184,553648128,2,64,0.302464008331299,0,1
gemm,fp64,warm,128,8192,8192,0,553648128,17179869184,553648128,3,64,0.302350997924805,0,1
gemm,fp64,warm,128,8192,8192,0,553648128,17179869184,553648128,4,64,0.303119987249374,0,1
gemm,fp64,warm,128,8192,8192,0,553648128,17179869184,553648128,5,64,0.302457511425018,0,1
gemm,fp64,warm,128,8192,8192,0,553648128,17179869184,553648128,6,64,0.302542001008987,0,1
gemm,fp64,warm,256,8192,8192,0,570425344,34359738368,570425344,0,34,0.567247986793518,0,1
gemm,fp64,warm,256,8192,8192,0,570425344,34359738368,570425344,1,34,0.567034304141998,0,1
gemm,fp64,warm,256,8192,8192,0,570425344,34359738368,570425344,2,34,0.567558586597443,0,1
gemm,fp64,warm,256,8192,8192,0,570425344,34359738368,570425344,3,34,0.567778825759888,0,1
gemm,fp64,warm,256,8192,8192,0,570425344,34359738368,570425344,4,34,0.567703545093536,0,1
gemm,fp64,warm,256,8192,8192,0,570425344,34359738368,570425344,5,34,0.567439079284668,0,1
gemm,fp64,warm,256,8192,8192,0,570425344,34359738368,570425344,6,34,0.567632019519806,0,1
gemm,fp64,warm,512,8192,8192,0,603979776,68719476736,603979776,0,17,1.10940051078796,0,1
gemm,fp64,warm,512,8192,8192,0,603979776,68719476736,603979776,1,17,1.10867202281952,0,1
gemm,fp64,warm,512,8192,8192,0,603979776,68719476736,603979776,2,17,1.10889601707458,0,1
gemm,fp64,warm,512,8192,8192,0,603979776,68719476736,603979776,3,17,1.10838782787323,0,1
gemm,fp64,warm,512,8192,8192,0,603979776,68719476736,603979776,4,17,1.10847616195679,0,1
gemm,fp64,warm,512,8192,8192,0,603979776,68719476736,603979776,5,17,1.10983717441559,0,1
gemm,fp64,warm,512,8192,8192,0,603979776,68719476736,603979776,6,17,1.11046206951141,0,1
gemm,fp64,warm,1024,8192,8192,0,671088640,137438953472,671088640,0,9,2.19105434417725,0,1
gemm,fp64,warm,1024,8192,8192,0,671088640,137438953472,671088640,1,9,2.19130659103394,0,1
gemm,fp64,warm,1024,8192,8192,0,671088640,137438953472,671088640,2,9,2.18875026702881,0,1
gemm,fp64,warm,1024,8192,8192,0,671088640,137438953472,671088640,3,9,2.18523383140564,0,1
gemm,fp64,warm,1024,8192,8192,0,671088640,137438953472,671088640,4,9,2.18556094169617,0,1
gemm,fp64,warm,1024,8192,8192,0,671088640,137438953472,671088640,5,9,2.18558216094971,0,1
gemm,fp64,warm,1024,8192,8192,0,671088640,137438953472,671088640,6,9,2.18527293205261,0,1
gemm,fp64,warm,2048,8192,8192,0,805306368,274877906944,805306368,0,4,4.34867191314697,0,1
gemm,fp64,warm,2048,8192,8192,0,805306368,274877906944,805306368,1,4,4.34872817993164,0,1
gemm,fp64,warm,2048,8192,8192,0,805306368,274877906944,805306368,2,4,4.34720802307129,0,1
gemm,fp64,warm,2048,8192,8192,0,805306368,274877906944,805306368,3,4,4.34811210632324,0,1
gemm,fp64,warm,2048,8192,8192,0,805306368,274877906944,805306368,4,4,4.34758377075195,0,1
gemm,fp64,warm,2048,8192,8192,0,805306368,274877906944,805306368,5,4,4.33983993530273,0,1
gemm,fp64,warm,2048,8192,8192,0,805306368,274877906944,805306368,6,4,4.34030389785767,0,1
gemm,fp16,warm,256,256,256,0,393216,33554432,393216,0,200,0.00443168031051755,0.000198426521477393,1
gemm,fp16,warm,256,256,256,0,393216,33554432,393216,1,200,0.00442400015890598,0.000198426521477393,1
gemm,fp16,warm,256,256,256,0,393216,33554432,393216,2,200,0.0044289599172771,0.000198426521477393,1
gemm,fp16,warm,256,256,256,0,393216,33554432,393216,3,200,0.00440751994028687,0.000198426521477393,1
gemm,fp16,warm,256,256,256,0,393216,33554432,393216,4,200,0.00443727988749743,0.000198426521477393,1
gemm,fp16,warm,256,256,256,0,393216,33554432,393216,5,200,0.00441615981981158,0.000198426521477393,1
gemm,fp16,warm,256,256,256,0,393216,33554432,393216,6,200,0.00443807989358902,0.000198426521477393,1
gemm,fp16,cold,256,256,256,0,393216,33554432,393216,0,1,0.00905600003898144,0.000198426521477393,1
gemm,fp16,cold,256,256,256,0,393216,33554432,393216,1,1,0.00889599975198507,0.000198426521477393,1
gemm,fp16,cold,256,256,256,0,393216,33554432,393216,2,1,0.00918400008231401,0.000198426521477393,1
gemm,fp16,cold,256,256,256,0,393216,33554432,393216,3,1,0.00899199955165386,0.000198426521477393,1
gemm,fp16,cold,256,256,256,0,393216,33554432,393216,4,1,0.0087679997086525,0.000198426521477393,1
gemm,fp16,cold,256,256,256,0,393216,33554432,393216,5,1,0.00889599975198507,0.000198426521477393,1
gemm,fp16,cold,256,256,256,0,393216,33554432,393216,6,1,0.00863999966531992,0.000198426521477393,1
gemm,fp16,warm,512,512,512,0,1572864,268435456,1572864,0,200,0.00445951987057924,0.00020091145971206,1
gemm,fp16,warm,512,512,512,0,1572864,268435456,1572864,1,200,0.00444831978529692,0.00020091145971206,1
gemm,fp16,warm,512,512,512,0,1572864,268435456,1572864,2,200,0.00442143995314837,0.00020091145971206,1
gemm,fp16,warm,512,512,512,0,1572864,268435456,1572864,3,200,0.00443375995382667,0.00020091145971206,1
gemm,fp16,warm,512,512,512,0,1572864,268435456,1572864,4,200,0.0044289599172771,0.00020091145971206,1
gemm,fp16,warm,512,512,512,0,1572864,268435456,1572864,5,200,0.00444400031119585,0.00020091145971206,1
gemm,fp16,warm,512,512,512,0,1572864,268435456,1572864,6,200,0.00442303996533155,0.00020091145971206,1
gemm,fp16,cold,512,512,512,0,1572864,268435456,1572864,0,1,0.00985599961131811,0.00020091145971206,1
gemm,fp16,cold,512,512,512,0,1572864,268435456,1572864,1,1,0.0103359995409846,0.00020091145971206,1
gemm,fp16,cold,512,512,512,0,1572864,268435456,1572864,2,1,0.00969600025564432,0.00020091145971206,1
gemm,fp16,cold,512,512,512,0,1572864,268435456,1572864,3,1,0.0100480001419783,0.00020091145971206,1
gemm,fp16,cold,512,512,512,0,1572864,268435456,1572864,4,1,0.00975999981164932,0.00020091145971206,1
gemm,fp16,cold,512,512,512,0,1572864,268435456,1572864,5,1,0.00992000009864569,0.00020091145971206,1
gemm,fp16,cold,512,512,512,0,1572864,268435456,1572864,6,1,0.0098879998549819,0.00020091145971206,1
gemm,fp16,warm,1024,1024,1024,0,6291456,2147483648,6291456,0,200,0.00606191996484995,0.000189940520434515,1
gemm,fp16,warm,1024,1024,1024,0,6291456,2147483648,6291456,1,200,0.00606495980173349,0.000189940520434515,1
gemm,fp16,warm,1024,1024,1024,0,6291456,2147483648,6291456,2,200,0.00607023993507028,0.000189940520434515,1
gemm,fp16,warm,1024,1024,1024,0,6291456,2147483648,6291456,3,200,0.0060588801279664,0.000189940520434515,1
gemm,fp16,warm,1024,1024,1024,0,6291456,2147483648,6291456,4,200,0.00607280014082789,0.000189940520434515,1
gemm,fp16,warm,1024,1024,1024,0,6291456,2147483648,6291456,5,200,0.00606944039463997,0.000189940520434515,1
gemm,fp16,warm,1024,1024,1024,0,6291456,2147483648,6291456,6,200,0.00605903984978795,0.000189940520434515,1
gemm,fp16,cold,1024,1024,1024,0,6291456,2147483648,6291456,0,1,0.0123840002343059,0.000189940520434515,1
gemm,fp16,cold,1024,1024,1024,0,6291456,2147483648,6291456,1,1,0.0121280001476407,0.000189940520434515,1
gemm,fp16,cold,1024,1024,1024,0,6291456,2147483648,6291456,2,1,0.0118720000609756,0.000189940520434515,1
gemm,fp16,cold,1024,1024,1024,0,6291456,2147483648,6291456,3,1,0.0123199997469783,0.000189940520434515,1
gemm,fp16,cold,1024,1024,1024,0,6291456,2147483648,6291456,4,1,0.0123519999906421,0.000189940520434515,1
gemm,fp16,cold,1024,1024,1024,0,6291456,2147483648,6291456,5,1,0.0123840002343059,0.000189940520434515,1
gemm,fp16,cold,1024,1024,1024,0,6291456,2147483648,6291456,6,1,0.0123199997469783,0.000189940520434515,1
gemm,fp16,warm,2048,2048,2048,0,25165824,17179869184,25165824,0,200,0.0233233589679003,0.000221487809070642,1
gemm,fp16,warm,2048,2048,2048,0,25165824,17179869184,25165824,1,200,0.0232822392135859,0.000221487809070642,1
gemm,fp16,warm,2048,2048,2048,0,25165824,17179869184,25165824,2,200,0.0232734400779009,0.000221487809070642,1
gemm,fp16,warm,2048,2048,2048,0,25165824,17179869184,25165824,3,200,0.0232758410274982,0.000221487809070642,1
gemm,fp16,warm,2048,2048,2048,0,25165824,17179869184,25165824,4,200,0.0232614390552044,0.000221487809070642,1
gemm,fp16,warm,2048,2048,2048,0,25165824,17179869184,25165824,5,200,0.0232544001191854,0.000221487809070642,1
gemm,fp16,warm,2048,2048,2048,0,25165824,17179869184,25165824,6,200,0.0232454389333725,0.000221487809070642,1
gemm,fp16,cold,2048,2048,2048,0,25165824,17179869184,25165824,0,1,0.0299200005829334,0.000221487809070642,1
gemm,fp16,cold,2048,2048,2048,0,25165824,17179869184,25165824,1,1,0.0300159994512796,0.000221487809070642,1
gemm,fp16,cold,2048,2048,2048,0,25165824,17179869184,25165824,2,1,0.0299839992076159,0.000221487809070642,1
gemm,fp16,cold,2048,2048,2048,0,25165824,17179869184,25165824,3,1,0.0298239998519421,0.000221487809070642,1
gemm,fp16,cold,2048,2048,2048,0,25165824,17179869184,25165824,4,1,0.030112000182271,0.000221487809070642,1
gemm,fp16,cold,2048,2048,2048,0,25165824,17179869184,25165824,5,1,0.0300799999386072,0.000221487809070642,1
gemm,fp16,cold,2048,2048,2048,0,25165824,17179869184,25165824,6,1,0.0295039992779493,0.000221487809070642,1
gemm,fp16,warm,4096,4096,4096,0,100663296,137438953472,100663296,0,114,0.167953953146935,0.000227370978317963,1
gemm,fp16,warm,4096,4096,4096,0,100663296,137438953472,100663296,1,114,0.170457273721695,0.000227370978317963,1
gemm,fp16,warm,4096,4096,4096,0,100663296,137438953472,100663296,2,114,0.182466804981232,0.000227370978317963,1
gemm,fp16,warm,4096,4096,4096,0,100663296,137438953472,100663296,3,114,0.185838595032692,0.000227370978317963,1
gemm,fp16,warm,4096,4096,4096,0,100663296,137438953472,100663296,4,114,0.185889676213264,0.000227370978317963,1
gemm,fp16,warm,4096,4096,4096,0,100663296,137438953472,100663296,5,114,0.185850113630295,0.000227370978317963,1
gemm,fp16,warm,4096,4096,4096,0,100663296,137438953472,100663296,6,114,0.186514258384705,0.000227370978317963,1
gemm,fp16,warm,8192,8192,8192,0,402653184,1099511627776,402653184,0,13,1.39609098434448,0.000201482833635594,1
gemm,fp16,warm,8192,8192,8192,0,402653184,1099511627776,402653184,1,13,1.37022280693054,0.000201482833635594,1
gemm,fp16,warm,8192,8192,8192,0,402653184,1099511627776,402653184,2,13,1.36838150024414,0.000201482833635594,1
gemm,fp16,warm,8192,8192,8192,0,402653184,1099511627776,402653184,3,13,1.40046036243439,0.000201482833635594,1
gemm,fp16,warm,8192,8192,8192,0,402653184,1099511627776,402653184,4,13,1.53799378871918,0.000201482833635594,1
gemm,fp16,warm,8192,8192,8192,0,402653184,1099511627776,402653184,5,13,1.57733416557312,0.000201482833635594,1
gemm,fp16,warm,8192,8192,8192,0,402653184,1099511627776,402653184,6,13,1.56366276741028,0.000201482833635594,1
gemm,fp16,warm,1,8192,8192,0,134250496,134217728,134250496,0,200,0.0407516807317734,0.000241351598313866,1
gemm,fp16,warm,1,8192,8192,0,134250496,134217728,134250496,1,200,0.0407011210918427,0.000241351598313866,1
gemm,fp16,warm,1,8192,8192,0,134250496,134217728,134250496,2,200,0.0405902378261089,0.000241351598313866,1
gemm,fp16,warm,1,8192,8192,0,134250496,134217728,134250496,3,200,0.0404516793787479,0.000241351598313866,1
gemm,fp16,warm,1,8192,8192,0,134250496,134217728,134250496,4,200,0.040459681302309,0.000241351598313866,1
gemm,fp16,warm,1,8192,8192,0,134250496,134217728,134250496,5,200,0.0404449589550495,0.000241351598313866,1
gemm,fp16,warm,1,8192,8192,0,134250496,134217728,134250496,6,200,0.0404236800968647,0.000241351598313866,1
gemm,fp16,warm,2,8192,8192,0,134283264,268435456,134283264,0,200,0.0539924800395966,0.000334128057445119,1
gemm,fp16,warm,2,8192,8192,0,134283264,268435456,134283264,1,200,0.0529481619596481,0.000334128057445119,1
gemm,fp16,warm,2,8192,8192,0,134283264,268435456,134283264,2,200,0.0529041588306427,0.000334128057445119,1
gemm,fp16,warm,2,8192,8192,0,134283264,268435456,134283264,3,200,0.0525417625904083,0.000334128057445119,1
gemm,fp16,warm,2,8192,8192,0,134283264,268435456,134283264,4,200,0.0520100779831409,0.000334128057445119,1
gemm,fp16,warm,2,8192,8192,0,134283264,268435456,134283264,5,200,0.051943201571703,0.000334128057445119,1
gemm,fp16,warm,2,8192,8192,0,134283264,268435456,134283264,6,200,0.0520732775330544,0.000334128057445119,1
gemm,fp16,warm,4,8192,8192,0,134348800,536870912,134348800,0,200,0.0524609610438347,0.00026223577679241,1
gemm,fp16,warm,4,8192,8192,0,134348800,536870912,134348800,1,200,0.0524284802377224,0.00026223577679241,1
gemm,fp16,warm,4,8192,8192,0,134348800,536870912,134348800,2,200,0.0524664036929607,0.00026223577679241,1
gemm,fp16,warm,4,8192,8192,0,134348800,536870912,134348800,3,200,0.052448958158493,0.00026223577679241,1
gemm,fp16,warm,4,8192,8192,0,134348800,536870912,134348800,4,200,0.0524356812238693,0.00026223577679241,1
gemm,fp16,warm,4,8192,8192,0,134348800,536870912,134348800,5,200,0.0524897612631321,0.00026223577679241,1
gemm,fp16,warm,4,8192,8192,0,134348800,536870912,134348800,6,200,0.0524772778153419,0.00026223577679241,1
gemm,fp16,warm,8,8192,8192,0,134479872,1073741824,134479872,0,200,0.0412355177104473,0.000188446265463958,1
gemm,fp16,warm,8,8192,8192,0,134479872,1073741824,134479872,1,200,0.041206881403923,0.000188446265463958,1
gemm,fp16,warm,8,8192,8192,0,134479872,1073741824,134479872,2,200,0.0412307232618332,0.000188446265463958,1
gemm,fp16,warm,8,8192,8192,0,134479872,1073741824,134479872,3,200,0.041259840130806,0.000188446265463958,1
gemm,fp16,warm,8,8192,8192,0,134479872,1073741824,134479872,4,200,0.0412393622100353,0.000188446265463958,1
gemm,fp16,warm,8,8192,8192,0,134479872,1073741824,134479872,5,200,0.0411923229694366,0.000188446265463958,1
gemm,fp16,warm,8,8192,8192,0,134479872,1073741824,134479872,6,200,0.0412414409220219,0.000188446265463958,1
gemm,fp16,warm,16,8192,8192,0,134742016,2147483648,134742016,0,200,0.0402222387492657,0.000219235237132225,1
gemm,fp16,warm,16,8192,8192,0,134742016,2147483648,134742016,1,200,0.0402220822870731,0.000219235237132225,1
gemm,fp16,warm,16,8192,8192,0,134742016,2147483648,134742016,2,200,0.040211521089077,0.000219235237132225,1
gemm,fp16,warm,16,8192,8192,0,134742016,2147483648,134742016,3,200,0.0402075201272964,0.000219235237132225,1
gemm,fp16,warm,16,8192,8192,0,134742016,2147483648,134742016,4,200,0.0401750430464745,0.000219235237132225,1
gemm,fp16,warm,16,8192,8192,0,134742016,2147483648,134742016,5,200,0.0402265600860119,0.000219235237132225,1
gemm,fp16,warm,16,8192,8192,0,134742016,2147483648,134742016,6,200,0.0401729568839073,0.000219235237132225,1
gemm,fp16,warm,32,8192,8192,0,135266304,4294967296,135266304,0,200,0.0399414412677288,0.000245315918246433,1
gemm,fp16,warm,32,8192,8192,0,135266304,4294967296,135266304,1,200,0.0399388782680035,0.000245315918246433,1
gemm,fp16,warm,32,8192,8192,0,135266304,4294967296,135266304,2,200,0.0399142391979694,0.000245315918246433,1
gemm,fp16,warm,32,8192,8192,0,135266304,4294967296,135266304,3,200,0.0399038419127464,0.000245315918246433,1
gemm,fp16,warm,32,8192,8192,0,135266304,4294967296,135266304,4,200,0.0399755202233791,0.000245315918246433,1
gemm,fp16,warm,32,8192,8192,0,135266304,4294967296,135266304,5,200,0.0399436801671982,0.000245315918246433,1
gemm,fp16,warm,32,8192,8192,0,135266304,4294967296,135266304,6,200,0.0399006381630898,0.000245315918246433,1
gemm,fp16,warm,64,8192,8192,0,136314880,8589934592,136314880,0,200,0.0374151989817619,0.000206361611237897,1
gemm,fp16,warm,64,8192,8192,0,136314880,8589934592,136314880,1,200,0.0374534390866756,0.000206361611237897,1
gemm,fp16,warm,64,8192,8192,0,136314880,8589934592,136314880,2,200,0.0374227203428745,0.000206361611237897,1
gemm,fp16,warm,64,8192,8192,0,136314880,8589934592,136314880,3,200,0.0374352000653744,0.000206361611237897,1
gemm,fp16,warm,64,8192,8192,0,136314880,8589934592,136314880,4,200,0.0374595187604427,0.000206361611237897,1
gemm,fp16,warm,64,8192,8192,0,136314880,8589934592,136314880,5,200,0.0374603196978569,0.000206361611237897,1
gemm,fp16,warm,64,8192,8192,0,136314880,8589934592,136314880,6,200,0.0374651178717613,0.000206361611237897,1
gemm,fp16,warm,128,8192,8192,0,138412032,17179869184,138412032,0,200,0.0377516783773899,0.000266098899365157,1
gemm,fp16,warm,128,8192,8192,0,138412032,17179869184,138412032,1,200,0.037772960960865,0.000266098899365157,1
gemm,fp16,warm,128,8192,8192,0,138412032,17179869184,138412032,2,200,0.0377780795097351,0.000266098899365157,1
gemm,fp16,warm,128,8192,8192,0,138412032,17179869184,138412032,3,200,0.0377755202353001,0.000266098899365157,1
gemm,fp16,warm,128,8192,8192,0,138412032,17179869184,138412032,4,200,0.0377732813358307,0.000266098899365157,1
gemm,fp16,warm,128,8192,8192,0,138412032,17179869184,138412032,5,200,0.0378153622150421,0.000266098899365157,1
gemm,fp16,warm,128,8192,8192,0,138412032,17179869184,138412032,6,200,0.0380257591605186,0.000266098899365157,1
gemm,fp16,warm,256,8192,8192,0,142606336,34359738368,142606336,0,200,0.0465027205646038,0.000208955069232491,1
gemm,fp16,warm,256,8192,8192,0,142606336,34359738368,142606336,1,200,0.0461763180792332,0.000208955069232491,1
gemm,fp16,warm,256,8192,8192,0,142606336,34359738368,142606336,2,200,0.0469303987920284,0.000208955069232491,1
gemm,fp16,warm,256,8192,8192,0,142606336,34359738368,142606336,3,200,0.05004608258605,0.000208955069232491,1
gemm,fp16,warm,256,8192,8192,0,142606336,34359738368,142606336,4,200,0.0504131205379963,0.000208955069232491,1
gemm,fp16,warm,256,8192,8192,0,142606336,34359738368,142606336,5,200,0.0522256009280682,0.000208955069232491,1
gemm,fp16,warm,256,8192,8192,0,142606336,34359738368,142606336,6,200,0.0522899180650711,0.000208955069232491,1
gemm,fp16,warm,512,8192,8192,0,150994944,68719476736,150994944,0,192,0.097759336233139,0.00021041038827574,1
gemm,fp16,warm,512,8192,8192,0,150994944,68719476736,150994944,1,192,0.0938160046935081,0.00021041038827574,1
gemm,fp16,warm,512,8192,8192,0,150994944,68719476736,150994944,2,192,0.0923991724848747,0.00021041038827574,1
gemm,fp16,warm,512,8192,8192,0,150994944,68719476736,150994944,3,192,0.0923919975757599,0.00021041038827574,1
gemm,fp16,warm,512,8192,8192,0,150994944,68719476736,150994944,4,192,0.0923595055937767,0.00021041038827574,1
gemm,fp16,warm,512,8192,8192,0,150994944,68719476736,150994944,5,192,0.092371828854084,0.00021041038827574,1
gemm,fp16,warm,512,8192,8192,0,150994944,68719476736,150994944,6,192,0.0923824980854988,0.00021041038827574,1
gemm,fp16,warm,1024,8192,8192,0,167772160,137438953472,167772160,0,107,0.180698603391647,0.000200414017464685,1
gemm,fp16,warm,1024,8192,8192,0,167772160,137438953472,167772160,1,107,0.176220402121544,0.000200414017464685,1
gemm,fp16,warm,1024,8192,8192,0,167772160,137438953472,167772160,2,107,0.179008901119232,0.000200414017464685,1
gemm,fp16,warm,1024,8192,8192,0,167772160,137438953472,167772160,3,107,0.181882917881012,0.000200414017464685,1
gemm,fp16,warm,1024,8192,8192,0,167772160,137438953472,167772160,4,107,0.185608983039856,0.000200414017464685,1
gemm,fp16,warm,1024,8192,8192,0,167772160,137438953472,167772160,5,107,0.185357466340065,0.000200414017464685,1
gemm,fp16,warm,1024,8192,8192,0,167772160,137438953472,167772160,6,107,0.183939889073372,0.000200414017464685,1
gemm,fp16,warm,2048,8192,8192,0,201326592,274877906944,201326592,0,54,0.359787255525589,0.000225696977694881,1
gemm,fp16,warm,2048,8192,8192,0,201326592,274877906944,201326592,1,54,0.359214812517166,0.000225696977694881,1
gemm,fp16,warm,2048,8192,8192,0,201326592,274877906944,201326592,2,54,0.361968606710434,0.000225696977694881,1
gemm,fp16,warm,2048,8192,8192,0,201326592,274877906944,201326592,3,54,0.365437060594559,0.000225696977694881,1
gemm,fp16,warm,2048,8192,8192,0,201326592,274877906944,201326592,4,54,0.36598813533783,0.000225696977694881,1
gemm,fp16,warm,2048,8192,8192,0,201326592,274877906944,201326592,5,54,0.366033762693405,0.000225696977694881,1
gemm,fp16,warm,2048,8192,8192,0,201326592,274877906944,201326592,6,54,0.366003572940826,0.000225696977694881,1
gemm,bf16,warm,256,256,256,0,393216,33554432,393216,0,200,0.00448655989021063,0.00156995384806169,1
gemm,bf16,warm,256,256,256,0,393216,33554432,393216,1,200,0.00444640032947063,0.00156995384806169,1
gemm,bf16,warm,256,256,256,0,393216,33554432,393216,2,200,0.00444864016026258,0.00156995384806169,1
gemm,bf16,warm,256,256,256,0,393216,33554432,393216,3,200,0.0044860802590847,0.00156995384806169,1
gemm,bf16,warm,256,256,256,0,393216,33554432,393216,4,200,0.00443679979071021,0.00156995384806169,1
gemm,bf16,warm,256,256,256,0,393216,33554432,393216,5,200,0.00444879988208413,0.00156995384806169,1
gemm,bf16,warm,256,256,256,0,393216,33554432,393216,6,200,0.00446848012506962,0.00156995384806169,1
gemm,bf16,cold,256,256,256,0,393216,33554432,393216,0,1,0.00918400008231401,0.00156995384806169,1
gemm,bf16,cold,256,256,256,0,393216,33554432,393216,1,1,0.00915199983865023,0.00156995384806169,1
gemm,bf16,cold,256,256,256,0,393216,33554432,393216,2,1,0.00908800028264523,0.00156995384806169,1
gemm,bf16,cold,256,256,256,0,393216,33554432,393216,3,1,0.00915199983865023,0.00156995384806169,1
gemm,bf16,cold,256,256,256,0,393216,33554432,393216,4,1,0.00899199955165386,0.00156995384806169,1
gemm,bf16,cold,256,256,256,0,393216,33554432,393216,5,1,0.00924799963831902,0.00156995384806169,1
gemm,bf16,cold,256,256,256,0,393216,33554432,393216,6,1,0.0087040001526475,0.00156995384806169,1
gemm,bf16,warm,512,512,512,0,1572864,268435456,1572864,0,200,0.0045587201602757,0.00162394799487254,1
gemm,bf16,warm,512,512,512,0,1572864,268435456,1572864,1,200,0.00447551999241114,0.00162394799487254,1
gemm,bf16,warm,512,512,512,0,1572864,268435456,1572864,2,200,0.00448192004114389,0.00162394799487254,1
gemm,bf16,warm,512,512,512,0,1572864,268435456,1572864,3,200,0.0044564800336957,0.00162394799487254,1
gemm,bf16,warm,512,512,512,0,1572864,268435456,1572864,4,200,0.00448672007769346,0.00162394799487254,1
gemm,bf16,warm,512,512,512,0,1572864,268435456,1572864,5,200,0.00444352021440864,0.00162394799487254,1
gemm,bf16,warm,512,512,512,0,1572864,268435456,1572864,6,200,0.00446496019139886,0.00162394799487254,1
gemm,bf16,cold,512,512,512,0,1572864,268435456,1572864,0,1,0.0102080004289746,0.00162394799487254,1
gemm,bf16,cold,512,512,512,0,1572864,268435456,1572864,1,1,0.00995200034230947,0.00162394799487254,1
gemm,bf16,cold,512,512,512,0,1572864,268435456,1572864,2,1,0.0102399997413158,0.00162394799487254,1
gemm,bf16,cold,512,512,512,0,1572864,268435456,1572864,3,1,0.0098879998549819,0.00162394799487254,1
gemm,bf16,cold,512,512,512,0,1572864,268435456,1572864,4,1,0.0098240002989769,0.00162394799487254,1
gemm,bf16,cold,512,512,512,0,1572864,268435456,1572864,5,1,0.0098240002989769,0.00162394799487254,1
gemm,bf16,cold,512,512,512,0,1572864,268435456,1572864,6,1,0.0101119996979833,0.00162394799487254,1
gemm,bf16,warm,1024,1024,1024,0,6291456,2147483648,6291456,0,200,0.00618383986875415,0.00141444543565153,1
gemm,bf16,warm,1024,1024,1024,0,6291456,2147483648,6291456,1,200,0.0061844801530242,0.00141444543565153,1
gemm,bf16,warm,1024,1024,1024,0,6291456,2147483648,6291456,2,200,0.00618928018957376,0.00141444543565153,1
gemm,bf16,warm,1024,1024,1024,0,6291456,2147483648,6291456,3,200,0.00618495978415012,0.00141444543565153,1
gemm,bf16,warm,1024,1024,1024,0,6291456,2147483648,6291456,4,200,0.00617695972323418,0.00141444543565153,1
gemm,bf16,warm,1024,1024,1024,0,6291456,2147483648,6291456,5,200,0.00617728009819984,0.00141444543565153,1
gemm,bf16,warm,1024,1024,1024,0,6291456,2147483648,6291456,6,200,0.00617936020717025,0.00141444543565153,1
gemm,bf16,cold,1024,1024,1024,0,6291456,2147483648,6291456,0,1,0.0122880004346371,0.00141444543565153,1
gemm,bf16,cold,1024,1024,1024,0,6291456,2147483648,6291456,1,1,0.0126719996333122,0.00141444543565153,1
gemm,bf16,cold,1024,1024,1024,0,6291456,2147483648,6291456,2,1,0.0123840002343059,0.00141444543565153,1
gemm,bf16,cold,1024,1024,1024,0,6291456,2147483648,6291456,3,1,0.0125759998336434,0.00141444543565153,1
gemm,bf16,cold,1024,1024,1024,0,6291456,2147483648,6291456,4,1,0.0122560001909733,0.00141444543565153,1
gemm,bf16,cold,1024,1024,1024,0,6291456,2147483648,6291456,5,1,0.0121280001476407,0.00141444543565153,1
gemm,bf16,cold,1024,1024,1024,0,6291456,2147483648,6291456,6,1,0.0122880004346371,0.00141444543565153,1
gemm,bf16,warm,2048,2048,2048,0,25165824,17179869184,25165824,0,200,0.0239484813064337,0.00152126818093298,1
gemm,bf16,warm,2048,2048,2048,0,25165824,17179869184,25165824,1,200,0.0238124802708626,0.00152126818093298,1
gemm,bf16,warm,2048,2048,2048,0,25165824,17179869184,25165824,2,200,0.023797120898962,0.00152126818093298,1
gemm,bf16,warm,2048,2048,2048,0,25165824,17179869184,25165824,3,200,0.023804159834981,0.00152126818093298,1
gemm,bf16,warm,2048,2048,2048,0,25165824,17179869184,25165824,4,200,0.0237947199493647,0.00152126818093298,1
gemm,bf16,warm,2048,2048,2048,0,25165824,17179869184,25165824,5,200,0.0237668808549643,0.00152126818093298,1
gemm,bf16,warm,2048,2048,2048,0,25165824,17179869184,25165824,6,200,0.0237521603703499,0.00152126818093298,1
gemm,bf16,cold,2048,2048,2048,0,25165824,17179869184,25165824,0,1,0.0307199992239475,0.00152126818093298,1
gemm,bf16,cold,2048,2048,2048,0,25165824,17179869184,25165824,1,1,0.0302080009132624,0.00152126818093298,1
gemm,bf16,cold,2048,2048,2048,0,25165824,17179869184,25165824,2,1,0.030239999294281,0.00152126818093298,1
gemm,bf16,cold,2048,2048,2048,0,25165824,17179869184,25165824,3,1,0.0300799999386072,0.00152126818093298,1
gemm,bf16,cold,2048,2048,2048,0,25165824,17179869184,25165824,4,1,0.0304959993809462,0.00152126818093298,1
gemm,bf16,cold,2048,2048,2048,0,25165824,17179869184,25165824,5,1,0.0303680002689362,0.00152126818093298,1
gemm,bf16,cold,2048,2048,2048,0,25165824,17179869184,25165824,6,1,0.0304959993809462,0.00152126818093298,1
gemm,bf16,warm,4096,4096,4096,0,100663296,137438953472,100663296,0,116,0.16281159222126,0.00171066456404783,1
gemm,bf16,warm,4096,4096,4096,0,100663296,137438953472,100663296,1,116,0.168293789029121,0.00171066456404783,1
gemm,bf16,warm,4096,4096,4096,0,100663296,137438953472,100663296,2,116,0.168644964694977,0.00171066456404783,1
gemm,bf16,warm,4096,4096,4096,0,100663296,137438953472,100663296,3,116,0.16863089799881,0.00171066456404783,1
gemm,bf16,warm,4096,4096,4096,0,100663296,137438953472,100663296,4,116,0.181789234280586,0.00171066456404783,1
gemm,bf16,warm,4096,4096,4096,0,100663296,137438953472,100663296,5,116,0.183887168765068,0.00171066456404783,1
gemm,bf16,warm,4096,4096,4096,0,100663296,137438953472,100663296,6,116,0.183905646204948,0.00171066456404783,1
gemm,bf16,warm,8192,8192,8192,0,402653184,1099511627776,402653184,0,13,1.417400598526,0.00196155990413702,1
gemm,bf16,warm,8192,8192,8192,0,402653184,1099511627776,402653184,1,13,1.41760241985321,0.00196155990413702,1
gemm,bf16,warm,8192,8192,8192,0,402653184,1099511627776,402653184,2,13,1.45036804676056,0.00196155990413702,1
gemm,bf16,warm,8192,8192,8192,0,402653184,1099511627776,402653184,3,13,1.456827044487,0.00196155990413702,1
gemm,bf16,warm,8192,8192,8192,0,402653184,1099511627776,402653184,4,13,1.45673358440399,0.00196155990413702,1
gemm,bf16,warm,8192,8192,8192,0,402653184,1099511627776,402653184,5,13,1.45710265636444,0.00196155990413702,1
gemm,bf16,warm,8192,8192,8192,0,402653184,1099511627776,402653184,6,13,1.45714461803436,0.00196155990413702,1
gemm,bf16,warm,1,8192,8192,0,134250496,134217728,134250496,0,200,0.0352393612265587,0.00159905328714834,1
gemm,bf16,warm,1,8192,8192,0,134250496,134217728,134250496,1,200,0.0351476781070232,0.00159905328714834,1
gemm,bf16,warm,1,8192,8192,0,134250496,134217728,134250496,2,200,0.0351048000156879,0.00159905328714834,1
gemm,bf16,warm,1,8192,8192,0,134250496,134217728,134250496,3,200,0.0351012796163559,0.00159905328714834,1
gemm,bf16,warm,1,8192,8192,0,134250496,134217728,134250496,4,200,0.035116158425808,0.00159905328714834,1
gemm,bf16,warm,1,8192,8192,0,134250496,134217728,134250496,5,200,0.0351060777902603,0.00159905328714834,1
gemm,bf16,warm,1,8192,8192,0,134250496,134217728,134250496,6,200,0.035099521279335,0.00159905328714834,1
gemm,bf16,warm,2,8192,8192,0,134283264,268435456,134283264,0,200,0.0532907210290432,0.00255426270291833,1
gemm,bf16,warm,2,8192,8192,0,134283264,268435456,134283264,1,200,0.0529467202723026,0.00255426270291833,1
gemm,bf16,warm,2,8192,8192,0,134283264,268435456,134283264,2,200,0.0524904020130634,0.00255426270291833,1
gemm,bf16,warm,2,8192,8192,0,134283264,268435456,134283264,3,200,0.0521062426269054,0.00255426270291833,1
gemm,bf16,warm,2,8192,8192,0,134283264,268435456,134283264,4,200,0.0520571172237396,0.00255426270291833,1
gemm,bf16,warm,2,8192,8192,0,134283264,268435456,134283264,5,200,0.0519569590687752,0.00255426270291833,1
gemm,bf16,warm,2,8192,8192,0,134283264,268435456,134283264,6,200,0.0519876815378666,0.00255426270291833,1
gemm,bf16,warm,4,8192,8192,0,134348800,536870912,134348800,0,200,0.0522276796400547,0.00266300887255156,1
gemm,bf16,warm,4,8192,8192,0,134348800,536870912,134348800,1,200,0.0522111989557743,0.00266300887255156,1
gemm,bf16,warm,4,8192,8192,0,134348800,536870912,134348800,2,200,0.0522272028028965,0.00266300887255156,1
gemm,bf16,warm,4,8192,8192,0,134348800,536870912,134348800,3,200,0.05223648250103,0.00266300887255156,1
gemm,bf16,warm,4,8192,8192,0,134348800,536870912,134348800,4,200,0.0522084794938564,0.00266300887255156,1
gemm,bf16,warm,4,8192,8192,0,134348800,536870912,134348800,5,200,0.052223838865757,0.00266300887255156,1
gemm,bf16,warm,4,8192,8192,0,134348800,536870912,134348800,6,200,0.0522393621504307,0.00266300887255156,1
gemm,bf16,warm,8,8192,8192,0,134479872,1073741824,134479872,0,200,0.0408928021788597,0.00169396235379781,1
gemm,bf16,warm,8,8192,8192,0,134479872,1073741824,134479872,1,200,0.0409430414438248,0.00169396235379781,1
gemm,bf16,warm,8,8192,8192,0,134479872,1073741824,134479872,2,200,0.0408451221883297,0.00169396235379781,1
gemm,bf16,warm,8,8192,8192,0,134479872,1073741824,134479872,3,200,0.0408596806228161,0.00169396235379781,1
gemm,bf16,warm,8,8192,8192,0,134479872,1073741824,134479872,4,200,0.0409283190965652,0.00169396235379781,1
gemm,bf16,warm,8,8192,8192,0,134479872,1073741824,134479872,5,200,0.0408859215676785,0.00169396235379781,1
gemm,bf16,warm,8,8192,8192,0,134479872,1073741824,134479872,6,200,0.040872797369957,0.00169396235379781,1
gemm,bf16,warm,16,8192,8192,0,134742016,2147483648,134742016,0,200,0.0402350388467312,0.001948402555698,1
gemm,bf16,warm,16,8192,8192,0,134742016,2147483648,134742016,1,200,0.0402083210647106,0.001948402555698,1
gemm,bf16,warm,16,8192,8192,0,134742016,2147483648,134742016,2,200,0.0401886403560638,0.001948402555698,1
gemm,bf16,warm,16,8192,8192,0,134742016,2147483648,134742016,3,200,0.0402208007872105,0.001948402555698,1
gemm,bf16,warm,16,8192,8192,0,134742016,2147483648,134742016,4,200,0.0401391983032227,0.001948402555698,1
gemm,bf16,warm,16,8192,8192,0,134742016,2147483648,134742016,5,200,0.0401822365820408,0.001948402555698,1
gemm,bf16,warm,16,8192,8192,0,134742016,2147483648,134742016,6,200,0.0401892811059952,0.001948402555698,1
gemm,bf16,warm,32,8192,8192,0,135266304,4294967296,135266304,0,200,0.0357467196881771,0.00166506969017838,1
gemm,bf16,warm,32,8192,8192,0,135266304,4294967296,135266304,1,200,0.0357696004211903,0.00166506969017838,1
gemm,bf16,warm,32,8192,8192,0,135266304,4294967296,135266304,2,200,0.0357582420110703,0.00166506969017838,1
gemm,bf16,warm,32,8192,8192,0,135266304,4294967296,135266304,3,200,0.0357814393937588,0.00166506969017838,1
gemm,bf16,warm,32,8192,8192,0,135266304,4294967296,135266304,4,200,0.0357555188238621,0.00166506969017838,1
gemm,bf16,warm,32,8192,8192,0,135266304,4294967296,135266304,5,200,0.03579967841506,0.00166506969017838,1
gemm,bf16,warm,32,8192,8192,0,135266304,4294967296,135266304,6,200,0.0357801616191864,0.00166506969017838,1
gemm,bf16,warm,64,8192,8192,0,136314880,8589934592,136314880,0,200,0.037444319576025,0.00155328542635371,1
gemm,bf16,warm,64,8192,8192,0,136314880,8589934592,136314880,1,200,0.0374313592910767,0.00155328542635371,1
gemm,bf16,warm,64,8192,8192,0,136314880,8589934592,136314880,2,200,0.0374209582805634,0.00155328542635371,1
gemm,bf16,warm,64,8192,8192,0,136314880,8589934592,136314880,3,200,0.0374190397560596,0.00155328542635371,1
gemm,bf16,warm,64,8192,8192,0,136314880,8589934592,136314880,4,200,0.0374252796173096,0.00155328542635371,1
gemm,bf16,warm,64,8192,8192,0,136314880,8589934592,136314880,5,200,0.0374454408884048,0.00155328542635371,1
gemm,bf16,warm,64,8192,8192,0,136314880,8589934592,136314880,6,200,0.0374399982392788,0.00155328542635371,1
gemm,bf16,warm,128,8192,8192,0,138412032,17179869184,138412032,0,200,0.0377028807997704,0.00176589199669178,1
gemm,bf16,warm,128,8192,8192,0,138412032,17179869184,138412032,1,200,0.0377230420708656,0.00176589199669178,1
gemm,bf16,warm,128,8192,8192,0,138412032,17179869184,138412032,2,200,0.0377230420708656,0.00176589199669178,1
gemm,bf16,warm,128,8192,8192,0,138412032,17179869184,138412032,3,200,0.0377443209290504,0.00176589199669178,1
gemm,bf16,warm,128,8192,8192,0,138412032,17179869184,138412032,4,200,0.0377248004078865,0.00176589199669178,1
gemm,bf16,warm,128,8192,8192,0,138412032,17179869184,138412032,5,200,0.0379233583807945,0.00176589199669178,1
gemm,bf16,warm,128,8192,8192,0,138412032,17179869184,138412032,6,200,0.0380539186298847,0.00176589199669178,1
gemm,bf16,warm,256,8192,8192,0,142606336,34359738368,142606336,0,200,0.0466870404779911,0.00145721684350321,1
gemm,bf16,warm,256,8192,8192,0,142606336,34359738368,142606336,1,200,0.0464871972799301,0.00145721684350321,1
gemm,bf16,warm,256,8192,8192,0,142606336,34359738368,142606336,2,200,0.0486065596342087,0.00145721684350321,1
gemm,bf16,warm,256,8192,8192,0,142606336,34359738368,142606336,3,200,0.0498022399842739,0.00145721684350321,1
gemm,bf16,warm,256,8192,8192,0,142606336,34359738368,142606336,4,200,0.0513612776994705,0.00145721684350321,1
gemm,bf16,warm,256,8192,8192,0,142606336,34359738368,142606336,5,200,0.0522412769496441,0.00145721684350321,1
gemm,bf16,warm,256,8192,8192,0,142606336,34359738368,142606336,6,200,0.0523796789348125,0.00145721684350321,1
gemm,bf16,warm,512,8192,8192,0,150994944,68719476736,150994944,0,193,0.0978981181979179,0.00170620431592466,1
gemm,bf16,warm,512,8192,8192,0,150994944,68719476736,150994944,1,193,0.0977677926421165,0.00170620431592466,1
gemm,bf16,warm,512,8192,8192,0,150994944,68719476736,150994944,2,193,0.0937379524111748,0.00170620431592466,1
gemm,bf16,warm,512,8192,8192,0,150994944,68719476736,150994944,3,193,0.0936926826834679,0.00170620431592466,1
gemm,bf16,warm,512,8192,8192,0,150994944,68719476736,150994944,4,193,0.0936877131462097,0.00170620431592466,1
gemm,bf16,warm,512,8192,8192,0,150994944,68719476736,150994944,5,193,0.0937072783708572,0.00170620431592466,1
gemm,bf16,warm,512,8192,8192,0,150994944,68719476736,150994944,6,193,0.0937480628490448,0.00170620431592466,1
gemm,bf16,warm,1024,8192,8192,0,167772160,137438953472,167772160,0,106,0.180360153317451,0.00177670344327559,1
gemm,bf16,warm,1024,8192,8192,0,167772160,137438953472,167772160,1,106,0.174883633852005,0.00177670344327559,1
gemm,bf16,warm,1024,8192,8192,0,167772160,137438953472,167772160,2,106,0.174879997968674,0.00177670344327559,1
gemm,bf16,warm,1024,8192,8192,0,167772160,137438953472,167772160,3,106,0.175629287958145,0.00177670344327559,1
gemm,bf16,warm,1024,8192,8192,0,167772160,137438953472,167772160,4,106,0.176410868763924,0.00177670344327559,1
gemm,bf16,warm,1024,8192,8192,0,167772160,137438953472,167772160,5,106,0.17694853246212,0.00177670344327559,1
gemm,bf16,warm,1024,8192,8192,0,167772160,137438953472,167772160,6,106,0.178315475583076,0.00177670344327559,1
gemm,bf16,warm,2048,8192,8192,0,201326592,274877906944,201326592,0,55,0.353026330471039,0.00169340637723078,1
gemm,bf16,warm,2048,8192,8192,0,201326592,274877906944,201326592,1,55,0.348719716072083,0.00169340637723078,1
gemm,bf16,warm,2048,8192,8192,0,201326592,274877906944,201326592,2,55,0.349323630332947,0.00169340637723078,1
gemm,bf16,warm,2048,8192,8192,0,201326592,274877906944,201326592,3,55,0.349218338727951,0.00169340637723078,1
gemm,bf16,warm,2048,8192,8192,0,201326592,274877906944,201326592,4,55,0.35169979929924,0.00169340637723078,1
gemm,bf16,warm,2048,8192,8192,0,201326592,274877906944,201326592,5,55,0.352141410112381,0.00169340637723078,1
gemm,bf16,warm,2048,8192,8192,0,201326592,274877906944,201326592,6,55,0.352129757404327,0.00169340637723078,1
gemm,tf32,warm,256,256,256,0,786432,33554432,786432,0,200,0.00600207969546318,0,1
gemm,tf32,warm,256,256,256,0,786432,33554432,786432,1,200,0.00600031949579716,0,1
gemm,tf32,warm,256,256,256,0,786432,33554432,786432,2,200,0.00599119998514652,0,1
gemm,tf32,warm,256,256,256,0,786432,33554432,786432,3,200,0.00599551992490888,0,1
gemm,tf32,warm,256,256,256,0,786432,33554432,786432,4,200,0.00599215971305966,0,1
gemm,tf32,warm,256,256,256,0,786432,33554432,786432,5,200,0.00599391991272569,0,1
gemm,tf32,warm,256,256,256,0,786432,33554432,786432,6,200,0.00599168008193374,0,1
gemm,tf32,cold,256,256,256,0,786432,33554432,786432,0,1,0.0106880003586411,0,1
gemm,tf32,cold,256,256,256,0,786432,33554432,786432,1,1,0.0105280000716448,0,1
gemm,tf32,cold,256,256,256,0,786432,33554432,786432,2,1,0.0104639995843172,0,1
gemm,tf32,cold,256,256,256,0,786432,33554432,786432,3,1,0.0106880003586411,0,1
gemm,tf32,cold,256,256,256,0,786432,33554432,786432,4,1,0.0106880003586411,0,1
gemm,tf32,cold,256,256,256,0,786432,33554432,786432,5,1,0.0104639995843172,0,1
gemm,tf32,cold,256,256,256,0,786432,33554432,786432,6,1,0.0108799999579787,0,1
gemm,tf32,warm,512,512,512,0,3145728,268435456,3145728,0,200,0.00873471982777119,0,1
gemm,tf32,warm,512,512,512,0,3145728,268435456,3145728,1,200,0.00873455964028835,0,1
gemm,tf32,warm,512,512,512,0,3145728,268435456,3145728,2,200,0.00872655957937241,0,1
gemm,tf32,warm,512,512,512,0,3145728,268435456,3145728,3,200,0.008733119815588,0,1
gemm,tf32,warm,512,512,512,0,3145728,268435456,3145728,4,200,0.00873247999697924,0,1
gemm,tf32,warm,512,512,512,0,3145728,268435456,3145728,5,200,0.00863775983452797,0,1
gemm,tf32,warm,512,512,512,0,3145728,268435456,3145728,6,200,0.00817583967000246,0,1
gemm,tf32,cold,512,512,512,0,3145728,268435456,3145728,0,1,0.0133119998499751,0,1
gemm,tf32,cold,512,512,512,0,3145728,268435456,3145728,1,1,0.0135359996929765,0,1
gemm,tf32,cold,512,512,512,0,3145728,268435456,3145728,2,1,0.0131519995629787,0,1
gemm,tf32,cold,512,512,512,0,3145728,268435456,3145728,3,1,0.0130240004509687,0,1
gemm,tf32,cold,512,512,512,0,3145728,268435456,3145728,4,1,0.0128960004076362,0,1
gemm,tf32,cold,512,512,512,0,3145728,268435456,3145728,5,1,0.01305599976331,0,1
gemm,tf32,cold,512,512,512,0,3145728,268435456,3145728,6,1,0.0128319999203086,0,1
gemm,tf32,warm,1024,1024,1024,0,12582912,2147483648,12582912,0,200,0.0138172805309296,0,1
gemm,tf32,warm,1024,1024,1024,0,12582912,2147483648,12582912,1,200,0.0138401603326201,0,1
gemm,tf32,warm,1024,1024,1024,0,12582912,2147483648,12582912,2,200,0.0138252796605229,0,1
gemm,tf32,warm,1024,1024,1024,0,12582912,2147483648,12582912,3,200,0.0137265594676137,0,1
gemm,tf32,warm,1024,1024,1024,0,12582912,2147483648,12582912,4,200,0.0137052796781063,0,1
gemm,tf32,warm,1024,1024,1024,0,12582912,2147483648,12582912,5,200,0.0136889601126313,0,1
gemm,tf32,warm,1024,1024,1024,0,12582912,2147483648,12582912,6,200,0.0136905601248145,0,1
gemm,tf32,cold,1024,1024,1024,0,12582912,2147483648,12582912,0,1,0.022112000733614,0,1
gemm,tf32,cold,1024,1024,1024,0,12582912,2147483648,12582912,1,1,0.0223999992012978,0,1
gemm,tf32,cold,1024,1024,1024,0,12582912,2147483648,12582912,2,1,0.0221439991146326,0,1
gemm,tf32,cold,1024,1024,1024,0,12582912,2147483648,12582912,3,1,0.021824000403285,0,1
gemm,tf32,cold,1024,1024,1024,0,12582912,2147483648,12582912,4,1,0.0220480002462864,0,1
gemm,tf32,cold,1024,1024,1024,0,12582912,2147483648,12582912,5,1,0.0221759993582964,0,1
gemm,tf32,cold,1024,1024,1024,0,12582912,2147483648,12582912,6,1,0.0212479997426271,0,1
gemm,tf32,warm,2048,2048,2048,0,50331648,17179869184,50331648,0,200,0.0494550429284573,0,1
gemm,tf32,warm,2048,2048,2048,0,50331648,17179869184,50331648,1,200,0.0489239990711212,0,1
gemm,tf32,warm,2048,2048,2048,0,50331648,17179869184,50331648,2,200,0.0488396771252155,0,1
gemm,tf32,warm,2048,2048,2048,0,50331648,17179869184,50331648,3,200,0.0487585589289665,0,1
gemm,tf32,warm,2048,2048,2048,0,50331648,17179869184,50331648,4,200,0.0482468791306019,0,1
gemm,tf32,warm,2048,2048,2048,0,50331648,17179869184,50331648,5,200,0.0479479990899563,0,1
gemm,tf32,warm,2048,2048,2048,0,50331648,17179869184,50331648,6,200,0.0479687973856926,0,1
gemm,tf32,cold,2048,2048,2048,0,50331648,17179869184,50331648,0,1,0.0568640008568764,0,1
gemm,tf32,cold,2048,2048,2048,0,50331648,17179869184,50331648,1,1,0.0562559999525547,0,1
gemm,tf32,cold,2048,2048,2048,0,50331648,17179869184,50331648,2,1,0.0559680014848709,0,1
gemm,tf32,cold,2048,2048,2048,0,50331648,17179869184,50331648,3,1,0.0562239997088909,0,1
gemm,tf32,cold,2048,2048,2048,0,50331648,17179869184,50331648,4,1,0.0563520006835461,0,1
gemm,tf32,cold,2048,2048,2048,0,50331648,17179869184,50331648,5,1,0.0562239997088909,0,1
gemm,tf32,cold,2048,2048,2048,0,50331648,17179869184,50331648,6,1,0.0562239997088909,0,1
gemm,tf32,warm,4096,4096,4096,0,201326592,137438953472,201326592,0,59,0.323299795389175,0,1
gemm,tf32,warm,4096,4096,4096,0,201326592,137438953472,201326592,1,59,0.328508734703064,0,1
gemm,tf32,warm,4096,4096,4096,0,201326592,137438953472,201326592,2,59,0.339849203824997,0,1
gemm,tf32,warm,4096,4096,4096,0,201326592,137438953472,201326592,3,59,0.342384278774261,0,1
gemm,tf32,warm,4096,4096,4096,0,201326592,137438953472,201326592,4,59,0.342118501663208,0,1
gemm,tf32,warm,4096,4096,4096,0,201326592,137438953472,201326592,5,59,0.341060906648636,0,1
gemm,tf32,warm,4096,4096,4096,0,201326592,137438953472,201326592,6,59,0.342298567295074,0,1
gemm,tf32,warm,8192,8192,8192,0,805306368,1099511627776,805306368,0,7,2.60997939109802,0,1
gemm,tf32,warm,8192,8192,8192,0,805306368,1099511627776,805306368,1,7,2.67256212234497,0,1
gemm,tf32,warm,8192,8192,8192,0,805306368,1099511627776,805306368,2,7,2.76038861274719,0,1
gemm,tf32,warm,8192,8192,8192,0,805306368,1099511627776,805306368,3,7,2.75740790367126,0,1
gemm,tf32,warm,8192,8192,8192,0,805306368,1099511627776,805306368,4,7,2.71358633041382,0,1
gemm,tf32,warm,8192,8192,8192,0,805306368,1099511627776,805306368,5,7,2.71229243278503,0,1
gemm,tf32,warm,8192,8192,8192,0,805306368,1099511627776,805306368,6,7,2.68768906593323,0,1
gemm,tf32,warm,1,8192,8192,0,268500992,134217728,268500992,0,200,0.0697310417890549,0,1
gemm,tf32,warm,1,8192,8192,0,268500992,134217728,268500992,1,200,0.0694113597273827,0,1
gemm,tf32,warm,1,8192,8192,0,268500992,134217728,268500992,2,200,0.0693024024367332,0,1
gemm,tf32,warm,1,8192,8192,0,268500992,134217728,268500992,3,200,0.0691153630614281,0,1
gemm,tf32,warm,1,8192,8192,0,268500992,134217728,268500992,4,200,0.0691711977124214,0,1
gemm,tf32,warm,1,8192,8192,0,268500992,134217728,268500992,5,200,0.0691468790173531,0,1
gemm,tf32,warm,1,8192,8192,0,268500992,134217728,268500992,6,200,0.0691070407629013,0,1
gemm,tf32,warm,2,8192,8192,0,268566528,268435456,268566528,0,174,0.105993926525116,0,1
gemm,tf32,warm,2,8192,8192,0,268566528,268435456,268566528,1,174,0.105689562857151,0,1
gemm,tf32,warm,2,8192,8192,0,268566528,268435456,268566528,2,174,0.10571126639843,0,1
gemm,tf32,warm,2,8192,8192,0,268566528,268435456,268566528,3,174,0.105730943381786,0,1
gemm,tf32,warm,2,8192,8192,0,268566528,268435456,268566528,4,174,0.105701886117458,0,1
gemm,tf32,warm,2,8192,8192,0,268566528,268435456,268566528,5,174,0.105846621096134,0,1
gemm,tf32,warm,2,8192,8192,0,268566528,268435456,268566528,6,174,0.105965614318848,0,1
gemm,tf32,warm,4,8192,8192,0,268697600,536870912,268697600,0,186,0.0986050739884377,0,1
gemm,tf32,warm,4,8192,8192,0,268697600,536870912,268697600,1,186,0.0985961332917213,0,1
gemm,tf32,warm,4,8192,8192,0,268697600,536870912,268697600,2,186,0.0986270979046822,0,1
gemm,tf32,warm,4,8192,8192,0,268697600,536870912,268697600,3,186,0.0987053737044334,0,1
gemm,tf32,warm,4,8192,8192,0,268697600,536870912,268697600,4,186,0.0986520424485207,0,1
gemm,tf32,warm,4,8192,8192,0,268697600,536870912,268697600,5,186,0.0986473932862282,0,1
gemm,tf32,warm,4,8192,8192,0,268697600,536870912,268697600,6,186,0.0985913127660751,0,1
gemm,tf32,warm,8,8192,8192,0,268959744,1073741824,268959744,0,200,0.0818593576550484,0,1
gemm,tf32,warm,8,8192,8192,0,268959744,1073741824,268959744,1,200,0.0818371176719666,0,1
gemm,tf32,warm,8,8192,8192,0,268959744,1073741824,268959744,2,200,0.0817840024828911,0,1
gemm,tf32,warm,8,8192,8192,0,268959744,1073741824,268959744,3,200,0.0817364752292633,0,1
gemm,tf32,warm,8,8192,8192,0,268959744,1073741824,268959744,4,200,0.0817676857113838,0,1
gemm,tf32,warm,8,8192,8192,0,268959744,1073741824,268959744,5,200,0.0817611217498779,0,1
gemm,tf32,warm,8,8192,8192,0,268959744,1073741824,268959744,6,200,0.0817822366952896,0,1
gemm,tf32,warm,16,8192,8192,0,269484032,2147483648,269484032,0,200,0.0795804783701897,0,1
gemm,tf32,warm,16,8192,8192,0,269484032,2147483648,269484032,1,200,0.0795497596263885,0,1
gemm,tf32,warm,16,8192,8192,0,269484032,2147483648,269484032,2,200,0.079534724354744,0,1
gemm,tf32,warm,16,8192,8192,0,269484032,2147483648,269484032,3,200,0.0795696005225182,0,1
gemm,tf32,warm,16,8192,8192,0,269484032,2147483648,269484032,4,200,0.0795836746692657,0,1
gemm,tf32,warm,16,8192,8192,0,269484032,2147483648,269484032,5,200,0.0795608013868332,0,1
gemm,tf32,warm,16,8192,8192,0,269484032,2147483648,269484032,6,200,0.0795803219079971,0,1
gemm,tf32,warm,32,8192,8192,0,270532608,4294967296,270532608,0,200,0.0757838413119316,0,1
gemm,tf32,warm,32,8192,8192,0,270532608,4294967296,270532608,1,200,0.0757843181490898,0,1
gemm,tf32,warm,32,8192,8192,0,270532608,4294967296,270532608,2,200,0.0757927969098091,0,1
gemm,tf32,warm,32,8192,8192,0,270532608,4294967296,270532608,3,200,0.0756992027163506,0,1
gemm,tf32,warm,32,8192,8192,0,270532608,4294967296,270532608,4,200,0.0757043212652206,0,1
gemm,tf32,warm,32,8192,8192,0,270532608,4294967296,270532608,5,200,0.075760155916214,0,1
gemm,tf32,warm,32,8192,8192,0,270532608,4294967296,270532608,6,200,0.0757612809538841,0,1
gemm,tf32,warm,64,8192,8192,0,272629760,8589934592,272629760,0,200,0.0816230401396751,0,1
gemm,tf32,warm,64,8192,8192,0,272629760,8589934592,272629760,1,200,0.0816318392753601,0,1
gemm,tf32,warm,64,8192,8192,0,272629760,8589934592,272629760,2,200,0.0816129595041275,0,1
gemm,tf32,warm,64,8192,8192,0,272629760,8589934592,272629760,3,200,0.0815750434994698,0,1
gemm,tf32,warm,64,8192,8192,0,272629760,8589934592,272629760,4,200,0.0815830454230309,0,1
gemm,tf32,warm,64,8192,8192,0,272629760,8589934592,272629760,5,200,0.0816326439380646,0,1
gemm,tf32,warm,64,8192,8192,0,272629760,8589934592,272629760,6,200,0.0816182419657707,0,1
gemm,tf32,warm,128,8192,8192,0,276824064,17179869184,276824064,0,200,0.0734046399593353,0,1
gemm,tf32,warm,128,8192,8192,0,276824064,17179869184,276824064,1,200,0.0733743980526924,0,1
gemm,tf32,warm,128,8192,8192,0,276824064,17179869184,276824064,2,200,0.0735512003302574,0,1
gemm,tf32,warm,128,8192,8192,0,276824064,17179869184,276824064,3,200,0.07386863976717,0,1
gemm,tf32,warm,128,8192,8192,0,276824064,17179869184,276824064,4,200,0.0739934369921684,0,1
gemm,tf32,warm,128,8192,8192,0,276824064,17179869184,276824064,5,200,0.0740934386849403,0,1
gemm,tf32,warm,128,8192,8192,0,276824064,17179869184,276824064,6,200,0.0741860792040825,0,1
gemm,tf32,warm,256,8192,8192,0,285212672,34359738368,285212672,0,173,0.105088368058205,0,1
gemm,tf32,warm,256,8192,8192,0,285212672,34359738368,285212672,1,173,0.104988299310207,0,1
gemm,tf32,warm,256,8192,8192,0,285212672,34359738368,285212672,2,173,0.108636669814587,0,1
gemm,tf32,warm,256,8192,8192,0,285212672,34359738368,285212672,3,173,0.109733000397682,0,1
gemm,tf32,warm,256,8192,8192,0,285212672,34359738368,285212672,4,173,0.110004156827927,0,1
gemm,tf32,warm,256,8192,8192,0,285212672,34359738368,285212672,5,173,0.110627882182598,0,1
gemm,tf32,warm,256,8192,8192,0,285212672,34359738368,285212672,6,173,0.110636211931705,0,1
gemm,tf32,warm,512,8192,8192,0,301989888,68719476736,301989888,0,105,0.171666592359543,0,1
gemm,tf32,warm,512,8192,8192,0,301989888,68719476736,301989888,1,105,0.16966886818409,0,1
gemm,tf32,warm,512,8192,8192,0,301989888,68719476736,301989888,2,105,0.171518474817276,0,1
gemm,tf32,warm,512,8192,8192,0,301989888,68719476736,301989888,3,105,0.172961831092834,0,1
gemm,tf32,warm,512,8192,8192,0,301989888,68719476736,301989888,4,105,0.172983467578888,0,1
gemm,tf32,warm,512,8192,8192,0,301989888,68719476736,301989888,5,105,0.173332720994949,0,1
gemm,tf32,warm,512,8192,8192,0,301989888,68719476736,301989888,6,105,0.17449326813221,0,1
gemm,tf32,warm,1024,8192,8192,0,335544320,137438953472,335544320,0,56,0.337732017040253,0,1
gemm,tf32,warm,1024,8192,8192,0,335544320,137438953472,335544320,1,56,0.330810278654099,0,1
gemm,tf32,warm,1024,8192,8192,0,335544320,137438953472,335544320,2,56,0.333153158426285,0,1
gemm,tf32,warm,1024,8192,8192,0,335544320,137438953472,335544320,3,56,0.333233743906021,0,1
gemm,tf32,warm,1024,8192,8192,0,335544320,137438953472,335544320,4,56,0.333372563123703,0,1
gemm,tf32,warm,1024,8192,8192,0,335544320,137438953472,335544320,5,56,0.335763990879059,0,1
gemm,tf32,warm,1024,8192,8192,0,335544320,137438953472,335544320,6,56,0.335790872573853,0,1
gemm,tf32,warm,2048,8192,8192,0,402653184,274877906944,402653184,0,29,0.666489362716675,0,1
gemm,tf32,warm,2048,8192,8192,0,402653184,274877906944,402653184,1,29,0.661537110805511,0,1
gemm,tf32,warm,2048,8192,8192,0,402653184,274877906944,402653184,2,29,0.679899632930756,0,1
gemm,tf32,warm,2048,8192,8192,0,402653184,274877906944,402653184,3,29,0.688024282455444,0,1
gemm,tf32,warm,2048,8192,8192,0,402653184,274877906944,402653184,4,29,0.702367961406708,0,1
gemm,tf32,warm,2048,8192,8192,0,402653184,274877906944,402653184,5,29,0.702382326126099,0,1
gemm,tf32,warm,2048,8192,8192,0,402653184,274877906944,402653184,6,29,0.705796420574188,0,1
