family,dtype,cache,m,n,k,reps,bytes,flops,footprint_bytes,sample,loops,ms,error,valid
copy,fp32,warm,0,1024,0,0,8192,0,8192,0,200,0.00187536003068089,0,1
copy,fp32,warm,0,1024,0,0,8192,0,8192,1,200,0.00186031998600811,0,1
copy,fp32,warm,0,1024,0,0,8192,0,8192,2,200,0.00187408004421741,0,1
copy,fp32,warm,0,1024,0,0,8192,0,8192,3,200,0.00187151995487511,0,1
copy,fp32,warm,0,1024,0,0,8192,0,8192,4,200,0.00188687990885228,0,1
copy,fp32,warm,0,1024,0,0,8192,0,8192,5,200,0.00187376001849771,0,1
copy,fp32,warm,0,1024,0,0,8192,0,8192,6,200,0.00187263998668641,0,1
add,fp32,warm,0,1024,0,0,12288,1024,12288,0,200,0.00188544008415192,0,1
add,fp32,warm,0,1024,0,0,12288,1024,12288,1,200,0.00189712003339082,0,1
add,fp32,warm,0,1024,0,0,12288,1024,12288,2,200,0.00189968000631779,0,1
add,fp32,warm,0,1024,0,0,12288,1024,12288,3,200,0.00190191995352507,0,1
add,fp32,warm,0,1024,0,0,12288,1024,12288,4,200,0.00191871996503323,0,1
add,fp32,warm,0,1024,0,0,12288,1024,12288,5,200,0.00188048009295017,0,1
add,fp32,warm,0,1024,0,0,12288,1024,12288,6,200,0.00191871996503323,0,1
triad,fp32,warm,0,1024,0,0,12288,2048,12288,0,200,0.00189119996502995,0,1
triad,fp32,warm,0,1024,0,0,12288,2048,12288,1,200,0.0018872000509873,0,1
triad,fp32,warm,0,1024,0,0,12288,2048,12288,2,200,0.00188240001443774,0,1
triad,fp32,warm,0,1024,0,0,12288,2048,12288,3,200,0.00190143997315317,0,1
triad,fp32,warm,0,1024,0,0,12288,2048,12288,4,200,0.00189712003339082,0,1
triad,fp32,warm,0,1024,0,0,12288,2048,12288,5,200,0.0018988800002262,0,1
triad,fp32,warm,0,1024,0,0,12288,2048,12288,6,200,0.00189024000428617,0,1
copy,fp32,warm,0,16384,0,0,131072,0,131072,0,200,0.00201775995083153,0,1
copy,fp32,warm,0,16384,0,0,131072,0,131072,1,200,0.00201455992646515,0,1
copy,fp32,warm,0,16384,0,0,131072,0,131072,2,200,0.00202800007537007,0,1
copy,fp32,warm,0,16384,0,0,131072,0,131072,3,200,0.00202511996030807,0,1
copy,fp32,warm,0,16384,0,0,131072,0,131072,4,200,0.00202080002054572,0,1
copy,fp32,warm,0,16384,0,0,131072,0,131072,5,200,0.00201039994135499,0,1
copy,fp32,warm,0,16384,0,0,131072,0,131072,6,200,0.0020137601532042,0,1
add,fp32,warm,0,16384,0,0,196608,16384,196608,0,200,0.00200623995624483,0,1
add,fp32,warm,0,16384,0,0,196608,16384,196608,1,200,0.0020211199298501,0,1
add,fp32,warm,0,16384,0,0,196608,16384,196608,2,200,0.00200159987434745,0,1
add,fp32,warm,0,16384,0,0,196608,16384,196608,3,200,0.00201935996301472,0,1
add,fp32,warm,0,16384,0,0,196608,16384,196608,4,200,0.00201584002934396,0,1
add,fp32,warm,0,16384,0,0,196608,16384,196608,5,200,0.00201872014440596,0,1
add,fp32,warm,0,16384,0,0,196608,16384,196608,6,200,0.00218943995423615,0,1
triad,fp32,warm,0,16384,0,0,196608,32768,196608,0,200,0.00201344001106918,0,1
triad,fp32,warm,0,16384,0,0,196608,32768,196608,1,200,0.00202447990886867,0,1
triad,fp32,warm,0,16384,0,0,196608,32768,196608,2,200,0.00201759999617934,0,1
triad,fp32,warm,0,16384,0,0,196608,32768,196608,3,200,0.00200112001039088,0,1
triad,fp32,warm,0,16384,0,0,196608,32768,196608,4,200,0.0020123200956732,0,1
triad,fp32,warm,0,16384,0,0,196608,32768,196608,5,200,0.00200863997451961,0,1
triad,fp32,warm,0,16384,0,0,196608,32768,196608,6,200,0.00202207989059389,0,1
copy,fp32,warm,0,262144,0,0,2097152,0,2097152,0,200,0.00258303992450237,0,1
copy,fp32,warm,0,262144,0,0,2097152,0,2097152,1,200,0.00259263999760151,0,1
copy,fp32,warm,0,262144,0,0,2097152,0,2097152,2,200,0.00258848001249135,0,1
copy,fp32,warm,0,262144,0,0,2097152,0,2097152,3,200,0.00258176005445421,0,1
copy,fp32,warm,0,262144,0,0,2097152,0,2097152,4,200,0.00259072007611394,0,1
copy,fp32,warm,0,262144,0,0,2097152,0,2097152,5,200,0.00260448013432324,0,1
copy,fp32,warm,0,262144,0,0,2097152,0,2097152,6,200,0.00260431994684041,0,1
add,fp32,warm,0,262144,0,0,3145728,262144,3145728,0,200,0.00270384014584124,0,1
add,fp32,warm,0,262144,0,0,3145728,262144,3145728,1,200,0.00270767975598574,0,1
add,fp32,warm,0,262144,0,0,3145728,262144,3145728,2,200,0.00270336004905403,0,1
add,fp32,warm,0,262144,0,0,3145728,262144,3145728,3,200,0.00270080007612705,0,1
add,fp32,warm,0,262144,0,0,3145728,262144,3145728,4,200,0.00271568004973233,0,1
add,fp32,warm,0,262144,0,0,3145728,262144,3145728,5,200,0.002701599849388,0,1
add,fp32,warm,0,262144,0,0,3145728,262144,3145728,6,200,0.00271151983179152,0,1
triad,fp32,warm,0,262144,0,0,3145728,524288,3145728,0,200,0.00269567989744246,0,1
triad,fp32,warm,0,262144,0,0,3145728,524288,3145728,1,200,0.00271488004364073,0,1
triad,fp32,warm,0,262144,0,0,3145728,524288,3145728,2,200,0.00271151983179152,0,1
triad,fp32,warm,0,262144,0,0,3145728,524288,3145728,3,200,0.00269632018171251,0,1
triad,fp32,warm,0,262144,0,0,3145728,524288,3145728,4,200,0.00270847999490798,0,1
triad,fp32,warm,0,262144,0,0,3145728,524288,3145728,5,200,0.0027167999651283,0,1
triad,fp32,warm,0,262144,0,0,3145728,524288,3145728,6,200,0.002703039906919,0,1
copy,fp32,warm,0,1048576,0,0,8388608,0,8388608,0,200,0.00448128022253513,0,1
copy,fp32,warm,0,1048576,0,0,8388608,0,8388608,1,200,0.00449247984215617,0,1
copy,fp32,warm,0,1048576,0,0,8388608,0,8388608,2,200,0.00447983993217349,0,1
copy,fp32,warm,0,1048576,0,0,8388608,0,8388608,3,200,0.00448623998090625,0,1
copy,fp32,warm,0,1048576,0,0,8388608,0,8388608,4,200,0.00448095984756947,0,1
copy,fp32,warm,0,1048576,0,0,8388608,0,8388608,5,200,0.00449295993894339,0,1
copy,fp32,warm,0,1048576,0,0,8388608,0,8388608,6,200,0.00448095984756947,0,1
add,fp32,warm,0,1048576,0,0,12582912,1048576,12582912,0,200,0.00460368022322655,0,1
add,fp32,warm,0,1048576,0,0,12582912,1048576,12582912,1,200,0.00460032001137733,0,1
add,fp32,warm,0,1048576,0,0,12582912,1048576,12582912,2,200,0.00459935981780291,0,1
add,fp32,warm,0,1048576,0,0,12582912,1048576,12582912,3,200,0.00459503987804055,0,1
add,fp32,warm,0,1048576,0,0,12582912,1048576,12582912,4,200,0.00460016028955579,0,1
add,fp32,warm,0,1048576,0,0,12582912,1048576,12582912,5,200,0.00459903990849853,0,1
add,fp32,warm,0,1048576,0,0,12582912,1048576,12582912,6,200,0.00460415985435247,0,1
triad,fp32,warm,0,1048576,0,0,12582912,2097152,12582912,0,200,0.00459248013794422,0,1
triad,fp32,warm,0,1048576,0,0,12582912,2097152,12582912,1,200,0.00459600007161498,0,1
triad,fp32,warm,0,1048576,0,0,12582912,2097152,12582912,2,200,0.0045862402766943,0,1
triad,fp32,warm,0,1048576,0,0,12582912,2097152,12582912,3,200,0.00458431988954544,0,1
triad,fp32,warm,0,1048576,0,0,12582912,2097152,12582912,4,200,0.0045980797149241,0,1
triad,fp32,warm,0,1048576,0,0,12582912,2097152,12582912,5,200,0.0045899199321866,0,1
triad,fp32,warm,0,1048576,0,0,12582912,2097152,12582912,6,200,0.00459471996873617,0,1
copy,fp32,warm,0,4194304,0,0,33554432,0,33554432,0,200,0.0122171202674508,0,1
copy,fp32,warm,0,4194304,0,0,33554432,0,33554432,1,200,0.0122188795357943,0,1
copy,fp32,warm,0,4194304,0,0,33554432,0,33554432,2,200,0.0122182406485081,0,1
copy,fp32,warm,0,4194304,0,0,33554432,0,33554432,3,200,0.0122358407825232,0,1
copy,fp32,warm,0,4194304,0,0,33554432,0,33554432,4,200,0.0122516797855496,0,1
copy,fp32,warm,0,4194304,0,0,33554432,0,33554432,5,200,0.0122081600129604,0,1
copy,fp32,warm,0,4194304,0,0,33554432,0,33554432,6,200,0.0122236795723438,0,1
add,fp32,warm,0,4194304,0,0,50331648,4194304,50331648,0,200,0.0161023996770382,0,1
add,fp32,warm,0,4194304,0,0,50331648,4194304,50331648,1,200,0.016089441254735,0,1
add,fp32,warm,0,4194304,0,0,50331648,4194304,50331648,2,200,0.016102559864521,0,1
add,fp32,warm,0,4194304,0,0,50331648,4194304,50331648,3,200,0.0161022394895554,0,1
add,fp32,warm,0,4194304,0,0,50331648,4194304,50331648,4,200,0.0161160007119179,0,1
add,fp32,warm,0,4194304,0,0,50331648,4194304,50331648,5,200,0.0160891190171242,0,1
add,fp32,warm,0,4194304,0,0,50331648,4194304,50331648,6,200,0.0160756800323725,0,1
triad,fp32,warm,0,4194304,0,0,50331648,8388608,50331648,0,200,0.0160644799470901,0,1
triad,fp32,warm,0,4194304,0,0,50331648,8388608,50331648,1,200,0.0160849597305059,0,1
triad,fp32,warm,0,4194304,0,0,50331648,8388608,50331648,2,200,0.0160654410719872,0,1
triad,fp32,warm,0,4194304,0,0,50331648,8388608,50331648,3,200,0.0160639993846416,0,1
triad,fp32,warm,0,4194304,0,0,50331648,8388608,50331648,4,200,0.0160726401954889,0,1
triad,fp32,warm,0,4194304,0,0,50331648,8388608,50331648,5,200,0.01607695966959,0,1
triad,fp32,warm,0,4194304,0,0,50331648,8388608,50331648,6,200,0.0160564798861742,0,1
copy,fp32,warm,0,16777216,0,0,134217728,0,134217728,0,200,0.0517700798809528,0,1
copy,fp32,warm,0,16777216,0,0,134217728,0,134217728,1,200,0.051759198307991,0,1
copy,fp32,warm,0,16777216,0,0,134217728,0,134217728,2,200,0.0517449602484703,0,1
copy,fp32,warm,0,16777216,0,0,134217728,0,134217728,3,200,0.0517521612346172,0,1
copy,fp32,warm,0,16777216,0,0,134217728,0,134217728,4,200,0.0517604798078537,0,1
copy,fp32,warm,0,16777216,0,0,134217728,0,134217728,5,200,0.051760159432888,0,1
copy,fp32,warm,0,16777216,0,0,134217728,0,134217728,6,200,0.0517411194741726,0,1
add,fp32,warm,0,16777216,0,0,201326592,16777216,201326592,0,200,0.0600967966020107,0,1
add,fp32,warm,0,16777216,0,0,201326592,16777216,201326592,1,200,0.0600934401154518,0,1
add,fp32,warm,0,16777216,0,0,201326592,16777216,201326592,2,200,0.0600822418928146,0,1
add,fp32,warm,0,16777216,0,0,201326592,16777216,201326592,3,200,0.0600935965776443,0,1
add,fp32,warm,0,16777216,0,0,201326592,16777216,201326592,4,200,0.0600931197404861,0,1
add,fp32,warm,0,16777216,0,0,201326592,16777216,201326592,5,200,0.0600843206048012,0,1
add,fp32,warm,0,16777216,0,0,201326592,16777216,201326592,6,200,0.060109119862318,0,1
triad,fp32,warm,0,16777216,0,0,201326592,33554432,201326592,0,200,0.0600948818027973,0,1
triad,fp32,warm,0,16777216,0,0,201326592,33554432,201326592,1,200,0.0600998401641846,0,1
triad,fp32,warm,0,16777216,0,0,201326592,33554432,201326592,2,200,0.0600964799523354,0,1
triad,fp32,warm,0,16777216,0,0,201326592,33554432,201326592,3,200,0.0600996762514114,0,1
triad,fp32,warm,0,16777216,0,0,201326592,33554432,201326592,4,200,0.0600846372544765,0,1
triad,fp32,warm,0,16777216,0,0,201326592,33554432,201326592,5,200,0.0601023994386196,0,1
triad,fp32,warm,0,16777216,0,0,201326592,33554432,201326592,6,200,0.0600691214203835,0,1
copy,fp32,warm,0,67108864,0,0,536870912,0,536870912,0,116,0.168280273675919,0,1
copy,fp32,warm,0,67108864,0,0,536870912,0,536870912,1,116,0.16827392578125,0,1
copy,fp32,warm,0,67108864,0,0,536870912,0,536870912,2,116,0.168269246816635,0,1
copy,fp32,warm,0,67108864,0,0,536870912,0,536870912,3,116,0.168295443058014,0,1
copy,fp32,warm,0,67108864,0,0,536870912,0,536870912,4,116,0.168270617723465,0,1
copy,fp32,warm,0,67108864,0,0,536870912,0,536870912,5,116,0.168286070227623,0,1
copy,fp32,warm,0,67108864,0,0,536870912,0,536870912,6,116,0.168299034237862,0,1
add,fp32,warm,0,67108864,0,0,805306368,67108864,805306368,0,92,0.21563895046711,0,1
add,fp32,warm,0,67108864,0,0,805306368,67108864,805306368,1,92,0.215599313378334,0,1
add,fp32,warm,0,67108864,0,0,805306368,67108864,805306368,2,92,0.21556556224823,0,1
add,fp32,warm,0,67108864,0,0,805306368,67108864,805306368,3,92,0.215604871511459,0,1
add,fp32,warm,0,67108864,0,0,805306368,67108864,805306368,4,92,0.215647652745247,0,1
add,fp32,warm,0,67108864,0,0,805306368,67108864,805306368,5,92,0.215553745627403,0,1
add,fp32,warm,0,67108864,0,0,805306368,67108864,805306368,6,92,0.215580180287361,0,1
triad,fp32,warm,0,67108864,0,0,805306368,134217728,805306368,0,91,0.215692669153214,0,1
triad,fp32,warm,0,67108864,0,0,805306368,134217728,805306368,1,91,0.215689495205879,0,1
triad,fp32,warm,0,67108864,0,0,805306368,134217728,805306368,2,91,0.21562796831131,0,1
triad,fp32,warm,0,67108864,0,0,805306368,134217728,805306368,3,91,0.215695112943649,0,1
triad,fp32,warm,0,67108864,0,0,805306368,134217728,805306368,4,91,0.215647995471954,0,1
triad,fp32,warm,0,67108864,0,0,805306368,134217728,805306368,5,91,0.215676844120026,0,1
triad,fp32,warm,0,67108864,0,0,805306368,134217728,805306368,6,91,0.215647295117378,0,1
fma,fp32,streaming,0,67108864,0,1,536870912,134217728,536870912,0,151,0.130500867962837,0,1
fma,fp32,streaming,0,67108864,0,1,536870912,134217728,536870912,1,151,0.130475655198097,0,1
fma,fp32,streaming,0,67108864,0,1,536870912,134217728,536870912,2,151,0.130499169230461,0,1
fma,fp32,streaming,0,67108864,0,1,536870912,134217728,536870912,3,151,0.130529478192329,0,1
fma,fp32,streaming,0,67108864,0,1,536870912,134217728,536870912,4,151,0.130511254072189,0,1
fma,fp32,streaming,0,67108864,0,1,536870912,134217728,536870912,5,151,0.130511254072189,0,1
fma,fp32,streaming,0,67108864,0,1,536870912,134217728,536870912,6,151,0.130508929491043,0,1
fma,fp64,streaming,0,33554432,0,1,536870912,67108864,536870912,0,82,0.229917660355568,0,1
fma,fp64,streaming,0,33554432,0,1,536870912,67108864,536870912,1,82,0.22984467446804,0,1
fma,fp64,streaming,0,33554432,0,1,536870912,67108864,536870912,2,82,0.229903623461723,0,1
fma,fp64,streaming,0,33554432,0,1,536870912,67108864,536870912,3,82,0.229785367846489,0,1
fma,fp64,streaming,0,33554432,0,1,536870912,67108864,536870912,4,82,0.229793950915337,0,1
fma,fp64,streaming,0,33554432,0,1,536870912,67108864,536870912,5,82,0.229800596833229,0,1
fma,fp64,streaming,0,33554432,0,1,536870912,67108864,536870912,6,82,0.229864984750748,0,1
fma,fp32,streaming,0,67108864,0,2,536870912,268435456,536870912,0,152,0.13041852414608,0,1
fma,fp32,streaming,0,67108864,0,2,536870912,268435456,536870912,1,152,0.130444005131721,0,1
fma,fp32,streaming,0,67108864,0,2,536870912,268435456,536870912,2,152,0.130415573716164,0,1
fma,fp32,streaming,0,67108864,0,2,536870912,268435456,536870912,3,152,0.130407154560089,0,1
fma,fp32,streaming,0,67108864,0,2,536870912,268435456,536870912,4,152,0.130357891321182,0,1
fma,fp32,streaming,0,67108864,0,2,536870912,268435456,536870912,5,152,0.13041116297245,0,1
fma,fp32,streaming,0,67108864,0,2,536870912,268435456,536870912,6,152,0.130391582846642,0,1
fma,fp64,streaming,0,33554432,0,2,536870912,134217728,536870912,0,88,0.224462553858757,0,1
fma,fp64,streaming,0,33554432,0,2,536870912,134217728,536870912,1,88,0.224597826600075,0,1
fma,fp64,streaming,0,33554432,0,2,536870912,134217728,536870912,2,88,0.224458917975426,0,1
fma,fp64,streaming,0,33554432,0,2,536870912,134217728,536870912,3,88,0.224375262856483,0,1
fma,fp64,streaming,0,33554432,0,2,536870912,134217728,536870912,4,88,0.224500373005867,0,1
fma,fp64,streaming,0,33554432,0,2,536870912,134217728,536870912,5,88,0.224546536803246,0,1
fma,fp64,streaming,0,33554432,0,2,536870912,134217728,536870912,6,88,0.224536001682281,0,1
fma,fp32,streaming,0,67108864,0,4,536870912,536870912,536870912,0,150,0.13060075044632,0,1
fma,fp32,streaming,0,67108864,0,4,536870912,536870912,536870912,1,150,0.130482345819473,0,1
fma,fp32,streaming,0,67108864,0,4,536870912,536870912,536870912,2,150,0.130613759160042,0,1
fma,fp32,streaming,0,67108864,0,4,536870912,536870912,536870912,3,150,0.130504965782166,0,1
fma,fp32,streaming,0,67108864,0,4,536870912,536870912,536870912,4,150,0.130503684282303,0,1
fma,fp32,streaming,0,67108864,0,4,536870912,536870912,536870912,5,150,0.130570888519287,0,1
fma,fp32,streaming,0,67108864,0,4,536870912,536870912,536870912,6,150,0.130528420209885,0,1
fma,fp64,streaming,0,33554432,0,4,536870912,268435456,536870912,0,88,0.224765822291374,0,1
fma,fp64,streaming,0,33554432,0,4,536870912,268435456,536870912,1,88,0.224542185664177,0,1
fma,fp64,streaming,0,33554432,0,4,536870912,268435456,536870912,2,88,0.224382549524307,0,1
fma,fp64,streaming,0,33554432,0,4,536870912,268435456,536870912,3,88,0.224429085850716,0,1
fma,fp64,streaming,0,33554432,0,4,536870912,268435456,536870912,4,88,0.224466174840927,0,1
fma,fp64,streaming,0,33554432,0,4,536870912,268435456,536870912,5,88,0.224571645259857,0,1
fma,fp64,streaming,0,33554432,0,4,536870912,268435456,536870912,6,88,0.224711269140244,0,1
fma,fp32,streaming,0,67108864,0,8,536870912,1073741824,536870912,0,151,0.130789294838905,0,1
fma,fp32,streaming,0,67108864,0,8,536870912,1073741824,536870912,1,151,0.130847796797752,0,1
fma,fp32,streaming,0,67108864,0,8,536870912,1073741824,536870912,2,151,0.130802854895592,0,1
fma,fp32,streaming,0,67108864,0,8,536870912,1073741824,536870912,3,151,0.130774036049843,0,1
fma,fp32,streaming,0,67108864,0,8,536870912,1073741824,536870912,4,151,0.130878314375877,0,1
fma,fp32,streaming,0,67108864,0,8,536870912,1073741824,536870912,5,151,0.130822777748108,0,1
fma,fp32,streaming,0,67108864,0,8,536870912,1073741824,536870912,6,151,0.130744799971581,0,1
fma,fp64,streaming,0,33554432,0,8,536870912,536870912,536870912,0,88,0.224146902561188,0,1
fma,fp64,streaming,0,33554432,0,8,536870912,536870912,536870912,1,88,0.223907649517059,0,1
fma,fp64,streaming,0,33554432,0,8,536870912,536870912,536870912,2,88,0.224054560065269,0,1
fma,fp64,streaming,0,33554432,0,8,536870912,536870912,536870912,3,88,0.224117815494537,0,1
fma,fp64,streaming,0,33554432,0,8,536870912,536870912,536870912,4,88,0.223953813314438,0,1
fma,fp64,streaming,0,33554432,0,8,536870912,536870912,536870912,5,88,0.223870187997818,0,1
fma,fp64,streaming,0,33554432,0,8,536870912,536870912,536870912,6,88,0.223767623305321,0,1
fma,fp32,streaming,0,67108864,0,16,536870912,2147483648,536870912,0,149,0.131149962544441,0,1
fma,fp32,streaming,0,67108864,0,16,536870912,2147483648,536870912,1,149,0.131145238876343,0,1
fma,fp32,streaming,0,67108864,0,16,536870912,2147483648,536870912,2,149,0.131128057837486,0,1
fma,fp32,streaming,0,67108864,0,16,536870912,2147483648,536870912,3,149,0.131100997328758,0,1
fma,fp32,streaming,0,67108864,0,16,536870912,2147483648,536870912,4,149,0.131131708621979,0,1
fma,fp32,streaming,0,67108864,0,16,536870912,2147483648,536870912,5,149,0.131160259246826,0,1
fma,fp32,streaming,0,67108864,0,16,536870912,2147483648,536870912,6,149,0.131108939647675,0,1
fma,fp64,streaming,0,33554432,0,16,536870912,1073741824,536870912,0,88,0.222633108496666,0,1
fma,fp64,streaming,0,33554432,0,16,536870912,1073741824,536870912,1,88,0.222971260547638,0,1
fma,fp64,streaming,0,33554432,0,16,536870912,1073741824,536870912,2,88,0.222818180918694,0,1
fma,fp64,streaming,0,33554432,0,16,536870912,1073741824,536870912,3,88,0.223005816340446,0,1
fma,fp64,streaming,0,33554432,0,16,536870912,1073741824,536870912,4,88,0.22294582426548,0,1
fma,fp64,streaming,0,33554432,0,16,536870912,1073741824,536870912,5,88,0.222802549600601,0,1
fma,fp64,streaming,0,33554432,0,16,536870912,1073741824,536870912,6,88,0.222783997654915,0,1
fma,fp32,streaming,0,67108864,0,32,536870912,4294967296,536870912,0,145,0.134300023317337,0,1
fma,fp32,streaming,0,67108864,0,32,536870912,4294967296,536870912,1,145,0.134199395775795,0,1
fma,fp32,streaming,0,67108864,0,32,536870912,4294967296,536870912,2,145,0.134183719754219,0,1
fma,fp32,streaming,0,67108864,0,32,536870912,4294967296,536870912,3,145,0.134160771965981,0,1
fma,fp32,streaming,0,67108864,0,32,536870912,4294967296,536870912,4,145,0.134298712015152,0,1
fma,fp32,streaming,0,67108864,0,32,536870912,4294967296,536870912,5,145,0.134299591183662,0,1
fma,fp32,streaming,0,67108864,0,32,536870912,4294967296,536870912,6,145,0.13452160358429,0,1
fma,fp64,streaming,0,33554432,0,32,536870912,2147483648,536870912,0,93,0.211119145154953,0,1
fma,fp64,streaming,0,33554432,0,32,536870912,2147483648,536870912,1,93,0.211044818162918,0,1
fma,fp64,streaming,0,33554432,0,32,536870912,2147483648,536870912,2,93,0.211117073893547,0,1
fma,fp64,streaming,0,33554432,0,32,536870912,2147483648,536870912,3,93,0.210861414670944,0,1
fma,fp64,streaming,0,33554432,0,32,536870912,2147483648,536870912,4,93,0.210999399423599,0,1
fma,fp64,streaming,0,33554432,0,32,536870912,2147483648,536870912,5,93,0.211076468229294,0,1
fma,fp64,streaming,0,33554432,0,32,536870912,2147483648,536870912,6,93,0.210981518030167,0,1
fma,fp32,streaming,0,67108864,0,64,536870912,8589934592,536870912,0,110,0.176134705543518,0,1
fma,fp32,streaming,0,67108864,0,64,536870912,8589934592,536870912,1,110,0.175710543990135,0,1
fma,fp32,streaming,0,67108864,0,64,536870912,8589934592,536870912,2,110,0.175747781991959,0,1
fma,fp32,streaming,0,67108864,0,64,536870912,8589934592,536870912,3,110,0.175735861063004,0,1
fma,fp32,streaming,0,67108864,0,64,536870912,8589934592,536870912,4,110,0.175935998558998,0,1
fma,fp32,streaming,0,67108864,0,64,536870912,8589934592,536870912,5,110,0.176500350236893,0,1
fma,fp32,streaming,0,67108864,0,64,536870912,8589934592,536870912,6,110,0.176954478025436,0,1
fma,fp64,streaming,0,33554432,0,64,536870912,4294967296,536870912,0,130,0.14621490240097,0,1
fma,fp64,streaming,0,33554432,0,64,536870912,4294967296,536870912,1,130,0.150128498673439,0,1
fma,fp64,streaming,0,33554432,0,64,536870912,4294967296,536870912,2,130,0.154768988490105,0,1
fma,fp64,streaming,0,33554432,0,64,536870912,4294967296,536870912,3,130,0.157018333673477,0,1
fma,fp64,streaming,0,33554432,0,64,536870912,4294967296,536870912,4,130,0.157191142439842,0,1
fma,fp64,streaming,0,33554432,0,64,536870912,4294967296,536870912,5,130,0.157011941075325,0,1
fma,fp64,streaming,0,33554432,0,64,536870912,4294967296,536870912,6,130,0.157027199864388,0,1
fma,fp32,streaming,0,67108864,0,128,536870912,17179869184,536870912,0,58,0.33673819899559,0,1
fma,fp32,streaming,0,67108864,0,128,536870912,17179869184,536870912,1,58,0.321388155221939,0,1
fma,fp32,streaming,0,67108864,0,128,536870912,17179869184,536870912,2,58,0.314171582460403,0,1
fma,fp32,streaming,0,67108864,0,128,536870912,17179869184,536870912,3,58,0.313453257083893,0,1
fma,fp32,streaming,0,67108864,0,128,536870912,17179869184,536870912,4,58,0.310311198234558,0,1
fma,fp32,streaming,0,67108864,0,128,536870912,17179869184,536870912,5,58,0.309527724981308,0,1
fma,fp32,streaming,0,67108864,0,128,536870912,17179869184,536870912,6,58,0.309376001358032,0,1
fma,fp64,streaming,0,33554432,0,128,536870912,8589934592,536870912,0,70,0.275213718414307,0,1
fma,fp64,streaming,0,33554432,0,128,536870912,8589934592,536870912,1,70,0.275181710720062,0,1
fma,fp64,streaming,0,33554432,0,128,536870912,8589934592,536870912,2,70,0.275510877370834,0,1
fma,fp64,streaming,0,33554432,0,128,536870912,8589934592,536870912,3,70,0.275160223245621,0,1
fma,fp64,streaming,0,33554432,0,128,536870912,8589934592,536870912,4,70,0.275348126888275,0,1
fma,fp64,streaming,0,33554432,0,128,536870912,8589934592,536870912,5,70,0.275341719388962,0,1
fma,fp64,streaming,0,33554432,0,128,536870912,8589934592,536870912,6,70,0.275275409221649,0,1
fma,fp32,streaming,0,67108864,0,256,536870912,34359738368,536870912,0,33,0.584895074367523,0,1
fma,fp32,streaming,0,67108864,0,256,536870912,34359738368,536870912,1,33,0.583439528942108,0,1
fma,fp32,streaming,0,67108864,0,256,536870912,34359738368,536870912,2,33,0.583403587341309,0,1
fma,fp32,streaming,0,67108864,0,256,536870912,34359738368,536870912,3,33,0.583601474761963,0,1
fma,fp32,streaming,0,67108864,0,256,536870912,34359738368,536870912,4,33,0.581577718257904,0,1
fma,fp32,streaming,0,67108864,0,256,536870912,34359738368,536870912,5,33,0.578964352607727,0,1
fma,fp32,streaming,0,67108864,0,256,536870912,34359738368,536870912,6,33,0.578911066055298,0,1
fma,fp64,streaming,0,33554432,0,256,536870912,17179869184,536870912,0,37,0.533716797828674,0,1
fma,fp64,streaming,0,33554432,0,256,536870912,17179869184,536870912,1,37,0.533673524856567,0,1
fma,fp64,streaming,0,33554432,0,256,536870912,17179869184,536870912,2,37,0.533753037452698,0,1
fma,fp64,streaming,0,33554432,0,256,536870912,17179869184,536870912,3,37,0.533720195293427,0,1
fma,fp64,streaming,0,33554432,0,256,536870912,17179869184,536870912,4,37,0.533711552619934,0,1
fma,fp64,streaming,0,33554432,0,256,536870912,17179869184,536870912,5,37,0.533598244190216,0,1
fma,fp64,streaming,0,33554432,0,256,536870912,17179869184,536870912,6,37,0.533683896064758,0,1
fma,fp32,streaming,0,67108864,0,512,536870912,68719476736,536870912,0,17,1.12453830242157,0,1
fma,fp32,streaming,0,67108864,0,512,536870912,68719476736,536870912,1,17,1.12650918960571,0,1
fma,fp32,streaming,0,67108864,0,512,536870912,68719476736,536870912,2,17,1.1256959438324,0,1
fma,fp32,streaming,0,67108864,0,512,536870912,68719476736,536870912,3,17,1.12611949443817,0,1
fma,fp32,streaming,0,67108864,0,512,536870912,68719476736,536870912,4,17,1.12600839138031,0,1
fma,fp32,streaming,0,67108864,0,512,536870912,68719476736,536870912,5,17,1.12587106227875,0,1
fma,fp32,streaming,0,67108864,0,512,536870912,68719476736,536870912,6,17,1.12559998035431,0,1
fma,fp64,streaming,0,33554432,0,512,536870912,34359738368,536870912,0,18,1.05446219444275,0,1
fma,fp64,streaming,0,33554432,0,512,536870912,34359738368,536870912,1,18,1.05460798740387,0,1
fma,fp64,streaming,0,33554432,0,512,536870912,34359738368,536870912,2,18,1.05442309379578,0,1
fma,fp64,streaming,0,33554432,0,512,536870912,34359738368,536870912,3,18,1.05453336238861,0,1
fma,fp64,streaming,0,33554432,0,512,536870912,34359738368,536870912,4,18,1.05476975440979,0,1
fma,fp64,streaming,0,33554432,0,512,536870912,34359738368,536870912,5,18,1.05478048324585,0,1
fma,fp64,streaming,0,33554432,0,512,536870912,34359738368,536870912,6,18,1.05468094348907,0,1
fma,fp32,streaming,0,67108864,0,1024,536870912,137438953472,536870912,0,8,2.24617195129395,0,1
fma,fp32,streaming,0,67108864,0,1024,536870912,137438953472,536870912,1,8,2.2364399433136,0,1
fma,fp32,streaming,0,67108864,0,1024,536870912,137438953472,536870912,2,8,2.23470401763916,0,1
fma,fp32,streaming,0,67108864,0,1024,536870912,137438953472,536870912,3,8,2.2474639415741,0,1
fma,fp32,streaming,0,67108864,0,1024,536870912,137438953472,536870912,4,8,2.24735593795776,0,1
fma,fp32,streaming,0,67108864,0,1024,536870912,137438953472,536870912,5,8,2.24271202087402,0,1
fma,fp32,streaming,0,67108864,0,1024,536870912,137438953472,536870912,6,8,2.23427605628967,0,1
fma,fp64,streaming,0,33554432,0,1024,536870912,68719476736,536870912,0,9,2.09783840179443,0,1
fma,fp64,streaming,0,33554432,0,1024,536870912,68719476736,536870912,1,9,2.09798741340637,0,1
fma,fp64,streaming,0,33554432,0,1024,536870912,68719476736,536870912,2,9,2.09792017936707,0,1
fma,fp64,streaming,0,33554432,0,1024,536870912,68719476736,536870912,3,9,2.09763550758362,0,1
fma,fp64,streaming,0,33554432,0,1024,536870912,68719476736,536870912,4,9,2.09748268127441,0,1
fma,fp64,streaming,0,33554432,0,1024,536870912,68719476736,536870912,5,9,2.09761762619019,0,1
fma,fp64,streaming,0,33554432,0,1024,536870912,68719476736,536870912,6,9,2.09736895561218,0,1
fma,fp32,streaming,0,67108864,0,2048,536870912,274877906944,536870912,0,4,4.40046405792236,0,1
fma,fp32,streaming,0,67108864,0,2048,536870912,274877906944,536870912,1,4,4.40112018585205,0,1
fma,fp32,streaming,0,67108864,0,2048,536870912,274877906944,536870912,2,4,4.40083980560303,0,1
fma,fp32,streaming,0,67108864,0,2048,536870912,274877906944,536870912,3,4,4.40067195892334,0,1
fma,fp32,streaming,0,67108864,0,2048,536870912,274877906944,536870912,4,4,4.40059185028076,0,1
fma,fp32,streaming,0,67108864,0,2048,536870912,274877906944,536870912,5,4,4.40065622329712,0,1
fma,fp32,streaming,0,67108864,0,2048,536870912,274877906944,536870912,6,4,4.40100812911987,0,1
fma,fp64,streaming,0,33554432,0,2048,536870912,137438953472,536870912,0,4,4.18346405029297,0,1
fma,fp64,streaming,0,33554432,0,2048,536870912,137438953472,536870912,1,4,4.18325614929199,0,1
fma,fp64,streaming,0,33554432,0,2048,536870912,137438953472,536870912,2,4,4.1831841468811,0,1
fma,fp64,streaming,0,33554432,0,2048,536870912,137438953472,536870912,3,4,4.18306398391724,0,1
fma,fp64,streaming,0,33554432,0,2048,536870912,137438953472,536870912,4,4,4.18350410461426,0,1
fma,fp64,streaming,0,33554432,0,2048,536870912,137438953472,536870912,5,4,4.18349599838257,0,1
fma,fp64,streaming,0,33554432,0,2048,536870912,137438953472,536870912,6,4,4.18344783782959,0,1
gemm,fp32,warm,256,256,256,0,786432,33554432,786432,0,200,0.00845280010253191,0,1
gemm,fp32,warm,256,256,256,0,786432,33554432,786432,1,200,0.00830959994345903,0,1
gemm,fp32,warm,256,256,256,0,786432,33554432,786432,2,200,0.00831167958676815,0,1
gemm,fp32,warm,256,256,256,0,786432,33554432,786432,3,200,0.00835615955293179,0,1
gemm,fp32,warm,256,256,256,0,786432,33554432,786432,4,200,0.00831663981080055,0,1
gemm,fp32,warm,256,256,256,0,786432,33554432,786432,5,200,0.00832703988999128,0,1
gemm,fp32,warm,256,256,256,0,786432,33554432,786432,6,200,0.00823951978236437,0,1
gemm,fp32,cold,256,256,256,0,786432,33554432,786432,0,1,0.0168639998883009,0,1
gemm,fp32,cold,256,256,256,0,786432,33554432,786432,1,1,0.0166720002889633,0,1
gemm,fp32,cold,256,256,256,0,786432,33554432,786432,2,1,0.0157440006732941,0,1
gemm,fp32,cold,256,256,256,0,786432,33554432,786432,3,1,0.0176320001482964,0,1
gemm,fp32,cold,256,256,256,0,786432,33554432,786432,4,1,0.0167679991573095,0,1
gemm,fp32,cold,256,256,256,0,786432,33554432,786432,5,1,0.0172799993306398,0,1
gemm,fp32,cold,256,256,256,0,786432,33554432,786432,6,1,0.0166720002889633,0,1
gemm,fp32,warm,512,512,512,0,3145728,268435456,3145728,0,200,0.0146345607936382,0,1
gemm,fp32,warm,512,512,512,0,3145728,268435456,3145728,1,200,0.0146116800606251,0,1
gemm,fp32,warm,512,512,512,0,3145728,268435456,3145728,2,200,0.0146009596064687,0,1
gemm,fp32,warm,512,512,512,0,3145728,268435456,3145728,3,200,0.0146052800118923,0,1
gemm,fp32,warm,512,512,512,0,3145728,268435456,3145728,4,200,0.014615680091083,0,1
gemm,fp32,warm,512,512,512,0,3145728,268435456,3145728,5,200,0.0146204801276326,0,1
gemm,fp32,warm,512,512,512,0,3145728,268435456,3145728,6,200,0.0145841594785452,0,1
gemm,fp32,cold,512,512,512,0,3145728,268435456,3145728,0,1,0.0220160000026226,0,1
gemm,fp32,cold,512,512,512,0,3145728,268435456,3145728,1,1,0.0229119993746281,0,1
gemm,fp32,cold,512,512,512,0,3145728,268435456,3145728,2,1,0.0228160005062819,0,1
gemm,fp32,cold,512,512,512,0,3145728,268435456,3145728,3,1,0.0226559992879629,0,1
gemm,fp32,cold,512,512,512,0,3145728,268435456,3145728,4,1,0.0226240009069443,0,1
gemm,fp32,cold,512,512,512,0,3145728,268435456,3145728,5,1,0.0220480002462864,0,1
gemm,fp32,cold,512,512,512,0,3145728,268435456,3145728,6,1,0.0227840002626181,0,1
gemm,fp32,warm,1024,1024,1024,0,12582912,2147483648,12582912,0,200,0.0561177581548691,0,1
gemm,fp32,warm,1024,1024,1024,0,12582912,2147483648,12582912,1,200,0.056404959410429,0,1
gemm,fp32,warm,1024,1024,1024,0,12582912,2147483648,12582912,2,200,0.0562094412744045,0,1
gemm,fp32,warm,1024,1024,1024,0,12582912,2147483648,12582912,3,200,0.0561137571930885,0,1
gemm,fp32,warm,1024,1024,1024,0,12582912,2147483648,12582912,4,200,0.0561134368181229,0,1
gemm,fp32,warm,1024,1024,1024,0,12582912,2147483648,12582912,5,200,0.0560868792235851,0,1
gemm,fp32,warm,1024,1024,1024,0,12582912,2147483648,12582912,6,200,0.0561006404459476,0,1
gemm,fp32,cold,1024,1024,1024,0,12582912,2147483648,12582912,0,1,0.0692799985408783,0,1
gemm,fp32,cold,1024,1024,1024,0,12582912,2147483648,12582912,1,1,0.06963200122118,0,1
gemm,fp32,cold,1024,1024,1024,0,12582912,2147483648,12582912,2,1,0.0675840005278587,0,1
gemm,fp32,cold,1024,1024,1024,0,12582912,2147483648,12582912,3,1,0.0679040029644966,0,1
gemm,fp32,cold,1024,1024,1024,0,12582912,2147483648,12582912,4,1,0.0668480023741722,0,1
gemm,fp32,cold,1024,1024,1024,0,12582912,2147483648,12582912,5,1,0.069023996591568,0,1
gemm,fp32,cold,1024,1024,1024,0,12582912,2147483648,12582912,6,1,0.0673279985785484,0,1
gemm,fp32,warm,2048,2048,2048,0,50331648,17179869184,50331648,0,57,0.340373337268829,0,1
gemm,fp32,warm,2048,2048,2048,0,50331648,17179869184,50331648,1,57,0.340635508298874,0,1
gemm,fp32,warm,2048,2048,2048,0,50331648,17179869184,50331648,2,57,0.341729670763016,0,1
gemm,fp32,warm,2048,2048,2048,0,50331648,17179869184,50331648,3,57,0.340456992387772,0,1
gemm,fp32,warm,2048,2048,2048,0,50331648,17179869184,50331648,4,57,0.34048056602478,0,1
gemm,fp32,warm,2048,2048,2048,0,50331648,17179869184,50331648,5,57,0.340524345636368,0,1
gemm,fp32,warm,2048,2048,2048,0,50331648,17179869184,50331648,6,57,0.340468764305115,0,1
gemm,fp32,cold,2048,2048,2048,0,50331648,17179869184,50331648,0,1,0.348479986190796,0,1
gemm,fp32,cold,2048,2048,2048,0,50331648,17179869184,50331648,1,1,0.345183998346329,0,1
gemm,fp32,cold,2048,2048,2048,0,50331648,17179869184,50331648,2,1,0.345023989677429,0,1
gemm,fp32,cold,2048,2048,2048,0,50331648,17179869184,50331648,3,1,0.345311999320984,0,1
gemm,fp32,cold,2048,2048,2048,0,50331648,17179869184,50331648,4,1,0.347039997577667,0,1
gemm,fp32,cold,2048,2048,2048,0,50331648,17179869184,50331648,5,1,0.346080005168915,0,1
gemm,fp32,cold,2048,2048,2048,0,50331648,17179869184,50331648,6,1,0.344639986753464,0,1
gemm,fp32,warm,4096,4096,4096,0,201326592,137438953472,201326592,0,7,2.66370272636414,0,1
gemm,fp32,warm,4096,4096,4096,0,201326592,137438953472,201326592,1,7,2.6651611328125,0,1
gemm,fp32,warm,4096,4096,4096,0,201326592,137438953472,201326592,2,7,2.6638081073761,0,1
gemm,fp32,warm,4096,4096,4096,0,201326592,137438953472,201326592,3,7,2.66534399986267,0,1
gemm,fp32,warm,4096,4096,4096,0,201326592,137438953472,201326592,4,7,2.66676568984985,0,1
gemm,fp32,warm,4096,4096,4096,0,201326592,137438953472,201326592,5,7,2.66669702529907,0,1
gemm,fp32,warm,4096,4096,4096,0,201326592,137438953472,201326592,6,7,2.66831994056702,0,1
gemm,fp32,warm,8192,8192,8192,0,805306368,1099511627776,805306368,0,1,21.3665599822998,0,1
gemm,fp32,warm,8192,8192,8192,0,805306368,1099511627776,805306368,1,1,21.3890247344971,0,1
gemm,fp32,warm,8192,8192,8192,0,805306368,1099511627776,805306368,2,1,21.3899517059326,0,1
gemm,fp32,warm,8192,8192,8192,0,805306368,1099511627776,805306368,3,1,21.3835830688477,0,1
gemm,fp32,warm,8192,8192,8192,0,805306368,1099511627776,805306368,4,1,21.3715190887451,0,1
gemm,fp32,warm,8192,8192,8192,0,805306368,1099511627776,805306368,5,1,21.378719329834,0,1
gemm,fp32,warm,8192,8192,8192,0,805306368,1099511627776,805306368,6,1,21.3664951324463,0,1
gemm,fp32,warm,1,8192,8192,0,268500992,134217728,268500992,0,200,0.0662958398461342,0,1
gemm,fp32,warm,1,8192,8192,0,268500992,134217728,268500992,1,200,0.0661552026867867,0,1
gemm,fp32,warm,1,8192,8192,0,268500992,134217728,268500992,2,200,0.0661651194095612,0,1
gemm,fp32,warm,1,8192,8192,0,268500992,134217728,268500992,3,200,0.0662247985601425,0,1
gemm,fp32,warm,1,8192,8192,0,268500992,134217728,268500992,4,200,0.0661409646272659,0,1
gemm,fp32,warm,1,8192,8192,0,268500992,134217728,268500992,5,200,0.0660879984498024,0,1
gemm,fp32,warm,1,8192,8192,0,268500992,134217728,268500992,6,200,0.0661734417080879,0,1
gemm,fp32,warm,2,8192,8192,0,268566528,268435456,268566528,0,76,0.255119144916534,0,1
gemm,fp32,warm,2,8192,8192,0,268566528,268435456,268566528,1,76,0.255273699760437,0,1
gemm,fp32,warm,2,8192,8192,0,268566528,268435456,268566528,2,76,0.254967987537384,0,1
gemm,fp32,warm,2,8192,8192,0,268566528,268435456,268566528,3,76,0.254650503396988,0,1
gemm,fp32,warm,2,8192,8192,0,268566528,268435456,268566528,4,76,0.254637032747269,0,1
gemm,fp32,warm,2,8192,8192,0,268566528,268435456,268566528,5,76,0.254668623209,0,1
gemm,fp32,warm,2,8192,8192,0,268566528,268435456,268566528,6,76,0.254782736301422,0,1
gemm,fp32,warm,4,8192,8192,0,268697600,536870912,268697600,0,134,0.141860067844391,0,1
gemm,fp32,warm,4,8192,8192,0,268697600,536870912,268697600,1,134,0.142057314515114,0,1
gemm,fp32,warm,4,8192,8192,0,268697600,536870912,268697600,2,134,0.141901135444641,0,1
gemm,fp32,warm,4,8192,8192,0,268697600,536870912,268697600,3,134,0.141993075609207,0,1
gemm,fp32,warm,4,8192,8192,0,268697600,536870912,268697600,4,134,0.141908064484596,0,1
gemm,fp32,warm,4,8192,8192,0,268697600,536870912,268697600,5,134,0.141932904720306,0,1
gemm,fp32,warm,4,8192,8192,0,268697600,536870912,268697600,6,134,0.141763344407082,0,1
gemm,fp32,warm,8,8192,8192,0,268959744,1073741824,268959744,0,129,0.138853713870049,0,1
gemm,fp32,warm,8,8192,8192,0,268959744,1073741824,268959744,1,129,0.138945981860161,0,1
gemm,fp32,warm,8,8192,8192,0,268959744,1073741824,268959744,2,129,0.13890752196312,0,1
gemm,fp32,warm,8,8192,8192,0,268959744,1073741824,268959744,3,129,0.13879269361496,0,1
gemm,fp32,warm,8,8192,8192,0,268959744,1073741824,268959744,4,129,0.138913735747337,0,1
gemm,fp32,warm,8,8192,8192,0,268959744,1073741824,268959744,5,129,0.138831868767738,0,1
gemm,fp32,warm,8,8192,8192,0,268959744,1073741824,268959744,6,129,0.138808310031891,0,1
gemm,fp32,warm,16,8192,8192,0,269484032,2147483648,269484032,0,132,0.139511272311211,0,1
gemm,fp32,warm,16,8192,8192,0,269484032,2147483648,269484032,1,132,0.139596849679947,0,1
gemm,fp32,warm,16,8192,8192,0,269484032,2147483648,269484032,2,132,0.139752969145775,0,1
gemm,fp32,warm,16,8192,8192,0,269484032,2147483648,269484032,3,132,0.13976776599884,0,1
gemm,fp32,warm,16,8192,8192,0,269484032,2147483648,269484032,4,132,0.139696970582008,0,1
gemm,fp32,warm,16,8192,8192,0,269484032,2147483648,269484032,5,132,0.13975927233696,0,1
gemm,fp32,warm,16,8192,8192,0,269484032,2147483648,269484032,6,132,0.139862298965454,0,1
gemm,fp32,warm,32,8192,8192,0,270532608,4294967296,270532608,0,129,0.141089975833893,0,1
gemm,fp32,warm,32,8192,8192,0,270532608,4294967296,270532608,1,129,0.141228660941124,0,1
gemm,fp32,warm,32,8192,8192,0,270532608,4294967296,270532608,2,129,0.14098060131073,0,1
gemm,fp32,warm,32,8192,8192,0,270532608,4294967296,270532608,3,129,0.141014829277992,0,1
gemm,fp32,warm,32,8192,8192,0,270532608,4294967296,270532608,4,129,0.141006141901016,0,1
gemm,fp32,warm,32,8192,8192,0,270532608,4294967296,270532608,5,129,0.141165882349014,0,1
gemm,fp32,warm,32,8192,8192,0,270532608,4294967296,270532608,6,129,0.14123560488224,0,1
gemm,fp32,warm,64,8192,8192,0,272629760,8589934592,272629760,0,93,0.200112521648407,0,1
gemm,fp32,warm,64,8192,8192,0,272629760,8589934592,272629760,1,93,0.199689984321594,0,1
gemm,fp32,warm,64,8192,8192,0,272629760,8589934592,272629760,2,93,0.199627012014389,0,1
gemm,fp32,warm,64,8192,8192,0,272629760,8589934592,272629760,3,93,0.199522763490677,0,1
gemm,fp32,warm,64,8192,8192,0,272629760,8589934592,272629760,4,93,0.199831753969193,0,1
gemm,fp32,warm,64,8192,8192,0,272629760,8589934592,272629760,5,93,0.199793204665184,0,1
gemm,fp32,warm,64,8192,8192,0,272629760,8589934592,272629760,6,93,0.199730917811394,0,1
gemm,fp32,warm,128,8192,8192,0,276824064,17179869184,276824064,0,56,0.341141700744629,0,1
gemm,fp32,warm,128,8192,8192,0,276824064,17179869184,276824064,1,56,0.341240584850311,0,1
gemm,fp32,warm,128,8192,8192,0,276824064,17179869184,276824064,2,56,0.340846836566925,0,1
gemm,fp32,warm,128,8192,8192,0,276824064,17179869184,276824064,3,56,0.340938299894333,0,1
gemm,fp32,warm,128,8192,8192,0,276824064,17179869184,276824064,4,56,0.340817153453827,0,1
gemm,fp32,warm,128,8192,8192,0,276824064,17179869184,276824064,5,56,0.340712010860443,0,1
gemm,fp32,warm,128,8192,8192,0,276824064,17179869184,276824064,6,56,0.340820580720901,0,1
gemm,fp32,warm,256,8192,8192,0,285212672,34359738368,285212672,0,27,0.720028400421143,0,1
gemm,fp32,warm,256,8192,8192,0,285212672,34359738368,285212672,1,27,0.720280885696411,0,1
gemm,fp32,warm,256,8192,8192,0,285212672,34359738368,285212672,2,27,0.720498979091644,0,1
gemm,fp32,warm,256,8192,8192,0,285212672,34359738368,285212672,3,27,0.71999055147171,0,1
gemm,fp32,warm,256,8192,8192,0,285212672,34359738368,285212672,4,27,0.720016598701477,0,1
gemm,fp32,warm,256,8192,8192,0,285212672,34359738368,285212672,5,27,0.720735967159271,0,1
gemm,fp32,warm,256,8192,8192,0,285212672,34359738368,285212672,6,27,0.720930397510529,0,1
gemm,fp32,warm,512,8192,8192,0,301989888,68719476736,301989888,0,14,1.36512684822083,0,1
gemm,fp32,warm,512,8192,8192,0,301989888,68719476736,301989888,1,14,1.36492121219635,0,1
gemm,fp32,warm,512,8192,8192,0,301989888,68719476736,301989888,2,14,1.36259877681732,0,1
gemm,fp32,warm,512,8192,8192,0,301989888,68719476736,301989888,3,14,1.36173713207245,0,1
gemm,fp32,warm,512,8192,8192,0,301989888,68719476736,301989888,4,14,1.36151993274689,0,1
gemm,fp32,warm,512,8192,8192,0,301989888,68719476736,301989888,5,14,1.36113142967224,0,1
gemm,fp32,warm,512,8192,8192,0,301989888,68719476736,301989888,6,14,1.36146521568298,0,1
gemm,fp32,warm,1024,8192,8192,0,335544320,137438953472,335544320,0,7,2.6924250125885,0,1
gemm,fp32,warm,1024,8192,8192,0,335544320,137438953472,335544320,1,7,2.6936092376709,0,1
gemm,fp32,warm,1024,8192,8192,0,335544320,137438953472,335544320,2,7,2.69254422187805,0,1
gemm,fp32,warm,1024,8192,8192,0,335544320,137438953472,335544320,3,7,2.69192242622375,0,1
gemm,fp32,warm,1024,8192,8192,0,335544320,137438953472,335544320,4,7,2.68963646888733,0,1
gemm,fp32,warm,1024,8192,8192,0,335544320,137438953472,335544320,5,7,2.68899655342102,0,1
gemm,fp32,warm,1024,8192,8192,0,335544320,137438953472,335544320,6,7,2.69007086753845,0,1
gemm,fp32,warm,2048,8192,8192,0,402653184,274877906944,402653184,0,3,5.35542440414429,0,1
gemm,fp32,warm,2048,8192,8192,0,402653184,274877906944,402653184,1,3,5.36027717590332,0,1
gemm,fp32,warm,2048,8192,8192,0,402653184,274877906944,402653184,2,3,5.36130142211914,0,1
gemm,fp32,warm,2048,8192,8192,0,402653184,274877906944,402653184,3,3,5.36227226257324,0,1
gemm,fp32,warm,2048,8192,8192,0,402653184,274877906944,402653184,4,3,5.36126947402954,0,1
gemm,fp32,warm,2048,8192,8192,0,402653184,274877906944,402653184,5,3,5.36467170715332,0,1
gemm,fp32,warm,2048,8192,8192,0,402653184,274877906944,402653184,6,3,5.35956239700317,0,1
gemm,fp64,warm,256,256,256,0,1572864,33554432,1572864,0,200,0.00579663971439004,0,1
gemm,fp64,warm,256,256,256,0,1572864,33554432,1572864,1,200,0.00578383961692452,0,1
gemm,fp64,warm,256,256,256,0,1572864,33554432,1572864,2,200,0.00588576029986143,0,1
gemm,fp64,warm,256,256,256,0,1572864,33554432,1572864,3,200,0.00600128015503287,0,1
gemm,fp64,warm,256,256,256,0,1572864,33554432,1572864,4,200,0.0057036797516048,0,1
gemm,fp64,warm,256,256,256,0,1572864,33554432,1572864,5,200,0.00538496021181345,0,1
gemm,fp64,warm,256,256,256,0,1572864,33554432,1572864,6,200,0.00599232036620378,0,1
gemm,fp64,cold,256,256,256,0,1572864,33554432,1572864,0,1,0.012703999876976,0,1
gemm,fp64,cold,256,256,256,0,1572864,33554432,1572864,1,1,0.0120320003479719,0,1
gemm,fp64,cold,256,256,256,0,1572864,33554432,1572864,2,1,0.0123199997469783,0,1
gemm,fp64,cold,256,256,256,0,1572864,33554432,1572864,3,1,0.0143360001966357,0,1
gemm,fp64,cold,256,256,256,0,1572864,33554432,1572864,4,1,0.0129279997199774,0,1
gemm,fp64,cold,256,256,256,0,1572864,33554432,1572864,5,1,0.0118399998173118,0,1
gemm,fp64,cold,256,256,256,0,1572864,33554432,1572864,6,1,0.0123840002343059,0,1
gemm,fp64,warm,512,512,512,0,6291456,268435456,6291456,0,200,0.00870160013437271,0,1
gemm,fp64,warm,512,512,512,0,6291456,268435456,6291456,1,200,0.0086785601451993,0,1
gemm,fp64,warm,512,512,512,0,6291456,268435456,6291456,2,200,0.00871056038886309,0,1
gemm,fp64,warm,512,512,512,0,6291456,268435456,6291456,3,200,0.0086982399225235,0,1
gemm,fp64,warm,512,512,512,0,6291456,268435456,6291456,4,200,0.00870944000780582,0,1
gemm,fp64,warm,512,512,512,0,6291456,268435456,6291456,5,200,0.00869632046669722,0,1
gemm,fp64,warm,512,512,512,0,6291456,268435456,6291456,6,200,0.00871360022574663,0,1
gemm,fp64,cold,512,512,512,0,6291456,268435456,6291456,0,1,0.018495999276638,0,1
gemm,fp64,cold,512,512,512,0,6291456,268435456,6291456,1,1,0.0186880007386208,0,1
gemm,fp64,cold,512,512,512,0,6291456,268435456,6291456,2,1,0.0190719999372959,0,1
gemm,fp64,cold,512,512,512,0,6291456,268435456,6291456,3,1,0.0181120000779629,0,1
gemm,fp64,cold,512,512,512,0,6291456,268435456,6291456,4,1,0.0192959997802973,0,1
gemm,fp64,cold,512,512,512,0,6291456,268435456,6291456,5,1,0.0180799998342991,0,1
gemm,fp64,cold,512,512,512,0,6291456,268435456,6291456,6,1,0.0186880007386208,0,1
gemm,fp64,warm,1024,1024,1024,0,25165824,2147483648,25165824,0,200,0.0404953621327877,0,1
gemm,fp64,warm,1024,1024,1024,0,25165824,2147483648,25165824,1,200,0.0404880009591579,0,1
gemm,fp64,warm,1024,1024,1024,0,25165824,2147483648,25165824,2,200,0.0404763221740723,0,1
gemm,fp64,warm,1024,1024,1024,0,25165824,2147483648,25165824,3,200,0.0404695980250835,0,1
gemm,fp64,warm,1024,1024,1024,0,25165824,2147483648,25165824,4,200,0.0404683202505112,0,1
gemm,fp64,warm,1024,1024,1024,0,25165824,2147483648,25165824,5,200,0.0406889580190182,0,1
gemm,fp64,warm,1024,1024,1024,0,25165824,2147483648,25165824,6,200,0.0406452789902687,0,1
gemm,fp64,cold,1024,1024,1024,0,25165824,2147483648,25165824,0,1,0.0494400002062321,0,1
gemm,fp64,cold,1024,1024,1024,0,25165824,2147483648,25165824,1,1,0.0488319993019104,0,1
gemm,fp64,cold,1024,1024,1024,0,25165824,2147483648,25165824,2,1,0.0499520003795624,0,1
gemm,fp64,cold,1024,1024,1024,0,25165824,2147483648,25165824,3,1,0.0514560006558895,0,1
gemm,fp64,cold,1024,1024,1024,0,25165824,2147483648,25165824,4,1,0.0492479987442493,0,1
gemm,fp64,cold,1024,1024,1024,0,25165824,2147483648,25165824,5,1,0.0488319993019104,0,1
gemm,fp64,cold,1024,1024,1024,0,25165824,2147483648,25165824,6,1,0.0501120015978813,0,1
gemm,fp64,warm,2048,2048,2048,0,100663296,17179869184,100663296,0,68,0.281351059675217,0,1
gemm,fp64,warm,2048,2048,2048,0,100663296,17179869184,100663296,1,68,0.281197190284729,0,1
gemm,fp64,warm,2048,2048,2048,0,100663296,17179869184,100663296,2,68,0.281159073114395,0,1
gemm,fp64,warm,2048,2048,2048,0,100663296,17179869184,100663296,3,68,0.281308233737946,0,1
gemm,fp64,warm,2048,2048,2048,0,100663296,17179869184,100663296,4,68,0.280864477157593,0,1
gemm,fp64,warm,2048,2048,2048,0,100663296,17179869184,100663296,5,68,0.280658841133118,0,1
gemm,fp64,warm,2048,2048,2048,0,100663296,17179869184,100663296,6,68,0.280735999345779,0,1
gemm,fp64,cold,2048,2048,2048,0,100663296,17179869184,100663296,0,1,0.28956800699234,0,1
gemm,fp64,cold,2048,2048,2048,0,100663296,17179869184,100663296,1,1,0.290271997451782,0,1
gemm,fp64,cold,2048,2048,2048,0,100663296,17179869184,100663296,2,1,0.287968009710312,0,1
gemm,fp64,cold,2048,2048,2048,0,100663296,17179869184,100663296,3,1,0.289759993553162,0,1
gemm,fp64,cold,2048,2048,2048,0,100663296,17179869184,100663296,4,1,0.293855994939804,0,1
gemm,fp64,cold,2048,2048,2048,0,100663296,17179869184,100663296,5,1,0.289887994527817,0,1
gemm,fp64,cold,2048,2048,2048,0,100663296,17179869184,100663296,6,1,0.28931200504303,0,1
gemm,fp64,warm,4096,4096,4096,0,402653184,137438953472,402653184,0,9,2.17711997032166,0,1
gemm,fp64,warm,4096,4096,4096,0,402653184,137438953472,402653184,1,9,2.17916798591614,0,1
gemm,fp64,warm,4096,4096,4096,0,402653184,137438953472,402653184,2,9,2.17940258979797,0,1
gemm,fp64,warm,4096,4096,4096,0,402653184,137438953472,402653184,3,9,2.17818307876587,0,1
gemm,fp64,warm,4096,4096,4096,0,402653184,137438953472,402653184,4,9,2.17814755439758,0,1
gemm,fp64,warm,4096,4096,4096,0,402653184,137438953472,402653184,5,9,2.1792106628418,0,1
gemm,fp64,warm,4096,4096,4096,0,402653184,137438953472,402653184,6,9,2.17707014083862,0,1
gemm,fp64,warm,8192,8192,8192,0,1610612736,1099511627776,1610612736,0,1,17.0309448242188,0,1
gemm,fp64,warm,8192,8192,8192,0,1610612736,1099511627776,1610612736,1,1,17.1946563720703,0,1
gemm,fp64,warm,8192,8192,8192,0,1610612736,1099511627776,1610612736,2,1,17.2548809051514,0,1
gemm,fp64,warm,8192,8192,8192,0,1610612736,1099511627776,1610612736,3,1,17.4001922607422,0,1
gemm,fp64,warm,8192,8192,8192,0,1610612736,1099511627776,1610612736,4,1,17.3785591125488,0,1
gemm,fp64,warm,8192,8192,8192,0,1610612736,1099511627776,1610612736,5,1,17.2757110595703,0,1
gemm,fp64,warm,8192,8192,8192,0,1610612736,1099511627776,1610612736,6,1,17.1744956970215,0,1
gemm,fp64,warm,1,8192,8192,0,537001984,134217728,537001984,0,156,0.12111672013998,0,1
gemm,fp64,warm,1,8192,8192,0,537001984,134217728,537001984,1,156,0.121130466461182,0,1
gemm,fp64,warm,1,8192,8192,0,537001984,134217728,537001984,2,156,0.121404722332954,0,1
gemm,fp64,warm,1,8192,8192,0,537001984,134217728,537001984,3,156,0.121132105588913,0,1
gemm,fp64,warm,1,8192,8192,0,537001984,134217728,537001984,4,156,0.12107589840889,0,1
gemm,fp64,warm,1,8192,8192,0,537001984,134217728,537001984,5,156,0.121085949242115,0,1
gemm,fp64,warm,1,8192,8192,0,537001984,134217728,537001984,6,156,0.121078357100487,0,1
gemm,fp64,warm,2,8192,8192,0,537133056,268435456,537133056,0,144,0.129245772957802,0,1
gemm,fp64,warm,2,8192,8192,0,537133056,268435456,537133056,1,144,0.129318654537201,0,1
gemm,fp64,warm,2,8192,8192,0,537133056,268435456,537133056,2,144,0.129270449280739,0,1
gemm,fp64,warm,2,8192,8192,0,537133056,268435456,537133056,3,144,0.129213780164719,0,1
gemm,fp64,warm,2,8192,8192,0,537133056,268435456,537133056,4,144,0.129228219389915,0,1
gemm,fp64,warm,2,8192,8192,0,537133056,268435456,537133056,5,144,0.129366889595985,0,1
gemm,fp64,warm,2,8192,8192,0,537133056,268435456,537133056,6,144,0.129203334450722,0,1
gemm,fp64,warm,4,8192,8192,0,537395200,536870912,537395200,0,139,0.131470501422882,0,1
gemm,fp64,warm,4,8192,8192,0,537395200,536870912,537395200,1,139,0.131404653191566,0,1
gemm,fp64,warm,4,8192,8192,0,537395200,536870912,537395200,2,139,0.131419867277145,0,1
gemm,fp64,warm,4,8192,8192,0,537395200,536870912,537395200,3,139,0.131432980298996,0,1
gemm,fp64,warm,4,8192,8192,0,537395200,536870912,537395200,4,139,0.131708085536957,0,1
gemm,fp64,warm,4,8192,8192,0,537395200,536870912,537395200,5,139,0.131484553217888,0,1
gemm,fp64,warm,4,8192,8192,0,537395200,536870912,537395200,6,139,0.131572723388672,0,1
gemm,fp64,warm,8,8192,8192,0,537919488,1073741824,537919488,0,146,0.130127772688866,0,1
gemm,fp64,warm,8,8192,8192,0,537919488,1073741824,537919488,1,146,0.130245685577393,0,1
gemm,fp64,warm,8,8192,8192,0,537919488,1073741824,537919488,2,146,0.130170300602913,0,1
gemm,fp64,warm,8,8192,8192,0,537919488,1073741824,537919488,3,146,0.13021719455719,0,1
gemm,fp64,warm,8,8192,8192,0,537919488,1073741824,537919488,4,146,0.130211278796196,0,1
gemm,fp64,warm,8,8192,8192,0,537919488,1073741824,537919488,5,146,0.130095556378365,0,1
gemm,fp64,warm,8,8192,8192,0,537919488,1073741824,537919488,6,146,0.130117252469063,0,1
gemm,fp64,warm,16,8192,8192,0,538968064,2147483648,538968064,0,145,0.13059663772583,0,1
gemm,fp64,warm,16,8192,8192,0,538968064,2147483648,538968064,1,145,0.130581632256508,0,1
gemm,fp64,warm,16,8192,8192,0,538968064,2147483648,538968064,2,145,0.130755543708801,0,1
gemm,fp64,warm,16,8192,8192,0,538968064,2147483648,538968064,3,145,0.130627974867821,0,1
gemm,fp64,warm,16,8192,8192,0,538968064,2147483648,538968064,4,145,0.130647614598274,0,1
gemm,fp64,warm,16,8192,8192,0,538968064,2147483648,538968064,5,145,0.130540132522583,0,1
gemm,fp64,warm,16,8192,8192,0,538968064,2147483648,538968064,6,145,0.130586251616478,0,1
gemm,fp64,warm,32,8192,8192,0,541065216,4294967296,541065216,0,145,0.131269738078117,0,1
gemm,fp64,warm,32,8192,8192,0,541065216,4294967296,541065216,1,145,0.131314978003502,0,1
gemm,fp64,warm,32,8192,8192,0,541065216,4294967296,541065216,2,145,0.131216108798981,0,1
gemm,fp64,warm,32,8192,8192,0,541065216,4294967296,541065216,3,145,0.131209716200829,0,1
gemm,fp64,warm,32,8192,8192,0,541065216,4294967296,541065216,4,145,0.131264880299568,0,1
gemm,fp64,warm,32,8192,8192,0,541065216,4294967296,541065216,5,145,0.131272166967392,0,1
gemm,fp64,warm,32,8192,8192,0,541065216,4294967296,541065216,6,145,0.131243258714676,0,1
gemm,fp64,warm,64,8192,8192,0,545259520,8589934592,545259520,0,114,0.16297909617424,0,1
gemm,fp64,warm,64,8192,8192,0,545259520,8589934592,545259520,1,114,0.162693053483963,0,1
gemm,fp64,warm,64,8192,8192,0,545259520,8589934592,545259520,2,114,0.164730101823807,0,1
gemm,fp64,warm,64,8192,8192,0,545259520,8589934592,545259520,3,114,0.165368139743805,0,1
gemm,fp64,warm,64,8192,8192,0,545259520,8589934592,545259520,4,114,0.166480287909508,0,1
gemm,fp64,warm,64,8192,8192,0,545259520,8589934592,545259520,5,114,0.165986523032188,0,1
gemm,fp64,warm,64,8192,8192,0,545259520,8589934592,545259520,6,114,0.165711432695389,0,1
gemm,fp64,warm,128,8192,8192,0,553648128,17179869184,553648128,0,62,0.30551689863205,0,1
gemm,fp64,warm,128,8192,8192,0,553648128,17179869184,553648128,1,62,0.304534703493118,0,1
gemm,fp64,warm,128,8192,8192,0,553648128,17179869184,553648128,2,62,0.303233027458191,0,1
gemm,fp64,warm,128,8192,8192,0,553648128,17179869184,553648128,3,62,0.30371767282486,0,1
gemm,fp64,warm,128,8192,8192,0,553648128,17179869184,553648128,4,62,0.30376723408699,0,1
gemm,fp64,warm,128,8192,8192,0,553648128,17179869184,553648128,5,62,0.303867340087891,0,1
gemm,fp64,warm,128,8192,8192,0,553648128,17179869184,553648128,6,62,0.303621172904968,0,1
gemm,fp64,warm,256,8192,8192,0,570425344,34359738368,570425344,0,34,0.569439053535461,0,1
gemm,fp64,warm,256,8192,8192,0,570425344,34359738368,570425344,1,34,0.569693148136139,0,1
gemm,fp64,warm,256,8192,8192,0,570425344,34359738368,570425344,2,34,0.570170342922211,0,1
gemm,fp64,warm,256,8192,8192,0,570425344,34359738368,570425344,3,34,0.569924712181091,0,1
gemm,fp64,warm,256,8192,8192,0,570425344,34359738368,570425344,4,34,0.569957613945007,0,1
gemm,fp64,warm,256,8192,8192,0,570425344,34359738368,570425344,5,34,0.569883286952972,0,1
gemm,fp64,warm,256,8192,8192,0,570425344,34359738368,570425344,6,34,0.571644246578217,0,1
gemm,fp64,warm,512,8192,8192,0,603979776,68719476736,603979776,0,17,1.1174418926239,0,1
gemm,fp64,warm,512,8192,8192,0,603979776,68719476736,603979776,1,17,1.10928750038147,0,1
gemm,fp64,warm,512,8192,8192,0,603979776,68719476736,603979776,2,17,1.10923480987549,0,1
gemm,fp64,warm,512,8192,8192,0,603979776,68719476736,603979776,3,17,1.10853278636932,0,1
gemm,fp64,warm,512,8192,8192,0,603979776,68719476736,603979776,4,17,1.10719430446625,0,1
gemm,fp64,warm,512,8192,8192,0,603979776,68719476736,603979776,5,17,1.10682547092438,0,1
gemm,fp64,warm,512,8192,8192,0,603979776,68719476736,603979776,6,17,1.10718297958374,0,1
gemm,fp64,warm,1024,8192,8192,0,671088640,137438953472,671088640,0,9,2.18610119819641,0,1
gemm,fp64,warm,1024,8192,8192,0,671088640,137438953472,671088640,1,9,2.19063091278076,0,1
gemm,fp64,warm,1024,8192,8192,0,671088640,137438953472,671088640,2,9,2.19041061401367,0,1
gemm,fp64,warm,1024,8192,8192,0,671088640,137438953472,671088640,3,9,2.19165873527527,0,1
gemm,fp64,warm,1024,8192,8192,0,671088640,137438953472,671088640,4,9,2.18862581253052,0,1
gemm,fp64,warm,1024,8192,8192,0,671088640,137438953472,671088640,5,9,2.18965339660645,0,1
gemm,fp64,warm,1024,8192,8192,0,671088640,137438953472,671088640,6,9,2.1872034072876,0,1
gemm,fp64,warm,2048,8192,8192,0,805306368,274877906944,805306368,0,4,4.338791847229,0,1
gemm,fp64,warm,2048,8192,8192,0,805306368,274877906944,805306368,1,4,4.33927202224731,0,1
gemm,fp64,warm,2048,8192,8192,0,805306368,274877906944,805306368,2,4,4.34039211273193,0,1
gemm,fp64,warm,2048,8192,8192,0,805306368,274877906944,805306368,3,4,4.34412002563477,0,1
gemm,fp64,warm,2048,8192,8192,0,805306368,274877906944,805306368,4,4,4.34524822235107,0,1
gemm,fp64,warm,2048,8192,8192,0,805306368,274877906944,805306368,5,4,4.34457588195801,0,1
gemm,fp64,warm,2048,8192,8192,0,805306368,274877906944,805306368,6,4,4.34368801116943,0,1
gemm,fp16,warm,256,256,256,0,393216,33554432,393216,0,200,0.00463551981374621,0.000198426521477393,1
gemm,fp16,warm,256,256,256,0,393216,33554432,393216,1,200,0.00467103999108076,0.000198426521477393,1
gemm,fp16,warm,256,256,256,0,393216,33554432,393216,2,200,0.00471343984827399,0.000198426521477393,1
gemm,fp16,warm,256,256,256,0,393216,33554432,393216,3,200,0.00468287989497185,0.000198426521477393,1
gemm,fp16,warm,256,256,256,0,393216,33554432,393216,4,200,0.00428016018122435,0.000198426521477393,1
gemm,fp16,warm,256,256,256,0,393216,33554432,393216,5,200,0.00426847999915481,0.000198426521477393,1
gemm,fp16,warm,256,256,256,0,393216,33554432,393216,6,200,0.00464528007432818,0.000198426521477393,1
gemm,fp16,cold,256,256,256,0,393216,33554432,393216,0,1,0.0108160004019737,0.000198426521477393,1
gemm,fp16,cold,256,256,256,0,393216,33554432,393216,1,1,0.0102719999849796,0.000198426521477393,1
gemm,fp16,cold,256,256,256,0,393216,33554432,393216,2,1,0.010495999827981,0.000198426521477393,1
gemm,fp16,cold,256,256,256,0,393216,33554432,393216,3,1,0.00953599996864796,0.000198426521477393,1
gemm,fp16,cold,256,256,256,0,393216,33554432,393216,4,1,0.00995200034230947,0.000198426521477393,1
gemm,fp16,cold,256,256,256,0,393216,33554432,393216,5,1,0.00992000009864569,0.000198426521477393,1
gemm,fp16,cold,256,256,256,0,393216,33554432,393216,6,1,0.00969600025564432,0.000198426521477393,1
gemm,fp16,warm,512,512,512,0,1572864,268435456,1572864,0,200,0.00480384007096291,0.00020091145971206,1
gemm,fp16,warm,512,512,512,0,1572864,268435456,1572864,1,200,0.00468607991933823,0.00020091145971206,1
gemm,fp16,warm,512,512,512,0,1572864,268435456,1572864,2,200,0.00472592003643513,0.00020091145971206,1
gemm,fp16,warm,512,512,512,0,1572864,268435456,1572864,3,200,0.00473327981308103,0.00020091145971206,1
gemm,fp16,warm,512,512,512,0,1572864,268435456,1572864,4,200,0.00472592003643513,0.00020091145971206,1
gemm,fp16,warm,512,512,512,0,1572864,268435456,1572864,5,200,0.00475472025573254,0.00020091145971206,1
gemm,fp16,warm,512,512,512,0,1572864,268435456,1572864,6,200,0.00469247996807098,0.00020091145971206,1
gemm,fp16,cold,512,512,512,0,1572864,268435456,1572864,0,1,0.00992000009864569,0.00020091145971206,1
gemm,fp16,cold,512,512,512,0,1572864,268435456,1572864,1,1,0.0111999996006489,0.00020091145971206,1
gemm,fp16,cold,512,512,512,0,1572864,268435456,1572864,2,1,0.00979200005531311,0.00020091145971206,1
gemm,fp16,cold,512,512,512,0,1572864,268435456,1572864,3,1,0.0102719999849796,0.00020091145971206,1
gemm,fp16,cold,512,512,512,0,1572864,268435456,1572864,4,1,0.00953599996864796,0.00020091145971206,1
gemm,fp16,cold,512,512,512,0,1572864,268435456,1572864,5,1,0.00963199976831675,0.00020091145971206,1
gemm,fp16,cold,512,512,512,0,1572864,268435456,1572864,6,1,0.00937599968165159,0.00020091145971206,1
gemm,fp16,warm,1024,1024,1024,0,6291456,2147483648,6291456,0,200,0.00617551989853382,0.000189940520434515,1
gemm,fp16,warm,1024,1024,1024,0,6291456,2147483648,6291456,1,200,0.00616624020040035,0.000189940520434515,1
gemm,fp16,warm,1024,1024,1024,0,6291456,2147483648,6291456,2,200,0.00619455985724926,0.000189940520434515,1
gemm,fp16,warm,1024,1024,1024,0,6291456,2147483648,6291456,3,200,0.00620239973068237,0.000189940520434515,1
gemm,fp16,warm,1024,1024,1024,0,6291456,2147483648,6291456,4,200,0.00619087973609567,0.000189940520434515,1
gemm,fp16,warm,1024,1024,1024,0,6291456,2147483648,6291456,5,200,0.00618783989921212,0.000189940520434515,1
gemm,fp16,warm,1024,1024,1024,0,6291456,2147483648,6291456,6,200,0.00619247974827886,0.000189940520434515,1
gemm,fp16,cold,1024,1024,1024,0,6291456,2147483648,6291456,0,1,0.0128319999203086,0.000189940520434515,1
gemm,fp16,cold,1024,1024,1024,0,6291456,2147483648,6291456,1,1,0.0128319999203086,0.000189940520434515,1
gemm,fp16,cold,1024,1024,1024,0,6291456,2147483648,6291456,2,1,0.0123519999906421,0.000189940520434515,1
gemm,fp16,cold,1024,1024,1024,0,6291456,2147483648,6291456,3,1,0.0122560001909733,0.000189940520434515,1
gemm,fp16,cold,1024,1024,1024,0,6291456,2147483648,6291456,4,1,0.0120959999039769,0.000189940520434515,1
gemm,fp16,cold,1024,1024,1024,0,6291456,2147483648,6291456,5,1,0.012992000207305,0.000189940520434515,1
gemm,fp16,cold,1024,1024,1024,0,6291456,2147483648,6291456,6,1,0.0121280001476407,0.000189940520434515,1
gemm,fp16,warm,2048,2048,2048,0,25165824,17179869184,25165824,0,200,0.0233372803777456,0.000221487809070642,1
gemm,fp16,warm,2048,2048,2048,0,25165824,17179869184,25165824,1,200,0.0233283210545778,0.000221487809070642,1
gemm,fp16,warm,2048,2048,2048,0,25165824,17179869184,25165824,2,200,0.0232161600142717,0.000221487809070642,1
gemm,fp16,warm,2048,2048,2048,0,25165824,17179869184,25165824,3,200,0.0232024006545544,0.000221487809070642,1
gemm,fp16,warm,2048,2048,2048,0,25165824,17179869184,25165824,4,200,0.0232092812657356,0.000221487809070642,1
gemm,fp16,warm,2048,2048,2048,0,25165824,17179869184,25165824,5,200,0.0232142396271229,0.000221487809070642,1
gemm,fp16,warm,2048,2048,2048,0,25165824,17179869184,25165824,6,200,0.0232300814241171,0.000221487809070642,1
gemm,fp16,cold,2048,2048,2048,0,25165824,17179869184,25165824,0,1,0.0314880013465881,0.000221487809070642,1
gemm,fp16,cold,2048,2048,2048,0,25165824,17179869184,25165824,1,1,0.0320000015199184,0.000221487809070642,1
gemm,fp16,cold,2048,2048,2048,0,25165824,17179869184,25165824,2,1,0.0308800004422665,0.000221487809070642,1
gemm,fp16,cold,2048,2048,2048,0,25165824,17179869184,25165824,3,1,0.0316799990832806,0.000221487809070642,1
gemm,fp16,cold,2048,2048,2048,0,25165824,17179869184,25165824,4,1,0.0309759993106127,0.000221487809070642,1
gemm,fp16,cold,2048,2048,2048,0,25165824,17179869184,25165824,5,1,0.0302719995379448,0.000221487809070642,1
gemm,fp16,cold,2048,2048,2048,0,25165824,17179869184,25165824,6,1,0.030112000182271,0.000221487809070642,1
gemm,fp16,warm,4096,4096,4096,0,100663296,137438953472,100663296,0,117,0.160734355449677,0.000227370978317963,1
gemm,fp16,warm,4096,4096,4096,0,100663296,137438953472,100663296,1,117,0.162262693047523,0.000227370978317963,1
gemm,fp16,warm,4096,4096,4096,0,100663296,137438953472,100663296,2,117,0.162440210580826,0.000227370978317963,1
gemm,fp16,warm,4096,4096,4096,0,100663296,137438953472,100663296,3,117,0.162200063467026,0.000227370978317963,1
gemm,fp16,warm,4096,4096,4096,0,100663296,137438953472,100663296,4,117,0.183170184493065,0.000227370978317963,1
gemm,fp16,warm,4096,4096,4096,0,100663296,137438953472,100663296,5,117,0.18911124765873,0.000227370978317963,1
gemm,fp16,warm,4096,4096,4096,0,100663296,137438953472,100663296,6,117,0.187562391161919,0.000227370978317963,1
gemm,fp16,warm,8192,8192,8192,0,402653184,1099511627776,402653184,0,13,1.37966775894165,0.000201482833635594,1
gemm,fp16,warm,8192,8192,8192,0,402653184,1099511627776,402653184,1,13,1.42819929122925,0.000201482833635594,1
gemm,fp16,warm,8192,8192,8192,0,402653184,1099511627776,402653184,2,13,1.46463763713837,0.000201482833635594,1
gemm,fp16,warm,8192,8192,8192,0,402653184,1099511627776,402653184,3,13,1.47216737270355,0.000201482833635594,1
gemm,fp16,warm,8192,8192,8192,0,402653184,1099511627776,402653184,4,13,1.47139942646027,0.000201482833635594,1
gemm,fp16,warm,8192,8192,8192,0,402653184,1099511627776,402653184,5,13,1.47128617763519,0.000201482833635594,1
gemm,fp16,warm,8192,8192,8192,0,402653184,1099511627776,402653184,6,13,1.47124671936035,0.000201482833635594,1
gemm,fp16,warm,1,8192,8192,0,134250496,134217728,134250496,0,200,0.0405385605990887,0.000241351598313866,1
gemm,fp16,warm,1,8192,8192,0,134250496,134217728,134250496,1,200,0.0405217595398426,0.000241351598313866,1
gemm,fp16,warm,1,8192,8192,0,134250496,134217728,134250496,2,200,0.0405188798904419,0.000241351598313866,1
gemm,fp16,warm,1,8192,8192,0,134250496,134217728,134250496,3,200,0.0405264012515545,0.000241351598313866,1
gemm,fp16,warm,1,8192,8192,0,134250496,134217728,134250496,4,200,0.0401859171688557,0.000241351598313866,1
gemm,fp16,warm,1,8192,8192,0,134250496,134217728,134250496,5,200,0.0401607975363731,0.000241351598313866,1
gemm,fp16,warm,1,8192,8192,0,134250496,134217728,134250496,6,200,0.0401168018579483,0.000241351598313866,1
gemm,fp16,warm,2,8192,8192,0,134283264,268435456,134283264,0,200,0.0522044785320759,0.000334128057445119,1
gemm,fp16,warm,2,8192,8192,0,134283264,268435456,134283264,1,200,0.0520099215209484,0.000334128057445119,1
gemm,fp16,warm,2,8192,8192,0,134283264,268435456,134283264,2,200,0.0518195182085037,0.000334128057445119,1
gemm,fp16,warm,2,8192,8192,0,134283264,268435456,134283264,3,200,0.0518265590071678,0.000334128057445119,1
gemm,fp16,warm,2,8192,8192,0,134283264,268435456,134283264,4,200,0.0518001616001129,0.000334128057445119,1
gemm,fp16,warm,2,8192,8192,0,134283264,268435456,134283264,5,200,0.0518049634993076,0.000334128057445119,1
gemm,fp16,warm,2,8192,8192,0,134283264,268435456,134283264,6,200,0.0518022403120995,0.000334128057445119,1
gemm,fp16,warm,4,8192,8192,0,134348800,536870912,134348800,0,200,0.0520849600434303,0.00026223577679241,1
gemm,fp16,warm,4,8192,8192,0,134348800,536870912,134348800,1,200,0.0520728006958961,0.00026223577679241,1
gemm,fp16,warm,4,8192,8192,0,134348800,536870912,134348800,2,200,0.052060317248106,0.00026223577679241,1
gemm,fp16,warm,4,8192,8192,0,134348800,536870912,134348800,3,200,0.0520348772406578,0.00026223577679241,1
gemm,fp16,warm,4,8192,8192,0,134348800,536870912,134348800,4,200,0.0522087998688221,0.00026223577679241,1
gemm,fp16,warm,4,8192,8192,0,134348800,536870912,134348800,5,200,0.0522195212543011,0.00026223577679241,1
gemm,fp16,warm,4,8192,8192,0,134348800,536870912,134348800,6,200,0.0522236786782742,0.00026223577679241,1
gemm,fp16,warm,8,8192,8192,0,134479872,1073741824,134479872,0,200,0.0407587178051472,0.000188446265463958,1
gemm,fp16,warm,8,8192,8192,0,134479872,1073741824,134479872,1,200,0.0407431982457638,0.000188446265463958,1
gemm,fp16,warm,8,8192,8192,0,134479872,1073741824,134479872,2,200,0.0407406389713287,0.000188446265463958,1
gemm,fp16,warm,8,8192,8192,0,134479872,1073741824,134479872,3,200,0.0407758392393589,0.000188446265463958,1
gemm,fp16,warm,8,8192,8192,0,134479872,1073741824,134479872,4,200,0.0407460778951645,0.000188446265463958,1
gemm,fp16,warm,8,8192,8192,0,134479872,1073741824,134479872,5,200,0.0407151989638805,0.000188446265463958,1
gemm,fp16,warm,8,8192,8192,0,134479872,1073741824,134479872,6,200,0.0407684817910194,0.000188446265463958,1
gemm,fp16,warm,16,8192,8192,0,134742016,2147483648,134742016,0,200,0.0395937599241734,0.000219235237132225,1
gemm,fp16,warm,16,8192,8192,0,134742016,2147483648,134742016,1,200,0.0395864024758339,0.000219235237132225,1
gemm,fp16,warm,16,8192,8192,0,134742016,2147483648,134742016,2,200,0.0395959988236427,0.000219235237132225,1
gemm,fp16,warm,16,8192,8192,0,134742016,2147483648,134742016,3,200,0.0395803190767765,0.000219235237132225,1
gemm,fp16,warm,16,8192,8192,0,134742016,2147483648,134742016,4,200,0.039569441229105,0.000219235237132225,1
gemm,fp16,warm,16,8192,8192,0,134742016,2147483648,134742016,5,200,0.0395553596317768,0.000219235237132225,1
gemm,fp16,warm,16,8192,8192,0,134742016,2147483648,134742016,6,200,0.039557121694088,0.000219235237132225,1
gemm,fp16,warm,32,8192,8192,0,135266304,4294967296,135266304,0,200,0.0397731214761734,0.000245315918246433,1
gemm,fp16,warm,32,8192,8192,0,135266304,4294967296,135266304,1,200,0.039754081517458,0.000245315918246433,1
gemm,fp16,warm,32,8192,8192,0,135266304,4294967296,135266304,2,200,0.0397846400737762,0.000245315918246433,1
gemm,fp16,warm,32,8192,8192,0,135266304,4294967296,135266304,3,200,0.0397574417293072,0.000245315918246433,1
gemm,fp16,warm,32,8192,8192,0,135266304,4294967296,135266304,4,200,0.039764478802681,0.000245315918246433,1
gemm,fp16,warm,32,8192,8192,0,135266304,4294967296,135266304,5,200,0.039743360131979,0.000245315918246433,1
gemm,fp16,warm,32,8192,8192,0,135266304,4294967296,135266304,6,200,0.0397297590970993,0.000245315918246433,1
gemm,fp16,warm,64,8192,8192,0,136314880,8589934592,136314880,0,200,0.0365977585315704,0.000206361611237897,1
gemm,fp16,warm,64,8192,8192,0,136314880,8589934592,136314880,1,200,0.0365956798195839,0.000206361611237897,1
gemm,fp16,warm,64,8192,8192,0,136314880,8589934592,136314880,2,200,0.0366057604551315,0.000206361611237897,1
gemm,fp16,warm,64,8192,8192,0,136314880,8589934592,136314880,3,200,0.0366000011563301,0.000206361611237897,1
gemm,fp16,warm,64,8192,8192,0,136314880,8589934592,136314880,4,200,0.0366046391427517,0.000206361611237897,1
gemm,fp16,warm,64,8192,8192,0,136314880,8589934592,136314880,5,200,0.0366276800632477,0.000206361611237897,1
gemm,fp16,warm,64,8192,8192,0,136314880,8589934592,136314880,6,200,0.036629281938076,0.000206361611237897,1
gemm,fp16,warm,128,8192,8192,0,138412032,17179869184,138412032,0,200,0.0381219200789928,0.000266098899365157,1
gemm,fp16,warm,128,8192,8192,0,138412032,17179869184,138412032,1,200,0.0381235182285309,0.000266098899365157,1
gemm,fp16,warm,128,8192,8192,0,138412032,17179869184,138412032,2,200,0.0381252802908421,0.000266098899365157,1
gemm,fp16,warm,128,8192,8192,0,138412032,17179869184,138412032,3,200,0.0382977612316608,0.000266098899365157,1
gemm,fp16,warm,128,8192,8192,0,138412032,17179869184,138412032,4,200,0.0383217595517635,0.000266098899365157,1
gemm,fp16,warm,128,8192,8192,0,138412032,17179869184,138412032,5,200,0.0385062396526337,0.000266098899365157,1
gemm,fp16,warm,128,8192,8192,0,138412032,17179869184,138412032,6,200,0.0387503989040852,0.000266098899365157,1
gemm,fp16,warm,256,8192,8192,0,142606336,34359738368,142606336,0,200,0.0489444769918919,0.000208955069232491,1
gemm,fp16,warm,256,8192,8192,0,142606336,34359738368,142606336,1,200,0.0480792000889778,0.000208955069232491,1
gemm,fp16,warm,256,8192,8192,0,142606336,34359738368,142606336,2,200,0.0472588762640953,0.000208955069232491,1
gemm,fp16,warm,256,8192,8192,0,142606336,34359738368,142606336,3,200,0.0472526401281357,0.000208955069232491,1
gemm,fp16,warm,256,8192,8192,0,142606336,34359738368,142606336,4,200,0.0474215969443321,0.000208955069232491,1
gemm,fp16,warm,256,8192,8192,0,142606336,34359738368,142606336,5,200,0.0484312027692795,0.000208955069232491,1
gemm,fp16,warm,256,8192,8192,0,142606336,34359738368,142606336,6,200,0.0543790385127068,0.000208955069232491,1
gemm,fp16,warm,512,8192,8192,0,150994944,68719476736,150994944,0,175,0.101820714771748,0.00021041038827574,1
gemm,fp16,warm,512,8192,8192,0,150994944,68719476736,150994944,1,175,0.098792776465416,0.00021041038827574,1
gemm,fp16,warm,512,8192,8192,0,150994944,68719476736,150994944,2,175,0.098162829875946,0.00021041038827574,1
gemm,fp16,warm,512,8192,8192,0,150994944,68719476736,150994944,3,175,0.0966955870389938,0.00021041038827574,1
gemm,fp16,warm,512,8192,8192,0,150994944,68719476736,150994944,4,175,0.0957939177751541,0.00021041038827574,1
gemm,fp16,warm,512,8192,8192,0,150994944,68719476736,150994944,5,175,0.0953077077865601,0.00021041038827574,1
gemm,fp16,warm,512,8192,8192,0,150994944,68719476736,150994944,6,175,0.0954073518514633,0.00021041038827574,1
gemm,fp16,warm,1024,8192,8192,0,167772160,137438953472,167772160,0,100,0.184436172246933,0.000200414017464685,1
gemm,fp16,warm,1024,8192,8192,0,167772160,137438953472,167772160,1,100,0.175944626331329,0.000200414017464685,1
gemm,fp16,warm,1024,8192,8192,0,167772160,137438953472,167772160,2,100,0.177473276853561,0.000200414017464685,1
gemm,fp16,warm,1024,8192,8192,0,167772160,137438953472,167772160,3,100,0.178944975137711,0.000200414017464685,1
gemm,fp16,warm,1024,8192,8192,0,167772160,137438953472,167772160,4,100,0.181375995278358,0.000200414017464685,1
gemm,fp16,warm,1024,8192,8192,0,167772160,137438953472,167772160,5,100,0.181434884667397,0.000200414017464685,1
gemm,fp16,warm,1024,8192,8192,0,167772160,137438953472,167772160,6,100,0.18052065372467,0.000200414017464685,1
gemm,fp16,warm,2048,8192,8192,0,201326592,274877906944,201326592,0,53,0.35562989115715,0.000225696977694881,1
gemm,fp16,warm,2048,8192,8192,0,201326592,274877906944,201326592,1,53,0.347878038883209,0.000225696977694881,1
gemm,fp16,warm,2048,8192,8192,0,201326592,274877906944,201326592,2,53,0.355876237154007,0.000225696977694881,1
gemm,fp16,warm,2048,8192,8192,0,201326592,274877906944,201326592,3,53,0.355888903141022,0.000225696977694881,1
gemm,fp16,warm,2048,8192,8192,0,201326592,274877906944,201326592,4,53,0.357612669467926,0.000225696977694881,1
gemm,fp16,warm,2048,8192,8192,0,201326592,274877906944,201326592,5,53,0.359465658664703,0.000225696977694881,1
gemm,fp16,warm,2048,8192,8192,0,201326592,274877906944,201326592,6,53,0.359190344810486,0.000225696977694881,1
gemm,bf16,warm,256,256,256,0,393216,33554432,393216,0,200,0.00469856010749936,0.00156995384806169,1
gemm,bf16,warm,256,256,256,0,393216,33554432,393216,1,200,0.00468656001612544,0.00156995384806169,1
gemm,bf16,warm,256,256,256,0,393216,33554432,393216,2,200,0.00473248027265072,0.00156995384806169,1
gemm,bf16,warm,256,256,256,0,393216,33554432,393216,3,200,0.00473023997619748,0.00156995384806169,1
gemm,bf16,warm,256,256,256,0,393216,33554432,393216,4,200,0.00461248029023409,0.00156995384806169,1
gemm,bf16,warm,256,256,256,0,393216,33554432,393216,5,200,0.004635039716959,0.00156995384806169,1
gemm,bf16,warm,256,256,256,0,393216,33554432,393216,6,200,0.00471951998770237,0.00156995384806169,1
gemm,bf16,cold,256,256,256,0,393216,33554432,393216,0,1,0.011455999687314,0.00156995384806169,1
gemm,bf16,cold,256,256,256,0,393216,33554432,393216,1,1,0.00950399972498417,0.00156995384806169,1
gemm,bf16,cold,256,256,256,0,393216,33554432,393216,2,1,0.00972799956798553,0.00156995384806169,1
gemm,bf16,cold,256,256,256,0,393216,33554432,393216,3,1,0.0102719999849796,0.00156995384806169,1
gemm,bf16,cold,256,256,256,0,393216,33554432,393216,4,1,0.0105280000716448,0.00156995384806169,1
gemm,bf16,cold,256,256,256,0,393216,33554432,393216,5,1,0.0100480001419783,0.00156995384806169,1
gemm,bf16,cold,256,256,256,0,393216,33554432,393216,6,1,0.00956800021231174,0.00156995384806169,1
gemm,bf16,warm,512,512,512,0,1572864,268435456,1572864,0,200,0.00460703996941447,0.00162394799487254,1
gemm,bf16,warm,512,512,512,0,1572864,268435456,1572864,1,200,0.00478255981579423,0.00162394799487254,1
gemm,bf16,warm,512,512,512,0,1572864,268435456,1572864,2,200,0.00479407981038094,0.00162394799487254,1
gemm,bf16,warm,512,512,512,0,1572864,268435456,1572864,3,200,0.00480272015556693,0.00162394799487254,1
gemm,bf16,warm,512,512,512,0,1572864,268435456,1572864,4,200,0.0048067201860249,0.00162394799487254,1
gemm,bf16,warm,512,512,512,0,1572864,268435456,1572864,5,200,0.00477488012984395,0.00162394799487254,1
gemm,bf16,warm,512,512,512,0,1572864,268435456,1572864,6,200,0.00480687990784645,0.00162394799487254,1
gemm,bf16,cold,512,512,512,0,1572864,268435456,1572864,0,1,0.0113599998876452,0.00162394799487254,1
gemm,bf16,cold,512,512,512,0,1572864,268435456,1572864,1,1,0.0112960003316402,0.00162394799487254,1
gemm,bf16,cold,512,512,512,0,1572864,268435456,1572864,2,1,0.0110080000013113,0.00162394799487254,1
gemm,bf16,cold,512,512,512,0,1572864,268435456,1572864,3,1,0.0109120002016425,0.00162394799487254,1
gemm,bf16,cold,512,512,512,0,1572864,268435456,1572864,4,1,0.0112640000879765,0.00162394799487254,1
gemm,bf16,cold,512,512,512,0,1572864,268435456,1572864,5,1,0.0108479997143149,0.00162394799487254,1
gemm,bf16,cold,512,512,512,0,1572864,268435456,1572864,6,1,0.0106239998713136,0.00162394799487254,1
gemm,bf16,warm,1024,1024,1024,0,6291456,2147483648,6291456,0,200,0.00661231996491551,0.00141444543565153,1
gemm,bf16,warm,1024,1024,1024,0,6291456,2147483648,6291456,1,200,0.00662320014089346,0.00141444543565153,1
gemm,bf16,warm,1024,1024,1024,0,6291456,2147483648,6291456,2,200,0.00663168029859662,0.00141444543565153,1
gemm,bf16,warm,1024,1024,1024,0,6291456,2147483648,6291456,3,200,0.00661472044885159,0.00141444543565153,1
gemm,bf16,warm,1024,1024,1024,0,6291456,2147483648,6291456,4,200,0.00661696027964354,0.00141444543565153,1
gemm,bf16,warm,1024,1024,1024,0,6291456,2147483648,6291456,5,200,0.00661679962649941,0.00141444543565153,1
gemm,bf16,warm,1024,1024,1024,0,6291456,2147483648,6291456,6,200,0.00663504004478455,0.00141444543565153,1
gemm,bf16,cold,1024,1024,1024,0,6291456,2147483648,6291456,0,1,0.0123840002343059,0.00141444543565153,1
gemm,bf16,cold,1024,1024,1024,0,6291456,2147483648,6291456,1,1,0.0124800000339746,0.00141444543565153,1
gemm,bf16,cold,1024,1024,1024,0,6291456,2147483648,6291456,2,1,0.0124479997903109,0.00141444543565153,1
gemm,bf16,cold,1024,1024,1024,0,6291456,2147483648,6291456,3,1,0.0126719996333122,0.00141444543565153,1
gemm,bf16,cold,1024,1024,1024,0,6291456,2147483648,6291456,4,1,0.0132160000503063,0.00141444543565153,1
gemm,bf16,cold,1024,1024,1024,0,6291456,2147483648,6291456,5,1,0.0129279997199774,0.00141444543565153,1
gemm,bf16,cold,1024,1024,1024,0,6291456,2147483648,6291456,6,1,0.0124800000339746,0.00141444543565153,1
gemm,bf16,warm,2048,2048,2048,0,25165824,17179869184,25165824,0,200,0.0252392012625933,0.00152126818093298,1
gemm,bf16,warm,2048,2048,2048,0,25165824,17179869184,25165824,1,200,0.024889599531889,0.00152126818093298,1
gemm,bf16,warm,2048,2048,2048,0,25165824,17179869184,25165824,2,200,0.023779358714819,0.00152126818093298,1
gemm,bf16,warm,2048,2048,2048,0,25165824,17179869184,25165824,3,200,0.0238380786031485,0.00152126818093298,1
gemm,bf16,warm,2048,2048,2048,0,25165824,17179869184,25165824,4,200,0.0237460806965828,0.00152126818093298,1
gemm,bf16,warm,2048,2048,2048,0,25165824,17179869184,25165824,5,200,0.0235230401158333,0.00152126818093298,1
gemm,bf16,warm,2048,2048,2048,0,25165824,17179869184,25165824,6,200,0.0234908796846867,0.00152126818093298,1
gemm,bf16,cold,2048,2048,2048,0,25165824,17179869184,25165824,0,1,0.0316799990832806,0.00152126818093298,1
gemm,bf16,cold,2048,2048,2048,0,25165824,17179869184,25165824,1,1,0.0305920001119375,0.00152126818093298,1
gemm,bf16,cold,2048,2048,2048,0,25165824,17179869184,25165824,2,1,0.0302080009132624,0.00152126818093298,1
gemm,bf16,cold,2048,2048,2048,0,25165824,17179869184,25165824,3,1,0.0303360000252724,0.00152126818093298,1
gemm,bf16,cold,2048,2048,2048,0,25165824,17179869184,25165824,4,1,0.0309120006859303,0.00152126818093298,1
gemm,bf16,cold,2048,2048,2048,0,25165824,17179869184,25165824,5,1,0.0325439982116222,0.00152126818093298,1
gemm,bf16,cold,2048,2048,2048,0,25165824,17179869184,25165824,6,1,0.0309759993106127,0.00152126818093298,1
gemm,bf16,warm,4096,4096,4096,0,100663296,137438953472,100663296,0,116,0.160592272877693,0.00171066456404783,1
gemm,bf16,warm,4096,4096,4096,0,100663296,137438953472,100663296,1,116,0.159631997346878,0.00171066456404783,1
gemm,bf16,warm,4096,4096,4096,0,100663296,137438953472,100663296,2,116,0.166446626186371,0.00171066456404783,1
gemm,bf16,warm,4096,4096,4096,0,100663296,137438953472,100663296,3,116,0.191065654158592,0.00171066456404783,1
gemm,bf16,warm,4096,4096,4096,0,100663296,137438953472,100663296,4,116,0.192880541086197,0.00171066456404783,1
gemm,bf16,warm,4096,4096,4096,0,100663296,137438953472,100663296,5,116,0.190762490034103,0.00171066456404783,1
gemm,bf16,warm,4096,4096,4096,0,100663296,137438953472,100663296,6,116,0.188523590564728,0.00171066456404783,1
gemm,bf16,warm,8192,8192,8192,0,402653184,1099511627776,402653184,0,13,1.44085669517517,0.00196155990413702,1
gemm,bf16,warm,8192,8192,8192,0,402653184,1099511627776,402653184,1,13,1.45192611217499,0.00196155990413702,1
gemm,bf16,warm,8192,8192,8192,0,402653184,1099511627776,402653184,2,13,1.47177112102509,0.00196155990413702,1
gemm,bf16,warm,8192,8192,8192,0,402653184,1099511627776,402653184,3,13,1.47442710399628,0.00196155990413702,1
gemm,bf16,warm,8192,8192,8192,0,402653184,1099511627776,402653184,4,13,1.4896467924118,0.00196155990413702,1
gemm,bf16,warm,8192,8192,8192,0,402653184,1099511627776,402653184,5,13,1.50126516819,0.00196155990413702,1
gemm,bf16,warm,8192,8192,8192,0,402653184,1099511627776,402653184,6,13,1.51519012451172,0.00196155990413702,1
gemm,bf16,warm,1,8192,8192,0,134250496,134217728,134250496,0,200,0.0350451208651066,0.00159905328714834,1
gemm,bf16,warm,1,8192,8192,0,134250496,134217728,134250496,1,200,0.0349406413733959,0.00159905328714834,1
gemm,bf16,warm,1,8192,8192,0,134250496,134217728,134250496,2,200,0.0349343977868557,0.00159905328714834,1
gemm,bf16,warm,1,8192,8192,0,134250496,134217728,134250496,3,200,0.0348955206573009,0.00159905328714834,1
gemm,bf16,warm,1,8192,8192,0,134250496,134217728,134250496,4,200,0.0349035188555717,0.00159905328714834,1
gemm,bf16,warm,1,8192,8192,0,134250496,134217728,134250496,5,200,0.0347723215818405,0.00159905328714834,1
gemm,bf16,warm,1,8192,8192,0,134250496,134217728,134250496,6,200,0.034761119633913,0.00159905328714834,1
gemm,bf16,warm,2,8192,8192,0,134283264,268435456,134283264,0,200,0.0527118407189846,0.00255426270291833,1
gemm,bf16,warm,2,8192,8192,0,134283264,268435456,134283264,1,200,0.0526844784617424,0.00255426270291833,1
gemm,bf16,warm,2,8192,8192,0,134283264,268435456,134283264,2,200,0.0527161583304405,0.00255426270291833,1
gemm,bf16,warm,2,8192,8192,0,134283264,268435456,134283264,3,200,0.0523335970938206,0.00255426270291833,1
gemm,bf16,warm,2,8192,8192,0,134283264,268435456,134283264,4,200,0.051767360419035,0.00255426270291833,1
gemm,bf16,warm,2,8192,8192,0,134283264,268435456,134283264,5,200,0.0517552010715008,0.00255426270291833,1
gemm,bf16,warm,2,8192,8192,0,134283264,268435456,134283264,6,200,0.0517593622207642,0.00255426270291833,1
gemm,bf16,warm,4,8192,8192,0,134348800,536870912,134348800,0,200,0.0527099184691906,0.00266300887255156,1
gemm,bf16,warm,4,8192,8192,0,134348800,536870912,134348800,1,200,0.0526518374681473,0.00266300887255156,1
gemm,bf16,warm,4,8192,8192,0,134348800,536870912,134348800,2,200,0.0527147203683853,0.00266300887255156,1
gemm,bf16,warm,4,8192,8192,0,134348800,536870912,134348800,3,200,0.0526854433119297,0.00266300887255156,1
gemm,bf16,warm,4,8192,8192,0,134348800,536870912,134348800,4,200,0.0526851192116737,0.00266300887255156,1
gemm,bf16,warm,4,8192,8192,0,134348800,536870912,134348800,5,200,0.0527008026838303,0.00266300887255156,1
gemm,bf16,warm,4,8192,8192,0,134348800,536870912,134348800,6,200,0.0527046397328377,0.00266300887255156,1
gemm,bf16,warm,8,8192,8192,0,134479872,1073741824,134479872,0,200,0.0408228784799576,0.00169396235379781,1
gemm,bf16,warm,8,8192,8192,0,134479872,1073741824,134479872,1,200,0.0407665595412254,0.00169396235379781,1
gemm,bf16,warm,8,8192,8192,0,134479872,1073741824,134479872,2,200,0.0407732836902142,0.00169396235379781,1
gemm,bf16,warm,8,8192,8192,0,134479872,1073741824,134479872,3,200,0.0407233610749245,0.00169396235379781,1
gemm,bf16,warm,8,8192,8192,0,134479872,1073741824,134479872,4,200,0.0407988801598549,0.00169396235379781,1
gemm,bf16,warm,8,8192,8192,0,134479872,1073741824,134479872,5,200,0.0408257581293583,0.00169396235379781,1
gemm,bf16,warm,8,8192,8192,0,134479872,1073741824,134479872,6,200,0.040782880038023,0.00169396235379781,1
gemm,bf16,warm,16,8192,8192,0,134742016,2147483648,134742016,0,200,0.0400552004575729,0.001948402555698,1
gemm,bf16,warm,16,8192,8192,0,134742016,2147483648,134742016,1,200,0.040119681507349,0.001948402555698,1
gemm,bf16,warm,16,8192,8192,0,134742016,2147483648,134742016,2,200,0.0401259176433086,0.001948402555698,1
gemm,bf16,warm,16,8192,8192,0,134742016,2147483648,134742016,3,200,0.0401217602193356,0.001948402555698,1
gemm,bf16,warm,16,8192,8192,0,134742016,2147483648,134742016,4,200,0.0401174388825893,0.001948402555698,1
gemm,bf16,warm,16,8192,8192,0,134742016,2147483648,134742016,5,200,0.0401124805212021,0.001948402555698,1
gemm,bf16,warm,16,8192,8192,0,134742016,2147483648,134742016,6,200,0.0401235185563564,0.001948402555698,1
gemm,bf16,warm,32,8192,8192,0,135266304,4294967296,135266304,0,200,0.0349355190992355,0.00166506969017838,1
gemm,bf16,warm,32,8192,8192,0,135266304,4294967296,135266304,1,200,0.034936960786581,0.00166506969017838,1
gemm,bf16,warm,32,8192,8192,0,135266304,4294967296,135266304,2,200,0.0349681600928307,0.00166506969017838,1
gemm,bf16,warm,32,8192,8192,0,135266304,4294967296,135266304,3,200,0.0349577590823174,0.00166506969017838,1
gemm,bf16,warm,32,8192,8192,0,135266304,4294967296,135266304,4,200,0.0349526405334473,0.00166506969017838,1
gemm,bf16,warm,32,8192,8192,0,135266304,4294967296,135266304,5,200,0.0349446386098862,0.00166506969017838,1
gemm,bf16,warm,32,8192,8192,0,135266304,4294967296,135266304,6,200,0.0349408015608788,0.00166506969017838,1
gemm,bf16,warm,64,8192,8192,0,136314880,8589934592,136314880,0,200,0.0366214402019978,0.00155328542635371,1
gemm,bf16,warm,64,8192,8192,0,136314880,8589934592,136314880,1,200,0.0366473607718945,0.00155328542635371,1
gemm,bf16,warm,64,8192,8192,0,136314880,8589934592,136314880,2,200,0.0366192013025284,0.00155328542635371,1
gemm,bf16,warm,64,8192,8192,0,136314880,8589934592,136314880,3,200,0.0366694405674934,0.00155328542635371,1
gemm,bf16,warm,64,8192,8192,0,136314880,8589934592,136314880,4,200,0.0366540774703026,0.00155328542635371,1
gemm,bf16,warm,64,8192,8192,0,136314880,8589934592,136314880,5,200,0.03665392100811,0.00155328542635371,1
gemm,bf16,warm,64,8192,8192,0,136314880,8589934592,136314880,6,200,0.0366337597370148,0.00155328542635371,1
gemm,bf16,warm,128,8192,8192,0,138412032,17179869184,138412032,0,200,0.0384118407964706,0.00176589199669178,1
gemm,bf16,warm,128,8192,8192,0,138412032,17179869184,138412032,1,200,0.0384123213589191,0.00176589199669178,1
gemm,bf16,warm,128,8192,8192,0,138412032,17179869184,138412032,2,200,0.0384473614394665,0.00176589199669178,1
gemm,bf16,warm,128,8192,8192,0,138412032,17179869184,138412032,3,200,0.0385497584939003,0.00176589199669178,1
gemm,bf16,warm,128,8192,8192,0,138412032,17179869184,138412032,4,200,0.0386926382780075,0.00176589199669178,1
gemm,bf16,warm,128,8192,8192,0,138412032,17179869184,138412032,5,200,0.0388195216655731,0.00176589199669178,1
gemm,bf16,warm,128,8192,8192,0,138412032,17179869184,138412032,6,200,0.0390857607126236,0.00176589199669178,1
gemm,bf16,warm,256,8192,8192,0,142606336,34359738368,142606336,0,200,0.0488929599523544,0.00145721684350321,1
gemm,bf16,warm,256,8192,8192,0,142606336,34359738368,142606336,1,200,0.0479806438088417,0.00145721684350321,1
gemm,bf16,warm,256,8192,8192,0,142606336,34359738368,142606336,2,200,0.0479675196111202,0.00145721684350321,1
gemm,bf16,warm,256,8192,8192,0,142606336,34359738368,142606336,3,200,0.0508798398077488,0.00145721684350321,1
gemm,bf16,warm,256,8192,8192,0,142606336,34359738368,142606336,4,200,0.0535081587731838,0.00145721684350321,1
gemm,bf16,warm,256,8192,8192,0,142606336,34359738368,142606336,5,200,0.0535207986831665,0.00145721684350321,1
gemm,bf16,warm,256,8192,8192,0,142606336,34359738368,142606336,6,200,0.0535192005336285,0.00145721684350321,1
gemm,bf16,warm,512,8192,8192,0,150994944,68719476736,150994944,0,182,0.103211961686611,0.00170620431592466,1
gemm,bf16,warm,512,8192,8192,0,150994944,68719476736,150994944,1,182,0.0995337069034576,0.00170620431592466,1
gemm,bf16,warm,512,8192,8192,0,150994944,68719476736,150994944,2,182,0.0983059331774712,0.00170620431592466,1
gemm,bf16,warm,512,8192,8192,0,150994944,68719476736,150994944,3,182,0.0984495803713799,0.00170620431592466,1
gemm,bf16,warm,512,8192,8192,0,150994944,68719476736,150994944,4,182,0.0983994752168655,0.00170620431592466,1
gemm,bf16,warm,512,8192,8192,0,150994944,68719476736,150994944,5,182,0.0980522260069847,0.00170620431592466,1
gemm,bf16,warm,512,8192,8192,0,150994944,68719476736,150994944,6,182,0.0980165302753448,0.00170620431592466,1
gemm,bf16,warm,1024,8192,8192,0,167772160,137438953472,167772160,0,96,0.190911665558815,0.00177670344327559,1
gemm,bf16,warm,1024,8192,8192,0,167772160,137438953472,167772160,1,96,0.186308324337006,0.00177670344327559,1
gemm,bf16,warm,1024,8192,8192,0,167772160,137438953472,167772160,2,96,0.183575674891472,0.00177670344327559,1
gemm,bf16,warm,1024,8192,8192,0,167772160,137438953472,167772160,3,96,0.183901324868202,0.00177670344327559,1
gemm,bf16,warm,1024,8192,8192,0,167772160,137438953472,167772160,4,96,0.183677673339844,0.00177670344327559,1
gemm,bf16,warm,1024,8192,8192,0,167772160,137438953472,167772160,5,96,0.183697655797005,0.00177670344327559,1
gemm,bf16,warm,1024,8192,8192,0,167772160,137438953472,167772160,6,96,0.183703005313873,0.00177670344327559,1
gemm,bf16,warm,2048,8192,8192,0,201326592,274877906944,201326592,0,52,0.353593856096268,0.00169340637723078,1
gemm,bf16,warm,2048,8192,8192,0,201326592,274877906944,201326592,1,52,0.350251078605652,0.00169340637723078,1
gemm,bf16,warm,2048,8192,8192,0,201326592,274877906944,201326592,2,52,0.358462154865265,0.00169340637723078,1
gemm,bf16,warm,2048,8192,8192,0,201326592,274877906944,201326592,3,52,0.362174779176712,0.00169340637723078,1
gemm,bf16,warm,2048,8192,8192,0,201326592,274877906944,201326592,4,52,0.366199374198914,0.00169340637723078,1
gemm,bf16,warm,2048,8192,8192,0,201326592,274877906944,201326592,5,52,0.36618584394455,0.00169340637723078,1
gemm,bf16,warm,2048,8192,8192,0,201326592,274877906944,201326592,6,52,0.365467697381973,0.00169340637723078,1
gemm,tf32,warm,256,256,256,0,786432,33554432,786432,0,200,0.00626352010294795,0,1
gemm,tf32,warm,256,256,256,0,786432,33554432,786432,1,200,0.00625424040481448,0,1
gemm,tf32,warm,256,256,256,0,786432,33554432,786432,2,200,0.00628239987418056,0,1
gemm,tf32,warm,256,256,256,0,786432,33554432,786432,3,200,0.006258400157094,0,1
gemm,tf32,warm,256,256,256,0,786432,33554432,786432,4,200,0.00627344008535147,0,1
gemm,tf32,warm,256,256,256,0,786432,33554432,786432,5,200,0.00626464001834393,0,1
gemm,tf32,warm,256,256,256,0,786432,33554432,786432,6,200,0.00628239987418056,0,1
gemm,tf32,cold,256,256,256,0,786432,33554432,786432,0,1,0.0121600003913045,0,1
gemm,tf32,cold,256,256,256,0,786432,33554432,786432,1,1,0.012640000320971,0,1
gemm,tf32,cold,256,256,256,0,786432,33554432,786432,2,1,0.0121280001476407,0,1
gemm,tf32,cold,256,256,256,0,786432,33554432,786432,3,1,0.0127360001206398,0,1
gemm,tf32,cold,256,256,256,0,786432,33554432,786432,4,1,0.0113599998876452,0,1
gemm,tf32,cold,256,256,256,0,786432,33554432,786432,5,1,0.0111039998009801,0,1
gemm,tf32,cold,256,256,256,0,786432,33554432,786432,6,1,0.0108160004019737,0,1
gemm,tf32,warm,512,512,512,0,3145728,268435456,3145728,0,200,0.00865008030086756,0,1
gemm,tf32,warm,512,512,512,0,3145728,268435456,3145728,1,200,0.00842464063316584,0,1
gemm,tf32,warm,512,512,512,0,3145728,268435456,3145728,2,200,0.00841888040304184,0,1
gemm,tf32,warm,512,512,512,0,3145728,268435456,3145728,3,200,0.00842512026429176,0,1
gemm,tf32,warm,512,512,512,0,3145728,268435456,3145728,4,200,0.00842208042740822,0,1
gemm,tf32,warm,512,512,512,0,3145728,268435456,3145728,5,200,0.00842383969575167,0,1
gemm,tf32,warm,512,512,512,0,3145728,268435456,3145728,6,200,0.00842848047614098,0,1
gemm,tf32,cold,512,512,512,0,3145728,268435456,3145728,0,1,0.0138560002669692,0,1
gemm,tf32,cold,512,512,512,0,3145728,268435456,3145728,1,1,0.0144959995523095,0,1
gemm,tf32,cold,512,512,512,0,3145728,268435456,3145728,2,1,0.0143999997526407,0,1
gemm,tf32,cold,512,512,512,0,3145728,268435456,3145728,3,1,0.0141120003536344,0,1
gemm,tf32,cold,512,512,512,0,3145728,268435456,3145728,4,1,0.0140800001099706,0,1
gemm,tf32,cold,512,512,512,0,3145728,268435456,3145728,5,1,0.0135679999366403,0,1
gemm,tf32,cold,512,512,512,0,3145728,268435456,3145728,6,1,0.0142400003969669,0,1
gemm,tf32,warm,1024,1024,1024,0,12582912,2147483648,12582912,0,200,0.0137259196490049,0,1
gemm,tf32,warm,1024,1024,1024,0,12582912,2147483648,12582912,1,200,0.0137371197342873,0,1
gemm,tf32,warm,1024,1024,1024,0,12582912,2147483648,12582912,2,200,0.0137430401518941,0,1
gemm,tf32,warm,1024,1024,1024,0,12582912,2147483648,12582912,3,200,0.0137419197708368,0,1
gemm,tf32,warm,1024,1024,1024,0,12582912,2147483648,12582912,4,200,0.0137368002906442,0,1
gemm,tf32,warm,1024,1024,1024,0,12582912,2147483648,12582912,5,200,0.0137174399569631,0,1
gemm,tf32,warm,1024,1024,1024,0,12582912,2147483648,12582912,6,200,0.0137411197647452,0,1
gemm,tf32,cold,1024,1024,1024,0,12582912,2147483648,12582912,0,1,0.0279360003769398,0,1
gemm,tf32,cold,1024,1024,1024,0,12582912,2147483648,12582912,1,1,0.0247039999812841,0,1
gemm,tf32,cold,1024,1024,1024,0,12582912,2147483648,12582912,2,1,0.0234880000352859,0,1
gemm,tf32,cold,1024,1024,1024,0,12582912,2147483648,12582912,3,1,0.0230400003492832,0,1
gemm,tf32,cold,1024,1024,1024,0,12582912,2147483648,12582912,4,1,0.0226879995316267,0,1
gemm,tf32,cold,1024,1024,1024,0,12582912,2147483648,12582912,5,1,0.0227199997752905,0,1
gemm,tf32,cold,1024,1024,1024,0,12582912,2147483648,12582912,6,1,0.0228160005062819,0,1
gemm,tf32,warm,2048,2048,2048,0,50331648,17179869184,50331648,0,200,0.0487828776240349,0,1
gemm,tf32,warm,2048,2048,2048,0,50331648,17179869184,50331648,1,200,0.048347357660532,0,1
gemm,tf32,warm,2048,2048,2048,0,50331648,17179869184,50331648,2,200,0.0484422408044338,0,1
gemm,tf32,warm,2048,2048,2048,0,50331648,17179869184,50331648,3,200,0.0480502396821976,0,1
gemm,tf32,warm,2048,2048,2048,0,50331648,17179869184,50331648,4,200,0.0480951964855194,0,1
gemm,tf32,warm,2048,2048,2048,0,50331648,17179869184,50331648,5,200,0.048980962485075,0,1
gemm,tf32,warm,2048,2048,2048,0,50331648,17179869184,50331648,6,200,0.048966396600008,0,1
gemm,tf32,cold,2048,2048,2048,0,50331648,17179869184,50331648,0,1,0.0585279986262321,0,1
gemm,tf32,cold,2048,2048,2048,0,50331648,17179869184,50331648,1,1,0.058143999427557,0,1
gemm,tf32,cold,2048,2048,2048,0,50331648,17179869184,50331648,2,1,0.0594559982419014,0,1
gemm,tf32,cold,2048,2048,2048,0,50331648,17179869184,50331648,3,1,0.0581759996712208,0,1
gemm,tf32,cold,2048,2048,2048,0,50331648,17179869184,50331648,4,1,0.0585919991135597,0,1
gemm,tf32,cold,2048,2048,2048,0,50331648,17179869184,50331648,5,1,0.0584320016205311,0,1
gemm,tf32,cold,2048,2048,2048,0,50331648,17179869184,50331648,6,1,0.0578560009598732,0,1
gemm,tf32,warm,4096,4096,4096,0,201326592,137438953472,201326592,0,56,0.334532558917999,0,1
gemm,tf32,warm,4096,4096,4096,0,201326592,137438953472,201326592,1,56,0.336841136217117,0,1
gemm,tf32,warm,4096,4096,4096,0,201326592,137438953472,201326592,2,56,0.354682266712189,0,1
gemm,tf32,warm,4096,4096,4096,0,201326592,137438953472,201326592,3,56,0.355699449777603,0,1
gemm,tf32,warm,4096,4096,4096,0,201326592,137438953472,201326592,4,56,0.35481259226799,0,1
gemm,tf32,warm,4096,4096,4096,0,201326592,137438953472,201326592,5,56,0.354613125324249,0,1
gemm,tf32,warm,4096,4096,4096,0,201326592,137438953472,201326592,6,56,0.355222284793854,0,1
gemm,tf32,warm,8192,8192,8192,0,805306368,1099511627776,805306368,0,7,2.61372351646423,0,1
gemm,tf32,warm,8192,8192,8192,0,805306368,1099511627776,805306368,1,7,2.69667196273804,0,1
gemm,tf32,warm,8192,8192,8192,0,805306368,1099511627776,805306368,2,7,2.73872923851013,0,1
gemm,tf32,warm,8192,8192,8192,0,805306368,1099511627776,805306368,3,7,2.75392460823059,0,1
gemm,tf32,warm,8192,8192,8192,0,805306368,1099511627776,805306368,4,7,2.74080014228821,0,1
gemm,tf32,warm,8192,8192,8192,0,805306368,1099511627776,805306368,5,7,2.74119329452515,0,1
gemm,tf32,warm,8192,8192,8192,0,805306368,1099511627776,805306368,6,7,2.74080896377563,0,1
gemm,tf32,warm,1,8192,8192,0,268500992,134217728,268500992,0,200,0.0665616020560265,0,1
gemm,tf32,warm,1,8192,8192,0,268500992,134217728,268500992,1,200,0.0664396807551384,0,1
gemm,tf32,warm,1,8192,8192,0,268500992,134217728,268500992,2,200,0.0661660805344582,0,1
gemm,tf32,warm,1,8192,8192,0,268500992,134217728,268500992,3,200,0.0661332830786705,0,1
gemm,tf32,warm,1,8192,8192,0,268500992,134217728,268500992,4,200,0.0658843219280243,0,1
gemm,tf32,warm,1,8192,8192,0,268500992,134217728,268500992,5,200,0.0660118386149406,0,1
gemm,tf32,warm,1,8192,8192,0,268500992,134217728,268500992,6,200,0.0659390389919281,0,1
gemm,tf32,warm,2,8192,8192,0,268566528,268435456,268566528,0,177,0.10619317740202,0,1
gemm,tf32,warm,2,8192,8192,0,268566528,268435456,268566528,1,177,0.106125198304653,0,1
gemm,tf32,warm,2,8192,8192,0,268566528,268435456,268566528,2,177,0.106118507683277,0,1
gemm,tf32,warm,2,8192,8192,0,268566528,268435456,268566528,3,177,0.106117784976959,0,1
gemm,tf32,warm,2,8192,8192,0,268566528,268435456,268566528,4,177,0.106125019490719,0,1
gemm,tf32,warm,2,8192,8192,0,268566528,268435456,268566528,5,177,0.106117062270641,0,1
gemm,tf32,warm,2,8192,8192,0,268566528,268435456,268566528,6,177,0.106064811348915,0,1
gemm,tf32,warm,4,8192,8192,0,268697600,536870912,268697600,0,196,0.0926566496491432,0,1
gemm,tf32,warm,4,8192,8192,0,268697600,536870912,268697600,1,196,0.0927031859755516,0,1
gemm,tf32,warm,4,8192,8192,0,268697600,536870912,268697600,2,196,0.0926334708929062,0,1
gemm,tf32,warm,4,8192,8192,0,268697600,536870912,268697600,3,196,0.0926886573433876,0,1
gemm,tf32,warm,4,8192,8192,0,268697600,536870912,268697600,4,196,0.0926427766680717,0,1
gemm,tf32,warm,4,8192,8192,0,268697600,536870912,268697600,5,196,0.0926192626357079,0,1
gemm,tf32,warm,4,8192,8192,0,268697600,536870912,268697600,6,196,0.0926318392157555,0,1
gemm,tf32,warm,8,8192,8192,0,268959744,1073741824,268959744,0,200,0.0800835192203522,0,1
gemm,tf32,warm,8,8192,8192,0,268959744,1073741824,268959744,1,200,0.0801118388772011,0,1
gemm,tf32,warm,8,8192,8192,0,268959744,1073741824,268959744,2,200,0.0801380798220634,0,1
gemm,tf32,warm,8,8192,8192,0,268959744,1073741824,268959744,3,200,0.0800753608345985,0,1
gemm,tf32,warm,8,8192,8192,0,268959744,1073741824,268959744,4,200,0.0801179185509682,0,1
gemm,tf32,warm,8,8192,8192,0,268959744,1073741824,268959744,5,200,0.0801073610782623,0,1
gemm,tf32,warm,8,8192,8192,0,268959744,1073741824,268959744,6,200,0.0800958424806595,0,1
gemm,tf32,warm,16,8192,8192,0,269484032,2147483648,269484032,0,200,0.0778131186962128,0,1
gemm,tf32,warm,16,8192,8192,0,269484032,2147483648,269484032,1,200,0.0778243243694305,0,1
gemm,tf32,warm,16,8192,8192,0,269484032,2147483648,269484032,2,200,0.0777960047125816,0,1
gemm,tf32,warm,16,8192,8192,0,269484032,2147483648,269484032,3,200,0.0777676850557327,0,1
gemm,tf32,warm,16,8192,8192,0,269484032,2147483648,269484032,4,200,0.0777798444032669,0,1
gemm,tf32,warm,16,8192,8192,0,269484032,2147483648,269484032,5,200,0.0777569562196732,0,1
gemm,tf32,warm,16,8192,8192,0,269484032,2147483648,269484032,6,200,0.077791839838028,0,1
gemm,tf32,warm,32,8192,8192,0,270532608,4294967296,270532608,0,200,0.0746507197618484,0,1
gemm,tf32,warm,32,8192,8192,0,270532608,4294967296,270532608,1,200,0.0746364817023277,0,1
gemm,tf32,warm,32,8192,8192,0,270532608,4294967296,270532608,2,200,0.0746249556541443,0,1
gemm,tf32,warm,32,8192,8192,0,270532608,4294967296,270532608,3,200,0.074608638882637,0,1
gemm,tf32,warm,32,8192,8192,0,270532608,4294967296,270532608,4,200,0.0746857598423958,0,1
gemm,tf32,warm,32,8192,8192,0,270532608,4294967296,270532608,5,200,0.0746491178870201,0,1
gemm,tf32,warm,32,8192,8192,0,270532608,4294967296,270532608,6,200,0.0746695995330811,0,1
gemm,tf32,warm,64,8192,8192,0,272629760,8589934592,272629760,0,200,0.0879673585295677,0,1
gemm,tf32,warm,64,8192,8192,0,272629760,8589934592,272629760,1,200,0.0879467204213142,0,1
gemm,tf32,warm,64,8192,8192,0,272629760,8589934592,272629760,2,200,0.0879081636667252,0,1
gemm,tf32,warm,64,8192,8192,0,272629760,8589934592,272629760,3,200,0.0879083126783371,0,1
gemm,tf32,warm,64,8192,8192,0,272629760,8589934592,272629760,4,200,0.0878838449716568,0,1
gemm,tf32,warm,64,8192,8192,0,272629760,8589934592,272629760,5,200,0.0878889560699463,0,1
gemm,tf32,warm,64,8192,8192,0,272629760,8589934592,272629760,6,200,0.0878860726952553,0,1
gemm,tf32,warm,128,8192,8192,0,276824064,17179869184,276824064,0,200,0.0736971199512482,0,1
gemm,tf32,warm,128,8192,8192,0,276824064,17179869184,276824064,1,200,0.0737756788730621,0,1
gemm,tf32,warm,128,8192,8192,0,276824064,17179869184,276824064,2,200,0.0741382390260696,0,1
gemm,tf32,warm,128,8192,8192,0,276824064,17179869184,276824064,3,200,0.0751750394701958,0,1
gemm,tf32,warm,128,8192,8192,0,276824064,17179869184,276824064,4,200,0.075542077422142,0,1
gemm,tf32,warm,128,8192,8192,0,276824064,17179869184,276824064,5,200,0.075609914958477,0,1
gemm,tf32,warm,128,8192,8192,0,276824064,17179869184,276824064,6,200,0.0756750404834747,0,1
gemm,tf32,warm,256,8192,8192,0,285212672,34359738368,285212672,0,160,0.110978603363037,0,1
gemm,tf32,warm,256,8192,8192,0,285212672,34359738368,285212672,1,160,0.109569393098354,0,1
gemm,tf32,warm,256,8192,8192,0,285212672,34359738368,285212672,2,160,0.11509720236063,0,1
gemm,tf32,warm,256,8192,8192,0,285212672,34359738368,285212672,3,160,0.117371998727322,0,1
gemm,tf32,warm,256,8192,8192,0,285212672,34359738368,285212672,4,160,0.11732180416584,0,1
gemm,tf32,warm,256,8192,8192,0,285212672,34359738368,285212672,5,160,0.115249797701836,0,1
gemm,tf32,warm,256,8192,8192,0,285212672,34359738368,285212672,6,160,0.114459797739983,0,1
gemm,tf32,warm,512,8192,8192,0,301989888,68719476736,301989888,0,98,0.18699885904789,0,1
gemm,tf32,warm,512,8192,8192,0,301989888,68719476736,301989888,1,98,0.177506297826767,0,1
gemm,tf32,warm,512,8192,8192,0,301989888,68719476736,301989888,2,98,0.177395582199097,0,1
gemm,tf32,warm,512,8192,8192,0,301989888,68719476736,301989888,3,98,0.18001501262188,0,1
gemm,tf32,warm,512,8192,8192,0,301989888,68719476736,301989888,4,98,0.1809191852808,0,1
gemm,tf32,warm,512,8192,8192,0,301989888,68719476736,301989888,5,98,0.181180074810982,0,1
gemm,tf32,warm,512,8192,8192,0,301989888,68719476736,301989888,6,98,0.18129175901413,0,1
gemm,tf32,warm,1024,8192,8192,0,335544320,137438953472,335544320,0,53,0.351105809211731,0,1
gemm,tf32,warm,1024,8192,8192,0,335544320,137438953472,335544320,1,53,0.339366048574448,0,1
gemm,tf32,warm,1024,8192,8192,0,335544320,137438953472,335544320,2,53,0.345057785511017,0,1
gemm,tf32,warm,1024,8192,8192,0,335544320,137438953472,335544320,3,53,0.348605006933212,0,1
gemm,tf32,warm,1024,8192,8192,0,335544320,137438953472,335544320,4,53,0.346688598394394,0,1
gemm,tf32,warm,1024,8192,8192,0,335544320,137438953472,335544320,5,53,0.347848474979401,0,1
gemm,tf32,warm,1024,8192,8192,0,335544320,137438953472,335544320,6,53,0.347044229507446,0,1
gemm,tf32,warm,2048,8192,8192,0,402653184,274877906944,402653184,0,28,0.677418291568756,0,1
gemm,tf32,warm,2048,8192,8192,0,402653184,274877906944,402653184,1,28,0.668068528175354,0,1
gemm,tf32,warm,2048,8192,8192,0,402653184,274877906944,402653184,2,28,0.681521117687225,0,1
gemm,tf32,warm,2048,8192,8192,0,402653184,274877906944,402653184,3,28,0.685502886772156,0,1
gemm,tf32,warm,2048,8192,8192,0,402653184,274877906944,402653184,4,28,0.68483430147171,0,1
gemm,tf32,warm,2048,8192,8192,0,402653184,274877906944,402653184,5,28,0.684560000896454,0,1
gemm,tf32,warm,2048,8192,8192,0,402653184,274877906944,402653184,6,28,0.685111999511719,0,1
