batch,prompt_length,repeat,step,gpu_decode_ms,wall_decode_ms
1,128,0,1,11.469599723815918,11.49225200060755
1,128,0,2,11.495424270629883,11.518029030412436
1,128,0,3,11.37548828125,11.398351052775979
1,128,0,4,11.431327819824219,11.454247985966504
1,128,0,5,11.419872283935547,11.449065059423447
1,128,0,6,11.431296348571777,11.452982085756958
1,128,0,7,11.487008094787598,11.50856597814709
1,128,0,8,11.45849609375,11.480640969239175
1,128,0,9,11.420319557189941,11.443043011240661
1,128,0,10,11.395039558410645,11.416860041208565
1,128,0,11,11.485024452209473,11.507334071211517
1,128,0,12,11.493632316589355,11.515493039041758
1,128,0,13,11.532480239868164,11.554628028534353
1,128,0,14,11.575103759765625,11.597812990657985
1,128,0,15,11.43507194519043,11.458470951765776
1,128,0,16,11.516480445861816,11.538960039615631
1,128,0,17,11.495200157165527,11.518195969983935
1,128,0,18,11.52563190460205,11.548326001502573
1,128,0,19,11.422528266906738,11.44554396159947
1,128,0,20,11.422752380371094,11.445544892922044
1,128,0,21,11.475232124328613,11.49812899529934
1,128,0,22,11.439871788024902,11.462737922556698
1,128,0,23,11.56272029876709,11.585820000618696
1,128,0,24,11.4716796875,11.494668084196746
1,128,0,25,11.496095657348633,11.519400053657591
1,128,0,26,11.517279624938965,11.53925305698067
1,128,0,27,11.551424026489258,11.574453092180192
1,128,0,28,11.556991577148438,11.579348938539624
1,128,0,29,11.563776016235352,11.586630949750543
1,128,0,30,11.497856140136719,11.52088399976492
1,128,0,31,11.52511978149414,11.548014008440077
1,128,0,32,11.535872459411621,11.558445985428989
1,128,0,33,11.496095657348633,11.518753948621452
1,128,0,34,11.528672218322754,11.550905997864902
1,128,0,35,11.582240104675293,11.604574974626303
1,128,0,36,11.431072235107422,11.453226092271507
1,128,0,37,11.456031799316406,11.477911961264908
1,128,0,38,11.70524787902832,11.72803493682295
1,128,0,39,11.46617603302002,11.488474090583622
1,128,0,40,11.502016067504883,11.531754047609866
1,128,0,41,11.386176109313965,11.40856696292758
1,128,0,42,11.516223907470703,11.538350023329258
1,128,0,43,11.533439636230469,11.555938981473446
1,128,0,44,11.53667163848877,11.55978802125901
1,128,0,45,11.476320266723633,11.499040992930532
1,128,0,46,11.45088005065918,11.473725084215403
1,128,0,47,11.45462417602539,11.477034073323011
1,128,0,48,11.434911727905273,11.457702959887683
1,128,0,49,11.520288467407227,11.542566935531795
1,128,0,50,11.469375610351562,11.492289020679891
1,128,0,51,11.474720001220703,11.498074047267437
1,128,0,52,11.441439628601074,11.463732924312353
1,128,0,53,11.437472343444824,11.459870031103492
1,128,0,54,11.375328063964844,11.398024973459542
1,128,0,55,11.475199699401855,11.49828196503222
1,128,0,56,11.534048080444336,11.557276011444628
1,128,0,57,11.465696334838867,11.488624033518136
1,128,0,58,11.401663780212402,11.424608994275331
1,128,0,59,11.510687828063965,11.53348304796964
1,128,0,60,11.545248031616211,11.568323941901326
1,128,0,61,11.45952033996582,11.482108035124838
1,128,0,62,11.46281623840332,11.484466027468443
1,128,0,63,11.474016189575195,11.496949940919876
1,128,1,1,11.56332778930664,11.584665975533426
1,128,1,2,11.57084846496582,11.592347058467567
1,128,1,3,11.501312255859375,11.523428955115378
1,128,1,4,11.513407707214355,11.535297031514347
1,128,1,5,11.47868824005127,11.501008993946016
1,128,1,6,11.517312049865723,11.53963792603463
1,128,1,7,11.54355239868164,11.565080028958619
1,128,1,8,11.506879806518555,11.528396978974342
1,128,1,9,11.527584075927734,11.549182003363967
1,128,1,10,11.473440170288086,11.49541896302253
1,128,1,11,11.499232292175293,11.520653031766415
1,128,1,12,11.516256332397461,11.537408106960356
1,128,1,13,11.476448059082031,11.498127016238868
1,128,1,14,11.532959938049316,11.554589960724115
1,128,1,15,11.48624038696289,11.508023017086089
1,128,1,16,11.622143745422363,11.643341975286603
1,128,1,17,11.464032173156738,11.486481060273945
1,128,1,18,11.493056297302246,11.514008976519108
1,128,1,19,11.532671928405762,11.554274009540677
1,128,1,20,11.492223739624023,11.513779987581074
1,128,1,21,11.514880180358887,11.536696925759315
1,128,1,22,11.495136260986328,11.517011909745634
1,128,1,23,11.457663536071777,11.480497079901397
1,128,1,24,11.497247695922852,11.519653955474496
1,128,1,25,11.520031929016113,11.542010004632175
1,128,1,26,11.55401611328125,11.57544192392379
1,128,1,27,11.568639755249023,11.590330046601593
1,128,1,28,11.560735702514648,11.582595994696021
1,128,1,29,11.579008102416992,11.601598002016544
1,128,1,30,11.483455657958984,11.504943016916513
1,128,1,31,11.55833625793457,11.580099002458155
1,128,1,32,11.584671974182129,11.606217944063246
1,128,1,33,11.568991661071777,11.591112008318305
1,128,1,34,11.531840324401855,11.553833028301597
1,128,1,35,11.526687622070312,11.54854497872293
1,128,1,36,11.508319854736328,11.530849966220558
1,128,1,37,11.46127986907959,11.483815032988787
1,128,1,38,11.49824047088623,11.52013405226171
1,128,1,39,11.479455947875977,11.50229200720787
1,128,1,40,11.5032958984375,11.525012087076902
1,128,1,41,11.491104125976562,11.512676952406764
1,128,1,42,11.543328285217285,11.564547079615295
1,128,1,43,11.531488418579102,11.553504038602114
1,128,1,44,11.427807807922363,11.44887798000127
1,128,1,45,11.468640327453613,11.490576900541782
1,128,1,46,11.492287635803223,11.514164973050356
1,128,1,47,11.487711906433105,11.509636999107897
1,128,1,48,11.459136009216309,11.481047957204282
1,128,1,49,11.407584190368652,11.430409038439393
1,128,1,50,11.563648223876953,11.58657402265817
1,128,1,51,11.541407585144043,11.562985950149596
1,128,1,52,11.49449634552002,11.516697006300092
1,128,1,53,11.446687698364258,11.469068005681038
1,128,1,54,11.537759780883789,11.55909604858607
1,128,1,55,11.525247573852539,11.551477015018463
1,128,1,56,11.500351905822754,11.523235938511789
1,128,1,57,11.532480239868164,11.553572956472635
1,128,1,58,11.458592414855957,11.480290093459189
1,128,1,59,11.48259162902832,11.504373978823423
1,128,1,60,11.509344100952148,11.53168291784823
1,128,1,61,11.53711986541748,11.55932992696762
1,128,1,62,11.556991577148438,11.578368954360485
1,128,1,63,11.565471649169922,11.587604996748269
1,128,2,1,11.594719886779785,11.615782976150513
1,128,2,2,11.568127632141113,11.589513975195587
1,128,2,3,11.585472106933594,11.607605032622814
1,128,2,4,11.522432327270508,11.54446101281792
1,128,2,5,11.574560165405273,11.595620075240731
1,128,2,6,11.532447814941406,11.554152006283402
1,128,2,7,11.566847801208496,11.588884051889181
1,128,2,8,11.548704147338867,11.569960042834282
1,128,2,9,11.542880058288574,11.56433904543519
1,128,2,10,11.474559783935547,11.496172053739429
1,128,2,11,11.545984268188477,11.56695804093033
1,128,2,12,11.533056259155273,11.555177974514663
1,128,2,13,11.425472259521484,11.448945035226643
1,128,2,14,11.526847839355469,11.549074086360633
1,128,2,15,11.499648094177246,11.522055952809751
1,128,2,16,11.553024291992188,11.574228992685676
1,128,2,17,11.542464256286621,11.564404936507344
1,128,2,18,11.48425579071045,11.506521026603878
1,128,2,19,11.55519962310791,11.576920980587602
1,128,2,20,11.518431663513184,11.546491994522512
1,128,2,21,11.557215690612793,11.579114012420177
1,128,2,22,11.573344230651855,11.59440097399056
1,128,2,23,11.51318359375,11.534924968145788
1,128,2,24,11.509119987487793,11.531374999321997
1,128,2,25,11.53264045715332,11.553584015928209
1,128,2,26,11.539263725280762,11.560943094082177
1,128,2,27,11.581727981567383,11.604320025071502
1,128,2,28,11.573247909545898,11.595214949920774
1,128,2,29,11.618528366088867,11.64091203827411
1,128,2,30,11.552672386169434,11.574785923585296
1,128,2,31,11.644672393798828,11.666508973576128
1,128,2,32,11.502079963684082,11.524368892423809
1,128,2,33,11.55840015411377,11.580953956581652
1,128,2,34,11.585311889648438,11.606968939304352
1,128,2,35,11.64521598815918,11.666718986816704
1,128,2,36,11.61731243133545,11.639064992778003
1,128,2,37,11.517439842224121,11.538594029843807
1,128,2,38,11.540063858032227,11.560995946638286
1,128,2,39,11.522015571594238,11.544091044925153
1,128,2,40,11.56710433959961,11.588798020966351
1,128,2,41,11.573856353759766,11.595708085224032
1,128,2,42,11.501855850219727,11.523562017828226
1,128,2,43,11.554783821105957,11.576034012250602
1,128,2,44,11.518560409545898,11.540508014149964
1,128,2,45,11.622976303100586,11.645033955574036
1,128,2,46,11.56447982788086,11.58652501180768
1,128,2,47,11.51375961303711,11.5354610607028
1,128,2,48,11.53929615020752,11.560827028006315
1,128,2,49,11.608511924743652,11.63059996906668
1,128,2,50,11.634143829345703,11.65681704878807
1,128,2,51,11.528960227966309,11.550376075319946
1,128,2,52,11.492608070373535,11.515086982399225
1,128,2,53,11.469696044921875,11.491607059724629
1,128,2,54,11.474111557006836,11.496065999381244
1,128,2,55,11.515551567077637,11.537023936398327
1,128,2,56,11.536447525024414,11.558827012777328
1,128,2,57,11.533920288085938,11.55595201998949
1,128,2,58,11.561023712158203,11.58296992070973
1,128,2,59,11.51801586151123,11.540470062755048
1,128,2,60,11.539487838745117,11.561186984181404
1,128,2,61,11.49516773223877,11.516355909407139
1,128,2,62,11.51904010772705,11.540206032805145
1,128,2,63,11.52889633178711,11.550583061762154
1,128,3,1,11.580384254455566,11.60314108710736
1,128,3,2,11.584927558898926,11.607366963289678
1,128,3,3,11.529791831970215,11.5516590885818
1,128,3,4,11.512415885925293,11.535184923559427
1,128,3,5,11.534560203552246,11.555570061318576
1,128,3,6,11.55561637878418,11.577100958675146
1,128,3,7,11.538111686706543,11.55937509611249
1,128,3,8,11.553983688354492,11.575647979043424
1,128,3,9,11.502431869506836,11.524811969138682
1,128,3,10,11.501952171325684,11.523989029228687
1,128,3,11,11.540800094604492,11.562408064492047
1,128,3,12,11.536128044128418,11.557469028048217
1,128,3,13,11.520832061767578,11.548027978278697
1,128,3,14,11.558367729187012,11.579736019484699
1,128,3,15,11.500927925109863,11.52234396431595
1,128,3,16,11.546784400939941,11.568700079806149
1,128,3,17,11.526944160461426,11.5489560412243
1,128,3,18,11.529727935791016,11.550911935046315
1,128,3,19,11.511584281921387,11.533663026057184
1,128,3,20,11.650208473205566,11.672478052787483
1,128,3,21,11.400575637817383,11.422568932175636
1,128,3,22,11.561599731445312,11.583184008486569
1,128,3,23,11.515839576721191,11.537015088833869
1,128,3,24,11.497056007385254,11.519439984112978
1,128,3,25,11.476608276367188,11.498558102175593
1,128,3,26,11.54099178314209,11.563144042156637
1,128,3,27,11.547455787658691,11.571446084417403
1,128,3,28,11.591520309448242,11.613609036430717
1,128,3,29,11.540736198425293,11.562898056581616
1,128,3,30,11.436287879943848,11.458209017291665
1,128,3,31,11.47532844543457,11.497477069497108
1,128,3,32,11.558272361755371,11.581136961467564
1,128,3,33,11.498335838317871,11.519613093696535
1,128,3,34,11.482943534851074,11.504946975037456
1,128,3,35,11.518688201904297,11.539674014784396
1,128,3,36,11.531135559082031,11.55287295114249
1,128,3,37,11.456992149353027,11.478818021714687
1,128,3,38,11.516544342041016,11.538265040144324
1,128,3,39,11.494048118591309,11.515502934344113
1,128,3,40,11.471327781677246,11.493516969494522
1,128,3,41,11.486207962036133,11.50785991922021
1,128,3,42,11.527968406677246,11.549882008694112
1,128,3,43,11.565888404846191,11.587830958887935
1,128,3,44,11.526016235351562,11.547273956239223
1,128,3,45,11.432831764221191,11.45487604662776
1,128,3,46,11.537952423095703,11.559013975784183
1,128,3,47,11.47043228149414,11.492391000501812
1,128,3,48,11.518560409545898,11.540212901309133
1,128,3,49,11.52393627166748,11.545937042683363
1,128,3,50,11.512543678283691,11.53439690824598
1,128,3,51,11.560416221618652,11.582019040361047
1,128,3,52,11.4868803024292,11.509262956678867
1,128,3,53,11.501440048217773,11.522824061103165
1,128,3,54,11.545439720153809,11.566896922886372
1,128,3,55,11.50278377532959,11.524711968377233
1,128,3,56,11.54800033569336,11.569516034796834
1,128,3,57,11.517248153686523,11.538385064341128
1,128,3,58,11.4967041015625,11.518215062096715
1,128,3,59,11.4900484085083,11.511413031257689
1,128,3,60,11.529888153076172,11.551851988770068
1,128,3,61,11.538847923278809,11.560234008356929
1,128,3,62,11.5348482131958,11.557119898498058
1,128,3,63,11.536959648132324,11.559910955838859
1,128,4,1,11.540575981140137,11.562823900021613
1,128,4,2,11.598048210144043,11.620476958341897
1,128,4,3,11.488287925720215,11.510964017361403
1,128,4,4,11.512351989746094,11.534860939718783
1,128,4,5,11.447232246398926,11.468990007415414
1,128,4,6,11.512319564819336,11.53442298527807
1,128,4,7,11.57692813873291,11.598495999351144
1,128,4,8,11.542719841003418,11.564373970031738
1,128,4,9,11.522432327270508,11.544057982973754
1,128,4,10,11.503264427185059,11.525340029038489
1,128,4,11,11.526687622070312,11.548848007805645
1,128,4,12,11.582176208496094,11.604674044065177
1,128,4,13,11.54377555847168,11.570016969926655
1,128,4,14,11.758432388305664,11.780876899138093
1,128,4,15,11.545663833618164,11.567504960112274
1,128,4,16,11.523776054382324,11.545829940587282
1,128,4,17,11.532352447509766,11.561015038751066
1,128,4,18,11.506624221801758,11.528800008818507
1,128,4,19,11.538047790527344,11.560073005966842
1,128,4,20,11.549056053161621,11.572470073588192
1,128,4,21,11.49289608001709,11.515695019625127
1,128,4,22,11.572416305541992,11.594334035180509
1,128,4,23,11.494303703308105,11.516893049702048
1,128,4,24,11.502847671508789,11.524933041073382
1,128,4,25,11.504544258117676,11.526984046213329
1,128,4,26,11.531935691833496,11.554704047739506
1,128,4,27,11.533663749694824,11.555696022696793
1,128,4,28,11.548768043518066,11.571194976568222
1,128,4,29,11.599295616149902,11.621430050581694
1,128,4,30,11.500927925109863,11.523604043759406
1,128,4,31,11.572416305541992,11.594075942412019
1,128,4,32,11.549023628234863,11.570642003789544
1,128,4,33,11.506784439086914,11.528791976161301
1,128,4,34,11.573760032653809,11.595053947530687
1,128,4,35,11.59382438659668,11.615772033110261
1,128,4,36,11.519935607910156,11.541513027623296
1,128,4,37,11.403136253356934,11.425709933973849
1,128,4,38,11.469216346740723,11.491282028146088
1,128,4,39,11.499711990356445,11.521494016051292
1,128,4,40,11.475520133972168,11.497030965983868
1,128,4,41,11.529184341430664,11.551609029993415
1,128,4,42,11.4782075881958,11.501022963784635
1,128,4,43,11.47555160522461,11.49749697651714
1,128,4,44,11.56991958618164,11.591842048801482
1,128,4,45,11.466527938842773,11.487637064419687
1,128,4,46,11.487775802612305,11.508751078508794
1,128,4,47,11.472224235534668,11.493467027321458
1,128,4,48,11.502016067504883,11.523187975399196
1,128,4,49,11.519552230834961,11.541691957972944
1,128,4,50,11.440032005310059,11.46268006414175
1,128,4,51,11.539327621459961,11.561405030079186
1,128,4,52,11.544992446899414,11.56729704234749
1,128,4,53,11.498368263244629,11.520660016685724
1,128,4,54,11.505887985229492,11.52756903320551
1,128,4,55,11.487808227539062,11.510265059769154
1,128,4,56,11.544927597045898,11.567219975404441
1,128,4,57,11.536128044128418,11.558740981854498
1,128,4,58,11.476767539978027,11.498740990646183
1,128,4,59,11.4585599899292,11.48110197391361
1,128,4,60,11.509663581848145,11.531532043591142
1,128,4,61,11.43552017211914,11.457742075435817
1,128,4,62,11.475263595581055,11.497737956233323
1,128,4,63,11.446175575256348,11.469473014585674
1,128,5,1,11.612959861755371,11.635084985755384
1,128,5,2,11.65392017364502,11.675416957587004
1,128,5,3,11.532896041870117,11.55404793098569
1,128,5,4,11.513055801391602,11.53531891759485
1,128,5,5,11.548895835876465,11.570633971132338
1,128,5,6,11.527487754821777,11.549270013347268
1,128,5,7,11.626208305358887,11.647798935882747
1,128,5,8,11.49897575378418,11.521703097969294
1,128,5,9,11.511136054992676,11.533343931660056
1,128,5,10,11.516127586364746,11.537087033502758
1,128,5,11,11.529824256896973,11.552075971849263
1,128,5,12,11.551584243774414,11.57411199528724
1,128,5,13,11.528672218322754,11.54945301823318
1,128,5,14,11.545120239257812,11.567117995582521
1,128,5,15,11.534751892089844,11.556957964785397
1,128,5,16,11.5698881149292,11.591596994549036
1,128,5,17,11.518912315368652,11.540360981598496
1,128,5,18,11.510496139526367,11.532044969499111
1,128,5,19,11.573535919189453,11.59415498841554
1,128,5,20,11.573599815368652,11.59500703215599
1,128,5,21,11.505472183227539,11.52696495410055
1,128,5,22,11.547712326049805,11.570004979148507
1,128,5,23,11.522303581237793,11.543459026142955
1,128,5,24,11.534144401550293,11.555528035387397
1,128,5,25,11.557951927185059,11.579471989534795
1,128,5,26,11.606816291809082,11.628709034994245
1,128,5,27,11.623167991638184,11.645121965557337
1,128,5,28,11.636992454528809,11.658742907457054
1,128,5,29,11.60534381866455,11.626642080955207
1,128,5,30,11.58995246887207,11.611846974119544
1,128,5,31,11.54092788696289,11.562002939172089
1,128,5,32,11.606623649597168,11.627681087702513
1,128,5,33,11.601696014404297,11.623569065704942
1,128,5,34,11.559840202331543,11.580535909160972
1,128,5,35,11.621503829956055,11.642541969195008
1,128,5,36,11.511679649353027,11.532521923072636
1,128,5,37,11.536735534667969,11.558301048353314
1,128,5,38,11.59500789642334,11.616684030741453
1,128,5,39,11.54047966003418,11.562246014364064
1,128,5,40,11.563776016235352,11.585662025026977
1,128,5,41,11.470848083496094,11.492808000184596
1,128,5,42,11.528575897216797,11.550378985702991
1,128,5,43,11.611136436462402,11.634237947873771
1,128,5,44,11.545696258544922,11.568021960556507
1,128,5,45,11.54319953918457,11.564699932932854
1,128,5,46,11.502400398254395,11.524308007210493
1,128,5,47,11.528544425964355,11.549483053386211
1,128,5,48,11.538240432739258,11.559784994460642
1,128,5,49,11.507904052734375,11.532278964295983
1,128,5,50,11.525919914245605,11.54701504856348
1,128,5,51,11.543999671936035,11.566361063160002
1,128,5,52,11.50979232788086,11.531599913723767
1,128,5,53,11.476384162902832,11.497801053337753
1,128,5,54,11.521599769592285,11.54245005454868
1,128,5,55,11.511008262634277,11.532659991644323
1,128,5,56,11.525856018066406,11.5473069017753
1,128,5,57,11.492768287658691,11.515475925989449
1,128,5,58,11.535072326660156,11.55654399190098
1,128,5,59,11.531776428222656,11.552733951248229
1,128,5,60,11.562335968017578,11.584524065256119
1,128,5,61,11.525407791137695,11.546556022949517
1,128,5,62,11.483391761779785,11.504975031130016
1,128,5,63,11.538847923278809,11.559979990124702
1,128,6,1,11.613280296325684,11.63412700407207
1,128,6,2,11.584575653076172,11.605372070334852
1,128,6,3,11.535296440124512,11.55653700698167
1,128,6,4,11.49824047088623,11.520711937919259
1,128,6,5,11.467583656311035,11.488889926113188
1,128,6,6,11.49443244934082,11.51529501657933
1,128,6,7,11.521183967590332,11.54196891002357
1,128,6,8,11.459615707397461,11.480723973363638
1,128,6,9,11.4835844039917,11.505455011501908
1,128,6,10,11.46828842163086,11.490363976918161
1,128,6,11,11.490431785583496,11.511977994814515
1,128,6,12,11.460415840148926,11.482022004202008
1,128,6,13,11.423168182373047,11.444817064329982
1,128,6,14,11.510751724243164,11.532469070516527
1,128,6,15,11.480544090270996,11.501742992550135
1,128,6,16,11.528736114501953,11.550799943506718
1,128,6,17,11.535872459411621,11.557096033357084
1,128,6,18,11.52246379852295,11.544439010322094
1,128,6,19,11.536319732666016,11.558274971321225
1,128,6,20,11.499808311462402,11.521970969624817
1,128,6,21,11.498016357421875,11.519222985953093
1,128,6,22,11.540767669677734,11.563001084141433
1,128,6,23,11.469375610351562,11.490660021081567
1,128,6,24,11.492511749267578,11.513793026097119
1,128,6,25,11.564959526062012,11.59197196830064
1,128,6,26,11.572256088256836,11.594080948270857
1,128,6,27,11.547039985656738,11.568889953196049
1,128,6,28,11.558943748474121,11.58018910791725
1,128,6,29,11.572575569152832,11.593886069022119
1,128,6,30,11.549056053161621,11.57065900042653
1,128,6,31,11.532575607299805,11.554138967767358
1,128,6,32,11.61683177947998,11.639008997008204
1,128,6,33,11.556768417358398,11.578093050047755
1,128,6,34,11.511679649353027,11.539586004801095
1,128,6,35,11.537407875061035,11.559184989891946
1,128,6,36,11.524991989135742,11.546932044439018
1,128,6,37,11.482272148132324,11.50405197404325
1,128,6,38,11.499775886535645,11.522012995555997
1,128,6,39,11.472928047180176,11.49507099762559
1,128,6,40,11.548192024230957,11.56984199769795
1,128,6,41,11.487071990966797,11.508644092828035
1,128,6,42,11.49779224395752,11.519019026309252
1,128,6,43,11.586112022399902,11.60759897902608
1,128,6,44,11.508064270019531,11.529742972925305
1,128,6,45,11.545023918151855,11.566835921257734
1,128,6,46,11.496512413024902,11.518729967065156
1,128,6,47,11.45952033996582,11.480873916298151
1,128,6,48,11.46230411529541,11.483770911581814
1,128,6,49,11.4749116897583,11.496816063299775
1,128,6,50,11.488544464111328,11.510745040141046
1,128,6,51,11.554271697998047,11.576298042200506
1,128,6,52,11.415679931640625,11.437239940278232
1,128,6,53,11.5316801071167,11.55354198999703
1,128,6,54,11.543456077575684,11.56531402375549
1,128,6,55,11.489983558654785,11.51217904407531
1,128,6,56,11.512928009033203,11.53461099602282
1,128,6,57,11.529855728149414,11.551785981282592
1,128,6,58,11.502079963684082,11.524045024998486
1,128,6,59,11.500543594360352,11.523346998728812
1,128,6,60,11.571935653686523,11.594115989282727
1,128,6,61,11.536064147949219,11.564137996174395
1,128,6,62,11.557727813720703,11.579117039218545
1,128,6,63,11.563360214233398,11.585145024582744
1,1024,0,1,11.568448066711426,11.590390000492334
1,1024,0,2,11.487936019897461,11.508519062772393
1,1024,0,3,11.4071683883667,11.428143014200032
1,1024,0,4,11.473407745361328,11.49501500185579
1,1024,0,5,11.398176193237305,11.419325950555503
1,1024,0,6,11.455583572387695,11.477482970803976
1,1024,0,7,11.495039939880371,11.517225997522473
1,1024,0,8,11.433728218078613,11.455371044576168
1,1024,0,9,11.366815567016602,11.388921993784606
1,1024,0,10,11.381952285766602,11.403937940485775
1,1024,0,11,11.411935806274414,11.434304062277079
1,1024,0,12,11.44927978515625,11.470433906652033
1,1024,0,13,11.44825553894043,11.46983401849866
1,1024,0,14,11.407327651977539,11.428981088101864
1,1024,0,15,11.405535697937012,11.42732601147145
1,1024,0,16,11.420960426330566,11.44640997517854
1,1024,0,17,11.392000198364258,11.413443950004876
1,1024,0,18,11.449055671691895,11.470566038042307
1,1024,0,19,11.428671836853027,11.45007403101772
1,1024,0,20,11.403743743896484,11.425625998526812
1,1024,0,21,11.455583572387695,11.477115913294256
1,1024,0,22,11.455391883850098,11.477094958536327
1,1024,0,23,11.428319931030273,11.450433055870235
1,1024,0,24,11.43238353729248,11.454644962213933
1,1024,0,25,11.402400016784668,11.424418073147535
1,1024,0,26,11.464032173156738,11.485565919429064
1,1024,0,27,11.497471809387207,11.519036022946239
1,1024,0,28,11.46281623840332,11.484501999802887
1,1024,0,29,11.445152282714844,11.46646705456078
1,1024,0,30,11.444735527038574,11.466227006167173
1,1024,0,31,11.389216423034668,11.411239975132048
1,1024,0,32,11.493408203125,11.515132966451347
1,1024,0,33,11.441439628601074,11.462935013696551
1,1024,0,34,11.494400024414062,11.516138911247253
1,1024,0,35,11.448415756225586,11.470407946035266
1,1024,0,36,11.449664115905762,11.471115052700043
1,1024,0,37,11.411552429199219,11.432603001594543
1,1024,0,38,11.415936470031738,11.437944951467216
1,1024,0,39,11.368127822875977,11.389613966457546
1,1024,0,40,11.383456230163574,11.405250988900661
1,1024,0,41,11.409343719482422,11.437359033152461
1,1024,0,42,11.471551895141602,11.493201018311083
1,1024,0,43,11.44819164276123,11.469391989521682
1,1024,0,44,11.423711776733398,11.445482028648257
1,1024,0,45,11.417407989501953,11.438495945185423
1,1024,0,46,11.394944190979004,11.415807995945215
1,1024,0,47,11.443807601928711,11.464895913377404
1,1024,0,48,11.445535659790039,11.466684052720666
1,1024,0,49,11.394911766052246,11.416330002248287
1,1024,0,50,11.447199821472168,11.468923999927938
1,1024,0,51,11.378303527832031,11.399870971217752
1,1024,0,52,11.410847663879395,11.433338979259133
1,1024,0,53,11.388992309570312,11.410407023504376
1,1024,0,54,11.374688148498535,11.39638596214354
1,1024,0,55,11.435104370117188,11.457237997092307
1,1024,0,56,11.493535995483398,11.515705962665379
1,1024,0,57,11.366304397583008,11.388351093046367
1,1024,0,58,11.423935890197754,11.445797048509121
1,1024,0,59,11.39782428741455,11.419526999816298
1,1024,0,60,11.433343887329102,11.454554041847587
1,1024,0,61,11.482687950134277,11.504490044899285
1,1024,0,62,11.467552185058594,11.490551987662911
1,1024,0,63,11.391424179077148,11.413978994823992
1,1024,1,1,11.471776008605957,11.494108010083437
1,1024,1,2,11.438176155090332,11.459864908829331
1,1024,1,3,11.298656463623047,11.320049059577286
1,1024,1,4,11.390144348144531,11.412232997827232
1,1024,1,5,12.071647644042969,12.094205943867564
1,1024,1,6,12.95308780670166,12.977058067917824
1,1024,1,7,11.455679893493652,11.477694963105023
1,1024,1,8,11.41097640991211,11.43298705574125
1,1024,1,9,11.363679885864258,11.385411955416203
1,1024,1,10,11.383872032165527,11.406617006286979
1,1024,1,11,11.381919860839844,11.403433978557587
1,1024,1,12,11.344320297241211,11.365976999513805
1,1024,1,13,11.315744400024414,11.337353964336216
1,1024,1,14,11.382975578308105,11.40472898259759
1,1024,1,15,11.377984046936035,11.39925408642739
1,1024,1,16,11.359392166137695,11.380437994375825
1,1024,1,17,11.3571195602417,11.378271970897913
1,1024,1,18,11.385696411132812,11.406984063796699
1,1024,1,19,11.406399726867676,11.427888995967805
1,1024,1,20,11.369024276733398,11.390876956284046
1,1024,1,21,11.370783805847168,11.393598048016429
1,1024,1,22,11.3820161819458,11.404254008084536
1,1024,1,23,11.383296012878418,11.40442001633346
1,1024,1,24,11.416064262390137,11.43736601807177
1,1024,1,25,11.369024276733398,11.389765073545277
1,1024,1,26,11.466079711914062,11.487446026876569
1,1024,1,27,11.369728088378906,11.391735053621233
1,1024,1,28,11.422304153442383,11.44357689190656
1,1024,1,29,11.43718433380127,11.458680965006351
1,1024,1,30,11.360159873962402,11.387223028577864
1,1024,1,31,11.374272346496582,11.396771995350718
1,1024,1,32,11.465312004089355,11.486514005810022
1,1024,1,33,11.376959800720215,11.398790986277163
1,1024,1,34,11.400927543640137,11.421900009736419
1,1024,1,35,11.41868782043457,11.439988971687853
1,1024,1,36,11.341728210449219,11.363074998371303
1,1024,1,37,11.29964828491211,11.321031022816896
1,1024,1,38,11.386048316955566,11.407186044380069
1,1024,1,39,11.427871704101562,11.44876389298588
1,1024,1,40,11.371359825134277,11.392646003514528
1,1024,1,41,11.43388843536377,11.455017025582492
1,1024,1,42,11.463007926940918,11.484048911370337
1,1024,1,43,11.424351692199707,11.445779004134238
1,1024,1,44,11.346559524536133,11.367683066055179
1,1024,1,45,11.403167724609375,11.424047057516873
1,1024,1,46,11.407072067260742,11.427421006374061
1,1024,1,47,11.410623550415039,11.432233965024352
1,1024,1,48,11.372960090637207,11.393635999411345
1,1024,1,49,11.336095809936523,11.357472045347095
1,1024,1,50,11.354687690734863,11.37596892658621
1,1024,1,51,11.363679885864258,11.385618010535836
1,1024,1,52,11.388544082641602,11.409863946028054
1,1024,1,53,11.362144470214844,11.383655946701765
1,1024,1,54,11.39731216430664,11.41906704287976
1,1024,1,55,11.41545581817627,11.436735978350043
1,1024,1,56,11.33846378326416,11.360244010575116
1,1024,1,57,11.349760055541992,11.371813016012311
1,1024,1,58,11.34985637664795,11.37164596002549
1,1024,1,59,11.362272262573242,11.384662007912993
1,1024,1,60,11.387167930603027,11.408930993638933
1,1024,1,61,11.400480270385742,11.422552051953971
1,1024,1,62,11.4137601852417,11.435496038757265
1,1024,1,63,11.3057279586792,11.326803942210972
1,1024,2,1,11.524224281311035,11.546356021426618
1,1024,2,2,11.505087852478027,11.526032001711428
1,1024,2,3,11.449983596801758,11.470724013634026
1,1024,2,4,11.437824249267578,11.459855013526976
1,1024,2,5,11.455936431884766,11.476772953756154
1,1024,2,6,11.480511665344238,11.50180003605783
1,1024,2,7,11.471648216247559,11.494167032651603
1,1024,2,8,11.464447975158691,11.486214934848249
1,1024,2,9,11.466752052307129,11.488185031339526
1,1024,2,10,11.35689640045166,11.378416093066335
1,1024,2,11,11.411168098449707,11.432023951783776
1,1024,2,12,11.444831848144531,11.465423041954637
1,1024,2,13,11.40505599975586,11.426300974562764
1,1024,2,14,11.43609619140625,11.457266984507442
1,1024,2,15,11.436736106872559,11.458223918452859
1,1024,2,16,11.457280158996582,11.47833198774606
1,1024,2,17,11.361599922180176,11.382953962311149
1,1024,2,18,11.449664115905762,11.471259989775717
1,1024,2,19,11.46889591217041,11.489885044284165
1,1024,2,20,11.426336288452148,11.44774304702878
1,1024,2,21,11.495295524597168,11.516000959090889
1,1024,2,22,11.46787166595459,11.489808093756437
1,1024,2,23,11.431584358215332,11.452435981482267
1,1024,2,24,11.480128288269043,11.502049979753792
1,1024,2,25,11.489631652832031,11.511205928400159
1,1024,2,26,11.448127746582031,11.469261953607202
1,1024,2,27,11.490752220153809,11.513288016431034
1,1024,2,28,11.476127624511719,11.497483006678522
1,1024,2,29,11.485631942749023,11.50654093362391
1,1024,2,30,11.488320350646973,11.509546893648803
1,1024,2,31,11.436767578125,11.457870015874505
1,1024,2,32,11.472831726074219,11.494710925035179
1,1024,2,33,11.476896286010742,11.497815023176372
1,1024,2,34,11.483551979064941,11.505051050335169
1,1024,2,35,11.473983764648438,11.495260987430811
1,1024,2,36,11.485504150390625,11.512850993312895
1,1024,2,37,11.456607818603516,11.482680914923549
1,1024,2,38,11.428735733032227,11.45054295193404
1,1024,2,39,11.46009635925293,11.480741086415946
1,1024,2,40,11.368160247802734,11.39030500780791
1,1024,2,41,11.459872245788574,11.480674962513149
1,1024,2,42,11.46998405456543,11.491316021420062
1,1024,2,43,11.3985595703125,11.419281014241278
1,1024,2,44,11.409536361694336,11.431152001023293
1,1024,2,45,11.47379207611084,11.495065060444176
1,1024,2,46,11.465279579162598,11.48669992107898
1,1024,2,47,11.501888275146484,11.523414985276759
1,1024,2,48,11.474143981933594,11.495686951093376
1,1024,2,49,11.441247940063477,11.461937916465104
1,1024,2,50,11.424799919128418,11.446222895756364
1,1024,2,51,11.40982437133789,11.430670972913504
1,1024,2,52,11.458911895751953,11.480810004286468
1,1024,2,53,11.42409610748291,11.444970034062862
1,1024,2,54,11.451135635375977,11.472560930997133
1,1024,2,55,11.414112091064453,11.435311054810882
1,1024,2,56,11.393664360046387,11.415687971748412
1,1024,2,57,11.621952056884766,11.6433430230245
1,1024,2,58,11.480992317199707,11.502040084451437
1,1024,2,59,11.46668815612793,11.493313941173255
1,1024,2,60,11.461567878723145,11.48206100333482
1,1024,2,61,11.45967960357666,11.481213034130633
1,1024,2,62,11.481247901916504,11.502237059175968
1,1024,2,63,11.472831726074219,11.49458298459649
1,1024,3,1,11.490976333618164,11.513935984112322
1,1024,3,2,11.451104164123535,11.473156977444887
1,1024,3,3,11.407808303833008,11.429255944676697
1,1024,3,4,11.47935962677002,11.501795961521566
1,1024,3,5,11.384639739990234,11.406839010305703
1,1024,3,6,11.4999361038208,11.521666077896953
1,1024,3,7,11.528960227966309,11.550855939276516
1,1024,3,8,11.496064186096191,11.517455102875829
1,1024,3,9,11.4716796875,11.492720921523869
1,1024,3,10,11.460639953613281,11.480904999189079
1,1024,3,11,11.475263595581055,11.495854007080197
1,1024,3,12,11.407648086547852,11.428383993916214
1,1024,3,13,11.478464126586914,11.49923901539296
1,1024,3,14,11.51523208618164,11.536981095559895
1,1024,3,15,11.418399810791016,11.439172900281847
1,1024,3,16,11.444064140319824,11.465031071566045
1,1024,3,17,11.398943901062012,11.419788002967834
1,1024,3,18,11.453791618347168,11.474504950456321
1,1024,3,19,11.410688400268555,11.432419065386057
1,1024,3,20,11.45638370513916,11.477948050014675
1,1024,3,21,11.480928421020508,11.502744979225099
1,1024,3,22,11.563103675842285,11.583879007957876
1,1024,3,23,11.463871955871582,11.485021095722914
1,1024,3,24,11.495488166809082,11.51676895096898
1,1024,3,25,11.469440460205078,11.490356991998851
1,1024,3,26,11.523327827453613,11.544812936335802
1,1024,3,27,11.496255874633789,11.517485021613538
1,1024,3,28,11.480928421020508,11.502364999614656
1,1024,3,29,11.409440040588379,11.430242913775146
1,1024,3,30,11.522591590881348,11.544184992089868
1,1024,3,31,11.453408241271973,11.475058039650321
1,1024,3,32,11.418911933898926,11.440681060776114
1,1024,3,33,11.46236801147461,11.4833660190925
1,1024,3,34,11.45577621459961,11.477210908196867
1,1024,3,35,11.46348762512207,11.485308990813792
1,1024,3,36,11.408255577087402,11.429068981669843
1,1024,3,37,11.384480476379395,11.405944009311497
1,1024,3,38,11.410655975341797,11.432601953856647
1,1024,3,39,11.459936141967773,11.481023975647986
1,1024,3,40,11.394720077514648,11.422343086451292
1,1024,3,41,11.450207710266113,11.47088292054832
1,1024,3,42,11.508735656738281,11.529225972481072
1,1024,3,43,11.398240089416504,11.419654940254986
1,1024,3,44,11.453727722167969,11.475043022073805
1,1024,3,45,11.487615585327148,11.509046074934304
1,1024,3,46,11.507967948913574,11.528708040714264
1,1024,3,47,11.476608276367188,11.497832019813359
1,1024,3,48,11.437503814697266,11.45892299246043
1,1024,3,49,11.44870376586914,11.469405959360301
1,1024,3,50,11.484512329101562,11.505895992740989
1,1024,3,51,11.4683837890625,11.489782016724348
1,1024,3,52,11.482560157775879,11.504236957989633
1,1024,3,53,11.420415878295898,11.442163959145546
1,1024,3,54,11.462207794189453,11.484003975056112
1,1024,3,55,11.40067195892334,11.42165600322187
1,1024,3,56,11.440128326416016,11.462035938166082
1,1024,3,57,11.481344223022461,11.502541019581258
1,1024,3,58,11.4650239944458,11.487078969366848
1,1024,3,59,11.528223991394043,11.550063034519553
1,1024,3,60,11.468928337097168,11.490363045595586
1,1024,3,61,11.479904174804688,11.501258937641978
1,1024,3,62,11.475520133972168,11.497138999402523
1,1024,3,63,11.370847702026367,11.392318992875516
1,1024,4,1,11.538559913635254,11.561385937966406
1,1024,4,2,11.552000045776367,11.574245989322662
1,1024,4,3,11.482399940490723,11.504460009746253
1,1024,4,4,11.509504318237305,11.531055090017617
1,1024,4,5,11.47590446472168,11.497199069708586
1,1024,4,6,11.500927925109863,11.522141052410007
1,1024,4,7,11.502816200256348,11.52394397649914
1,1024,4,8,11.495327949523926,11.516784899868071
1,1024,4,9,11.468064308166504,11.489799013361335
1,1024,4,10,11.467840194702148,11.489717988297343
1,1024,4,11,11.45644760131836,11.479036998935044
1,1024,4,12,11.421759605407715,11.443116003647447
1,1024,4,13,11.421919822692871,11.443486087955534
1,1024,4,14,11.522815704345703,11.545381043106318
1,1024,4,15,11.504735946655273,11.52625191025436
1,1024,4,16,11.473888397216797,11.495806043967605
1,1024,4,17,11.438176155090332,11.461913934908807
1,1024,4,18,11.4552001953125,11.476386920548975
1,1024,4,19,11.550175666809082,11.57188497018069
1,1024,4,20,11.520256042480469,11.542288004420698
1,1024,4,21,11.489952087402344,11.512233992107213
1,1024,4,22,11.463168144226074,11.485000955872238
1,1024,4,23,11.520000457763672,11.541636078618467
1,1024,4,24,11.465312004089355,11.48751808796078
1,1024,4,25,11.437151908874512,11.459872010163963
1,1024,4,26,11.531264305114746,11.552838026545942
1,1024,4,27,11.493632316589355,11.515737045556307
1,1024,4,28,11.479743957519531,11.501378030516207
1,1024,4,29,11.476991653442383,11.498519917950034
1,1024,4,30,11.518400192260742,11.54084806330502
1,1024,4,31,11.479904174804688,11.501096072606742
1,1024,4,32,11.509440422058105,11.531589087098837
1,1024,4,33,11.491935729980469,11.514155077748
1,1024,4,34,11.520288467407227,11.541294981725514
1,1024,4,35,11.534367561340332,11.555157019756734
1,1024,4,36,11.501055717468262,11.522037908434868
1,1024,4,37,11.41766357421875,11.444082949310541
1,1024,4,38,11.527711868286133,11.549018090590835
1,1024,4,39,11.494112014770508,11.516270926222205
1,1024,4,40,11.511743545532227,11.533237993717194
1,1024,4,41,11.42307186126709,11.44491694867611
1,1024,4,42,11.478272438049316,11.498835985548794
1,1024,4,43,11.459648132324219,11.481018038466573
1,1024,4,44,11.477343559265137,11.498688021674752
1,1024,4,45,11.504063606262207,11.525865062139928
1,1024,4,46,11.478400230407715,11.499696993269026
1,1024,4,47,11.487936019897461,11.509482050314546
1,1024,4,48,11.46448040008545,11.486266972497106
1,1024,4,49,11.49897575378418,11.520693893544376
1,1024,4,50,11.428447723388672,11.450140969827771
1,1024,4,51,13.645503997802734,13.687561033293605
1,1024,4,52,11.64463996887207,11.669864994473755
1,1024,4,53,11.452832221984863,11.474842089228332
1,1024,4,54,11.419103622436523,11.440987000241876
1,1024,4,55,11.457632064819336,11.479198932647705
1,1024,4,56,11.41107177734375,11.433023028075695
1,1024,4,57,11.490431785583496,11.51269895490259
1,1024,4,58,11.482144355773926,11.503927991725504
1,1024,4,59,11.471839904785156,11.49417704436928
1,1024,4,60,11.39516830444336,11.417333967983723
1,1024,4,61,11.489119529724121,11.511582997627556
1,1024,4,62,11.494815826416016,11.516352999024093
1,1024,4,63,11.41868782043457,11.441152077168226
1,1024,5,1,11.508831977844238,11.530941934324801
1,1024,5,2,11.398271560668945,11.419720947742462
1,1024,5,3,11.448127746582031,11.47100399248302
1,1024,5,4,11.489727973937988,11.511460063047707
1,1024,5,5,11.499008178710938,11.520659900270402
1,1024,5,6,11.476479530334473,11.49810804054141
1,1024,5,7,11.490015983581543,11.511488002724946
1,1024,5,8,11.470463752746582,11.491672019474208
1,1024,5,9,11.456543922424316,11.477699968963861
1,1024,5,10,11.474847793579102,11.496127001009881
1,1024,5,11,11.474271774291992,11.495637008920312
1,1024,5,12,11.406720161437988,11.43336296081543
1,1024,5,13,11.472352027893066,11.494353995658457
1,1024,5,14,11.454784393310547,11.47647004108876
1,1024,5,15,11.434975624084473,11.45675196312368
1,1024,5,16,11.43667221069336,11.458162916824222
1,1024,5,17,11.468671798706055,11.490326025523245
1,1024,5,18,11.419679641723633,11.441438924521208
1,1024,5,19,11.452351570129395,11.473978986032307
1,1024,5,20,11.463711738586426,11.485251015983522
1,1024,5,21,11.513343811035156,11.535372934304178
1,1024,5,22,11.514847755432129,11.536834994331002
1,1024,5,23,11.40880012512207,11.430311016738415
1,1024,5,24,11.551072120666504,11.572543997317553
1,1024,5,25,11.522303581237793,11.544459965080023
1,1024,5,26,11.492863655090332,11.51449407916516
1,1024,5,27,11.457599639892578,11.48012198973447
1,1024,5,28,11.475744247436523,11.49725797586143
1,1024,5,29,11.404640197753906,11.426473967730999
1,1024,5,30,11.485983848571777,11.5078300004825
1,1024,5,31,11.458399772644043,11.48018497042358
1,1024,5,32,11.515071868896484,11.537797981873155
1,1024,5,33,11.471551895141602,11.493562022224069
1,1024,5,34,11.501888275146484,11.523972963914275
1,1024,5,35,11.46777629852295,11.490104021504521
1,1024,5,36,11.453375816345215,11.475377017632127
1,1024,5,37,11.428223609924316,11.450865073129535
1,1024,5,38,11.478367805480957,11.50056894402951
1,1024,5,39,11.479328155517578,11.501639964990318
1,1024,5,40,11.345824241638184,11.367916013114154
1,1024,5,41,11.46720027923584,11.489734053611755
1,1024,5,42,11.487263679504395,11.50913699530065
1,1024,5,43,11.439583778381348,11.462179012596607
1,1024,5,44,11.489343643188477,11.510700918734074
1,1024,5,45,11.454655647277832,11.476753978058696
1,1024,5,46,11.525535583496094,11.547238915227354
1,1024,5,47,11.44870376586914,11.470847995951772
1,1024,5,48,11.474016189575195,11.495896964333951
1,1024,5,49,11.41708755493164,11.439037043601274
1,1024,5,50,11.50921630859375,11.531252996064723
1,1024,5,51,11.416223526000977,11.438482906669378
1,1024,5,52,11.450464248657227,11.472428916022182
1,1024,5,53,11.537407875061035,11.559742968529463
1,1024,5,54,11.393919944763184,11.415787041187286
1,1024,5,55,11.45638370513916,11.478550964966416
1,1024,5,56,11.441696166992188,11.463456903584301
1,1024,5,57,11.539551734924316,11.561421095393598
1,1024,5,58,11.418111801147461,11.439812951721251
1,1024,5,59,11.468480110168457,11.490568984299898
1,1024,5,60,11.42089557647705,11.443836032412946
1,1024,5,61,11.437312126159668,11.459085042588413
1,1024,5,62,11.491647720336914,11.514570098370314
1,1024,5,63,11.495648384094238,11.517658014781773
1,1024,6,1,11.545920372009277,11.568513931706548
1,1024,6,2,11.434335708618164,11.455862084403634
1,1024,6,3,11.418720245361328,11.440820060670376
1,1024,6,4,11.474559783935547,11.495950049720705
1,1024,6,5,11.476223945617676,11.49758801329881
1,1024,6,6,11.512384414672852,11.534238001331687
1,1024,6,7,11.409248352050781,11.430689948610961
1,1024,6,8,11.42563247680664,11.446913937106729
1,1024,6,9,11.455840110778809,11.476710089482367
1,1024,6,10,11.46940803527832,11.490395059809089
1,1024,6,11,11.44422435760498,11.465972056612372
1,1024,6,12,11.461536407470703,11.483065085485578
1,1024,6,13,11.516063690185547,11.536875972524285
1,1024,6,14,11.483519554138184,11.505106929689646
1,1024,6,15,11.443167686462402,11.464516981504858
1,1024,6,16,11.477855682373047,11.499539017677307
1,1024,6,17,11.445504188537598,11.467527016066015
1,1024,6,18,11.448287963867188,11.469812947325408
1,1024,6,19,11.476960182189941,11.503621004521847
1,1024,6,20,11.461536407470703,11.483540059998631
1,1024,6,21,11.505248069763184,11.527359019964933
1,1024,6,22,11.4235200881958,11.446168995462358
1,1024,6,23,11.462400436401367,11.484180926345289
1,1024,6,24,11.532768249511719,11.554741999134421
1,1024,6,25,11.538047790527344,11.559473001398146
1,1024,6,26,11.497471809387207,11.518982937559485
1,1024,6,27,11.487584114074707,11.508794035762548
1,1024,6,28,11.442367553710938,11.463738977909088
1,1024,6,29,11.485088348388672,11.505831964313984
1,1024,6,30,11.48528003692627,11.506089940667152
1,1024,6,31,11.49071979522705,11.51171000674367
1,1024,6,32,11.495583534240723,11.517219012603164
1,1024,6,33,11.479040145874023,11.500737979076803
1,1024,6,34,11.504128456115723,11.52573199942708
1,1024,6,35,11.483936309814453,11.51135703548789
1,1024,6,36,11.436544418334961,11.45857700612396
1,1024,6,37,11.478719711303711,11.500939959660172
1,1024,6,38,11.474752426147461,11.496186954900622
1,1024,6,39,11.528191566467285,11.549781076610088
1,1024,6,40,11.501472473144531,11.523216962814331
1,1024,6,41,11.480575561523438,11.502253008075058
1,1024,6,42,11.524127960205078,11.545696994289756
1,1024,6,43,11.490015983581543,11.512030032463372
1,1024,6,44,11.51257610321045,11.534039047546685
1,1024,6,45,11.447999954223633,11.46965695079416
1,1024,6,46,11.455327987670898,11.477014981210232
1,1024,6,47,11.463295936584473,11.486229952424765
1,1024,6,48,11.397151947021484,11.41902501694858
1,1024,6,49,11.465279579162598,11.487011914141476
1,1024,6,50,11.400799751281738,11.422402923926711
1,1024,6,51,11.49232006072998,11.514195008203387
1,1024,6,52,11.444352149963379,11.46643701940775
1,1024,6,53,11.411968231201172,11.433467036113143
1,1024,6,54,11.482912063598633,11.50533091276884
1,1024,6,55,11.446463584899902,11.468317010439932
1,1024,6,56,11.424639701843262,11.446635005995631
1,1024,6,57,11.731103897094727,11.758912005461752
1,1024,6,58,11.40777587890625,11.429122067056596
1,1024,6,59,11.463744163513184,11.48426195140928
1,1024,6,60,11.49449634552002,11.522235930897295
1,1024,6,61,11.472384452819824,11.49399799760431
1,1024,6,62,11.48089599609375,11.502627981826663
1,1024,6,63,11.42848014831543,11.450013960711658
1,4096,0,1,13.31158447265625,13.33345496095717
1,4096,0,2,12.975839614868164,12.997622019611299
1,4096,0,3,12.765151977539062,12.786971987225115
1,4096,0,4,12.589664459228516,12.612930964678526
1,4096,0,5,12.56879997253418,12.590680038556457
1,4096,0,6,12.536576271057129,12.557866983115673
1,4096,0,7,12.535039901733398,12.556461966596544
1,4096,0,8,12.545632362365723,12.57153193000704
1,4096,0,9,12.512096405029297,12.534188921563327
1,4096,0,10,12.506688117980957,12.527884915471077
1,4096,0,11,12.506688117980957,12.528774910606444
1,4096,0,12,12.53990364074707,12.561790063045919
1,4096,0,13,12.493663787841797,12.516598915681243
1,4096,0,14,12.517087936401367,12.538862996734679
1,4096,0,15,12.473088264465332,12.494969996623695
1,4096,0,16,12.505951881408691,12.52761809155345
1,4096,0,17,12.46678352355957,12.488493928685784
1,4096,0,18,12.517663955688477,12.538935989141464
1,4096,0,19,12.520992279052734,12.542914948426187
1,4096,0,20,12.516448020935059,12.538735987618566
1,4096,0,21,12.496064186096191,12.518924078904092
1,4096,0,22,12.5032958984375,12.526115984655917
1,4096,0,23,12.542367935180664,12.564575066789985
1,4096,0,24,12.543583869934082,12.565421988256276
1,4096,0,25,12.522784233093262,12.544149067252874
1,4096,0,26,12.513983726501465,12.534845038317144
1,4096,0,27,12.544608116149902,12.569418991915882
1,4096,0,28,12.541088104248047,12.562997988425195
1,4096,0,29,12.532159805297852,12.55329791456461
1,4096,0,30,12.499520301818848,12.521232012659311
1,4096,0,31,12.50108814239502,12.522396049462259
1,4096,0,32,12.489279747009277,12.511844979599118
1,4096,0,33,12.465056419372559,12.493833084590733
1,4096,0,34,12.496671676635742,12.51809997484088
1,4096,0,35,12.490592002868652,12.51258805859834
1,4096,0,36,12.495648384094238,12.51760101877153
1,4096,0,37,12.487039566040039,12.509253108873963
1,4096,0,38,12.465888023376465,12.487219995819032
1,4096,0,39,12.504575729370117,12.527157901786268
1,4096,0,40,12.515104293823242,12.53659394569695
1,4096,0,41,12.478591918945312,12.50101299956441
1,4096,0,42,12.51260757446289,12.534223962575197
1,4096,0,43,12.497983932495117,12.520015006884933
1,4096,0,44,12.519200325012207,12.542622978799045
1,4096,0,45,12.591839790344238,12.621080968528986
1,4096,0,46,12.495871543884277,12.518608942627907
1,4096,0,47,12.548447608947754,12.57079397328198
1,4096,0,48,12.553024291992188,12.576129985973239
1,4096,0,49,12.516863822937012,12.539283954538405
1,4096,0,50,12.527392387390137,12.549994047731161
1,4096,0,51,12.52409553527832,12.546743033453822
1,4096,0,52,12.537440299987793,12.5590730458498
1,4096,0,53,12.491040229797363,12.513355002738535
1,4096,0,54,12.539487838745117,12.560953036881983
1,4096,0,55,12.517984390258789,12.53965706564486
1,4096,0,56,12.516192436218262,12.53791805356741
1,4096,0,57,12.52070426940918,12.543002027086914
1,4096,0,58,12.52956771850586,12.551419087685645
1,4096,0,59,12.516480445861816,12.538586976006627
1,4096,0,60,12.542400360107422,12.564363074488938
1,4096,0,61,12.475232124328613,12.496856041252613
1,4096,0,62,12.503647804260254,12.525361031293869
1,4096,0,63,12.519743919372559,12.541644973680377
1,4096,1,1,13.329024314880371,13.353227055631578
1,4096,1,2,12.934720039367676,12.956524034962058
1,4096,1,3,12.980256080627441,13.002675957977772
1,4096,1,4,12.720928192138672,12.742999009788036
1,4096,1,5,12.620479583740234,12.64264399651438
1,4096,1,6,12.585375785827637,12.607448035851121
1,4096,1,7,12.59347152709961,12.614609091542661
1,4096,1,8,12.599519729614258,12.62153999414295
1,4096,1,9,12.560223579406738,12.582738068886101
1,4096,1,10,12.571328163146973,12.593696010299027
1,4096,1,11,12.55900764465332,12.581603019498289
1,4096,1,12,12.595168113708496,12.619978981092572
1,4096,1,13,12.566944122314453,12.589188059791923
1,4096,1,14,12.603487968444824,12.625262956134975
1,4096,1,15,12.536895751953125,12.559539987705648
1,4096,1,16,12.598400115966797,12.62038596905768
1,4096,1,17,12.542367935180664,12.564386008307338
1,4096,1,18,12.560640335083008,12.583211995661259
1,4096,1,19,12.563136100769043,12.585479067638516
1,4096,1,20,12.571359634399414,12.593718012794852
1,4096,1,21,12.546079635620117,12.56767800077796
1,4096,1,22,12.534208297729492,12.555592926219106
1,4096,1,23,12.569472312927246,12.590405996888876
1,4096,1,24,12.577759742736816,12.600256013683975
1,4096,1,25,12.589119911193848,12.611129903234541
1,4096,1,26,12.794303894042969,12.81586498953402
1,4096,1,27,12.58672046661377,12.608908931724727
1,4096,1,28,12.593088150024414,12.614878010936081
1,4096,1,29,12.57759952545166,12.599349021911621
1,4096,1,30,12.543487548828125,12.565498938784003
1,4096,1,31,12.560223579406738,12.582237017340958
1,4096,1,32,12.559679985046387,12.58132595103234
1,4096,1,33,12.549951553344727,12.57255591917783
1,4096,1,34,12.55504035949707,12.577116955071688
1,4096,1,35,12.549887657165527,12.5720149371773
1,4096,1,36,12.53711986541748,12.558948015794158
1,4096,1,37,12.520223617553711,12.542273034341633
1,4096,1,38,12.549280166625977,12.571217026561499
1,4096,1,39,12.528223991394043,12.5494230305776
1,4096,1,40,12.575584411621094,12.597654946148396
1,4096,1,41,12.513983726501465,12.535637011751533
1,4096,1,42,12.530847549438477,12.552423984743655
1,4096,1,43,12.568096160888672,12.589483987540007
1,4096,1,44,12.574687957763672,12.596481945365667
1,4096,1,45,12.561951637268066,12.583659030497074
1,4096,1,46,12.559359550476074,12.581360060721636
1,4096,1,47,12.60108757019043,12.623304035514593
1,4096,1,48,12.598143577575684,12.620773981325328
1,4096,1,49,12.56879997253418,12.59083696641028
1,4096,1,50,12.596832275390625,12.618476990610361
1,4096,1,51,12.587871551513672,12.613012921065092
1,4096,1,52,12.60211181640625,12.624143040739
1,4096,1,53,12.580160140991211,12.602446018718183
1,4096,1,54,12.57811164855957,12.600542977452278
1,4096,1,55,12.580831527709961,12.602581991814077
1,4096,1,56,12.607711791992188,12.630132026970387
1,4096,1,57,12.549728393554688,12.57134904153645
1,4096,1,58,12.584735870361328,12.60694197844714
1,4096,1,59,12.587103843688965,12.609118013642728
1,4096,1,60,12.620479583740234,12.6422259490937
1,4096,1,61,12.56879997253418,12.590763974003494
1,4096,1,62,12.581055641174316,12.60302506852895
1,4096,1,63,12.587807655334473,12.60985597036779
1,4096,2,1,13.322784423828125,13.345460989512503
1,4096,2,2,12.816224098205566,12.838308000937104
1,4096,2,3,12.654111862182617,12.677396996878088
1,4096,2,4,12.565119743347168,12.587810982950032
1,4096,2,5,12.51689624786377,12.539100949652493
1,4096,2,6,12.559935569763184,12.582081952132285
1,4096,2,7,12.541791915893555,12.56374700460583
1,4096,2,8,12.556096076965332,12.578913010656834
1,4096,2,9,12.488160133361816,12.510530999861658
1,4096,2,10,12.511039733886719,12.533321976661682
1,4096,2,11,12.505599975585938,12.527573970146477
1,4096,2,12,12.550623893737793,12.57248898036778
1,4096,2,13,12.507935523986816,12.5298579223454
1,4096,2,14,12.50931167602539,12.531341053545475
1,4096,2,15,12.504287719726562,12.52736197784543
1,4096,2,16,12.516287803649902,12.538688024505973
1,4096,2,17,12.469056129455566,12.491033994592726
1,4096,2,18,12.512319564819336,12.535001966170967
1,4096,2,19,12.52012825012207,12.542020995169878
1,4096,2,20,12.522815704345703,12.54518295172602
1,4096,2,21,12.492032051086426,12.514141970314085
1,4096,2,22,12.492671966552734,12.514290981926024
1,4096,2,23,12.542847633361816,12.564894976094365
1,4096,2,24,12.541952133178711,12.56669801659882
1,4096,2,25,12.524415969848633,12.546853977255523
1,4096,2,26,12.492608070373535,12.514736037701368
1,4096,2,27,12.552543640136719,12.574883992783725
1,4096,2,28,12.50057601928711,12.523056007921696
1,4096,2,29,12.501343727111816,12.524173012934625
1,4096,2,30,12.49129581451416,12.513052090071142
1,4096,2,31,12.497471809387207,12.519852025434375
1,4096,2,32,12.48588752746582,12.508208048529923
1,4096,2,33,12.472864151000977,12.495420989580452
1,4096,2,34,12.505056381225586,12.526964070275426
1,4096,2,35,12.508159637451172,12.530195992439985
1,4096,2,36,12.48038387298584,12.503524078056216
1,4096,2,37,12.473535537719727,12.4956559156999
1,4096,2,38,12.495424270629883,12.517120107077062
1,4096,2,39,12.49071979522705,12.512277928180993
1,4096,2,40,12.518303871154785,12.540733092464507
1,4096,2,41,12.47929573059082,12.500907061621547
1,4096,2,42,12.502943992614746,12.525329017080367
1,4096,2,43,12.498559951782227,12.520231073722243
1,4096,2,44,12.503520011901855,12.526010978035629
1,4096,2,45,12.478591918945312,12.50033499673009
1,4096,2,46,12.485055923461914,12.507513049058616
1,4096,2,47,12.529184341430664,12.551223975606263
1,4096,2,48,12.523008346557617,12.544941972009838
1,4096,2,49,12.517824172973633,12.53968896344304
1,4096,2,50,12.520416259765625,12.542618089355528
1,4096,2,51,12.508831977844238,12.531875050626695
1,4096,2,52,12.525055885314941,12.546546990051866
1,4096,2,53,12.51420783996582,12.53639510832727
1,4096,2,54,12.543968200683594,12.565834098495543
1,4096,2,55,12.499008178710938,12.521568918600678
1,4096,2,56,12.527551651000977,12.548958999104798
1,4096,2,57,12.500703811645508,12.522680102847517
1,4096,2,58,12.534175872802734,12.555963010527194
1,4096,2,59,12.499551773071289,12.520801974460483
1,4096,2,60,12.551456451416016,12.575597036629915
1,4096,2,61,12.491744041442871,12.513712979853153
1,4096,2,62,12.503775596618652,12.526076985523105
1,4096,2,63,12.522080421447754,12.544221011921763
1,4096,3,1,13.332351684570312,13.354548020288348
1,4096,3,2,12.735872268676758,12.758329976350069
1,4096,3,3,12.712448120117188,12.734627001918852
1,4096,3,4,12.673055648803711,12.695761979557574
1,4096,3,5,12.62662410736084,12.648380943574011
1,4096,3,6,12.652480125427246,12.67436402849853
1,4096,3,7,12.594592094421387,12.616313993930817
1,4096,3,8,12.566975593566895,12.588670011609793
1,4096,3,9,12.548543930053711,12.570407940074801
1,4096,3,10,12.558112144470215,12.58003804832697
1,4096,3,11,12.577471733093262,12.599822017364204
1,4096,3,12,12.602304458618164,12.62440497521311
1,4096,3,13,12.57040023803711,12.591995997354388
1,4096,3,14,12.558208465576172,12.579062022268772
1,4096,3,15,12.567168235778809,12.588625075295568
1,4096,3,16,12.582464218139648,12.604363029822707
1,4096,3,17,12.543871879577637,12.565692071802914
1,4096,3,18,12.567168235778809,12.588871992193162
1,4096,3,19,12.555295944213867,12.576472014188766
1,4096,3,20,12.573568344116211,12.595130945555866
1,4096,3,21,12.545856475830078,12.567423982545733
1,4096,3,22,12.534527778625488,12.556071975268424
1,4096,3,23,12.571167945861816,12.593602994456887
1,4096,3,24,12.606304168701172,12.629220029339194
1,4096,3,25,12.586432456970215,12.608238030225039
1,4096,3,26,12.576448440551758,12.598008965142071
1,4096,3,27,12.612671852111816,12.635339982807636
1,4096,3,28,12.589280128479004,12.611364014446735
1,4096,3,29,12.592767715454102,12.61426997371018
1,4096,3,30,12.56441593170166,12.585760094225407
1,4096,3,31,12.562239646911621,12.584218056872487
1,4096,3,32,12.54150390625,12.56376609671861
1,4096,3,33,12.526368141174316,12.54850800614804
1,4096,3,34,12.551679611206055,12.573904008604586
1,4096,3,35,12.538687705993652,12.560175033286214
1,4096,3,36,12.546751976013184,12.568149017170072
1,4096,3,37,12.501248359680176,12.523520970717072
1,4096,3,38,12.56067180633545,12.582603027112782
1,4096,3,39,12.54633617401123,12.567971018142998
1,4096,3,40,12.56595230102539,12.587895966134965
1,4096,3,41,12.528127670288086,12.550477054901421
1,4096,3,42,12.543999671936035,12.565318029373884
1,4096,3,43,12.534079551696777,12.556579080410302
1,4096,3,44,12.553248405456543,12.575422995723784
1,4096,3,45,12.55299186706543,12.574714026413858
1,4096,3,46,12.559935569763184,12.581545975990593
1,4096,3,47,12.578944206237793,12.60072598233819
1,4096,3,48,12.586943626403809,12.608870980329812
1,4096,3,49,12.562784194946289,12.584776035510004
1,4096,3,50,12.588512420654297,12.609780998900533
1,4096,3,51,12.571776390075684,12.593545950949192
1,4096,3,52,12.589280128479004,12.610558071173728
1,4096,3,53,12.565888404846191,12.588293990120292
1,4096,3,54,12.584704399108887,12.609306955710053
1,4096,3,55,12.553088188171387,12.57425791118294
1,4096,3,56,12.593952178955078,12.616163003258407
1,4096,3,57,12.560159683227539,12.582352967001498
1,4096,3,58,12.571552276611328,12.593562016263604
1,4096,3,59,12.600576400756836,12.622777954675257
1,4096,3,60,12.598784446716309,12.620700988918543
1,4096,3,61,12.559359550476074,12.581874965690076
1,4096,3,62,13.292767524719238,13.316561933606863
1,4096,3,63,12.588319778442383,12.610247009433806
1,4096,4,1,13.239487648010254,13.26226000674069
1,4096,4,2,12.737792015075684,12.75989890564233
1,4096,4,3,12.774687767028809,12.796751921996474
1,4096,4,4,12.767135620117188,12.78995699249208
1,4096,4,5,12.737471580505371,12.759596924297512
1,4096,4,6,12.705887794494629,12.727514025755227
1,4096,4,7,12.524191856384277,12.545874924398959
1,4096,4,8,12.529376029968262,12.551201041787863
1,4096,4,9,12.512063980102539,12.533859931863844
1,4096,4,10,12.521056175231934,12.542514014057815
1,4096,4,11,12.511872291564941,12.537584989331663
1,4096,4,12,12.525823593139648,12.548047001473606
1,4096,4,13,12.510687828063965,12.532336986623704
1,4096,4,14,12.529760360717773,12.551640975289047
1,4096,4,15,12.500736236572266,12.523104902356863
1,4096,4,16,12.512767791748047,12.534549925476313
1,4096,4,17,12.481280326843262,12.502850964665413
1,4096,4,18,12.516063690185547,12.537286966107786
1,4096,4,19,12.51244831085205,12.534637935459614
1,4096,4,20,12.533247947692871,12.55520898848772
1,4096,4,21,12.490592002868652,12.512075016275048
1,4096,4,22,12.511551856994629,12.533766916021705
1,4096,4,23,12.483743667602539,12.505852966569364
1,4096,4,24,12.530879974365234,12.552998028695583
1,4096,4,25,12.517984390258789,12.539132963865995
1,4096,4,26,12.49942398071289,12.52140908036381
1,4096,4,27,12.54377555847168,12.56563700735569
1,4096,4,28,12.535743713378906,12.557959998957813
1,4096,4,29,12.496992111206055,12.51870405394584
1,4096,4,30,12.507136344909668,12.528820079751313
1,4096,4,31,12.520447731018066,12.542024021968246
1,4096,4,32,12.50979232788086,12.531662010587752
1,4096,4,33,12.470560073852539,12.492314912378788
1,4096,4,34,12.502464294433594,12.524027028121054
1,4096,4,35,12.502847671508789,12.524542980827391
1,4096,4,36,12.508352279663086,12.530073057860136
1,4096,4,37,12.482048034667969,12.504174024797976
1,4096,4,38,12.458687782287598,12.48504698742181
1,4096,4,39,12.469504356384277,12.491157976910472
1,4096,4,40,12.501664161682129,12.524273013696074
1,4096,4,41,12.434207916259766,12.456418946385384
1,4096,4,42,12.50432014465332,12.526239035651088
1,4096,4,43,12.498368263244629,12.52022199332714
1,4096,4,44,12.510080337524414,12.531980988569558
1,4096,4,45,12.467616081237793,12.490047025494277
1,4096,4,46,12.4967041015625,12.519295909442008
1,4096,4,47,12.531488418579102,12.553681968711317
1,4096,4,48,12.54640007019043,12.568603968247771
1,4096,4,49,12.511167526245117,12.533608940429986
1,4096,4,50,12.527968406677246,12.549768085591495
1,4096,4,51,12.482463836669922,12.50417996197939
1,4096,4,52,12.543999671936035,12.56565295625478
1,4096,4,53,12.52137565612793,12.54366897046566
1,4096,4,54,12.536928176879883,12.55828095600009
1,4096,4,55,12.522496223449707,12.543938006274402
1,4096,4,56,12.535648345947266,12.557454989291728
1,4096,4,57,12.49120044708252,12.513191089965403
1,4096,4,58,12.50550365447998,12.527804938144982
1,4096,4,59,12.514847755432129,12.536062975414097
1,4096,4,60,12.531807899475098,12.554233078844845
1,4096,4,61,12.489215850830078,12.51064206007868
1,4096,4,62,12.515616416931152,12.537941918708384
1,4096,4,63,12.530400276184082,12.552441097795963
1,4096,5,1,13.347776412963867,13.370828004553914
1,4096,5,2,12.957247734069824,12.97964807599783
1,4096,5,3,13.010560035705566,13.031887938268483
1,4096,5,4,12.993951797485352,13.016482000239193
1,4096,5,5,12.586527824401855,12.608914053998888
1,4096,5,6,12.60086441040039,12.622795067727566
1,4096,5,7,12.5862398147583,12.607640004716814
1,4096,5,8,12.585439682006836,12.60671392083168
1,4096,5,9,12.55241584777832,12.575046974234283
1,4096,5,10,12.58243179321289,12.604515999555588
1,4096,5,11,12.553471565246582,12.576112989336252
1,4096,5,12,12.58732795715332,12.609148980118334
1,4096,5,13,12.551615715026855,12.573476997204125
1,4096,5,14,12.573344230651855,12.594926985912025
1,4096,5,15,12.566783905029297,12.58833205793053
1,4096,5,16,12.568191528320312,12.589933932758868
1,4096,5,17,12.5381441116333,12.56003906019032
1,4096,5,18,12.5731201171875,12.59481895249337
1,4096,5,19,12.54963207244873,12.575051980093122
1,4096,5,20,12.588895797729492,12.610136065632105
1,4096,5,21,12.580320358276367,12.60319899301976
1,4096,5,22,12.56879997253418,12.590868049301207
1,4096,5,23,12.607551574707031,12.629234930500388
1,4096,5,24,12.595071792602539,12.616561027243733
1,4096,5,25,12.558431625366211,12.580253067426383
1,4096,5,26,12.562080383300781,12.583266943693161
1,4096,5,27,12.584128379821777,12.606060015968978
1,4096,5,28,12.604000091552734,12.62519194278866
1,4096,5,29,12.57539176940918,12.597388937138021
1,4096,5,30,12.567680358886719,12.590119964443147
1,4096,5,31,12.586496353149414,12.608232093043625
1,4096,5,32,12.57699203491211,12.598948902450502
1,4096,5,33,12.536895751953125,12.5584319466725
1,4096,5,34,12.550559997558594,12.57243799045682
1,4096,5,35,12.560192108154297,12.582387076690793
1,4096,5,36,12.570976257324219,12.592018931172788
1,4096,5,37,12.527711868286133,12.550260056741536
1,4096,5,38,12.530271530151367,12.551835039630532
1,4096,5,39,12.551008224487305,12.572998995892704
1,4096,5,40,12.529984474182129,12.551910011097789
1,4096,5,41,12.538592338562012,12.560761999338865
1,4096,5,42,12.542688369750977,12.564878910779953
1,4096,5,43,12.5546236038208,12.576716020703316
1,4096,5,44,12.590911865234375,12.61312304995954
1,4096,5,45,12.550496101379395,12.57220795378089
1,4096,5,46,12.573472023010254,12.595337931998074
1,4096,5,47,12.59772777557373,12.620160938240588
1,4096,5,48,12.584159851074219,12.605592026375234
1,4096,5,49,12.573344230651855,12.595169013366103
1,4096,5,50,12.570367813110352,12.596033979207277
1,4096,5,51,12.590208053588867,12.61180592700839
1,4096,5,52,12.594047546386719,12.61551899369806
1,4096,5,53,12.580096244812012,12.60171306785196
1,4096,5,54,12.598367691040039,12.619941961020231
1,4096,5,55,12.57203197479248,12.594136060215533
1,4096,5,56,12.569439888000488,12.59096001740545
1,4096,5,57,12.72332763671875,12.745223008096218
1,4096,5,58,12.584639549255371,12.607126962393522
1,4096,5,59,12.560640335083008,12.583032948896289
1,4096,5,60,12.625632286071777,12.647303054109216
1,4096,5,61,12.562687873840332,12.584227020852268
1,4096,5,62,12.609248161315918,12.630684999749064
1,4096,5,63,12.590432167053223,12.612499995157123
1,4096,6,1,13.275456428527832,13.29783396795392
1,4096,6,2,12.925087928771973,12.94701301958412
1,4096,6,3,12.843520164489746,12.866470031440258
1,4096,6,4,12.597439765930176,12.620087014511228
1,4096,6,5,12.586336135864258,12.608943972736597
1,4096,6,6,12.535455703735352,12.557131936773658
1,4096,6,7,12.528063774108887,12.549230945296586
1,4096,6,8,12.539648056030273,12.561384006403387
1,4096,6,9,12.492768287658691,12.515602982603014
1,4096,6,10,12.490752220153809,12.51341903116554
1,4096,6,11,12.536767959594727,12.558198999613523
1,4096,6,12,12.529696464538574,12.552367988973856
1,4096,6,13,12.495327949523926,12.518009054474533
1,4096,6,14,12.534560203552246,12.5567790819332
1,4096,6,15,12.503999710083008,12.531779939308763
1,4096,6,16,12.541472434997559,12.563526048325002
1,4096,6,17,12.482111930847168,12.504789978265762
1,4096,6,18,12.527584075927734,12.54902791697532
1,4096,6,19,12.508223533630371,12.530134990811348
1,4096,6,20,12.516544342041016,12.538096052594483
1,4096,6,21,12.49449634552002,12.516713002696633
1,4096,6,22,12.469856262207031,12.491596979089081
1,4096,6,23,12.515616416931152,12.53735099453479
1,4096,6,24,12.519455909729004,12.54158397205174
1,4096,6,25,12.51302433013916,12.535153073258698
1,4096,6,26,12.515551567077637,12.53743190318346
1,4096,6,27,12.550944328308105,12.573076994158328
1,4096,6,28,12.519968032836914,12.542397947981954
1,4096,6,29,12.528032302856445,12.549302889965475
1,4096,6,30,12.510751724243164,12.532131047919393
1,4096,6,31,12.554271697998047,12.576080043800175
1,4096,6,32,12.517056465148926,12.539560091681778
1,4096,6,33,12.464415550231934,12.48675596434623
1,4096,6,34,12.504159927368164,12.52641505561769
1,4096,6,35,12.492256164550781,12.514867004938424
1,4096,6,36,12.497599601745605,12.519679963588715
1,4096,6,37,12.466143608093262,12.488215928897262
1,4096,6,38,12.490015983581543,12.512130895629525
1,4096,6,39,12.48265552520752,12.504854006692767
1,4096,6,40,12.49721622467041,12.519611977040768
1,4096,6,41,12.438591957092285,12.461015023291111
1,4096,6,42,12.506336212158203,12.527963030152023
1,4096,6,43,12.494976043701172,12.516644084826112
1,4096,6,44,12.497119903564453,12.519496027380228
1,4096,6,45,12.479424476623535,12.507231091149151
1,4096,6,46,12.493184089660645,12.514960952103138
1,4096,6,47,12.482560157775879,12.504535028710961
1,4096,6,48,12.535103797912598,12.556747999042273
1,4096,6,49,12.511232376098633,12.532694963738322
1,4096,6,50,12.5316801071167,12.5544200418517
1,4096,6,51,12.509599685668945,12.532089021988213
1,4096,6,52,12.526464462280273,12.548296013846993
1,4096,6,53,12.495295524597168,12.517285067588091
1,4096,6,54,12.531264305114746,12.553786975331604
1,4096,6,55,12.51353645324707,12.535333982668817
1,4096,6,56,12.520768165588379,12.543378048576415
1,4096,6,57,12.487008094787598,12.508913991041481
1,4096,6,58,12.511327743530273,12.53395900130272
1,4096,6,59,12.513824462890625,12.53582607023418
1,4096,6,60,12.523839950561523,12.545780977234244
1,4096,6,61,12.462495803833008,12.484524049796164
1,4096,6,62,12.506591796875,12.528387946076691
1,4096,6,63,12.501279830932617,12.52540503628552
8,128,0,1,11.772704124450684,11.794533929787576
8,128,0,2,11.786751747131348,11.808341019786894
8,128,0,3,11.742719650268555,11.76351006142795
8,128,0,4,11.800352096557617,11.822536936961114
8,128,0,5,11.781439781188965,11.802561930380762
8,128,0,6,11.788064002990723,11.808556970208883
8,128,0,7,11.812383651733398,11.833576951175928
8,128,0,8,11.785056114196777,11.806597001850605
8,128,0,9,11.771136283874512,11.792253004387021
8,128,0,10,11.761055946350098,11.782371089793742
8,128,0,11,11.721216201782227,11.743139009922743
8,128,0,12,11.633312225341797,11.654035071842372
8,128,0,13,11.711968421936035,11.732210055924952
8,128,0,14,11.751872062683105,11.77406299393624
8,128,0,15,11.70860767364502,11.730063008144498
8,128,0,16,11.66102409362793,11.681976960971951
8,128,0,17,11.710880279541016,11.73204102087766
8,128,0,18,11.755359649658203,11.777173029258847
8,128,0,19,11.746015548706055,11.767755961045623
8,128,0,20,11.752127647399902,11.773540056310594
8,128,0,21,11.714559555053711,11.735629988834262
8,128,0,22,11.806048393249512,11.826695990748703
8,128,0,23,11.768192291259766,11.790235061198473
8,128,0,24,11.796256065368652,11.817999999038875
8,128,0,25,11.791199684143066,11.812002980150282
8,128,0,26,12.014399528503418,12.034981977194548
8,128,0,27,11.704959869384766,11.72640104778111
8,128,0,28,11.707967758178711,11.728866957128048
8,128,0,29,11.743776321411133,11.765028932131827
8,128,0,30,11.742976188659668,11.764474096708
8,128,0,31,11.770655632019043,11.791344964876771
8,128,0,32,11.68284797668457,11.704862001352012
8,128,0,33,11.730048179626465,11.751631973311305
8,128,0,34,11.712384223937988,11.734025902114809
8,128,0,35,11.679967880249023,11.702193995006382
8,128,0,36,11.756319999694824,11.777295032516122
8,128,0,37,11.698944091796875,11.720162001438439
8,128,0,38,11.728447914123535,11.750431964173913
8,128,0,39,11.672032356262207,11.693542008288205
8,128,0,40,11.74556827545166,11.766768991947174
8,128,0,41,11.805983543395996,11.827160022221506
8,128,0,42,11.74345588684082,11.764939059503376
8,128,0,43,11.74284839630127,11.764512048102915
8,128,0,44,11.821439743041992,11.848886962980032
8,128,0,45,11.686559677124023,11.707755038514733
8,128,0,46,11.781791687011719,11.802989058196545
8,128,0,47,11.759455680847168,11.780802044086158
8,128,0,48,11.858112335205078,11.880735983140767
8,128,0,49,11.77337646484375,11.794830090366304
8,128,0,50,11.765472412109375,11.786854011006653
8,128,0,51,11.76035213470459,11.781791923567653
8,128,0,52,11.794207572937012,11.81581907439977
8,128,0,53,11.84166431427002,11.86325098387897
8,128,0,54,11.758591651916504,11.780638946220279
8,128,0,55,11.79635238647461,11.81841699872166
8,128,0,56,11.7642240524292,11.785915005020797
8,128,0,57,11.79856014251709,11.819569976069033
8,128,0,58,11.830592155456543,11.851535993628204
8,128,0,59,11.727744102478027,11.748463963158429
8,128,0,60,11.86736011505127,11.888676905073225
8,128,0,61,11.763456344604492,11.785555048845708
8,128,0,62,11.782367706298828,11.80346799083054
8,128,0,63,11.744095802307129,11.765065952204168
8,128,1,1,11.824480056762695,11.846171924844384
8,128,1,2,11.862688064575195,11.8844760581851
8,128,1,3,11.817952156066895,11.840916937217116
8,128,1,4,11.780735969543457,11.802143999375403
8,128,1,5,11.772735595703125,11.794421006925404
8,128,1,6,11.725184440612793,11.74624904524535
8,128,1,7,11.810976028442383,11.832181015051901
8,128,1,8,11.779520034790039,11.808495037257671
8,128,1,9,11.784223556518555,11.805890942923725
8,128,1,10,11.764960289001465,11.786501971073449
8,128,1,11,11.734368324279785,11.755176936276257
8,128,1,12,11.760064125061035,11.781517998315394
8,128,1,13,11.831135749816895,11.852591997012496
8,128,1,14,11.816415786743164,11.837846948765218
8,128,1,15,11.785247802734375,11.812267010100186
8,128,1,16,11.702303886413574,11.723562027327716
8,128,1,17,11.755871772766113,11.776699917390943
8,128,1,18,11.805055618286133,11.826984002254903
8,128,1,19,11.816160202026367,11.837183963507414
8,128,1,20,11.821887969970703,11.843001004308462
8,128,1,21,11.782367706298828,11.803122935816646
8,128,1,22,11.850591659545898,11.871495051309466
8,128,1,23,11.718303680419922,11.739642010070384
8,128,1,24,11.813152313232422,11.835254961624742
8,128,1,25,11.804703712463379,11.826173053123057
8,128,1,26,11.798015594482422,11.818840052001178
8,128,1,27,11.80355167388916,11.830259929411113
8,128,1,28,11.788800239562988,11.809656047262251
8,128,1,29,11.798591613769531,11.819377075880766
8,128,1,30,11.807071685791016,11.828553047962487
8,128,1,31,11.77945613861084,11.801155051216483
8,128,1,32,11.747232437133789,11.768972035497427
8,128,1,33,11.761631965637207,11.788130039349198
8,128,1,34,11.748255729675293,11.769813019782305
8,128,1,35,11.733216285705566,11.754303006455302
8,128,1,36,11.760479927062988,11.782320914790034
8,128,1,37,11.747391700744629,11.76810497418046
8,128,1,38,11.758784294128418,11.779561056755483
8,128,1,39,11.703807830810547,11.72473595943302
8,128,1,40,11.786111831665039,11.807049973867834
8,128,1,41,11.81935977935791,11.840722989290953
8,128,1,42,11.7958402633667,11.816530022770166
8,128,1,43,11.79248046875,11.813797987997532
8,128,1,44,11.7774076461792,11.798389023169875
8,128,1,45,11.773728370666504,11.794736026786268
8,128,1,46,11.833056449890137,11.854087002575397
8,128,1,47,11.758496284484863,11.780197964981198
8,128,1,48,11.784928321838379,11.806528083980083
8,128,1,49,11.762975692749023,11.784160044044256
8,128,1,50,11.76425552368164,11.786065995693207
8,128,1,51,11.792415618896484,11.812867014668882
8,128,1,52,11.726880073547363,11.749397031962872
8,128,1,53,11.79520034790039,11.816974962130189
8,128,1,54,11.764543533325195,11.785374023020267
8,128,1,55,11.802335739135742,11.823816923424602
8,128,1,56,11.812864303588867,11.833195923827589
8,128,1,57,11.731231689453125,11.752175982110202
8,128,1,58,11.728128433227539,11.750158970244229
8,128,1,59,11.730496406555176,11.75162906292826
8,128,1,60,11.803168296813965,11.824220069684088
8,128,1,61,11.756959915161133,11.77930599078536
8,128,1,62,11.787775993347168,11.808184906840324
8,128,1,63,11.832127571105957,11.852673953399062
8,128,2,1,11.872032165527344,11.89393107779324
8,128,2,2,11.777759552001953,11.799152009189129
8,128,2,3,11.784000396728516,11.805091984570026
8,128,2,4,11.81657600402832,11.838639969937503
8,128,2,5,11.76534366607666,11.786237941123545
8,128,2,6,11.815391540527344,11.83644705452025
8,128,2,7,11.744352340698242,11.764994007535279
8,128,2,8,11.792991638183594,11.814930010586977
8,128,2,9,11.824543952941895,11.846474022604525
8,128,2,10,11.74841594696045,11.769918026402593
8,128,2,11,11.698975563049316,11.719458037987351
8,128,2,12,11.753664016723633,11.775132035836577
8,128,2,13,11.747551918029785,11.769174016080797
8,128,2,14,11.725055694580078,11.745867086574435
8,128,2,15,11.736991882324219,11.758641921915114
8,128,2,16,11.673824310302734,11.694781947880983
8,128,2,17,11.748703956604004,11.77005807403475
8,128,2,18,11.747903823852539,11.7702690185979
8,128,2,19,11.728960037231445,11.751404032111168
8,128,2,20,11.649312019348145,11.67005707975477
8,128,2,21,11.72163200378418,11.74252200871706
8,128,2,22,11.803999900817871,11.826219037175179
8,128,2,23,11.776864051818848,11.797962011769414
8,128,2,24,11.780896186828613,11.802900000475347
8,128,2,25,11.71951961517334,11.740906978957355
8,128,2,26,11.745280265808105,11.766136041842401
8,128,2,27,11.74841594696045,11.769757024012506
8,128,2,28,11.762911796569824,11.784740956500173
8,128,2,29,11.800415992736816,11.821659980341792
8,128,2,30,11.823391914367676,11.844713939353824
8,128,2,31,11.767328262329102,11.788557982072234
8,128,2,32,11.733504295349121,11.754667037166655
8,128,2,33,11.768896102905273,11.790854041464627
8,128,2,34,11.778783798217773,11.800229083746672
8,128,2,35,11.791872024536133,11.813055025413632
8,128,2,36,11.81004810333252,11.831101030111313
8,128,2,37,11.722784042358398,11.74409908708185
8,128,2,38,11.785152435302734,11.806831927970052
8,128,2,39,11.732895851135254,11.75509998574853
8,128,2,40,11.81612777709961,11.837667087092996
8,128,2,41,11.802751541137695,11.823922046460211
8,128,2,42,11.725567817687988,11.74710993655026
8,128,2,43,11.777503967285156,11.79823698475957
8,128,2,44,11.820768356323242,11.842707986943424
8,128,2,45,11.764191627502441,11.787216062657535
8,128,2,46,11.797439575195312,11.818656930699944
8,128,2,47,11.740320205688477,11.760990018956363
8,128,2,48,11.84614372253418,11.867604102008045
8,128,2,49,11.774463653564453,11.795763974078
8,128,2,50,11.731136322021484,11.753544094972312
8,128,2,51,11.827103614807129,11.849415022879839
8,128,2,52,11.783647537231445,11.80550002027303
8,128,2,53,11.836000442504883,11.8574860971421
8,128,2,54,11.77014446258545,11.791310040280223
8,128,2,55,11.823295593261719,11.844443972222507
8,128,2,56,11.739968299865723,11.76151493564248
8,128,2,57,11.716480255126953,11.73785503488034
8,128,2,58,11.793951988220215,11.815284960903227
8,128,2,59,11.857279777526855,11.87819498591125
8,128,2,60,12.035008430480957,12.055284925736487
8,128,2,61,11.85632038116455,11.876952019520104
8,128,2,62,11.778847694396973,11.799458065070212
8,128,2,63,11.760448455810547,11.781983077526093
8,128,3,1,11.867775917053223,11.88986492343247
8,128,3,2,11.841440200805664,11.86226203572005
8,128,3,3,11.827839851379395,11.849277070723474
8,128,3,4,11.864288330078125,11.884839972481132
8,128,3,5,11.82044792175293,11.841919971629977
8,128,3,6,11.90556812286377,11.926690000109375
8,128,3,7,11.768575668334961,11.790038901381195
8,128,3,8,11.823424339294434,11.84495398774743
8,128,3,9,11.81446361541748,11.836432968266308
8,128,3,10,11.745344161987305,11.76634302828461
8,128,3,11,11.763744354248047,11.7845400236547
8,128,3,12,11.752063751220703,11.77312305662781
8,128,3,13,11.819775581359863,11.841624043881893
8,128,3,14,11.804032325744629,11.82557304855436
8,128,3,15,11.745375633239746,11.766870971769094
8,128,3,16,11.732704162597656,11.753687052987516
8,128,3,17,11.790399551391602,11.812357930466533
8,128,3,18,11.797727584838867,11.819602106697857
8,128,3,19,11.817760467529297,11.839188053272665
8,128,3,20,11.769023895263672,11.790505959652364
8,128,3,21,11.762080192565918,11.789178010076284
8,128,3,22,11.783552169799805,11.805108049884439
8,128,3,23,11.728384017944336,11.74990797881037
8,128,3,24,11.794848442077637,11.816367041319609
8,128,3,25,11.739232063293457,11.760764988139272
8,128,3,26,11.729375839233398,11.75100903492421
8,128,3,27,11.755231857299805,11.775885941460729
8,128,3,28,11.743488311767578,11.764414026401937
8,128,3,29,11.748479843139648,11.770358891226351
8,128,3,30,11.696512222290039,11.71841099858284
8,128,3,31,11.724512100219727,11.746023083105683
8,128,3,32,11.717599868774414,11.739312903955579
8,128,3,33,11.715871810913086,11.73719100188464
8,128,3,34,11.742624282836914,11.763858958147466
8,128,3,35,11.75222396850586,11.773577076382935
8,128,3,36,11.803071975708008,11.824088054709136
8,128,3,37,11.791711807250977,11.813670047558844
8,128,3,38,11.743616104125977,11.76511705853045
8,128,3,39,11.700511932373047,11.724538053385913
8,128,3,40,11.760671615600586,11.782371904700994
8,128,3,41,11.72390365600586,11.74498803447932
8,128,3,42,11.744223594665527,11.764634982682765
8,128,3,43,11.728384017944336,11.749765020795166
8,128,3,44,11.840319633483887,11.862284038215876
8,128,3,45,11.728447914123535,11.749131954275072
8,128,3,46,11.748767852783203,11.769606964662671
8,128,3,47,11.725983619689941,11.746993055567145
8,128,3,48,11.746591567993164,11.767652002163231
8,128,3,49,11.694144248962402,11.715661967173219
8,128,3,50,11.785728454589844,11.806513997726142
8,128,3,51,11.768128395080566,11.788684059865773
8,128,3,52,11.752448081970215,11.774106998927891
8,128,3,53,11.759648323059082,11.781261069700122
8,128,3,54,11.755359649658203,11.776219005696476
8,128,3,55,11.786848068237305,11.807854054495692
8,128,3,56,11.736543655395508,11.758822947740555
8,128,3,57,11.715456008911133,11.736529064364731
8,128,3,58,11.748000144958496,11.76997902803123
8,128,3,59,11.744128227233887,11.765836039558053
8,128,3,60,11.691904067993164,11.713608051650226
8,128,3,61,11.714816093444824,11.737601016648114
8,128,3,62,11.76534366607666,11.787015944719315
8,128,3,63,11.729472160339355,11.751068057492375
8,128,4,1,11.830880165100098,11.853680945932865
8,128,4,2,11.823455810546875,11.844760971143842
8,128,4,3,11.670144081115723,11.691382038407028
8,128,4,4,11.760767936706543,11.782245943322778
8,128,4,5,11.767328262329102,11.788954958319664
8,128,4,6,11.670080184936523,11.691725929267704
8,128,4,7,11.69315242767334,11.71424298081547
8,128,4,8,11.79155158996582,11.812258046120405
8,128,4,9,11.71833610534668,11.74008205998689
8,128,4,10,11.72111988067627,11.7421600734815
8,128,4,11,11.754752159118652,11.776032974012196
8,128,4,12,11.791808128356934,11.813347926363349
8,128,4,13,11.97481632232666,11.996019980870187
8,128,4,14,12.018879890441895,12.039808090776205
8,128,4,15,11.989952087402344,12.011001002974808
8,128,4,16,11.977248191833496,11.99886598624289
8,128,4,17,11.979424476623535,12.001566938124597
8,128,4,18,11.847616195678711,11.874677031300962
8,128,4,19,11.819199562072754,11.840751045383513
8,128,4,20,11.733535766601562,11.755176004953682
8,128,4,21,11.746015548706055,11.767326039262116
8,128,4,22,11.7871675491333,11.809014016762376
8,128,4,23,11.712384223937988,11.733136023394763
8,128,4,24,11.724063873291016,11.745178024284542
8,128,4,25,11.719679832458496,11.740394053049386
8,128,4,26,11.733983993530273,11.754828970879316
8,128,4,27,11.793760299682617,11.815313948318362
8,128,4,28,11.72537612915039,11.747332056984305
8,128,4,29,11.742655754089355,11.763970949687064
8,128,4,30,11.784640312194824,11.805240996181965
8,128,4,31,11.753503799438477,11.774440994486213
8,128,4,32,11.766559600830078,11.788381030783057
8,128,4,33,11.716352462768555,11.738516972400248
8,128,4,34,11.739680290222168,11.76061702426523
8,128,4,35,11.718976020812988,11.739836074411869
8,128,4,36,11.776288032531738,11.797543033026159
8,128,4,37,11.691231727600098,11.712656007148325
8,128,4,38,11.744256019592285,11.764731025323272
8,128,4,39,11.71555233001709,11.736949090845883
8,128,4,40,11.747103691101074,11.768876924179494
8,128,4,41,11.748191833496094,11.770035955123603
8,128,4,42,11.78991985321045,11.810835101641715
8,128,4,43,11.79372787475586,11.814634082838893
8,128,4,44,11.739487648010254,11.760331108234823
8,128,4,45,11.708224296569824,11.729300022125244
8,128,4,46,11.777824401855469,11.799527914263308
8,128,4,47,11.739999771118164,11.761070927605033
8,128,4,48,11.753664016723633,11.774671962484717
8,128,4,49,11.748736381530762,11.770157027058303
8,128,4,50,11.653056144714355,11.67408307082951
8,128,4,51,11.71168041229248,11.733332998119295
8,128,4,52,11.646495819091797,11.667654034681618
8,128,4,53,11.760255813598633,11.780785047449172
8,128,4,54,11.775263786315918,11.796230915933847
8,128,4,55,11.787424087524414,11.808699928224087
8,128,4,56,11.747615814208984,11.7696049856022
8,128,4,57,11.686944007873535,11.708202888257802
8,128,4,58,11.777791976928711,11.798263061791658
8,128,4,59,11.757408142089844,11.779394932091236
8,128,4,60,11.830816268920898,11.852433905005455
8,128,4,61,11.759039878845215,11.779586900956929
8,128,4,62,11.808064460754395,11.828624992631376
8,128,4,63,11.67302417755127,11.694387998431921
8,128,5,1,11.846303939819336,11.867605964653194
8,128,5,2,11.842495918273926,11.863579973578453
8,128,5,3,11.786784172058105,11.808561976067722
8,128,5,4,11.804256439208984,11.8258660659194
8,128,5,5,11.83801555633545,11.859755031764507
8,128,5,6,11.79923152923584,11.821191990748048
8,128,5,7,11.845376014709473,11.866930057294667
8,128,5,8,11.805888175964355,11.827412061393261
8,128,5,9,11.799391746520996,11.82674802839756
8,128,5,10,11.751359939575195,11.772939004004002
8,128,5,11,11.816191673278809,11.837319936603308
8,128,5,12,11.776320457458496,11.797679937444627
8,128,5,13,11.772255897521973,11.794368037953973
8,128,5,14,11.784255981445312,11.806271970272064
8,128,5,15,11.79967975616455,11.82095194235444
8,128,5,16,11.865216255187988,11.88692799769342
8,128,5,17,11.810367584228516,11.831179028376937
8,128,5,18,11.82256031036377,11.843321030028164
8,128,5,19,11.810815811157227,11.832026997581124
8,128,5,20,11.7740478515625,11.795973055996
8,128,5,21,11.833727836608887,11.855212040245533
8,128,5,22,11.78553581237793,11.813262943178415
8,128,5,23,11.783616065979004,11.804739944636822
8,128,5,24,11.838879585266113,11.859799968078732
8,128,5,25,11.791104316711426,11.812790995463729
8,128,5,26,11.746272087097168,11.768165975809097
8,128,5,27,11.827839851379395,11.84956997167319
8,128,5,28,11.817407608032227,11.83872891124338
8,128,5,29,11.817184448242188,11.838206090033054
8,128,5,30,11.797183990478516,11.819328996352851
8,128,5,31,11.800191879272461,11.822093976661563
8,128,5,32,11.767200469970703,11.789757059887052
8,128,5,33,11.791999816894531,11.814491008408368
8,128,5,34,11.755776405334473,11.777425068430603
8,128,5,35,11.79702377319336,11.8178779957816
8,128,5,36,11.744895935058594,11.766038020141423
8,128,5,37,11.761055946350098,11.782828951254487
8,128,5,38,11.80793571472168,11.829765979200602
8,128,5,39,11.733792304992676,11.755865067243576
8,128,5,40,11.719200134277344,11.740781948901713
8,128,5,41,11.84540843963623,11.866307002492249
8,128,5,42,11.829471588134766,11.850317940115929
8,128,5,43,11.80128002166748,11.822776985354722
8,128,5,44,11.792736053466797,11.814238969236612
8,128,5,45,11.804703712463379,11.826826957985759
8,128,5,46,11.815744400024414,11.836986988782883
8,128,5,47,11.757984161376953,11.779583990573883
8,128,5,48,11.858495712280273,11.879464029334486
8,128,5,49,11.77625560760498,11.797513929195702
8,128,5,50,11.776191711425781,11.798365041613579
8,128,5,51,11.811967849731445,11.834491044282913
8,128,5,52,11.80624008178711,11.82835700456053
8,128,5,53,11.859135627746582,11.880123987793922
8,128,5,54,11.6943359375,11.715522967278957
8,128,5,55,11.807616233825684,11.829246999695897
8,128,5,56,11.78707218170166,11.808424023911357
8,128,5,57,11.7708158493042,11.793315061368048
8,128,5,58,11.81766414642334,11.839617043733597
8,128,5,59,11.79967975616455,11.820871033705771
8,128,5,60,11.836959838867188,11.858156067319214
8,128,5,61,11.757120132446289,11.7786139016971
8,128,5,62,11.8471040725708,11.869322042912245
8,128,5,63,11.70473575592041,11.72664389014244
8,128,6,1,11.857983589172363,11.880947044119239
8,128,6,2,11.797823905944824,11.819960083812475
8,128,6,3,11.816608428955078,11.83877990115434
8,128,6,4,11.825535774230957,11.84689998626709
8,128,6,5,11.834112167358398,11.856187949888408
8,128,6,6,11.811103820800781,11.831977986730635
8,128,6,7,11.844063758850098,11.86561502981931
8,128,6,8,11.820704460144043,11.84232602827251
8,128,6,9,11.818495750427246,11.84025895781815
8,128,6,10,11.72323226928711,11.744932038709521
8,128,6,11,11.836511611938477,11.858082958497107
8,128,6,12,11.746687889099121,11.76752196624875
8,128,6,13,11.799039840698242,11.819691048003733
8,128,6,14,11.766688346862793,11.787849012762308
8,128,6,15,11.894368171691895,11.915771989151835
8,128,6,16,11.683808326721191,11.706350953318179
8,128,6,17,11.810175895690918,11.831345967948437
8,128,6,18,11.830592155456543,11.851614923216403
8,128,6,19,11.8439359664917,11.865571956150234
8,128,6,20,11.792223930358887,11.813626973889768
8,128,6,21,11.83084774017334,11.851862072944641
8,128,6,22,11.764639854431152,11.786511982791126
8,128,6,23,11.816512107849121,11.838431004434824
8,128,6,24,11.852895736694336,11.875245021656156
8,128,6,25,11.807583808898926,11.82854501530528
8,128,6,26,11.81481647491455,11.8372569559142
8,128,6,27,11.821439743041992,11.84280903544277
8,128,6,28,11.769439697265625,11.791651020757854
8,128,6,29,11.871359825134277,11.894025024957955
8,128,6,30,11.797632217407227,11.819439008831978
8,128,6,31,11.808511734008789,11.830079020000994
8,128,6,32,11.821056365966797,11.842336039990187
8,128,6,33,12.014880180358887,12.035750900395215
8,128,6,34,11.814240455627441,11.8349629919976
8,128,6,35,11.767135620117188,11.788384057581425
8,128,6,36,11.72339153289795,11.744559044018388
8,128,6,37,11.7193603515625,11.741696973331273
8,128,6,38,11.79196834564209,11.818524915724993
8,128,6,39,11.713151931762695,11.73429493792355
8,128,6,40,11.776864051818848,11.798429070040584
8,128,6,41,11.71190357208252,11.733371997252107
8,128,6,42,11.747296333312988,11.76912896335125
8,128,6,43,11.747391700744629,11.76861603744328
8,128,6,44,11.778783798217773,11.799741070717573
8,128,6,45,11.670207977294922,11.691262014210224
8,128,6,46,11.742560386657715,11.764577007852495
8,128,6,47,11.743935585021973,11.76510495133698
8,128,6,48,11.757599830627441,11.785191018134356
8,128,6,49,11.736512184143066,11.758305947296321
8,128,6,50,11.779168128967285,11.800533975474536
8,128,6,51,11.738207817077637,11.759444954805076
8,128,6,52,11.733407974243164,11.754477047361434
8,128,6,53,11.724479675292969,11.745971976779401
8,128,6,54,11.754528045654297,11.775586986914277
8,128,6,55,11.678400039672852,11.699669994413853
8,128,6,56,11.726847648620605,11.753165978007019
8,128,6,57,11.7227201461792,11.74477394670248
8,128,6,58,11.797151565551758,11.81838195770979
8,128,6,59,11.67039966583252,11.691136052832007
8,128,6,60,11.889984130859375,11.912179994396865
8,128,6,61,11.66431999206543,11.68682100251317
8,128,6,62,11.688480377197266,11.710529099218547
8,128,6,63,11.736703872680664,11.757522006519139
8,1024,0,1,17.513856887817383,17.53650594037026
8,1024,0,2,16.535871505737305,16.55741094145924
8,1024,0,3,16.217056274414062,16.23850699979812
8,1024,0,4,16.359359741210938,16.381731955334544
8,1024,0,5,15.998592376708984,16.02158008608967
8,1024,0,6,15.912927627563477,15.935310046188533
8,1024,0,7,15.859231948852539,15.880789025686681
8,1024,0,8,16.031808853149414,16.053794068284333
8,1024,0,9,15.879712104797363,15.902183018624783
8,1024,0,10,15.886336326599121,15.909085981547832
8,1024,0,11,15.877856254577637,15.900669968686998
8,1024,0,12,16.002016067504883,16.024161013774574
8,1024,0,13,15.878560066223145,15.901235048659146
8,1024,0,14,15.866880416870117,15.889312024228275
8,1024,0,15,15.886560440063477,15.90904698241502
8,1024,0,16,16.036447525024414,16.059363959357142
8,1024,0,17,15.899680137634277,15.922004939056933
8,1024,0,18,15.930015563964844,15.952144982293248
8,1024,0,19,15.900383949279785,15.922631951980293
8,1024,0,20,16.056447982788086,16.079316032119095
8,1024,0,21,15.895903587341309,15.918012009933591
8,1024,0,22,15.93619155883789,15.95823501702398
8,1024,0,23,15.921343803405762,15.944550046697259
8,1024,0,24,16.052095413208008,16.07459702063352
8,1024,0,25,15.925375938415527,15.948032028973103
8,1024,0,26,15.931232452392578,15.954107977449894
8,1024,0,27,15.918399810791016,15.941003919579089
8,1024,0,28,16.075008392333984,16.097240964882076
8,1024,0,29,15.924768447875977,15.947535983286798
8,1024,0,30,15.961824417114258,15.983935096301138
8,1024,0,31,15.922271728515625,15.946028055623174
8,1024,0,32,16.082176208496094,16.104934038594365
8,1024,0,33,15.939552307128906,15.962254954501987
8,1024,0,34,15.974047660827637,15.996521920897067
8,1024,0,35,15.93996810913086,15.96227497793734
8,1024,0,36,16.12758445739746,16.149945906363428
8,1024,0,37,15.957856178283691,15.980405965819955
8,1024,0,38,16.002975463867188,16.024809912778437
8,1024,0,39,15.959487915039062,15.981931006535888
8,1024,0,40,16.136255264282227,16.158620943315327
8,1024,0,41,15.984831809997559,16.00746193435043
8,1024,0,42,15.982144355773926,16.003631986677647
8,1024,0,43,15.958175659179688,15.980370109900832
8,1024,0,44,16.12214469909668,16.144505003467202
8,1024,0,45,15.972064018249512,15.994402929209173
8,1024,0,46,15.98470401763916,16.006889985874295
8,1024,0,47,15.994943618774414,16.017633955925703
8,1024,0,48,16.1691837310791,16.19111211039126
8,1024,0,49,15.993632316589355,16.015993081964552
8,1024,0,50,16.039840698242188,16.062370967119932
8,1024,0,51,16.005279541015625,16.027310048229992
8,1024,0,52,16.17865562438965,16.201448976062238
8,1024,0,53,16.016159057617188,16.038345987908542
8,1024,0,54,16.04185676574707,16.06365805491805
8,1024,0,55,16.024320602416992,16.04674698319286
8,1024,0,56,16.19148826599121,16.213692957535386
8,1024,0,57,16.056224822998047,16.078087966889143
8,1024,0,58,16.076608657836914,16.098289052024484
8,1024,0,59,16.033151626586914,16.055172076448798
8,1024,0,60,16.226783752441406,16.24855399131775
8,1024,0,61,16.0515193939209,16.073749982751906
8,1024,0,62,16.085599899291992,16.107660019770265
8,1024,0,63,16.054271697998047,16.076056053861976
8,1024,1,1,17.736671447753906,17.759043024852872
8,1024,1,2,16.654752731323242,16.67653303593397
8,1024,1,3,16.291391372680664,16.312740044668317
8,1024,1,4,16.277759552001953,16.299542039632797
8,1024,1,5,16.050527572631836,16.072332044132054
8,1024,1,6,16.040128707885742,16.061992035247386
8,1024,1,7,15.85977554321289,15.881275990977883
8,1024,1,8,16.03705596923828,16.058363020420074
8,1024,1,9,15.871968269348145,15.894480980932713
8,1024,1,10,15.87945556640625,15.901554026640952
8,1024,1,11,15.877311706542969,15.899332938715816
8,1024,1,12,16.030303955078125,16.052777064032853
8,1024,1,13,15.892191886901855,15.914777992293239
8,1024,1,14,15.882464408874512,15.904019004665315
8,1024,1,15,15.893407821655273,15.917759970761836
8,1024,1,16,16.0533447265625,16.07584801968187
8,1024,1,17,15.917280197143555,15.939219971187413
8,1024,1,18,15.92956829071045,15.951915993355215
8,1024,1,19,15.900447845458984,15.922279912047088
8,1024,1,20,16.07164764404297,16.0939620109275
8,1024,1,21,15.942815780639648,15.964810037985444
8,1024,1,22,15.953503608703613,15.975525951944292
8,1024,1,23,15.949024200439453,15.970901935361326
8,1024,1,24,16.120864868164062,16.143059940077364
8,1024,1,25,15.954751968383789,15.977104078046978
8,1024,1,26,15.920063972473145,15.942082041874528
8,1024,1,27,15.915264129638672,15.9372539492324
8,1024,1,28,16.058399200439453,16.08031603973359
8,1024,1,29,15.921695709228516,15.944694052450359
8,1024,1,30,15.937024116516113,15.959040028974414
8,1024,1,31,15.919487953186035,15.941673889756203
8,1024,1,32,16.093280792236328,16.115296981297433
8,1024,1,33,15.94048023223877,15.963027020916343
8,1024,1,34,15.958784103393555,15.98066696897149
8,1024,1,35,15.926464080810547,15.949434950016439
8,1024,1,36,16.10723114013672,16.12928498070687
8,1024,1,37,15.964287757873535,15.986450016498566
8,1024,1,38,15.960864067077637,15.983455930836499
8,1024,1,39,15.939040184020996,15.96122293267399
8,1024,1,40,16.108448028564453,16.130147967487574
8,1024,1,41,15.987456321716309,16.009818064048886
8,1024,1,42,15.987199783325195,16.00988896097988
8,1024,1,43,15.977760314941406,15.999181079678237
8,1024,1,44,16.14419174194336,16.166989924386144
8,1024,1,45,15.991328239440918,16.013461048714817
8,1024,1,46,16.01366424560547,16.03855995927006
8,1024,1,47,15.982815742492676,16.005142009817064
8,1024,1,48,16.146303176879883,16.168291913345456
8,1024,1,49,15.999872207641602,16.021971008740366
8,1024,1,50,16.041791915893555,16.064467956312
8,1024,1,51,16.003103256225586,16.024457989260554
8,1024,1,52,16.183807373046875,16.206277068704367
8,1024,1,53,16.000288009643555,16.02316100616008
8,1024,1,54,16.0350399017334,16.05777197983116
8,1024,1,55,16.038143157958984,16.060202033258975
8,1024,1,56,16.1812801361084,16.20425598230213
8,1024,1,57,16.05411148071289,16.076858970336616
8,1024,1,58,16.0468807220459,16.069175908342004
8,1024,1,59,16.06435203552246,16.087374067865312
8,1024,1,60,16.221824645996094,16.24356210231781
8,1024,1,61,16.0546875,16.077228006906807
8,1024,1,62,16.08131217956543,16.10387791879475
8,1024,1,63,16.077280044555664,16.101974993944168
8,1024,2,1,17.66044807434082,17.682991921901703
8,1024,2,2,16.51113510131836,16.533143003471196
8,1024,2,3,16.15433692932129,16.175576020032167
8,1024,2,4,16.128639221191406,16.150205046869814
8,1024,2,5,15.902560234069824,15.925034997053444
8,1024,2,6,15.910880088806152,15.933086979202926
8,1024,2,7,15.874943733215332,15.896036988124251
8,1024,2,8,16.036832809448242,16.058677923865616
8,1024,2,9,15.863167762756348,15.884749940596521
8,1024,2,10,15.86838436126709,15.890700044110417
8,1024,2,11,15.872415542602539,15.893824980594218
8,1024,2,12,16.0185604095459,16.041107941418886
8,1024,2,13,15.894432067871094,15.916166012175381
8,1024,2,14,15.886079788208008,15.908665023744106
8,1024,2,15,15.877728462219238,15.90025203768164
8,1024,2,16,16.048160552978516,16.070624929852784
8,1024,2,17,15.892512321472168,15.91496099717915
8,1024,2,18,15.930848121643066,15.953325084410608
8,1024,2,19,15.882975578308105,15.905704000033438
8,1024,2,20,16.049280166625977,16.07080502435565
8,1024,2,21,15.904959678649902,15.926986001431942
8,1024,2,22,15.941823959350586,15.964179066941142
8,1024,2,23,15.925472259521484,15.94788592774421
8,1024,2,24,16.067712783813477,16.09015208669007
8,1024,2,25,15.930879592895508,15.95297094900161
8,1024,2,26,15.940608024597168,15.962969977408648
8,1024,2,27,15.91436767578125,15.936773968860507
8,1024,2,28,16.07676887512207,16.098717926070094
8,1024,2,29,15.928768157958984,15.95080189872533
8,1024,2,30,15.959744453430176,15.982593991793692
8,1024,2,31,15.943327903747559,15.965046011842787
8,1024,2,32,16.096832275390625,16.118731000460684
8,1024,2,33,15.947872161865234,15.970102045685053
8,1024,2,34,15.990240097045898,16.013083048164845
8,1024,2,35,15.920991897583008,15.943653066642582
8,1024,2,36,16.096960067749023,16.11933601088822
8,1024,2,37,15.940832138061523,15.96275600604713
8,1024,2,38,15.964960098266602,15.987006947398186
8,1024,2,39,15.939264297485352,15.961884055286646
8,1024,2,40,16.112640380859375,16.135044978000224
8,1024,2,41,15.985504150390625,16.007906990125775
8,1024,2,42,15.970623970031738,15.992201981134713
8,1024,2,43,15.982208251953125,16.004453063942492
8,1024,2,44,16.13465690612793,16.156526980921626
8,1024,2,45,16.009952545166016,16.03247202001512
8,1024,2,46,16.014848709106445,16.037621069699526
8,1024,2,47,16.024608612060547,16.046509030275047
8,1024,2,48,16.136287689208984,16.158713959157467
8,1024,2,49,16.012832641601562,16.034763073548675
8,1024,2,50,16.03638458251953,16.05890493374318
8,1024,2,51,16.003007888793945,16.02580293547362
8,1024,2,52,16.161056518554688,16.18290797341615
8,1024,2,53,16.011520385742188,16.033418010920286
8,1024,2,54,16.004928588867188,16.027546022087336
8,1024,2,55,15.997920036315918,16.019955975934863
8,1024,2,56,16.175519943237305,16.19777304586023
8,1024,2,57,16.655519485473633,16.684585018083453
8,1024,2,58,16.19331169128418,16.21588703710586
8,1024,2,59,16.031455993652344,16.05381106492132
8,1024,2,60,16.255680084228516,16.2833109498024
8,1024,2,61,16.07459259033203,16.096477978862822
8,1024,2,62,16.097471237182617,16.11996302381158
8,1024,2,63,16.077695846557617,16.100395005196333
8,1024,3,1,17.670368194580078,17.692779074423015
8,1024,3,2,16.86908721923828,16.89081301447004
8,1024,3,3,16.847551345825195,16.869098995812237
8,1024,3,4,16.4467830657959,16.469034948386252
8,1024,3,5,15.962688446044922,15.98510891199112
8,1024,3,6,15.928128242492676,15.949541004374623
8,1024,3,7,15.843071937561035,15.865262015722692
8,1024,3,8,16.01875114440918,16.041780938394368
8,1024,3,9,15.868767738342285,15.890305046923459
8,1024,3,10,15.846879959106445,15.868379967287183
8,1024,3,11,15.866175651550293,15.887240995652974
8,1024,3,12,16.00307273864746,16.024658922106028
8,1024,3,13,15.888768196105957,15.910819987766445
8,1024,3,14,15.902527809143066,15.924673061817884
8,1024,3,15,15.900480270385742,15.922124963253736
8,1024,3,16,16.068544387817383,16.090837074443698
8,1024,3,17,15.926912307739258,15.948888030834496
8,1024,3,18,15.96399974822998,15.985985053703189
8,1024,3,19,15.889663696289062,15.911078080534935
8,1024,3,20,16.072288513183594,16.09439600724727
8,1024,3,21,15.929632186889648,15.951180015690625
8,1024,3,22,15.931360244750977,15.953148948028684
8,1024,3,23,15.916607856750488,15.938452910631895
8,1024,3,24,16.09868812561035,16.120732994750142
8,1024,3,25,15.941951751708984,15.963257988914847
8,1024,3,26,15.936575889587402,15.958148054778576
8,1024,3,27,15.927488327026367,15.949104097671807
8,1024,3,28,16.09382438659668,16.115921083837748
8,1024,3,29,15.953568458557129,15.975983929820359
8,1024,3,30,15.992992401123047,16.014356981031597
8,1024,3,31,15.9486722946167,15.970131033100188
8,1024,3,32,16.110240936279297,16.131707932800055
8,1024,3,33,15.93932819366455,15.96140000037849
8,1024,3,34,15.973855972290039,15.99594997242093
8,1024,3,35,15.93667221069336,15.957920928485692
8,1024,3,36,16.116384506225586,16.138178063556552
8,1024,3,37,15.961824417114258,15.983049990609288
8,1024,3,38,15.97920036315918,16.000782954506576
8,1024,3,39,15.958592414855957,15.97982703242451
8,1024,3,40,16.12236785888672,16.144577995873988
8,1024,3,41,16.00511932373047,16.02621003985405
8,1024,3,42,15.974431991577148,15.99600596819073
8,1024,3,43,15.957119941711426,15.979274059645832
8,1024,3,44,16.1362247467041,16.15874096751213
8,1024,3,45,15.968255996704102,15.99054189864546
8,1024,3,46,15.972064018249512,15.994206070899963
8,1024,3,47,15.965120315551758,15.987354912795126
8,1024,3,48,16.129600524902344,16.152100055478513
8,1024,3,49,15.979392051696777,16.0013718996197
8,1024,3,50,16.032672882080078,16.054263920523226
8,1024,3,51,16.00364875793457,16.025023069232702
8,1024,3,52,16.184640884399414,16.206410015001893
8,1024,3,53,16.011327743530273,16.032355022616684
8,1024,3,54,16.051040649414062,16.072144964709878
8,1024,3,55,16.024383544921875,16.045717056840658
8,1024,3,56,16.172319412231445,16.193952993489802
8,1024,3,57,16.070751190185547,16.092721023596823
8,1024,3,58,16.10086441040039,16.12275210209191
8,1024,3,59,16.07529640197754,16.097199986688793
8,1024,3,60,16.249568939208984,16.27038698643446
8,1024,3,61,16.05615997314453,16.077829990535975
8,1024,3,62,16.09766387939453,16.11892192158848
8,1024,3,63,16.06595230102539,16.087229014374316
8,1024,4,1,17.428224563598633,17.450388055294752
8,1024,4,2,16.595264434814453,16.61736110690981
8,1024,4,3,16.202943801879883,16.225605038926005
8,1024,4,4,16.317535400390625,16.34016796015203
8,1024,4,5,16.084447860717773,16.10659994184971
8,1024,4,6,15.875679969787598,15.897486009635031
8,1024,4,7,15.836928367614746,15.859017963521183
8,1024,4,8,16.01260757446289,16.034070984460413
8,1024,4,9,15.86780834197998,15.889292932115495
8,1024,4,10,15.85916805267334,15.881130006164312
8,1024,4,11,15.886207580566406,15.90814907103777
8,1024,4,12,16.024768829345703,16.046424047090113
8,1024,4,13,15.875200271606445,15.896782046183944
8,1024,4,14,15.888192176818848,15.90952801052481
8,1024,4,15,15.903552055358887,15.92608995269984
8,1024,4,16,16.06870460510254,16.090906923636794
8,1024,4,17,15.929183959960938,15.951097011566162
8,1024,4,18,15.918208122253418,15.940119978040457
8,1024,4,19,15.875103950500488,15.89652500115335
8,1024,4,20,16.062976837158203,16.08502899762243
8,1024,4,21,15.913056373596191,15.935036004520953
8,1024,4,22,15.934752464294434,15.956374001689255
8,1024,4,23,15.919455528259277,15.940997051075101
8,1024,4,24,16.073888778686523,16.09621092211455
8,1024,4,25,15.952447891235352,15.974531997926533
8,1024,4,26,15.923999786376953,15.945647028274834
8,1024,4,27,15.90998363494873,15.931335976347327
8,1024,4,28,16.092191696166992,16.113593941554427
8,1024,4,29,15.94211196899414,15.963881043717265
8,1024,4,30,15.93830394744873,15.959804994054139
8,1024,4,31,15.89078426361084,15.912310918793082
8,1024,4,32,16.078176498413086,16.100354958325624
8,1024,4,33,15.918815612792969,15.940647921524942
8,1024,4,34,15.953408241271973,15.974901034496725
8,1024,4,35,15.90886402130127,15.930875088088214
8,1024,4,36,16.11292839050293,16.135071986354887
8,1024,4,37,15.9585599899292,15.980995958670974
8,1024,4,38,15.990303993225098,16.01189107168466
8,1024,4,39,15.964447975158691,15.985665027983487
8,1024,4,40,16.11939239501953,16.140733030624688
8,1024,4,41,16.006879806518555,16.02920505683869
8,1024,4,42,15.981632232666016,16.011985018849373
8,1024,4,43,15.972352027893066,15.995121095329523
8,1024,4,44,16.14031982421875,16.162479063495994
8,1024,4,45,16.00441551208496,16.026410972699523
8,1024,4,46,15.989567756652832,16.012584092095494
8,1024,4,47,15.9967679977417,16.018582973629236
8,1024,4,48,16.14998435974121,16.171885072253644
8,1024,4,49,15.97436809539795,15.996121102944016
8,1024,4,50,16.036096572875977,16.058356035500765
8,1024,4,51,15.985183715820312,16.007144935429096
8,1024,4,52,16.166400909423828,16.188492998480797
8,1024,4,53,15.995231628417969,16.01649494841695
8,1024,4,54,16.024032592773438,16.046541975811124
8,1024,4,55,16.000415802001953,16.02326810825616
8,1024,4,56,16.180736541748047,16.20313199236989
8,1024,4,57,16.071359634399414,16.093423939310014
8,1024,4,58,16.092863082885742,16.11451804637909
8,1024,4,59,16.069440841674805,16.091574099846184
8,1024,4,60,16.233440399169922,16.25565905123949
8,1024,4,61,16.060672760009766,16.082779970020056
8,1024,4,62,16.091712951660156,16.11403899732977
8,1024,4,63,16.068767547607422,16.090053017251194
8,1024,5,1,17.550464630126953,17.57283299230039
8,1024,5,2,16.55251121520996,16.575461952015758
8,1024,5,3,16.187679290771484,16.209790017455816
8,1024,5,4,16.185279846191406,16.207274049520493
8,1024,5,5,16.017568588256836,16.039865091443062
8,1024,5,6,16.04207992553711,16.06393000110984
8,1024,5,7,16.009695053100586,16.031441977247596
8,1024,5,8,16.0350399017334,16.056969994679093
8,1024,5,9,15.848128318786621,15.870550065301359
8,1024,5,10,15.868576049804688,15.89120994322002
8,1024,5,11,15.885503768920898,15.90732904151082
8,1024,5,12,16.010175704956055,16.031941981054842
8,1024,5,13,15.892191886901855,15.913664945401251
8,1024,5,14,15.893983840942383,15.915811993181705
8,1024,5,15,15.907584190368652,15.929325018078089
8,1024,5,16,16.060895919799805,16.083689057268202
8,1024,5,17,15.91478443145752,15.936582931317389
8,1024,5,18,15.946111679077148,15.967991901561618
8,1024,5,19,15.896032333374023,15.91831399127841
8,1024,5,20,16.07766342163086,16.099337954074144
8,1024,5,21,15.9202880859375,15.941845020279288
8,1024,5,22,15.919136047363281,15.941519988700747
8,1024,5,23,15.921343803405762,15.942933037877083
8,1024,5,24,16.063520431518555,16.085365088656545
8,1024,5,25,15.958208084106445,15.980272903107107
8,1024,5,26,15.930591583251953,15.952360001392663
8,1024,5,27,15.92255973815918,15.944825951009989
8,1024,5,28,16.079103469848633,16.10171899665147
8,1024,5,29,15.94489574432373,15.96704893745482
8,1024,5,30,15.969663619995117,15.992518980056047
8,1024,5,31,15.931520462036133,15.953757101669908
8,1024,5,32,16.095680236816406,16.11808396410197
8,1024,5,33,15.939519882202148,15.965071972459555
8,1024,5,34,15.961376190185547,15.984196914359927
8,1024,5,35,15.933631896972656,15.956026036292315
8,1024,5,36,16.1060791015625,16.128442948684096
8,1024,5,37,15.940159797668457,15.962801058776677
8,1024,5,38,15.966496467590332,15.98894502967596
8,1024,5,39,15.93830394744873,15.961447963491082
8,1024,5,40,16.12928009033203,16.152546042576432
8,1024,5,41,15.9901123046875,16.011241008527577
8,1024,5,42,15.989215850830078,16.0117280902341
8,1024,5,43,15.981887817382812,16.00457902532071
8,1024,5,44,16.145376205444336,16.167785972356796
8,1024,5,45,15.990367889404297,16.01267803926021
8,1024,5,46,16.010591506958008,16.032726038247347
8,1024,5,47,16.003007888793945,16.025059041567147
8,1024,5,48,16.15932846069336,16.181928920559585
8,1024,5,49,16.00044822692871,16.02302596438676
8,1024,5,50,16.036352157592773,16.059310059063137
8,1024,5,51,15.97817611694336,16.00030600093305
8,1024,5,52,16.158432006835938,16.181073966436088
8,1024,5,53,15.981087684631348,16.00392593536526
8,1024,5,54,16.000768661499023,16.024203039705753
8,1024,5,55,15.983360290527344,16.006111982278526
8,1024,5,56,16.18160057067871,16.204115003347397
8,1024,5,57,16.061952590942383,16.083993948996067
8,1024,5,58,16.108896255493164,16.130871954374015
8,1024,5,59,16.054912567138672,16.078245011158288
8,1024,5,60,16.222623825073242,16.24533801805228
8,1024,5,61,16.06608009338379,16.088305972516537
8,1024,5,62,16.09663963317871,16.118908068165183
8,1024,5,63,16.085599899291992,16.108222072944045
8,1024,6,1,17.527551651000977,17.551764962263405
8,1024,6,2,16.576576232910156,16.598974005319178
8,1024,6,3,16.26915168762207,16.291724052280188
8,1024,6,4,16.280895233154297,16.304003074765205
8,1024,6,5,15.93500804901123,15.957640949636698
8,1024,6,6,15.96281623840332,15.984979923814535
8,1024,6,7,15.924927711486816,15.947023057378829
8,1024,6,8,16.039648056030273,16.061218921095133
8,1024,6,9,15.880415916442871,15.902905957773328
8,1024,6,10,15.868672370910645,15.89128002524376
8,1024,6,11,15.900256156921387,15.922387945465744
8,1024,6,12,16.015743255615234,16.037732013501227
8,1024,6,13,15.920512199401855,15.942471916787326
8,1024,6,14,15.898367881774902,15.920342993922532
8,1024,6,15,15.90886402130127,15.930935041978955
8,1024,6,16,16.092863082885742,16.114905942231417
8,1024,6,17,15.923551559448242,15.945413033477962
8,1024,6,18,15.948991775512695,15.970785985700786
8,1024,6,19,15.897024154663086,15.92505699954927
8,1024,6,20,16.0565128326416,16.078406013548374
8,1024,6,21,15.921343803405762,15.943104983307421
8,1024,6,22,15.957728385925293,15.979651012457907
8,1024,6,23,15.92416000366211,15.946193016134202
8,1024,6,24,16.0382080078125,16.05988701339811
8,1024,6,25,15.948927879333496,15.970226028002799
8,1024,6,26,15.93712043762207,15.959533047862351
8,1024,6,27,15.918047904968262,15.940055949613452
8,1024,6,28,16.09177589416504,16.11388404853642
8,1024,6,29,15.966848373413086,15.988470055162907
8,1024,6,30,15.965375900268555,15.987687045708299
8,1024,6,31,15.902591705322266,15.924814972095191
8,1024,6,32,16.070079803466797,16.092433012090623
8,1024,6,33,15.908415794372559,15.93101501930505
8,1024,6,34,15.942336082458496,15.964254969730973
8,1024,6,35,15.879263877868652,15.901404083706439
8,1024,6,36,16.101823806762695,16.124070971272886
8,1024,6,37,15.955840110778809,15.979061019606888
8,1024,6,38,15.976351737976074,15.998222981579602
8,1024,6,39,15.968480110168457,15.990645973943174
8,1024,6,40,16.136608123779297,16.15856494754553
8,1024,6,41,16.01091194152832,16.033226042054594
8,1024,6,42,15.99846363067627,16.019691014662385
8,1024,6,43,15.991999626159668,16.013622051104903
8,1024,6,44,16.139232635498047,16.16107497829944
8,1024,6,45,15.976256370544434,15.997988055460155
8,1024,6,46,16.009183883666992,16.031014965847135
8,1024,6,47,15.988351821899414,16.010796069167554
8,1024,6,48,16.155263900756836,16.178074991330504
8,1024,6,49,15.98639965057373,16.009517014026642
8,1024,6,50,16.029855728149414,16.052518971264362
8,1024,6,51,15.982527732849121,16.00481802597642
8,1024,6,52,16.13817596435547,16.16100803948939
8,1024,6,53,16.003679275512695,16.025298042222857
8,1024,6,54,16.038911819458008,16.060633934102952
8,1024,6,55,16.003263473510742,16.025276971049607
8,1024,6,56,16.19455909729004,16.216624062508345
8,1024,6,57,16.0416316986084,16.063728951849043
8,1024,6,58,16.069120407104492,16.091544064693153
8,1024,6,59,16.053695678710938,16.076343948952854
8,1024,6,60,16.21353530883789,16.23571803793311
8,1024,6,61,16.076608657836914,16.098262974992394
8,1024,6,62,16.1015682220459,16.123801935464144
8,1024,6,63,16.074975967407227,16.09672198537737
8,4096,0,1,38.406654357910156,38.4327860083431
8,4096,0,2,33.09356689453125,33.11653307173401
8,4096,0,3,32.728126525878906,32.74994296953082
8,4096,0,4,32.446720123291016,32.4695180170238
8,4096,0,5,32.24991989135742,32.27208100724965
8,4096,0,6,32.35414505004883,32.37625607289374
8,4096,0,7,32.515647888183594,32.538075000047684
8,4096,0,8,32.465152740478516,32.4872899800539
8,4096,0,9,32.268672943115234,32.29047602508217
8,4096,0,10,32.28153610229492,32.30450500268489
8,4096,0,11,32.568031311035156,32.59091393556446
8,4096,0,12,32.394527435302734,32.417248003184795
8,4096,0,13,32.12409591674805,32.146904966793954
8,4096,0,14,32.140384674072266,32.16365899425
8,4096,0,15,32.40108871459961,32.42288704495877
8,4096,0,16,32.252193450927734,32.27483306545764
8,4096,0,17,32.07603073120117,32.09784300997853
8,4096,0,18,32.10121536254883,32.124858000315726
8,4096,0,19,32.41081619262695,32.432978972792625
8,4096,0,20,32.34022521972656,32.36288600601256
8,4096,0,21,32.14998245239258,32.17218001373112
8,4096,0,22,32.15574264526367,32.1789049776271
8,4096,0,23,32.421630859375,32.44474402163178
8,4096,0,24,32.2946891784668,32.32028603088111
8,4096,0,25,32.163169860839844,32.186021911911666
8,4096,0,26,32.1943359375,32.21785800997168
8,4096,0,27,32.46073532104492,32.483192975632846
8,4096,0,28,32.300289154052734,32.323161023668945
8,4096,0,29,32.150848388671875,32.173850922845304
8,4096,0,30,32.16048049926758,32.1837110677734
8,4096,0,31,32.48076629638672,32.50381804537028
8,4096,0,32,32.358943939208984,32.3819809127599
8,4096,0,33,32.206111907958984,32.230357988737524
8,4096,0,34,32.22188949584961,32.244483940303326
8,4096,0,35,32.46543884277344,32.48913097195327
8,4096,0,36,32.327327728271484,32.35016006510705
8,4096,0,37,32.2270393371582,32.25026105064899
8,4096,0,38,32.2672004699707,32.29030198417604
8,4096,0,39,32.52076721191406,32.54306793678552
8,4096,0,40,32.39039993286133,32.41310897283256
8,4096,0,41,32.21430587768555,32.23951905965805
8,4096,0,42,32.22809600830078,32.25178096909076
8,4096,0,43,32.51084899902344,32.53427497111261
8,4096,0,44,32.405120849609375,32.42886206135154
8,4096,0,45,32.27036666870117,32.293417025357485
8,4096,0,46,32.264129638671875,32.28599298745394
8,4096,0,47,32.516414642333984,32.53832692280412
8,4096,0,48,32.40476989746094,32.4273519217968
8,4096,0,49,32.23497772216797,32.257526996545494
8,4096,0,50,32.3284797668457,32.352134003303945
8,4096,0,51,32.60905456542969,32.63349202461541
8,4096,0,52,32.428958892822266,32.45145303662866
8,4096,0,53,32.24937438964844,32.27272001095116
8,4096,0,54,32.298240661621094,32.32131293043494
8,4096,0,55,32.56399917602539,32.58703590836376
8,4096,0,56,32.47798538208008,32.50090801157057
8,4096,0,57,32.34038543701172,32.36287797335535
8,4096,0,58,32.36771011352539,32.39024488721043
8,4096,0,59,32.59641647338867,32.61965501587838
8,4096,0,60,32.45862579345703,32.48061100021005
8,4096,0,61,32.318687438964844,32.34056395012885
8,4096,0,62,32.372222900390625,32.395048066973686
8,4096,0,63,32.67145538330078,32.69455302506685
8,4096,1,1,38.48323059082031,38.50639099255204
8,4096,1,2,33.255615234375,33.279041992500424
8,4096,1,3,32.302879333496094,32.3248440399766
8,4096,1,4,32.01542282104492,32.03810297418386
8,4096,1,5,31.73632049560547,31.758844037540257
8,4096,1,6,31.78278350830078,31.80518199224025
8,4096,1,7,32.03535842895508,32.05778810661286
8,4096,1,8,31.95737648010254,31.981474021449685
8,4096,1,9,31.74675178527832,31.769730034284294
8,4096,1,10,31.760576248168945,31.78371803369373
8,4096,1,11,32.02534484863281,32.04741200897843
8,4096,1,12,31.92835235595703,31.95035201497376
8,4096,1,13,31.615455627441406,31.63898305501789
8,4096,1,14,31.66489601135254,31.687574926763773
8,4096,1,15,31.941696166992188,31.964096007868648
8,4096,1,16,31.80588722229004,31.828516046516597
8,4096,1,17,31.636064529418945,31.658343970775604
8,4096,1,18,31.693119049072266,31.71595698222518
8,4096,1,19,31.944416046142578,31.966882990673184
8,4096,1,20,31.836767196655273,31.858377973549068
8,4096,1,21,31.637760162353516,31.660145963542163
8,4096,1,22,31.711999893188477,31.73470008186996
8,4096,1,23,31.97235107421875,31.99515794403851
8,4096,1,24,31.875104904174805,31.897764070890844
8,4096,1,25,31.683456420898438,31.704675988294184
8,4096,1,26,31.700672149658203,31.722494983114302
8,4096,1,27,32.00796890258789,32.03032910823822
8,4096,1,28,31.852319717407227,31.8745959084481
8,4096,1,29,31.70307159423828,31.725986977107823
8,4096,1,30,31.708703994750977,31.730634975247085
8,4096,1,31,32.00889587402344,32.03192900400609
8,4096,1,32,31.88751983642578,31.910349032841623
8,4096,1,33,31.740352630615234,31.77380806300789
8,4096,1,34,31.848064422607422,31.886375974863768
8,4096,1,35,32.017024993896484,32.040335005149245
8,4096,1,36,31.892160415649414,31.914210063405335
8,4096,1,37,31.73535919189453,31.75855299923569
8,4096,1,38,31.76963233947754,31.79163101594895
8,4096,1,39,32.047489166259766,32.06989506725222
8,4096,1,40,31.9182071685791,31.941797002218664
8,4096,1,41,31.749439239501953,31.772476038895547
8,4096,1,42,31.774208068847656,31.796891009435058
8,4096,1,43,32.0797119140625,32.10267296526581
8,4096,1,44,31.944063186645508,31.96734399534762
8,4096,1,45,31.770240783691406,31.792355002835393
8,4096,1,46,31.770751953125,31.794806011021137
8,4096,1,47,32.117889404296875,32.142226002179086
8,4096,1,48,31.956159591674805,31.97875095065683
8,4096,1,49,31.7728328704834,31.795287039130926
8,4096,1,50,31.822368621826172,31.8447919562459
8,4096,1,51,32.079071044921875,32.101763994432986
8,4096,1,52,31.968095779418945,31.990731018595397
8,4096,1,53,31.793312072753906,31.816084985621274
8,4096,1,54,31.816864013671875,31.83984395582229
8,4096,1,55,32.12464141845703,32.14731195475906
8,4096,1,56,31.986175537109375,32.008478068746626
8,4096,1,57,31.83603286743164,31.85757203027606
8,4096,1,58,31.84182357788086,31.864342046901584
8,4096,1,59,32.168033599853516,32.190070021897554
8,4096,1,60,32.013824462890625,32.0360769983381
8,4096,1,61,31.859968185424805,31.882016104646027
8,4096,1,62,31.895872116088867,31.922054011374712
8,4096,1,63,32.182945251464844,32.2072560666129
8,4096,2,1,38.666465759277344,38.68993208743632
8,4096,2,2,34.06217575073242,34.08413310535252
8,4096,2,3,32.29692840576172,32.31923305429518
8,4096,2,4,31.94758415222168,31.969750998541713
8,4096,2,5,31.68172836303711,31.70435002539307
8,4096,2,6,31.773696899414062,31.795940943993628
8,4096,2,7,31.977632522583008,32.000318984501064
8,4096,2,8,31.930368423461914,31.952815013937652
8,4096,2,9,31.711488723754883,31.73395700287074
8,4096,2,10,31.736543655395508,31.759515986777842
8,4096,2,11,32.01987075805664,32.0419849595055
8,4096,2,12,31.86240005493164,31.88490099273622
8,4096,2,13,31.632896423339844,31.655254075303674
8,4096,2,14,31.640512466430664,31.662962050177157
8,4096,2,15,31.913471221923828,31.935353996232152
8,4096,2,16,31.771968841552734,31.794424983672798
8,4096,2,17,31.606176376342773,31.62849391810596
8,4096,2,18,31.66815948486328,31.69023199006915
8,4096,2,19,31.923744201660156,31.945575959980488
8,4096,2,20,31.815359115600586,31.837792950682342
8,4096,2,21,31.657663345336914,31.680246931500733
8,4096,2,22,31.675615310668945,31.697976985014975
8,4096,2,23,31.956384658813477,31.97903500404209
8,4096,2,24,31.847679138183594,31.870499020442367
8,4096,2,25,31.66579246520996,31.68815898243338
8,4096,2,26,31.68511962890625,31.711118994280696
8,4096,2,27,31.975679397583008,31.997316051274538
8,4096,2,28,31.85100746154785,31.872941995970905
8,4096,2,29,31.69353675842285,31.715632998384535
8,4096,2,30,31.706623077392578,31.729232985526323
8,4096,2,31,32.016353607177734,32.03852602746338
8,4096,2,32,31.87718391418457,31.899829977191985
8,4096,2,33,31.694751739501953,31.717173056676984
8,4096,2,34,31.724416732788086,31.74634592141956
8,4096,2,35,32.02012634277344,32.042016042396426
8,4096,2,36,31.890432357788086,31.912880018353462
8,4096,2,37,31.742656707763672,31.765046063810587
8,4096,2,38,31.758272171020508,31.78024000953883
8,4096,2,39,32.03456115722656,32.05650893505663
8,4096,2,40,31.898048400878906,31.92041500005871
8,4096,2,41,31.739168167114258,31.760797020979226
8,4096,2,42,31.747455596923828,31.769398017786443
8,4096,2,43,32.05097579956055,32.07279497291893
8,4096,2,44,31.917184829711914,31.939557986333966
8,4096,2,45,31.740192413330078,31.762273982167244
8,4096,2,46,31.766239166259766,31.791107030585408
8,4096,2,47,32.07283020019531,32.09475800395012
8,4096,2,48,31.93382453918457,31.9556740578264
8,4096,2,49,31.72211265563965,31.744693988002837
8,4096,2,50,31.800031661987305,31.821622978895903
8,4096,2,51,32.07872009277344,32.10070508066565
8,4096,2,52,31.952800750732422,31.974763027392328
8,4096,2,53,31.762048721313477,31.784050981514156
8,4096,2,54,31.822751998901367,31.844547018408775
8,4096,2,55,32.09503936767578,32.11743105202913
8,4096,2,56,31.97225570678711,31.994550954550505
8,4096,2,57,31.83718490600586,31.86006098985672
8,4096,2,58,31.839519500732422,31.861199997365475
8,4096,2,59,32.12351989746094,32.14642498642206
8,4096,2,60,32.00204849243164,32.0242129964754
8,4096,2,61,31.85228729248047,31.87436005100608
8,4096,2,62,31.855968475341797,31.878312933258712
8,4096,2,63,32.162879943847656,32.18655404634774
8,4096,3,1,38.71382522583008,38.73864794149995
8,4096,3,2,32.95948791503906,32.98171597998589
8,4096,3,3,32.51327896118164,32.53544098697603
8,4096,3,4,31.963743209838867,31.985625973902643
8,4096,3,5,31.69932746887207,31.722602900117636
8,4096,3,6,31.787872314453125,31.80994000285864
8,4096,3,7,32.008480072021484,32.031326089054346
8,4096,3,8,31.948511123657227,31.9714859360829
8,4096,3,9,31.738815307617188,31.762092956341803
8,4096,3,10,31.74287986755371,31.765674939379096
8,4096,3,11,32.03071975708008,32.05312695354223
8,4096,3,12,31.903743743896484,31.926924944855273
8,4096,3,13,31.630495071411133,31.653352896682918
8,4096,3,14,31.647743225097656,31.670891912654042
8,4096,3,15,31.923072814941406,31.945726019330323
8,4096,3,16,31.788991928100586,31.811838038265705
8,4096,3,17,31.612895965576172,31.63733403198421
8,4096,3,18,31.67228889465332,31.69501293450594
8,4096,3,19,31.92086410522461,31.943137990310788
8,4096,3,20,31.808799743652344,31.831140047870576
8,4096,3,21,31.638336181640625,31.66164003778249
8,4096,3,22,31.67206382751465,31.695248908363283
8,4096,3,23,31.962047576904297,31.985117006115615
8,4096,3,24,31.851808547973633,31.878181034699082
8,4096,3,25,31.693151473999023,31.716224970296025
8,4096,3,26,31.682880401611328,31.705252011306584
8,4096,3,27,31.98761558532715,32.01101196464151
8,4096,3,28,31.8603515625,31.88356093596667
8,4096,3,29,31.6648006439209,31.687219045124948
8,4096,3,30,31.71107292175293,31.73357609193772
8,4096,3,31,32.00806427001953,32.03171107452363
8,4096,3,32,31.87174415588379,31.89871192444116
8,4096,3,33,31.704191207885742,31.72766894567758
8,4096,3,34,31.752384185791016,31.77496197167784
8,4096,3,35,32.01484680175781,32.0375959854573
8,4096,3,36,31.900543212890625,31.92265599500388
8,4096,3,37,31.698463439941406,31.721492996439338
8,4096,3,38,31.755584716796875,31.777921016328037
8,4096,3,39,32.02569580078125,32.04801899846643
8,4096,3,40,31.92198371887207,31.94583801086992
8,4096,3,41,31.893983840942383,31.920498935505748
8,4096,3,42,31.76892852783203,31.79197001736611
8,4096,3,43,32.05628967285156,32.07911108620465
8,4096,3,44,31.927391052246094,31.950534088537097
8,4096,3,45,31.758560180664062,31.78107098210603
8,4096,3,46,31.78313636779785,31.806263024918735
8,4096,3,47,32.07740783691406,32.10009995382279
8,4096,3,48,31.948320388793945,31.970910960808396
8,4096,3,49,31.74732780456543,31.77038999274373
8,4096,3,50,31.835968017578125,31.858670990914106
8,4096,3,51,32.090335845947266,32.113310997374356
8,4096,3,52,31.937728881835938,31.965063884854317
8,4096,3,53,31.788799285888672,31.81198297534138
8,4096,3,54,31.824127197265625,31.846698955632746
8,4096,3,55,32.13468933105469,32.15739701408893
8,4096,3,56,31.99065589904785,32.01367403380573
8,4096,3,57,31.841440200805664,31.86520398594439
8,4096,3,58,31.849376678466797,31.872519990429282
8,4096,3,59,32.1379508972168,32.16125501785427
8,4096,3,60,32.002559661865234,32.02457504812628
8,4096,3,61,31.83625602722168,31.859109993092716
8,4096,3,62,31.872831344604492,31.895490013994277
8,4096,3,63,32.17897415161133,32.202312955632806
8,4096,4,1,38.59027099609375,38.62689097877592
8,4096,4,2,33.66118240356445,33.68462203070521
8,4096,4,3,33.405662536621094,33.42777898069471
8,4096,4,4,32.551422119140625,32.57456701248884
8,4096,4,5,32.290016174316406,32.31247898656875
8,4096,4,6,32.357215881347656,32.38079498987645
8,4096,4,7,32.59465789794922,32.61737700086087
8,4096,4,8,32.48668670654297,32.51006291247904
8,4096,4,9,32.285823822021484,32.307585002854466
8,4096,4,10,32.316959381103516,32.33959502540529
8,4096,4,11,32.599998474121094,32.622167957015336
8,4096,4,12,32.49363327026367,32.51615900080651
8,4096,4,13,32.1734733581543,32.19586098566651
8,4096,4,14,32.111392974853516,32.134449924342334
8,4096,4,15,32.379966735839844,32.40253508556634
8,4096,4,16,32.2435188293457,32.26586198434234
8,4096,4,17,32.096832275390625,32.11905504576862
8,4096,4,18,32.1624641418457,32.184827025048435
8,4096,4,19,32.451358795166016,32.47322095558047
8,4096,4,20,32.273406982421875,32.295238925144076
8,4096,4,21,32.11017608642578,32.132279011420906
8,4096,4,22,32.16854476928711,32.190856989473104
8,4096,4,23,32.43596649169922,32.45758602861315
8,4096,4,24,32.30729675292969,32.330668065696955
8,4096,4,25,32.20793533325195,32.23066404461861
8,4096,4,26,32.18732833862305,32.20984304789454
8,4096,4,27,32.403072357177734,32.425209996290505
8,4096,4,28,32.29811096191406,32.3208310874179
8,4096,4,29,32.15238571166992,32.17813395895064
8,4096,4,30,32.18873596191406,32.21163002308458
8,4096,4,31,32.49919891357422,32.52221702132374
8,4096,4,32,32.349246978759766,32.42517891339958
8,4096,4,33,32.5316162109375,32.61508699506521
8,4096,4,34,32.21980667114258,32.242823974229395
8,4096,4,35,32.4389762878418,32.461993978358805
8,4096,4,36,32.38780975341797,32.41098904982209
8,4096,4,37,32.21673583984375,32.23918192088604
8,4096,4,38,32.24937438964844,32.27253397926688
8,4096,4,39,32.482112884521484,32.50435006339103
8,4096,4,40,32.36947250366211,32.39228203892708
8,4096,4,41,32.225406646728516,32.24859701003879
8,4096,4,42,32.26972961425781,32.29586803354323
8,4096,4,43,32.522560119628906,32.54614199977368
8,4096,4,44,32.413856506347656,32.43679704610258
8,4096,4,45,32.236446380615234,32.25847496651113
8,4096,4,46,32.25062561035156,32.27364597842097
8,4096,4,47,32.532222747802734,32.55443391390145
8,4096,4,48,32.40825653076172,32.431052066385746
8,4096,4,49,32.262271881103516,32.2848679497838
8,4096,4,50,32.3197135925293,32.34314196743071
8,4096,4,51,32.55033493041992,32.572890049777925
8,4096,4,52,32.416961669921875,32.43989800103009
8,4096,4,53,32.2677116394043,32.29076706338674
8,4096,4,54,32.29663848876953,32.31921198312193
8,4096,4,55,32.61686325073242,32.639784971252084
8,4096,4,56,32.480289459228516,32.503471011295915
8,4096,4,57,32.34678268432617,32.369025982916355
8,4096,4,58,32.3331184387207,32.35573600977659
8,4096,4,59,32.59584045410156,32.61893196031451
8,4096,4,60,32.474849700927734,32.49787201639265
8,4096,4,61,32.35260772705078,32.375089009292424
8,4096,4,62,32.39228820800781,32.4138340074569
8,4096,4,63,32.644447326660156,32.66747901216149
8,4096,5,1,38.63340759277344,38.65699307061732
8,4096,5,2,33.8614387512207,33.885693992488086
8,4096,5,3,32.850433349609375,32.87346207071096
8,4096,5,4,31.935775756835938,31.958670006133616
8,4096,5,5,31.690208435058594,31.71231201849878
8,4096,5,6,31.783103942871094,31.8081519799307
8,4096,5,7,32.01347351074219,32.03547396697104
8,4096,5,8,31.9583683013916,31.98051394429058
8,4096,5,9,31.735519409179688,31.757096061483026
8,4096,5,10,31.760128021240234,31.781341996975243
8,4096,5,11,32.019039154052734,32.041051890701056
8,4096,5,12,31.907968521118164,31.930153025314212
8,4096,5,13,31.64201545715332,31.663439003750682
8,4096,5,14,31.65564727783203,31.677815946750343
8,4096,5,15,31.969375610351562,31.99197689536959
8,4096,5,16,31.83171272277832,31.854021013714373
8,4096,5,17,31.64259147644043,31.665486050769687
8,4096,5,18,31.707904815673828,31.730578979477286
8,4096,5,19,31.939104080200195,31.96056594606489
8,4096,5,20,31.795711517333984,31.817781971767545
8,4096,5,21,31.649311065673828,31.67170495726168
8,4096,5,22,31.692607879638672,31.714487937279046
8,4096,5,23,31.947071075439453,31.96898999158293
8,4096,5,24,31.85696029663086,31.87890606932342
8,4096,5,25,31.66985511779785,31.692952034063637
8,4096,5,26,31.677600860595703,31.70112706720829
8,4096,5,27,31.985279083251953,32.00820600613952
8,4096,5,28,31.844928741455078,31.86804603319615
8,4096,5,29,31.681312561035156,31.704100081697106
8,4096,5,30,31.713504791259766,31.73593699466437
8,4096,5,31,31.996416091918945,32.01915696263313
8,4096,5,32,31.894208908081055,31.917157000862062
8,4096,5,33,31.69580841064453,31.718251993879676
8,4096,5,34,31.739391326904297,31.7618390545249
8,4096,5,35,32.00566482543945,32.02890802640468
8,4096,5,36,31.897056579589844,31.91966493614018
8,4096,5,37,31.706527709960938,31.729605048894882
8,4096,5,38,31.752704620361328,31.775631941854954
8,4096,5,39,32.02463912963867,32.047650893218815
8,4096,5,40,31.917728424072266,31.94005589466542
8,4096,5,41,31.748735427856445,31.77115903235972
8,4096,5,42,31.75484848022461,31.776871997863054
8,4096,5,43,32.050750732421875,32.07359602674842
8,4096,5,44,31.901472091674805,31.923642032779753
8,4096,5,45,31.758495330810547,31.78135899361223
8,4096,5,46,31.756223678588867,31.779053038917482
8,4096,5,47,32.04729461669922,32.069550012238324
8,4096,5,48,31.945568084716797,31.967908958904445
8,4096,5,49,31.762975692749023,31.785779050551355
8,4096,5,50,31.815616607666016,31.838712049648166
8,4096,5,51,32.094913482666016,32.11755200754851
8,4096,5,52,31.965408325195312,31.988625996746123
8,4096,5,53,31.794815063476562,31.817033072002232
8,4096,5,54,31.816640853881836,31.8397160153836
8,4096,5,55,32.105247497558594,32.128607970662415
8,4096,5,56,31.980384826660156,32.003797008655965
8,4096,5,57,31.817119598388672,31.839877017773688
8,4096,5,58,31.829952239990234,31.853056978434324
8,4096,5,59,32.13113784790039,32.15382096823305
8,4096,5,60,32.01980972290039,32.04250102862716
8,4096,5,61,31.849632263183594,31.87277098186314
8,4096,5,62,31.851648330688477,31.874633976258337
8,4096,5,63,32.14886474609375,32.172112027183175
8,4096,6,1,39.11743927001953,39.14306696970016
8,4096,6,2,34.57622528076172,34.59923295304179
8,4096,6,3,33.60316848754883,33.625180018134415
8,4096,6,4,32.51126480102539,32.53358299843967
8,4096,6,5,32.28665542602539,32.30859502218664
8,4096,6,6,32.40854263305664,32.43110794574022
8,4096,6,7,32.581600189208984,32.60372800286859
8,4096,6,8,32.536033630371094,32.558423932641745
8,4096,6,9,32.316062927246094,32.33887907117605
8,4096,6,10,32.31961441040039,32.34240401070565
8,4096,6,11,32.58598327636719,32.60900895111263
8,4096,6,12,32.33011245727539,32.35337499063462
8,4096,6,13,32.0926399230957,32.11602591909468
8,4096,6,14,32.11724853515625,32.13889501057565
8,4096,6,15,32.379615783691406,32.402202021330595
8,4096,6,16,32.254207611083984,32.276196987368166
8,4096,6,17,32.1258544921875,32.148613943718374
8,4096,6,18,32.16614532470703,32.18792995903641
8,4096,6,19,32.416481018066406,32.43878099601716
8,4096,6,20,32.27471923828125,32.296966994181275
8,4096,6,21,32.12428665161133,32.146435929462314
8,4096,6,22,32.16592025756836,32.18872600700706
8,4096,6,23,32.468929290771484,32.490532961674035
8,4096,6,24,32.300479888916016,32.33166108839214
8,4096,6,25,32.16294479370117,32.186046009883285
8,4096,6,26,32.181888580322266,32.204314949922264
8,4096,6,27,32.43907165527344,32.46160701382905
8,4096,6,28,32.319007873535156,32.34209900256246
8,4096,6,29,32.19855880737305,32.22207399085164
8,4096,6,30,32.20927810668945,32.23072399850935
8,4096,6,31,32.49599838256836,32.518207910470665
8,4096,6,32,32.294273376464844,32.3163220891729
8,4096,6,33,32.1855354309082,32.207620912231505
8,4096,6,34,32.2086067199707,32.23069803789258
8,4096,6,35,32.497249603271484,32.519586966373026
8,4096,6,36,32.3798713684082,32.40174101665616
8,4096,6,37,32.22489547729492,32.2473980486393
8,4096,6,38,32.22902297973633,32.25441905669868
8,4096,6,39,32.47507095336914,32.4971959926188
8,4096,6,40,32.37478256225586,32.397030969150364
8,4096,6,41,32.24105453491211,32.264384091831744
8,4096,6,42,32.24220657348633,32.26497699506581
8,4096,6,43,32.52425765991211,32.546536065638065
8,4096,6,44,32.387935638427734,32.40988601464778
8,4096,6,45,32.242271423339844,32.264567096717656
8,4096,6,46,32.25350570678711,32.275906996801496
8,4096,6,47,32.55036926269531,32.572646043263376
8,4096,6,48,32.42345428466797,32.44583390187472
8,4096,6,49,32.29052734375,32.312392024323344
8,4096,6,50,32.30438232421875,32.32656395994127
8,4096,6,51,32.52569580078125,32.54817391280085
8,4096,6,52,32.4087028503418,32.43037697393447
8,4096,6,53,32.28169631958008,32.30347204953432
8,4096,6,54,32.321632385253906,32.343397033400834
8,4096,6,55,32.614654541015625,32.636937918141484
8,4096,6,56,32.44297790527344,32.4645770015195
8,4096,6,57,32.28428649902344,32.306650071404874
8,4096,6,58,32.32815933227539,32.34980604611337
8,4096,6,59,32.6064338684082,32.62917208485305
8,4096,6,60,32.48624038696289,32.50841097906232
8,4096,6,61,32.343902587890625,32.366459956392646
8,4096,6,62,32.36272048950195,32.38491201773286
8,4096,6,63,32.59968185424805,32.62206097133458
16,128,0,1,12.921279907226562,12.942272005602717
16,128,0,2,12.646016120910645,12.667384929955006
16,128,0,3,12.465087890625,12.48640299309045
16,128,0,4,12.45747184753418,12.480251956731081
16,128,0,5,12.377087593078613,12.399450992234051
16,128,0,6,12.363007545471191,12.384750065393746
16,128,0,7,12.364192008972168,12.386466027237475
16,128,0,8,12.373824119567871,12.395845027640462
16,128,0,9,12.32800006866455,12.35028204973787
16,128,0,10,12.316864013671875,12.338476022705436
16,128,0,11,12.375840187072754,12.397425947710872
16,128,0,12,12.353599548339844,12.37507991027087
16,128,0,13,12.342399597167969,12.363241985440254
16,128,0,14,12.373087882995605,12.394735007546842
16,128,0,15,12.381888389587402,12.403007014654577
16,128,0,16,12.398143768310547,12.419573031365871
16,128,0,17,12.393535614013672,12.414955999702215
16,128,0,18,12.407584190368652,12.429284048266709
16,128,0,19,12.44099235534668,12.461954029276967
16,128,0,20,12.45638370513916,12.481482001021504
16,128,0,21,12.421792030334473,12.443447951227427
16,128,0,22,12.407487869262695,12.428921996615827
16,128,0,23,12.425472259521484,12.447423068806529
16,128,0,24,12.461664199829102,12.48290401417762
16,128,0,25,12.435999870300293,12.457821983844042
16,128,0,26,12.468192100524902,12.489745044149458
16,128,0,27,12.460320472717285,12.48211006168276
16,128,0,28,12.49135971069336,12.513213092461228
16,128,0,29,12.493023872375488,12.514838948845863
16,128,0,30,12.463552474975586,12.48518901411444
16,128,0,31,12.451775550842285,12.473413022235036
16,128,0,32,12.498496055603027,12.520532007329166
16,128,0,33,12.45417594909668,12.476530973799527
16,128,0,34,12.506431579589844,12.528116931207478
16,128,0,35,12.491904258728027,12.513351975940168
16,128,0,36,12.530943870544434,12.552154017612338
16,128,0,37,12.519231796264648,12.540110968984663
16,128,0,38,12.569120407104492,12.590805068612099
16,128,0,39,12.547743797302246,12.5695540336892
16,128,0,40,12.593855857849121,12.620931025594473
16,128,0,41,12.575807571411133,12.59780302643776
16,128,0,42,12.572896003723145,12.594603933393955
16,128,0,43,12.564160346984863,12.586064985953271
16,128,0,44,12.612447738647461,12.634052080102265
16,128,0,45,12.576671600341797,12.598688947036862
16,128,0,46,12.60086441040039,12.622855021618307
16,128,0,47,12.57913589477539,12.600776040926576
16,128,0,48,12.660672187805176,12.682906002737582
16,128,0,49,12.60431957244873,12.625691946595907
16,128,0,50,12.627327919006348,12.650014949031174
16,128,0,51,12.632160186767578,12.653984013013542
16,128,0,52,12.675616264343262,12.696694931946695
16,128,0,53,12.668512344360352,12.69075507298112
16,128,0,54,12.702688217163086,12.7245569601655
16,128,0,55,12.690591812133789,12.712721014395356
16,128,0,56,12.728447914123535,12.751027010381222
16,128,0,57,12.715231895446777,12.737290933728218
16,128,0,58,12.707327842712402,12.729701003991067
16,128,0,59,12.733856201171875,12.756398995406926
16,128,0,60,12.766912460327148,12.788970023393631
16,128,0,61,12.724287986755371,12.746748980134726
16,128,0,62,12.744735717773438,12.766801984980702
16,128,0,63,12.735456466674805,12.75795407127589
16,128,1,1,12.941280364990234,12.96302501577884
16,128,1,2,12.734527587890625,12.757301912643015
16,128,1,3,12.491840362548828,12.51532998867333
16,128,1,4,12.409503936767578,12.431567069143057
16,128,1,5,12.379903793334961,12.402007007040083
16,128,1,6,12.373567581176758,12.39554991479963
16,128,1,7,12.348447799682617,12.369918054901063
16,128,1,8,12.379232406616211,12.401977903209627
16,128,1,9,12.361503601074219,12.384214904159307
16,128,1,10,12.365344047546387,12.386961956508458
16,128,1,11,12.349823951721191,12.372003984637558
16,128,1,12,12.387040138244629,12.407868984155357
16,128,1,13,12.356351852416992,12.378197978250682
16,128,1,14,12.413311958312988,12.435264070518315
16,128,1,15,12.371552467346191,12.394143966957927
16,128,1,16,12.41641616821289,12.438161997124553
16,128,1,17,12.395808219909668,12.417202000506222
16,128,1,18,12.420607566833496,12.442947016097605
16,128,1,19,12.391327857971191,12.413552030920982
16,128,1,20,12.40617561340332,12.428724090568721
16,128,1,21,12.434816360473633,12.457581935450435
16,128,1,22,12.442015647888184,12.464771047234535
16,128,1,23,12.428863525390625,12.451344053260982
16,128,1,24,12.476608276367188,12.499582953751087
16,128,1,25,12.453344345092773,12.475649011321366
16,128,1,26,12.483200073242188,12.505726073868573
16,128,1,27,12.46889591217041,12.490950990468264
16,128,1,28,12.494303703308105,12.51660892739892
16,128,1,29,12.477439880371094,12.499823002144694
16,128,1,30,12.46895980834961,12.491306057199836
16,128,1,31,12.459424018859863,12.482517049647868
16,128,1,32,12.49948787689209,12.522381963208318
16,128,1,33,12.452159881591797,12.474088929593563
16,128,1,34,12.500479698181152,12.522839941084385
16,128,1,35,12.499039649963379,12.521083001047373
16,128,1,36,12.526464462280273,12.549245962873101
16,128,1,37,12.504159927368164,12.526624952442944
16,128,1,38,12.544384002685547,12.566796038299799
16,128,1,39,12.512864112854004,12.535126064904034
16,128,1,40,12.577631950378418,12.600374990142882
16,128,1,41,12.573663711547852,12.596106971614063
16,128,1,42,12.56220817565918,12.583866016939282
16,128,1,43,12.566431999206543,12.58971996139735
16,128,1,44,12.608927726745605,12.631293968297541
16,128,1,45,12.575648307800293,12.597730034030974
16,128,1,46,12.606176376342773,12.629369972273707
16,128,1,47,12.6113920211792,12.633515056222677
16,128,1,48,12.65782356262207,12.680195970460773
16,128,1,49,12.632991790771484,12.655166909098625
16,128,1,50,12.61638355255127,12.638880987651646
16,128,1,51,12.653984069824219,12.676459038630128
16,128,1,52,12.664671897888184,12.688040966168046
16,128,1,53,12.662816047668457,12.685409979894757
16,128,1,54,12.690784454345703,12.712997035123408
16,128,1,55,12.66643238067627,12.688655988313258
16,128,1,56,12.731648445129395,12.754286057315767
16,128,1,57,12.685983657836914,12.707841931842268
16,128,1,58,12.712608337402344,12.73519394453615
16,128,1,59,12.721504211425781,12.743768049404025
16,128,1,60,12.754752159118652,12.777330935932696
16,128,1,61,12.739680290222168,12.761805905029178
16,128,1,62,12.75273609161377,12.774724047631025
16,128,1,63,12.730463981628418,12.75263202842325
16,128,2,1,12.622528076171875,12.644906993955374
16,128,2,2,12.426624298095703,12.44860200677067
16,128,2,3,12.45571231842041,12.478030985221267
16,128,2,4,12.437760353088379,12.459498015232384
16,128,2,5,12.37279987335205,12.394368997775018
16,128,2,6,12.415519714355469,12.436799006536603
16,128,2,7,12.375935554504395,12.397179030813277
16,128,2,8,12.363327980041504,12.385354028083384
16,128,2,9,12.352383613586426,12.374458950944245
16,128,2,10,12.333600044250488,12.355854967609048
16,128,2,11,12.350208282470703,12.371951015666127
16,128,2,12,12.364831924438477,12.387010967358947
16,128,2,13,12.387392044067383,12.408557930029929
16,128,2,14,12.395008087158203,12.417564983479679
16,128,2,15,12.364480018615723,12.386820977553725
16,128,2,16,12.411328315734863,12.4327129451558
16,128,2,17,12.411808013916016,12.433431926183403
16,128,2,18,12.415231704711914,12.437253957614303
16,128,2,19,12.408224105834961,12.43031898047775
16,128,2,20,12.453568458557129,12.47603096999228
16,128,2,21,12.424127578735352,12.446779990568757
16,128,2,22,12.460160255432129,12.482154997996986
16,128,2,23,12.470239639282227,12.49248196836561
16,128,2,24,12.47651195526123,12.49936397653073
16,128,2,25,12.402015686035156,12.424348969943821
16,128,2,26,12.47107219696045,12.493457994423807
16,128,2,27,12.473504066467285,12.494708993472159
16,128,2,28,12.484895706176758,12.506720959208906
16,128,2,29,12.467264175415039,12.488762033171952
16,128,2,30,12.475104331970215,12.497268966399133
16,128,2,31,12.448800086975098,12.470206012949347
16,128,2,32,12.469728469848633,12.491057976149023
16,128,2,33,12.447039604187012,12.468461995013058
16,128,2,34,12.521471977233887,12.543680029921234
16,128,2,35,12.512672424316406,12.534338049590588
16,128,2,36,12.534463882446289,12.555713066831231
16,128,2,37,12.528223991394043,12.55040499381721
16,128,2,38,12.548992156982422,12.570836930535734
16,128,2,39,12.543423652648926,12.56496598944068
16,128,2,40,12.576831817626953,12.598788016475737
16,128,2,41,12.594016075134277,12.616194901056588
16,128,2,42,12.57107162475586,12.59568496607244
16,128,2,43,12.578720092773438,12.599851936101913
16,128,2,44,12.618751525878906,12.639904976822436
16,128,2,45,12.587103843688965,12.608393910340965
16,128,2,46,12.587039947509766,12.608965975232422
16,128,2,47,12.593119621276855,12.614976963959634
16,128,2,48,12.64038372039795,12.662316090427339
16,128,2,49,12.629376411437988,12.650561984628439
16,128,2,50,12.62662410736084,12.648358009755611
16,128,2,51,12.641311645507812,12.66263797879219
16,128,2,52,12.67683219909668,12.698480975814164
16,128,2,53,12.665887832641602,12.68787495791912
16,128,2,54,12.693696022033691,12.714996002614498
16,128,2,55,12.679807662963867,12.701340951025486
16,128,2,56,12.729472160339355,12.75127800181508
16,128,2,57,12.719712257385254,12.742108083330095
16,128,2,58,12.720064163208008,12.741921003907919
16,128,2,59,12.71072006225586,12.732519069686532
16,128,2,60,12.790911674499512,12.811994994990528
16,128,2,61,12.736384391784668,12.757836957462132
16,128,2,62,12.74777603149414,12.769484892487526
16,128,2,63,12.744799613952637,12.765923049300909
16,128,3,1,12.625280380249023,12.64686300419271
16,128,3,2,12.358367919921875,12.379458057694137
16,128,3,3,12.352255821228027,12.374100973829627
16,128,3,4,12.333344459533691,12.355861021205783
16,128,3,5,12.34547233581543,12.367746094241738
16,128,3,6,12.358016014099121,12.380169006064534
16,128,3,7,12.350720405578613,12.372336001135409
16,128,3,8,12.31606388092041,12.337649939581752
16,128,3,9,12.33129596710205,12.353212106972933
16,128,3,10,12.34118366241455,12.362856999970973
16,128,3,11,12.362591743469238,12.385174981318414
16,128,3,12,12.373408317565918,12.395270052365959
16,128,3,13,12.354368209838867,12.376634986139834
16,128,3,14,12.40454387664795,12.42595398798585
16,128,3,15,12.372735977172852,12.395583908073604
16,128,3,16,12.38268756866455,12.404258013702929
16,128,3,17,12.38316822052002,12.40501704160124
16,128,3,18,12.41436767578125,12.436124961823225
16,128,3,19,12.43337631225586,12.454699026420712
16,128,3,20,12.39948844909668,12.42189109325409
16,128,3,21,12.399200439453125,12.421183055266738
16,128,3,22,12.44927978515625,12.469823006540537
16,128,3,23,12.440608024597168,12.461752048693597
16,128,3,24,12.473983764648438,12.495976057834923
16,128,3,25,12.453824043273926,12.47533899731934
16,128,3,26,12.470239639282227,12.492174981161952
16,128,3,27,12.487104415893555,12.508539948612452
16,128,3,28,12.502464294433594,12.523908051662147
16,128,3,29,12.502816200256348,12.524596997536719
16,128,3,30,12.478303909301758,12.50063895713538
16,128,3,31,12.449824333190918,12.472109985537827
16,128,3,32,12.496831893920898,12.518859934061766
16,128,3,33,12.457695960998535,12.479714001528919
16,128,3,34,12.522303581237793,12.543054996058345
16,128,3,35,12.499903678894043,12.522281962446868
16,128,3,36,12.531871795654297,12.553878012113273
16,128,3,37,12.513248443603516,12.535830028355122
16,128,3,38,12.5283203125,12.550169019959867
16,128,3,39,12.521151542663574,12.543590040877461
16,128,3,40,12.556575775146484,12.579621048644185
16,128,3,41,12.579936027526855,12.602222035638988
16,128,3,42,12.555808067321777,12.5776759814471
16,128,3,43,12.551712036132812,12.574610998854041
16,128,3,44,12.595199584960938,12.617351952940226
16,128,3,45,12.574784278869629,12.596703949384391
16,128,3,46,12.624735832214355,12.647261028178036
16,128,3,47,12.614496231079102,12.636339059099555
16,128,3,48,12.668800354003906,12.690769974142313
16,128,3,49,12.6428804397583,12.664665002375841
16,128,3,50,12.639264106750488,12.661760090850294
16,128,3,51,12.650943756103516,12.672970886342227
16,128,3,52,12.695967674255371,12.717909994535148
16,128,3,53,12.648639678955078,12.674698024056852
16,128,3,54,12.683103561401367,12.7055220073089
16,128,3,55,12.674783706665039,12.6969029661268
16,128,3,56,12.739007949829102,12.76145107112825
16,128,3,57,12.716832160949707,12.738105957396328
16,128,3,58,12.650303840637207,12.672577053308487
16,128,3,59,12.680512428283691,12.70181906875223
16,128,3,60,12.767487525939941,12.789700063876808
16,128,3,61,12.724672317504883,12.747014057822526
16,128,3,62,12.741727828979492,12.76423700619489
16,128,3,63,12.715871810913086,12.73782190401107
16,128,4,1,12.704256057739258,12.726551969535649
16,128,4,2,12.682271957397461,12.703733053058386
16,128,4,3,12.496895790100098,12.518272968009114
16,128,4,4,12.466848373413086,12.489469023421407
16,128,4,5,12.405088424682617,12.426694040186703
16,128,4,6,12.364640235900879,12.3873749980703
16,128,4,7,12.348640441894531,12.36979803070426
16,128,4,8,12.361087799072266,12.383594992570579
16,128,4,9,12.337471961975098,12.359936023131013
16,128,4,10,12.349663734436035,12.370852986350656
16,128,4,11,12.363007545471191,12.384344940073788
16,128,4,12,12.370688438415527,12.391625088639557
16,128,4,13,12.380000114440918,12.401991989463568
16,128,4,14,12.389056205749512,12.410419061779976
16,128,4,15,12.40550422668457,12.426926987245679
16,128,4,16,12.423744201660156,12.44538405444473
16,128,4,17,12.399935722351074,12.421319028362632
16,128,4,18,12.417792320251465,12.439134065061808
16,128,4,19,12.432607650756836,12.454277952201664
16,128,4,20,12.444671630859375,12.466995976865292
16,128,4,21,12.443008422851562,12.464883038774133
16,128,4,22,12.473440170288086,12.495988048613071
16,128,4,23,12.46390438079834,12.485585059039295
16,128,4,24,12.496959686279297,12.519211042672396
16,128,4,25,12.454367637634277,12.475764960981905
16,128,4,26,12.483839988708496,12.506486964412034
16,128,4,27,12.471199989318848,12.492793961428106
16,128,4,28,12.495743751525879,12.517419061623514
16,128,4,29,12.483072280883789,12.504513026215136
16,128,4,30,12.453439712524414,12.475467985495925
16,128,4,31,12.4170560836792,12.4397809850052
16,128,4,32,12.483072280883789,12.504708021879196
16,128,4,33,12.456735610961914,12.478529941290617
16,128,4,34,12.508255958557129,12.529629049822688
16,128,4,35,12.489343643188477,12.511121924035251
16,128,4,36,12.542783737182617,12.563814991153777
16,128,4,37,12.529215812683105,12.550835032016039
16,128,4,38,12.545472145080566,12.56676996126771
16,128,4,39,12.551072120666504,12.573224026709795
16,128,4,40,12.567392349243164,12.58930005133152
16,128,4,41,12.588800430297852,12.610513949766755
16,128,4,42,12.557024002075195,12.578883091919124
16,128,4,43,12.568703651428223,12.59020296856761
16,128,4,44,12.616543769836426,12.63887993991375
16,128,4,45,12.590144157409668,12.612138059921563
16,128,4,46,12.625280380249023,12.646724004298449
16,128,4,47,12.602911949157715,12.625308008864522
16,128,4,48,12.668959617614746,12.690517003647983
16,128,4,49,12.626463890075684,12.64800294302404
16,128,4,50,12.65011215209961,12.671572039835155
16,128,4,51,12.636032104492188,12.657788000069559
16,128,4,52,12.700511932373047,12.725700973533094
16,128,4,53,12.669631958007812,12.691654963418841
16,128,4,54,12.680671691894531,12.703326996415854
16,128,4,55,12.68511962890625,12.707415036857128
16,128,4,56,12.72985553741455,12.751338072121143
16,128,4,57,12.718751907348633,12.74048094637692
16,128,4,58,12.68876838684082,12.710030074231327
16,128,4,59,12.719488143920898,12.741615995764732
16,128,4,60,12.776351928710938,12.798588024452329
16,128,4,61,12.732352256774902,12.754252995364368
16,128,4,62,12.77286434173584,12.794937007129192
16,128,4,63,12.730079650878906,12.752651004120708
16,128,5,1,12.56441593170166,12.586305034346879
16,128,5,2,12.347040176391602,12.368531082756817
16,128,5,3,12.31827163696289,12.33993808273226
16,128,5,4,12.323840141296387,12.34583999030292
16,128,5,5,12.302495956420898,12.324991985224187
16,128,5,6,12.315072059631348,12.337779044173658
16,128,5,7,12.587103843688965,12.609187047928572
16,128,5,8,12.425824165344238,12.448532041162252
16,128,5,9,12.325823783874512,12.34907004982233
16,128,5,10,12.392288208007812,12.416014913469553
16,128,5,11,12.387968063354492,12.41056399885565
16,128,5,12,12.406047821044922,12.42886099498719
16,128,5,13,12.407360076904297,12.430021073669195
16,128,5,14,12.425439834594727,12.447741930373013
16,128,5,15,12.399711608886719,12.421527062542737
16,128,5,16,12.386048316955566,12.408859911374748
16,128,5,17,12.404319763183594,12.42707297205925
16,128,5,18,12.414048194885254,12.437070021405816
16,128,5,19,12.420607566833496,12.4422840308398
16,128,5,20,12.453056335449219,12.474550982005894
16,128,5,21,12.439840316772461,12.462151004001498
16,128,5,22,12.463744163513184,12.48618308454752
16,128,5,23,12.44217586517334,12.46522890869528
16,128,5,24,12.468480110168457,12.490674038417637
16,128,5,25,12.43120002746582,12.452948023565114
16,128,5,26,12.456416130065918,12.477622018195689
16,128,5,27,12.429216384887695,12.451499002054334
16,128,5,28,12.485055923461914,12.50648801214993
16,128,5,29,12.467264175415039,12.489623040892184
16,128,5,30,12.457823753356934,12.479690019972622
16,128,5,31,12.46678352355957,12.489314074628055
16,128,5,32,12.50102424621582,12.523595010861754
16,128,5,33,12.454463958740234,12.477332027629018
16,128,5,34,12.532320022583008,12.55380897782743
16,128,5,35,12.471872329711914,12.494103983044624
16,128,5,36,12.525471687316895,12.548433034680784
16,128,5,37,12.535903930664062,12.558784917928278
16,128,5,38,12.536383628845215,12.558773974888027
16,128,5,39,12.523520469665527,12.546106008812785
16,128,5,40,12.570048332214355,12.592502986080945
16,128,5,41,12.596575736999512,12.618748936802149
16,128,5,42,12.555744171142578,12.577972025610507
16,128,5,43,12.563776016235352,12.586742988787591
16,128,5,44,12.586272239685059,12.608846998773515
16,128,5,45,12.568160057067871,12.59023998863995
16,128,5,46,12.577887535095215,12.599633075296879
16,128,5,47,12.576416015625,12.599281966686249
16,128,5,48,12.652704238891602,12.674445984885097
16,128,5,49,12.61359977722168,12.63607305008918
16,128,5,50,12.63584041595459,12.658291030675173
16,128,5,51,12.63167953491211,12.654741993173957
16,128,5,52,12.68502426147461,12.707618996500969
16,128,5,53,12.657119750976562,12.68019003327936
16,128,5,54,12.696160316467285,12.717860983684659
16,128,5,55,12.683232307434082,12.705452973023057
16,128,5,56,12.739104270935059,12.761255027726293
16,128,5,57,12.709216117858887,12.734399060718715
16,128,5,58,12.711392402648926,12.733450043015182
16,128,5,59,12.691583633422852,12.712828000076115
16,128,5,60,12.77244758605957,12.793797068297863
16,128,5,61,12.747584342956543,12.769052991643548
16,128,5,62,12.77564811706543,12.797910021618009
16,128,5,63,12.722623825073242,12.74506701156497
16,128,6,1,12.956031799316406,12.977796024642885
16,128,6,2,12.7042236328125,12.726131011731923
16,128,6,3,12.501888275146484,12.523276032879949
16,128,6,4,12.462688446044922,12.484083068557084
16,128,6,5,12.447551727294922,12.46910693589598
16,128,6,6,12.393728256225586,12.41527299862355
16,128,6,7,12.370464324951172,12.391844065859914
16,128,6,8,12.384575843811035,12.40628503728658
16,128,6,9,12.319295883178711,12.341802008450031
16,128,6,10,12.332480430603027,12.353792088106275
16,128,6,11,12.363615989685059,12.385117006488144
16,128,6,12,12.370431900024414,12.392392964102328
16,128,6,13,12.342559814453125,12.364270980469882
16,128,6,14,12.387328147888184,12.408958980813622
16,128,6,15,12.390239715576172,12.411087984219193
16,128,6,16,12.41919994354248,12.441197992302477
16,128,6,17,12.412032127380371,12.433839961886406
16,128,6,18,12.424544334411621,12.447311892174184
16,128,6,19,12.429120063781738,12.451895978301764
16,128,6,20,12.446751594543457,12.468727072700858
16,128,6,21,12.408255577087402,12.43070897180587
16,128,6,22,12.449119567871094,12.471519992686808
16,128,6,23,12.444864273071289,12.467177002690732
16,128,6,24,12.484992027282715,12.50686391722411
16,128,6,25,12.4203519821167,12.442363076843321
16,128,6,26,12.456928253173828,12.479103053919971
16,128,6,27,12.447551727294922,12.46980600990355
16,128,6,28,12.484479904174805,12.506901985034347
16,128,6,29,12.501407623291016,12.523540994152427
16,128,6,30,12.485535621643066,12.50760501716286
16,128,6,31,12.456576347351074,12.478364049457014
16,128,6,32,12.51411247253418,12.536077061668038
16,128,6,33,12.474783897399902,12.496419018134475
16,128,6,34,12.49232006072998,12.514796922914684
16,128,6,35,12.505951881408691,12.53039506264031
16,128,6,36,12.534496307373047,12.556483037769794
16,128,6,37,12.524160385131836,12.545854086056352
16,128,6,38,12.542367935180664,12.564460979774594
16,128,6,39,12.548543930053711,12.569834012538195
16,128,6,40,12.589823722839355,12.613974045962095
16,128,6,41,12.56873607635498,12.591525097377598
16,128,6,42,12.576576232910156,12.598145985975862
16,128,6,43,12.555904388427734,12.577696004882455
16,128,6,44,12.628704071044922,12.653245008550584
16,128,6,45,12.593152046203613,12.614579987712204
16,128,6,46,12.612288475036621,12.634621001780033
16,128,6,47,12.586751937866211,12.608350021764636
16,128,6,48,12.659071922302246,12.680997955612838
16,128,6,49,12.618687629699707,12.640489963814616
16,128,6,50,12.630847930908203,12.652455014176667
16,128,6,51,12.63167953491211,12.65350403264165
16,128,6,52,12.680704116821289,12.702506966888905
16,128,6,53,12.663071632385254,12.684740009717643
16,128,6,54,12.68716812133789,12.709419941529632
16,128,6,55,12.668864250183105,12.69038103055209
16,128,6,56,12.718751907348633,12.740893056616187
16,128,6,57,12.702239990234375,12.725074077025056
16,128,6,58,12.697248458862305,12.719323043711483
16,128,6,59,12.710463523864746,12.733406038023531
16,128,6,60,12.7642240524292,12.78626499697566
16,128,6,61,12.728575706481934,12.75133399758488
16,128,6,62,12.770943641662598,12.794650974683464
16,128,6,63,12.731231689453125,12.75347894988954
16,1024,0,1,24.65555191040039,24.67790199443698
16,1024,0,2,22.38198471069336,22.403548937290907
16,1024,0,3,22.077760696411133,22.099938010796905
16,1024,0,4,22.25775909423828,22.279671975411475
16,1024,0,5,21.86147117614746,21.88409899827093
16,1024,0,6,21.865215301513672,21.8871240504086
16,1024,0,7,21.842016220092773,21.863650996237993
16,1024,0,8,22.143455505371094,22.16612594202161
16,1024,0,9,21.818815231323242,21.841197973117232
16,1024,0,10,21.843904495239258,21.865824004635215
16,1024,0,11,21.83247947692871,21.854375954717398
16,1024,0,12,22.183456420898438,22.204939043149352
16,1024,0,13,21.869792938232422,21.892064018175006
16,1024,0,14,21.92972755432129,21.95278601720929
16,1024,0,15,21.887807846069336,21.910658106207848
16,1024,0,16,22.216960906982422,22.239192971028388
16,1024,0,17,21.831424713134766,21.85311890207231
16,1024,0,18,21.873504638671875,21.895964979194105
16,1024,0,19,21.851295471191406,21.873071906156838
16,1024,0,20,22.207712173461914,22.23064994905144
16,1024,0,21,21.875167846679688,21.897439029999077
16,1024,0,22,21.927072525024414,21.94930100813508
16,1024,0,23,21.910751342773438,21.933317999355495
16,1024,0,24,22.237951278686523,22.260939003899693
16,1024,0,25,21.923168182373047,21.945265005342662
16,1024,0,26,21.91222381591797,21.934057003818452
16,1024,0,27,21.89695930480957,21.91836992278695
16,1024,0,28,22.30124855041504,22.323206067085266
16,1024,0,29,21.933216094970703,21.956005017273128
16,1024,0,30,21.9932804107666,22.01592701021582
16,1024,0,31,21.947263717651367,21.972508053295314
16,1024,0,32,22.32099151611328,22.343444055877626
16,1024,0,33,21.971328735351562,21.99419599492103
16,1024,0,34,22.0097599029541,22.032201988622546
16,1024,0,35,22.00054359436035,22.02125999610871
16,1024,0,36,22.359840393066406,22.3819239763543
16,1024,0,37,21.98409652709961,22.006463026627898
16,1024,0,38,22.06096076965332,22.08287501707673
16,1024,0,39,21.992704391479492,22.01445889659226
16,1024,0,40,22.375423431396484,22.39831001497805
16,1024,0,41,22.06515121459961,22.087292978540063
16,1024,0,42,22.112703323364258,22.13418495375663
16,1024,0,43,22.06697654724121,22.089131991378963
16,1024,0,44,22.4182071685791,22.440967964939773
16,1024,0,45,22.086719512939453,22.108854027464986
16,1024,0,46,22.171039581298828,22.193574928678572
16,1024,0,47,22.09702491760254,22.118780994787812
16,1024,0,48,22.470144271850586,22.492851014249027
16,1024,0,49,22.12224006652832,22.14476396329701
16,1024,0,50,22.18137550354004,22.203353000804782
16,1024,0,51,22.125152587890625,22.14758296031505
16,1024,0,52,22.485567092895508,22.507881047204137
16,1024,0,53,22.14681625366211,22.169484989717603
16,1024,0,54,22.217920303344727,22.240104037337005
16,1024,0,55,22.14441680908203,22.167193004861474
16,1024,0,56,22.5317440032959,22.55408000200987
16,1024,0,57,22.160512924194336,22.182915010489523
16,1024,0,58,22.22153663635254,22.244472056627274
16,1024,0,59,22.181888580322266,22.203985950909555
16,1024,0,60,22.554655075073242,22.57703000213951
16,1024,0,61,22.206016540527344,22.22811698447913
16,1024,0,62,22.32476806640625,22.346612997353077
16,1024,0,63,22.222719192504883,22.244297084398568
16,1024,1,1,24.680192947387695,24.702305090613663
16,1024,1,2,22.469696044921875,22.491874056868255
16,1024,1,3,22.17897605895996,22.20125705935061
16,1024,1,4,22.168384552001953,22.19182497356087
16,1024,1,5,21.78998374938965,21.812763065099716
16,1024,1,6,21.844768524169922,21.867599920369685
16,1024,1,7,21.814207077026367,21.83764800429344
16,1024,1,8,22.131328582763672,22.153228987008333
16,1024,1,9,21.816383361816406,21.839668974280357
16,1024,1,10,21.845823287963867,21.867631003260612
16,1024,1,11,21.835296630859375,21.857272018678486
16,1024,1,12,22.179840087890625,22.202524938620627
16,1024,1,13,21.866655349731445,21.888404968194664
16,1024,1,14,21.91059112548828,21.933314041234553
16,1024,1,15,21.87958335876465,21.902024978771806
16,1024,1,16,22.21196746826172,22.234417963773012
16,1024,1,17,21.8787841796875,21.90444990992546
16,1024,1,18,21.858688354492188,21.880422020331025
16,1024,1,19,21.819679260253906,21.841095993295312
16,1024,1,20,22.20400047302246,22.226288099773228
16,1024,1,21,21.869056701660156,21.89081395044923
16,1024,1,22,21.909151077270508,21.931546973064542
16,1024,1,23,21.874303817749023,21.897180005908012
16,1024,1,24,22.2357120513916,22.258398006670177
16,1024,1,25,21.898271560668945,21.921081002801657
16,1024,1,26,21.914432525634766,21.93674398586154
16,1024,1,27,21.91049575805664,21.932278061285615
16,1024,1,28,22.268800735473633,22.291164961643517
16,1024,1,29,21.93097686767578,21.953574032522738
16,1024,1,30,21.978336334228516,22.00091804843396
16,1024,1,31,21.941919326782227,21.964660030789673
16,1024,1,32,22.29804801940918,22.320841904729605
16,1024,1,33,21.950048446655273,21.972766960971057
16,1024,1,34,21.98908805847168,22.01113908085972
16,1024,1,35,21.999359130859375,22.02104893513024
16,1024,1,36,22.354976654052734,22.377123008482158
16,1024,1,37,21.98873519897461,22.01136597432196
16,1024,1,38,22.053951263427734,22.07670803181827
16,1024,1,39,21.999488830566406,22.021609009243548
16,1024,1,40,22.401216506958008,22.424209979362786
16,1024,1,41,22.041471481323242,22.064169985242188
16,1024,1,42,22.093120574951172,22.115232073701918
16,1024,1,43,22.053504943847656,22.07609300967306
16,1024,1,44,22.428064346313477,22.451212047599256
16,1024,1,45,22.071807861328125,22.094337036833167
16,1024,1,46,22.155168533325195,22.17698295135051
16,1024,1,47,22.08358383178711,22.10621302947402
16,1024,1,48,22.4718074798584,22.494658012874424
16,1024,1,49,22.11484718322754,22.137749008834362
16,1024,1,50,22.175615310668945,22.19827298540622
16,1024,1,51,22.130144119262695,22.152118966914713
16,1024,1,52,22.478912353515625,22.501177969388664
16,1024,1,53,22.152191162109375,22.174631943926215
16,1024,1,54,22.21718406677246,22.239316953346133
16,1024,1,55,22.133344650268555,22.155778016895056
16,1024,1,56,22.526912689208984,22.548574954271317
16,1024,1,57,22.192256927490234,22.21462898887694
16,1024,1,58,22.23094367980957,22.253783070482314
16,1024,1,59,22.179872512817383,22.202017018571496
16,1024,1,60,22.561504364013672,22.583949961699545
16,1024,1,61,22.186431884765625,22.209282033145428
16,1024,1,62,22.29724884033203,22.320089978165925
16,1024,1,63,22.21548843383789,22.238625097088516
16,1024,2,1,24.907039642333984,24.92953499313444
16,1024,2,2,22.51478385925293,22.53644203301519
16,1024,2,3,22.122943878173828,22.14470598846674
16,1024,2,4,22.25391960144043,22.27618300821632
16,1024,2,5,21.859935760498047,21.882081986404955
16,1024,2,6,21.860544204711914,21.883166045881808
16,1024,2,7,21.855615615844727,21.877994993701577
16,1024,2,8,22.173215866088867,22.195893106982112
16,1024,2,9,21.81443214416504,21.83732099365443
16,1024,2,10,21.843551635742188,21.86565601732582
16,1024,2,11,21.813791275024414,21.835667081177235
16,1024,2,12,22.1744327545166,22.197257028892636
16,1024,2,13,21.89411163330078,21.91652008332312
16,1024,2,14,21.916671752929688,21.93808206357062
16,1024,2,15,21.878944396972656,21.90153195988387
16,1024,2,16,22.241504669189453,22.262943093664944
16,1024,2,17,21.909343719482422,21.93198399618268
16,1024,2,18,21.879487991333008,21.901689004153013
16,1024,2,19,21.834239959716797,21.855590981431305
16,1024,2,20,22.200031280517578,22.2215480171144
16,1024,2,21,21.866527557373047,21.88884897623211
16,1024,2,22,21.91878318786621,21.9404730014503
16,1024,2,23,21.89900779724121,21.92096400540322
16,1024,2,24,22.243392944335938,22.264731000177562
16,1024,2,25,21.895423889160156,21.91790903452784
16,1024,2,26,21.93814468383789,21.9600050477311
16,1024,2,27,21.922304153442383,21.944429026916623
16,1024,2,28,22.283039093017578,22.305135964415967
16,1024,2,29,21.94633674621582,21.968445973470807
16,1024,2,30,21.995744705200195,22.017026087269187
16,1024,2,31,21.955455780029297,21.97694405913353
16,1024,2,32,22.335168838500977,22.35730702523142
16,1024,2,33,21.96758460998535,21.99046907480806
16,1024,2,34,22.004383087158203,22.026621969416738
16,1024,2,35,22.0,22.022489923983812
16,1024,2,36,22.338592529296875,22.36077596899122
16,1024,2,37,21.994047164916992,22.016142960637808
16,1024,2,38,22.077056884765625,22.099253023043275
16,1024,2,39,21.99990463256836,22.022449993528426
16,1024,2,40,22.38912010192871,22.410628967918456
16,1024,2,41,22.044191360473633,22.065907949581742
16,1024,2,42,22.107776641845703,22.13042404036969
16,1024,2,43,22.063936233520508,22.08660403266549
16,1024,2,44,22.42803192138672,22.450556978583336
16,1024,2,45,22.07587242126465,22.098977002315223
16,1024,2,46,22.181503295898438,22.20317197497934
16,1024,2,47,22.071584701538086,22.09438302088529
16,1024,2,48,22.484128952026367,22.506528068333864
16,1024,2,49,22.108415603637695,22.13164500426501
16,1024,2,50,22.169984817504883,22.19159307423979
16,1024,2,51,22.119871139526367,22.14212203398347
16,1024,2,52,22.50377655029297,22.525971056893468
16,1024,2,53,22.143199920654297,22.165986010804772
16,1024,2,54,22.219135284423828,22.24078099243343
16,1024,2,55,22.14739227294922,22.17000292148441
16,1024,2,56,22.5164794921875,22.538835066370666
16,1024,2,57,22.183008193969727,22.205539979040623
16,1024,2,58,22.2259521484375,22.247515036724508
16,1024,2,59,22.189376831054688,22.211747942492366
16,1024,2,60,22.552095413208008,22.574113914743066
16,1024,2,61,22.199071884155273,22.22164801787585
16,1024,2,62,22.292959213256836,22.314733010716736
16,1024,2,63,22.22208023071289,22.244777996093035
16,1024,3,1,24.65987205505371,24.683394003659487
16,1024,3,2,22.484960556030273,22.510866983793676
16,1024,3,3,22.265439987182617,22.287470987066627
16,1024,3,4,22.48214340209961,22.504177992232144
16,1024,3,5,21.849088668823242,21.871519973501563
16,1024,3,6,21.902944564819336,21.92518999800086
16,1024,3,7,21.813888549804688,21.836744039319456
16,1024,3,8,22.157024383544922,22.179507999680936
16,1024,3,9,21.82646369934082,21.84885391034186
16,1024,3,10,21.844512939453125,21.867407020181417
16,1024,3,11,21.82784080505371,21.849418058991432
16,1024,3,12,22.190528869628906,22.212915937416255
16,1024,3,13,21.854944229125977,21.87742991372943
16,1024,3,14,21.91289520263672,21.93514199461788
16,1024,3,15,21.874048233032227,21.895998041145504
16,1024,3,16,22.222272872924805,22.244281019084156
16,1024,3,17,21.89641571044922,21.918280981481075
16,1024,3,18,21.880159378051758,21.90244197845459
16,1024,3,19,21.840608596801758,21.863228059373796
16,1024,3,20,22.196704864501953,22.21825101878494
16,1024,3,21,21.857311248779297,21.88020700123161
16,1024,3,22,21.90505599975586,21.92676707636565
16,1024,3,23,21.87161636352539,21.893739001825452
16,1024,3,24,22.211456298828125,22.23344298545271
16,1024,3,25,21.898880004882812,21.921160048805177
16,1024,3,26,21.93756866455078,21.95946406573057
16,1024,3,27,21.907583236694336,21.929397014901042
16,1024,3,28,22.263647079467773,22.285549086518586
16,1024,3,29,21.93948745727539,21.961247897706926
16,1024,3,30,21.99260711669922,22.01441500801593
16,1024,3,31,21.96784019470215,21.98964008130133
16,1024,3,32,22.315872192382812,22.338194074109197
16,1024,3,33,21.957279205322266,21.97956689633429
16,1024,3,34,22.02057647705078,22.043054923415184
16,1024,3,35,21.985023498535156,22.006880957633257
16,1024,3,36,22.34841537475586,22.37097197212279
16,1024,3,37,21.98956871032715,22.012107889167964
16,1024,3,38,22.062271118164062,22.084113908931613
16,1024,3,39,22.018400192260742,22.04016107134521
16,1024,3,40,22.386272430419922,22.407801006920636
16,1024,3,41,22.03968048095703,22.061307914555073
16,1024,3,42,22.082624435424805,22.10515004117042
16,1024,3,43,22.057056427001953,22.07893191371113
16,1024,3,44,22.41222381591797,22.435175022110343
16,1024,3,45,22.081024169921875,22.103057941421866
16,1024,3,46,22.156192779541016,22.177495062351227
16,1024,3,47,22.094207763671875,22.11639902088791
16,1024,3,48,22.48124885559082,22.50336902216077
16,1024,3,49,22.138080596923828,22.159232990816236
16,1024,3,50,22.16169548034668,22.18317100778222
16,1024,3,51,22.129024505615234,22.15093094855547
16,1024,3,52,22.49577522277832,22.518235025927424
16,1024,3,53,22.147872924804688,22.17033796478063
16,1024,3,54,22.214271545410156,22.235797019675374
16,1024,3,55,22.146560668945312,22.168179973959923
16,1024,3,56,22.548383712768555,22.570034954696894
16,1024,3,57,22.186431884765625,22.207485046237707
16,1024,3,58,22.212064743041992,22.233763011172414
16,1024,3,59,22.187679290771484,22.210265044122934
16,1024,3,60,22.550527572631836,22.57235604338348
16,1024,3,61,22.180864334106445,22.202273947186768
16,1024,3,62,22.32329559326172,22.344497963786125
16,1024,3,63,22.197599411010742,22.22414594143629
16,1024,4,1,24.67420768737793,24.69659596681595
16,1024,4,2,22.46294403076172,22.48498296830803
16,1024,4,3,22.1125431060791,22.134828963316977
16,1024,4,4,22.291423797607422,22.31387805659324
16,1024,4,5,21.962751388549805,21.984729915857315
16,1024,4,6,21.951040267944336,21.973141003400087
16,1024,4,7,21.801471710205078,21.823392948135734
16,1024,4,8,22.121376037597656,22.14395208284259
16,1024,4,9,21.822111129760742,21.844848059117794
16,1024,4,10,21.833919525146484,21.855946979485452
16,1024,4,11,21.80944061279297,21.83135400991887
16,1024,4,12,22.190431594848633,22.212435957044363
16,1024,4,13,21.85686492919922,21.879179985262454
16,1024,4,14,21.924448013305664,21.947290981188416
16,1024,4,15,21.900447845458984,21.923655061982572
16,1024,4,16,22.229503631591797,22.25391601677984
16,1024,4,17,21.863872528076172,21.886564907617867
16,1024,4,18,21.85420799255371,21.877252031117678
16,1024,4,19,21.837055206298828,21.859189961105585
16,1024,4,20,22.189664840698242,22.211658069863915
16,1024,4,21,21.862943649291992,21.885603084228933
16,1024,4,22,21.91084861755371,21.933548967354
16,1024,4,23,21.872512817382812,21.895261015743017
16,1024,4,24,22.21958351135254,22.24443492013961
16,1024,4,25,21.921791076660156,21.94451296236366
16,1024,4,26,21.93414306640625,21.95703296456486
16,1024,4,27,21.913471221923828,21.937568089924753
16,1024,4,28,22.394624710083008,22.42038503754884
16,1024,4,29,21.94416046142578,21.96691301651299
16,1024,4,30,21.993087768554688,22.014767047949135
16,1024,4,31,21.965120315551758,21.986872074194252
16,1024,4,32,22.339168548583984,22.362180054187775
16,1024,4,33,21.956096649169922,21.97886595968157
16,1024,4,34,21.9881591796875,22.011063061654568
16,1024,4,35,22.011871337890625,22.035268950276077
16,1024,4,36,22.350784301757812,22.373401909135282
16,1024,4,37,21.995391845703125,22.01690396759659
16,1024,4,38,22.07209587097168,22.093746927566826
16,1024,4,39,22.009376525878906,22.031787899322808
16,1024,4,40,22.40390396118164,22.425433970056474
16,1024,4,41,22.053184509277344,22.076137945987284
16,1024,4,42,22.093887329101562,22.11672894190997
16,1024,4,43,22.057151794433594,22.081471979618073
16,1024,4,44,22.475616455078125,22.504054009914398
16,1024,4,45,22.088768005371094,22.112828912213445
16,1024,4,46,22.16659164428711,22.192095057107508
16,1024,4,47,22.104127883911133,22.127413074485958
16,1024,4,48,22.482208251953125,22.50458102207631
16,1024,4,49,22.118528366088867,22.140149027109146
16,1024,4,50,22.15171241760254,22.17496803496033
16,1024,4,51,22.250463485717773,22.27710303850472
16,1024,4,52,22.499231338500977,22.52180699724704
16,1024,4,53,22.13750457763672,22.159495041705668
16,1024,4,54,22.204864501953125,22.226492990739644
16,1024,4,55,22.15670394897461,22.178448969498277
16,1024,4,56,22.551456451416016,22.57343102246523
16,1024,4,57,22.183008193969727,22.204766981303692
16,1024,4,58,22.22831916809082,22.250120993703604
16,1024,4,59,22.181119918823242,22.203324013389647
16,1024,4,60,22.542463302612305,22.565279039554298
16,1024,4,61,22.213407516479492,22.23535208031535
16,1024,4,62,22.302112579345703,22.32451201416552
16,1024,4,63,22.22220802307129,22.24383596330881
16,1024,5,1,25.336288452148438,25.413539027795196
16,1024,5,2,22.408031463623047,22.430822951719165
16,1024,5,3,22.220800399780273,22.243265062570572
16,1024,5,4,22.51955223083496,22.54184102639556
16,1024,5,5,21.844287872314453,21.869786898605525
16,1024,5,6,21.829248428344727,21.852051955647767
16,1024,5,7,21.788799285888672,21.81091101374477
16,1024,5,8,22.120512008666992,22.14283205103129
16,1024,5,9,21.80953598022461,21.832237020134926
16,1024,5,10,21.854656219482422,21.876509999856353
16,1024,5,11,21.819551467895508,21.8415450071916
16,1024,5,12,22.181631088256836,22.203825996257365
16,1024,5,13,21.878816604614258,21.901831030845642
16,1024,5,14,21.915103912353516,21.937232930213213
16,1024,5,15,21.891263961791992,21.91353403031826
16,1024,5,16,22.21993637084961,22.242299048230052
16,1024,5,17,21.878976821899414,21.901870029978454
16,1024,5,18,21.84998321533203,21.87148097436875
16,1024,5,19,21.802560806274414,21.824890980497003
16,1024,5,20,22.182592391967773,22.204354987479746
16,1024,5,21,21.842432022094727,21.864269045181572
16,1024,5,22,21.88751983642578,21.909572067670524
16,1024,5,23,21.864479064941406,21.886439993977547
16,1024,5,24,22.219743728637695,22.244954016059637
16,1024,5,25,21.918304443359375,21.94039395544678
16,1024,5,26,21.928447723388672,21.950487978756428
16,1024,5,27,21.93017578125,21.95198810659349
16,1024,5,28,22.280160903930664,22.30203803628683
16,1024,5,29,21.941055297851562,21.9636739930138
16,1024,5,30,21.993759155273438,22.015499998815358
16,1024,5,31,21.951391220092773,21.9736120197922
16,1024,5,32,22.330368041992188,22.35750702675432
16,1024,5,33,21.960512161254883,21.983143989928067
16,1024,5,34,21.984031677246094,22.006158949807286
16,1024,5,35,22.008544921875,22.031348082236946
16,1024,5,36,22.35625648498535,22.37786608748138
16,1024,5,37,22.003456115722656,22.025882033631206
16,1024,5,38,22.06764793395996,22.089675068855286
16,1024,5,39,22.010591506958008,22.03235204797238
16,1024,5,40,22.399776458740234,22.42198900785297
16,1024,5,41,22.048799514770508,22.071297047659755
16,1024,5,42,22.08745574951172,22.108690929599106
16,1024,5,43,22.061887741088867,22.083787014707923
16,1024,5,44,22.413951873779297,22.435848019085824
16,1024,5,45,22.05232048034668,22.074259934015572
16,1024,5,46,22.160991668701172,22.18320604879409
16,1024,5,47,22.099456787109375,22.121613030321896
16,1024,5,48,22.474079132080078,22.49577804468572
16,1024,5,49,22.114688873291016,22.135867970064282
16,1024,5,50,22.146400451660156,22.16887497343123
16,1024,5,51,22.098623275756836,22.120539913885295
16,1024,5,52,22.520320892333984,22.5460899528116
16,1024,5,53,22.1625919342041,22.18510292004794
16,1024,5,54,22.21561622619629,22.23799203056842
16,1024,5,55,22.15715217590332,22.179333958774805
16,1024,5,56,22.5314884185791,22.554518072865903
16,1024,5,57,22.175519943237305,22.197608021087945
16,1024,5,58,22.235807418823242,22.258562967181206
16,1024,5,59,22.195327758789062,22.217428078874946
16,1024,5,60,22.559711456298828,22.582120029255748
16,1024,5,61,22.209440231323242,22.231656941585243
16,1024,5,62,22.325056076049805,22.347406018525362
16,1024,5,63,22.20534324645996,22.228720947168767
16,1024,6,1,24.86787223815918,24.890179047361016
16,1024,6,2,22.436511993408203,22.458304069004953
16,1024,6,3,21.996864318847656,22.01929804868996
16,1024,6,4,22.21843147277832,22.240819060243666
16,1024,6,5,21.85251235961914,21.87536598648876
16,1024,6,6,21.871583938598633,21.894008037634194
16,1024,6,7,21.77689552307129,21.79830300156027
16,1024,6,8,22.138751983642578,22.160800988785923
16,1024,6,9,21.804479598999023,21.826268057338893
16,1024,6,10,21.830720901489258,21.852944046258926
16,1024,6,11,21.815359115600586,21.837757085449994
16,1024,6,12,22.19206428527832,22.21436402760446
16,1024,6,13,21.854143142700195,21.875952021218836
16,1024,6,14,21.922880172729492,21.945422049611807
16,1024,6,15,21.880544662475586,21.90244907978922
16,1024,6,16,22.222431182861328,22.245122934691608
16,1024,6,17,21.906816482543945,21.928432979620993
16,1024,6,18,21.925888061523438,21.94825408514589
16,1024,6,19,21.851167678833008,21.873721037991345
16,1024,6,20,22.214303970336914,22.23618095740676
16,1024,6,21,21.845535278320312,21.867909003049135
16,1024,6,22,21.91254425048828,21.935007069259882
16,1024,6,23,21.879520416259766,21.902000065892935
16,1024,6,24,22.23321533203125,22.255716030485928
16,1024,6,25,21.90003204345703,21.92232303787023
16,1024,6,26,21.91062355041504,21.932433010078967
16,1024,6,27,21.908863067626953,21.930909948423505
16,1024,6,28,22.254976272583008,22.27721200324595
16,1024,6,29,21.931392669677734,21.95350604597479
16,1024,6,30,21.991199493408203,22.01330498792231
16,1024,6,31,21.94918441772461,21.971664973534644
16,1024,6,32,22.323135375976562,22.34553697053343
16,1024,6,33,21.966047286987305,21.988740074448287
16,1024,6,34,21.999263763427734,22.02111901715398
16,1024,6,35,21.991392135620117,22.014191024936736
16,1024,6,36,22.35081672668457,22.373941959813237
16,1024,6,37,22.005952835083008,22.028169012628496
16,1024,6,38,22.07529640197754,22.09771890193224
16,1024,6,39,22.023679733276367,22.046701051294804
16,1024,6,40,22.40025520324707,22.422265959903598
16,1024,6,41,22.063520431518555,22.085538017563522
16,1024,6,42,22.085248947143555,22.10819802712649
16,1024,6,43,22.033855438232422,22.056385991163552
16,1024,6,44,22.410335540771484,22.432246012613177
16,1024,6,45,22.10223960876465,22.124839946627617
16,1024,6,46,22.141504287719727,22.164284018799663
16,1024,6,47,22.085664749145508,22.108608041889966
16,1024,6,48,22.476703643798828,22.49944198410958
16,1024,6,49,22.115520477294922,22.137942956760526
16,1024,6,50,22.17478370666504,22.19693793449551
16,1024,6,51,22.112960815429688,22.136294981464744
16,1024,6,52,22.482528686523438,22.505902918055654
16,1024,6,53,22.152000427246094,22.17754302546382
16,1024,6,54,22.20947265625,22.231991053558886
16,1024,6,55,22.154016494750977,22.17765001114458
16,1024,6,56,22.55731201171875,22.579788928851485
16,1024,6,57,22.172447204589844,22.194083081558347
16,1024,6,58,22.21887969970703,22.24096201825887
16,1024,6,59,22.187904357910156,22.210826980881393
16,1024,6,60,22.5447998046875,22.567559964954853
16,1024,6,61,22.189151763916016,22.21134607680142
16,1024,6,62,22.300064086914062,22.322610020637512
16,1024,6,63,22.19718360900879,22.21944194752723
16,4096,0,1,66.08694458007812,66.11525500193238
16,4096,0,2,54.60774230957031,54.631054983474314
16,4096,0,3,54.2592658996582,54.28276909515262
16,4096,0,4,54.04383850097656,54.065871983766556
16,4096,0,5,54.50342559814453,54.52566500753164
16,4096,0,6,54.53958511352539,54.56226097885519
16,4096,0,7,55.099456787109375,55.12130702845752
16,4096,0,8,54.457855224609375,54.48065500240773
16,4096,0,9,54.138912200927734,54.161406005732715
16,4096,0,10,54.20111846923828,54.22391998581588
16,4096,0,11,54.8100471496582,54.83300890773535
16,4096,0,12,54.50124740600586,54.52395498286933
16,4096,0,13,54.1214714050293,54.14387700147927
16,4096,0,14,54.300865173339844,54.32313203345984
16,4096,0,15,54.846046447753906,54.86818798817694
16,4096,0,16,54.519134521484375,54.54170098528266
16,4096,0,17,54.225982666015625,54.248178959824145
16,4096,0,18,54.30054473876953,54.32381993159652
16,4096,0,19,54.86556625366211,54.88845705986023
16,4096,0,20,54.53852844238281,54.5614380389452
16,4096,0,21,54.244319915771484,54.267390980385244
16,4096,0,22,54.341407775878906,54.3640770483762
16,4096,0,23,54.85414505004883,54.877049988135695
16,4096,0,24,54.57040023803711,54.59347402211279
16,4096,0,25,54.31417465209961,54.33698603883386
16,4096,0,26,54.376705169677734,54.40095497760922
16,4096,0,27,54.89039993286133,54.91270299535245
16,4096,0,28,54.61625671386719,54.63940999470651
16,4096,0,29,54.32876968383789,54.358644993044436
16,4096,0,30,54.46723175048828,54.51099493075162
16,4096,0,31,55.007904052734375,55.046648951247334
16,4096,0,32,54.67622375488281,54.698792984709144
16,4096,0,33,54.3900146484375,54.41261408850551
16,4096,0,34,54.38710403442383,54.41141303163022
16,4096,0,35,54.95420837402344,54.97880594339222
16,4096,0,36,54.728607177734375,54.751242976635695
16,4096,0,37,54.351966857910156,54.37419400550425
16,4096,0,38,54.433631896972656,54.455865058116615
16,4096,0,39,54.975425720214844,54.998680017888546
16,4096,0,40,54.752384185791016,54.776933044195175
16,4096,0,41,54.428897857666016,54.45173103362322
16,4096,0,42,54.42921447753906,54.45150099694729
16,4096,0,43,55.054046630859375,55.076681077480316
16,4096,0,44,54.80665588378906,54.82967500574887
16,4096,0,45,54.43142318725586,54.45381498429924
16,4096,0,46,54.52336120605469,54.54595701303333
16,4096,0,47,55.11840057373047,55.14229310210794
16,4096,0,48,54.86345672607422,54.8860119888559
16,4096,0,49,54.495296478271484,54.51864190399647
16,4096,0,50,54.52048110961914,54.543358040973544
16,4096,0,51,55.1761589050293,55.198548012413085
16,4096,0,52,54.8474235534668,54.87018497660756
16,4096,0,53,54.477569580078125,54.500087979249656
16,4096,0,54,54.60179138183594,54.62427297607064
16,4096,0,55,55.17087936401367,55.193161009810865
16,4096,0,56,54.8757438659668,54.90045098122209
16,4096,0,57,54.570560455322266,54.59325003903359
16,4096,0,58,54.651329040527344,54.67569502070546
16,4096,0,59,55.21033477783203,55.23280508350581
16,4096,0,60,54.928672790527344,54.95107907336205
16,4096,0,61,54.582271575927734,54.605804034508765
16,4096,0,62,54.714752197265625,54.736616904847324
16,4096,0,63,55.24019241333008,55.26324699167162
16,4096,1,1,67.50262451171875,67.5312289968133
16,4096,1,2,55.7465934753418,55.77051197178662
16,4096,1,3,55.12460708618164,55.14888290781528
16,4096,1,4,54.754432678222656,54.778706980869174
16,4096,1,5,54.426273345947266,54.449426010251045
16,4096,1,6,54.51020812988281,54.53309405129403
16,4096,1,7,54.983455657958984,55.00575201585889
16,4096,1,8,54.45993423461914,54.48238004464656
16,4096,1,9,54.14982223510742,54.174692020751536
16,4096,1,10,54.22886276245117,54.25211600959301
16,4096,1,11,54.794368743896484,54.81734802015126
16,4096,1,12,54.50624084472656,54.53163804486394
16,4096,1,13,54.1844482421875,54.207455017603934
16,4096,1,14,54.28815841674805,54.31231902912259
16,4096,1,15,54.793182373046875,54.81659097131342
16,4096,1,16,54.52854537963867,54.55158604308963
16,4096,1,17,54.248321533203125,54.27139194216579
16,4096,1,18,54.2977294921875,54.32042106986046
16,4096,1,19,54.84044647216797,54.862562916241586
16,4096,1,20,54.57660675048828,54.60069898981601
16,4096,1,21,54.249855041503906,54.27294794935733
16,4096,1,22,54.3223991394043,54.34513301588595
16,4096,1,23,54.84259033203125,54.86546491738409
16,4096,1,24,54.57670211791992,54.60081098135561
16,4096,1,25,54.339359283447266,54.36416598968208
16,4096,1,26,54.34294509887695,54.365554940886796
16,4096,1,27,54.89628982543945,54.91876695305109
16,4096,1,28,54.676414489746094,54.700106964446604
16,4096,1,29,54.31913757324219,54.341288981959224
16,4096,1,30,54.380001068115234,54.40299690235406
16,4096,1,31,54.95286560058594,54.97611407190561
16,4096,1,32,54.67500686645508,54.698550957255065
16,4096,1,33,54.383487701416016,54.40709600225091
16,4096,1,34,54.390464782714844,54.41411794163287
16,4096,1,35,54.973697662353516,54.99687895644456
16,4096,1,36,54.725311279296875,54.74795901682228
16,4096,1,37,54.33446502685547,54.35723206028342
16,4096,1,38,54.42524719238281,54.44785498548299
16,4096,1,39,54.98604965209961,55.009921081364155
16,4096,1,40,54.76652908325195,54.790062946267426
16,4096,1,41,54.423583984375,54.4466549763456
16,4096,1,42,54.44700622558594,54.46976888924837
16,4096,1,43,55.07551956176758,55.09800300933421
16,4096,1,44,54.778079986572266,54.80134696699679
16,4096,1,45,54.41875076293945,54.441389977000654
16,4096,1,46,54.54217529296875,54.56618499010801
16,4096,1,47,55.1148796081543,55.137512972578406
16,4096,1,48,54.829856872558594,54.85285690519959
16,4096,1,49,54.515296936035156,54.53881807625294
16,4096,1,50,54.5456657409668,54.56876801326871
16,4096,1,51,55.14400100708008,55.16689701471478
16,4096,1,52,54.820831298828125,54.843533085659146
16,4096,1,53,54.491966247558594,54.514675051905215
16,4096,1,54,54.650142669677734,54.673306993208826
16,4096,1,55,55.15574264526367,55.17862399574369
16,4096,1,56,54.853824615478516,54.87705394625664
16,4096,1,57,54.60019302368164,54.623804055154324
16,4096,1,58,54.627166748046875,54.65125304181129
16,4096,1,59,55.195518493652344,55.218094028532505
16,4096,1,60,54.9172477722168,54.939890978857875
16,4096,1,61,54.627647399902344,54.65084395837039
16,4096,1,62,54.716766357421875,54.74154802504927
16,4096,1,63,55.215232849121094,55.238189990632236
16,4096,2,1,64.8351058959961,64.86240401864052
16,4096,2,2,55.02569580078125,55.048660025931895
16,4096,2,3,55.008384704589844,55.03112403675914
16,4096,2,4,54.74911880493164,54.774495074525476
16,4096,2,5,54.43369674682617,54.45778195280582
16,4096,2,6,54.509342193603516,54.53081906307489
16,4096,2,7,54.97795104980469,55.00152101740241
16,4096,2,8,54.455135345458984,54.48046699166298
16,4096,2,9,54.14681625366211,54.169379058294
16,4096,2,10,54.173919677734375,54.196796962060034
16,4096,2,11,54.80486297607422,54.82782598119229
16,4096,2,12,54.51532745361328,54.53774193301797
16,4096,2,13,54.13727951049805,54.16014604270458
16,4096,2,14,54.27695846557617,54.298758041113615
16,4096,2,15,54.81216049194336,54.83541509602219
16,4096,2,16,54.53788757324219,54.56036108080298
16,4096,2,17,54.21763229370117,54.24078193027526
16,4096,2,18,54.27801513671875,54.3019468896091
16,4096,2,19,54.841121673583984,54.863663972355425
16,4096,2,20,54.55897521972656,54.58207195624709
16,4096,2,21,54.2498893737793,54.27176097873598
16,4096,2,22,54.35027313232422,54.37331600114703
16,4096,2,23,54.879295349121094,54.902437957935035
16,4096,2,24,54.56867218017578,54.59264095406979
16,4096,2,25,54.28303909301758,54.3062990764156
16,4096,2,26,54.35539245605469,54.378751083277166
16,4096,2,27,54.899681091308594,54.92206395138055
16,4096,2,28,54.624385833740234,54.646266042254865
16,4096,2,29,54.3197135925293,54.34151797089726
16,4096,2,30,54.44192123413086,54.463588050566614
16,4096,2,31,54.922943115234375,54.94586902204901
16,4096,2,32,54.65923309326172,54.68175502028316
16,4096,2,33,54.39388656616211,54.41730807069689
16,4096,2,34,54.403968811035156,54.42681396380067
16,4096,2,35,54.9562873840332,54.97870303224772
16,4096,2,36,54.71644973754883,54.73859503399581
16,4096,2,37,54.3834228515625,54.40516595263034
16,4096,2,38,54.43699264526367,54.460609098896384
16,4096,2,39,54.972511291503906,54.99656300526112
16,4096,2,40,54.75203323364258,54.77441300172359
16,4096,2,41,54.45075225830078,54.47474506217986
16,4096,2,42,54.43824005126953,54.460690007545054
16,4096,2,43,55.026206970214844,55.04935001954436
16,4096,2,44,54.77987289428711,54.80414291378111
16,4096,2,45,54.40243148803711,54.42549008876085
16,4096,2,46,54.5398063659668,54.5618690084666
16,4096,2,47,55.08095932006836,55.104202940128744
16,4096,2,48,54.85087966918945,54.87279605586082
16,4096,2,49,54.51433563232422,54.53717801719904
16,4096,2,50,54.508766174316406,54.530313005670905
16,4096,2,51,55.14140701293945,55.16356497537345
16,4096,2,52,54.87513732910156,54.89764700178057
16,4096,2,53,54.47267150878906,54.49529900215566
16,4096,2,54,54.61497497558594,54.63926703669131
16,4096,2,55,55.183807373046875,55.20605493802577
16,4096,2,56,54.90108871459961,54.92277001030743
16,4096,2,57,54.57401657104492,54.59629895631224
16,4096,2,58,54.6195182800293,54.64259209111333
16,4096,2,59,55.24339294433594,55.265051079913974
16,4096,2,60,54.9073600769043,54.928944911807775
16,4096,2,61,54.553279876708984,54.57470007240772
16,4096,2,62,54.704288482666016,54.72771904896945
16,4096,2,63,55.2388801574707,55.26176898274571
16,4096,3,1,65.8028793334961,65.84453803952783
16,4096,3,2,55.032318115234375,55.053982068784535
16,4096,3,3,55.07593536376953,55.098289041779935
16,4096,3,4,54.80112075805664,54.823075071908534
16,4096,3,5,54.421119689941406,54.44410792551935
16,4096,3,6,54.49436950683594,54.51619403902441
16,4096,3,7,55.00912094116211,55.0319830654189
16,4096,3,8,54.45471954345703,54.476631921716034
16,4096,3,9,54.19420623779297,54.21654705423862
16,4096,3,10,54.169822692871094,54.193102987483144
16,4096,3,11,54.76704025268555,54.789484944194555
16,4096,3,12,54.55587387084961,54.577756091021
16,4096,3,13,54.18918228149414,54.21057902276516
16,4096,3,14,54.24252700805664,54.264622973278165
16,4096,3,15,54.81257629394531,54.834207985550165
16,4096,3,16,54.57414245605469,54.5961819589138
16,4096,3,17,54.25571060180664,54.27762994077057
16,4096,3,18,54.268096923828125,54.2900440050289
16,4096,3,19,54.85055923461914,54.87655696924776
16,4096,3,20,54.60425567626953,54.62692596483976
16,4096,3,21,54.25199890136719,54.27356099244207
16,4096,3,22,54.29487991333008,54.31683699134737
16,4096,3,23,54.88828659057617,54.910477017983794
16,4096,3,24,54.617855072021484,54.641463910229504
16,4096,3,25,54.276222229003906,54.29819400887936
16,4096,3,26,54.3072624206543,54.330851999111474
16,4096,3,27,54.93891143798828,54.96148101519793
16,4096,3,28,54.64656066894531,54.66979998163879
16,4096,3,29,54.28895950317383,54.31078001856804
16,4096,3,30,54.409183502197266,54.43137406837195
16,4096,3,31,54.95964813232422,54.98231702949852
16,4096,3,32,54.664833068847656,54.687620024196804
16,4096,3,33,54.34428787231445,54.366449010558426
16,4096,3,34,54.397953033447266,54.419795982539654
16,4096,3,35,54.98969650268555,55.01074600033462
16,4096,3,36,54.69580841064453,54.71797997597605
16,4096,3,37,54.3502082824707,54.37263404019177
16,4096,3,38,54.47679901123047,54.49846701230854
16,4096,3,39,54.99871826171875,55.020881933160126
16,4096,3,40,54.71209716796875,54.734111065045
16,4096,3,41,54.41331100463867,54.435270954854786
16,4096,3,42,54.41446304321289,54.43631601519883
16,4096,3,43,55.01747131347656,55.03999697975814
16,4096,3,44,54.76044845581055,54.78264996781945
16,4096,3,45,54.44355010986328,54.46490994654596
16,4096,3,46,54.58233642578125,54.60689403116703
16,4096,3,47,55.05686569213867,55.079140001907945
16,4096,3,48,54.82854461669922,54.85043895896524
16,4096,3,49,54.522335052490234,54.54434303101152
16,4096,3,50,54.54662322998047,54.56953006796539
16,4096,3,51,55.078590393066406,55.10161793790758
16,4096,3,52,54.862464904785156,54.88528311252594
16,4096,3,53,54.531776428222656,54.554127040319145
16,4096,3,54,54.59052658081055,54.61251502856612
16,4096,3,55,55.145408630371094,55.16842403449118
16,4096,3,56,54.8969612121582,54.920935072004795
16,4096,3,57,54.62092971801758,54.6434479765594
16,4096,3,58,54.56620788574219,54.589751991443336
16,4096,3,59,55.20342254638672,55.226488038897514
16,4096,3,60,54.947200775146484,54.97213394846767
16,4096,3,61,54.58873748779297,54.61181397549808
16,4096,3,62,54.687007904052734,54.709670948795974
16,4096,3,63,55.248512268066406,55.27172808069736
16,4096,4,1,67.32614135742188,67.35213799402118
16,4096,4,2,55.07737731933594,55.10168592445552
16,4096,4,3,55.07993698120117,55.1036560209468
16,4096,4,4,54.77094268798828,54.795828997157514
16,4096,4,5,54.469886779785156,54.49170700740069
16,4096,4,6,54.568607330322266,54.591733030974865
16,4096,4,7,55.12883377075195,55.152409011498094
16,4096,4,8,54.50806427001953,54.52999600674957
16,4096,4,9,54.18150329589844,54.2044440517202
16,4096,4,10,54.14336013793945,54.16656902525574
16,4096,4,11,54.78607940673828,54.80753199663013
16,4096,4,12,54.534847259521484,54.557439987547696
16,4096,4,13,54.16115188598633,54.18436694890261
16,4096,4,14,54.22675323486328,54.249088978394866
16,4096,4,15,54.84419250488281,54.86590298824012
16,4096,4,16,54.57827377319336,54.602127987891436
16,4096,4,17,54.2138557434082,54.23624604009092
16,4096,4,18,54.26486587524414,54.287659004330635
16,4096,4,19,54.87587356567383,54.89814095199108
16,4096,4,20,54.59059143066406,54.61261793971062
16,4096,4,21,54.22691345214844,54.24883810337633
16,4096,4,22,54.32339096069336,54.34521602001041
16,4096,4,23,54.90176010131836,54.924392024986446
16,4096,4,24,54.57814407348633,54.60191494785249
16,4096,4,25,54.281280517578125,54.30244596209377
16,4096,4,26,54.357696533203125,54.379777982831
16,4096,4,27,54.93644714355469,54.95904095005244
16,4096,4,28,54.655616760253906,54.678731015883386
16,4096,4,29,54.30575942993164,54.328134981915355
16,4096,4,30,54.42659378051758,54.448530077934265
16,4096,4,31,54.94956970214844,54.971310892142355
16,4096,4,32,54.6506233215332,54.67350105755031
16,4096,4,33,54.37142562866211,54.393746075220406
16,4096,4,34,54.418304443359375,54.44045504555106
16,4096,4,35,54.96566390991211,54.98784699011594
16,4096,4,36,54.686241149902344,54.70807896926999
16,4096,4,37,54.386016845703125,54.407493909820914
16,4096,4,38,54.47932815551758,54.502308019436896
16,4096,4,39,54.98396682739258,55.02330302260816
16,4096,4,40,55.0588493347168,55.144332931376994
16,4096,4,41,54.5432014465332,54.58011105656624
16,4096,4,42,54.51113510131836,54.53682201914489
16,4096,4,43,55.033504486083984,55.05523306783289
16,4096,4,44,54.77695846557617,54.79899398051202
16,4096,4,45,54.46294403076172,54.487182991579175
16,4096,4,46,54.563934326171875,54.58700901363045
16,4096,4,47,55.06230545043945,55.08557497523725
16,4096,4,48,54.85625457763672,54.8790879547596
16,4096,4,49,54.547264099121094,54.56960294395685
16,4096,4,50,54.504478454589844,54.52651507221162
16,4096,4,51,55.127296447753906,55.15035800635815
16,4096,4,52,54.895137786865234,54.92300202604383
16,4096,4,53,54.50735855102539,54.53035607933998
16,4096,4,54,54.609214782714844,54.6323349699378
16,4096,4,55,55.17424011230469,55.196443921886384
16,4096,4,56,54.90009689331055,54.92302996572107
16,4096,4,57,54.549407958984375,54.572512046433985
16,4096,4,58,54.587039947509766,54.60910894908011
16,4096,4,59,55.215423583984375,55.237281951121986
16,4096,4,60,54.96246337890625,54.984305053949356
16,4096,4,61,54.55945587158203,54.58253005053848
16,4096,4,62,54.697792053222656,54.720056941732764
16,4096,4,63,55.29033660888672,55.312843061983585
16,4096,5,1,64.10800170898438,64.13612200412899
16,4096,5,2,53.989376068115234,54.012575070373714
16,4096,5,3,54.28579330444336,54.308122023940086
16,4096,5,4,54.01055908203125,54.03355194721371
16,4096,5,5,54.36092758178711,54.38612203579396
16,4096,5,6,54.566368103027344,54.588358965702355
16,4096,5,7,55.09542465209961,55.11799897067249
16,4096,5,8,54.54249572753906,54.565010010264814
16,4096,5,9,54.169246673583984,54.19218703173101
16,4096,5,10,54.2182731628418,54.24041103105992
16,4096,5,11,54.81206512451172,54.834492970258
16,4096,5,12,54.508384704589844,54.53022103756666
16,4096,5,13,54.138145446777344,54.161058040335774
16,4096,5,14,54.2720947265625,54.29594300221652
16,4096,5,15,54.83148956298828,54.854554939083755
16,4096,5,16,54.51980972290039,54.54383697360754
16,4096,5,17,54.200286865234375,54.22271997667849
16,4096,5,18,54.29558563232422,54.31854701600969
16,4096,5,19,54.86524963378906,54.88784203771502
16,4096,5,20,54.563934326171875,54.586304002441466
16,4096,5,21,54.213470458984375,54.23525802325457
16,4096,5,22,54.35881423950195,54.38107904046774
16,4096,5,23,54.87491226196289,54.89725305233151
16,4096,5,24,54.56758499145508,54.59020100533962
16,4096,5,25,54.30329513549805,54.32580690830946
16,4096,5,26,54.34809494018555,54.37028908636421
16,4096,5,27,54.872798919677734,54.89632592070848
16,4096,5,28,54.625823974609375,54.64753101114184
16,4096,5,29,54.353118896484375,54.37493300996721
16,4096,5,30,54.41007995605469,54.43223600741476
16,4096,5,31,54.95014572143555,54.97226805891842
16,4096,5,32,54.63529586791992,54.65821095276624
16,4096,5,33,54.373695373535156,54.39618497621268
16,4096,5,34,54.39654541015625,54.42026199307293
16,4096,5,35,54.95686340332031,54.97937591280788
16,4096,5,36,54.70393753051758,54.72627200651914
16,4096,5,37,54.3790397644043,54.40106405876577
16,4096,5,38,54.43743896484375,54.460200015455484
16,4096,5,39,54.98118209838867,55.004457011818886
16,4096,5,40,54.76262283325195,54.78542693890631
16,4096,5,41,54.456031799316406,54.478567908518016
16,4096,5,42,54.44140625,54.4642589520663
16,4096,5,43,55.05952072143555,55.080985999666154
16,4096,5,44,54.81267166137695,54.8349890159443
16,4096,5,45,54.42665481567383,54.44928596261889
16,4096,5,46,54.522335052490234,54.54483500216156
16,4096,5,47,55.08195114135742,55.10464194230735
16,4096,5,48,54.84204864501953,54.86512591596693
16,4096,5,49,54.541568756103516,54.566346923820674
16,4096,5,50,54.513729095458984,54.53634192235768
16,4096,5,51,55.17027282714844,55.19248801283538
16,4096,5,52,54.855712890625,54.877446964383125
16,4096,5,53,54.47907257080078,54.5011330395937
16,4096,5,54,54.620574951171875,54.64314203709364
16,4096,5,55,55.18387222290039,55.20573805551976
16,4096,5,56,54.88300704956055,54.90549991372973
16,4096,5,57,54.56070327758789,54.58242108579725
16,4096,5,58,54.59737777709961,54.621138027869165
16,4096,5,59,55.23379135131836,55.25590491015464
16,4096,5,60,54.92323303222656,54.94518799241632
16,4096,5,61,54.56409454345703,54.585608071647584
16,4096,5,62,54.71247863769531,54.73512096796185
16,4096,5,63,55.26723098754883,55.290592019446194
16,4096,6,1,66.05648040771484,66.1432349588722
16,4096,6,2,55.86368179321289,55.88573694694787
16,4096,6,3,55.018367767333984,55.04017509520054
16,4096,6,4,54.73945617675781,54.76129404269159
16,4096,6,5,54.427040100097656,54.44938794244081
16,4096,6,6,54.46809768676758,54.489757982082665
16,4096,6,7,55.04230499267578,55.064610904082656
16,4096,6,8,54.49932861328125,54.52155799139291
16,4096,6,9,54.137054443359375,54.159271996468306
16,4096,6,10,54.212127685546875,54.23475010320544
16,4096,6,11,54.78793716430664,54.81061292812228
16,4096,6,12,54.51824188232422,54.54064498189837
16,4096,6,13,54.15033721923828,54.1728570824489
16,4096,6,14,54.22630310058594,54.249218897894025
16,4096,6,15,54.789825439453125,54.81159605551511
16,4096,6,16,54.5208625793457,54.543451056815684
16,4096,6,17,54.241310119628906,54.26297790836543
16,4096,6,18,54.2845458984375,54.30680199060589
16,4096,6,19,54.84272003173828,54.864740930497646
16,4096,6,20,54.57600021362305,54.598880000412464
16,4096,6,21,54.25062561035156,54.273406974971294
16,4096,6,22,54.357696533203125,54.3787800706923
16,4096,6,23,54.859615325927734,54.880967014469206
16,4096,6,24,54.59324645996094,54.61510794702917
16,4096,6,25,54.33750534057617,54.3596800416708
16,4096,6,26,54.32716751098633,54.350838996469975
16,4096,6,27,54.88035202026367,54.90327696315944
16,4096,6,28,54.67145538330078,54.69334905501455
16,4096,6,29,54.335777282714844,54.358109016902745
16,4096,6,30,54.384830474853516,54.406599956564605
16,4096,6,31,54.93302536010742,54.956819978542626
16,4096,6,32,54.692256927490234,54.71492698416114
16,4096,6,33,54.39436721801758,54.41711493767798
16,4096,6,34,54.369632720947266,54.392765974625945
16,4096,6,35,54.96380615234375,54.98610599897802
16,4096,6,36,54.708961486816406,54.73167996387929
16,4096,6,37,54.37120056152344,54.39425795339048
16,4096,6,38,54.4466552734375,54.46883209515363
16,4096,6,39,55.015777587890625,55.038016056641936
16,4096,6,40,54.748863220214844,54.771519964560866
16,4096,6,41,54.43539047241211,54.45751501247287
16,4096,6,42,54.421600341796875,54.4438969809562
16,4096,6,43,55.07270431518555,55.094955023378134
16,4096,6,44,54.789695739746094,54.811669047921896
16,4096,6,45,54.41619110107422,54.43903000559658
16,4096,6,46,54.55369567871094,54.57709904294461
16,4096,6,47,55.09065628051758,55.11345400009304
16,4096,6,48,54.8370246887207,54.860785021446645
16,4096,6,49,54.522911071777344,54.54578995704651
16,4096,6,50,54.54771041870117,54.57056290470064
16,4096,6,51,55.13942337036133,55.16514799091965
16,4096,6,52,54.82700729370117,54.84998191241175
16,4096,6,53,54.466976165771484,54.48972003068775
16,4096,6,54,54.648319244384766,54.67079009395093
16,4096,6,55,55.16579055786133,55.18794502131641
16,4096,6,56,54.86307144165039,54.88686892203987
16,4096,6,57,54.56364822387695,54.586656973697245
16,4096,6,58,54.65030288696289,54.67204703018069
16,4096,6,59,55.203678131103516,55.226690019480884
16,4096,6,60,54.9093132019043,54.93142909836024
16,4096,6,61,54.57548904418945,54.59763505496085
16,4096,6,62,54.66044616699219,54.68251393176615
16,4096,6,63,55.23081588745117,55.252807098440826
