batch,prompt_length,repeat,step,gpu_decode_ms,wall_decode_ms
1,128,0,1,11.386719703674316,11.409690021537244
1,128,0,2,11.240415573120117,11.26361294882372
1,128,0,3,11.28495979309082,11.307931039482355
1,128,0,4,11.30134391784668,11.324615974444896
1,128,0,5,11.249024391174316,11.272505042143166
1,128,0,6,11.313023567199707,11.336349998600781
1,128,0,7,11.369888305664062,11.393102002330124
1,128,0,8,11.276000022888184,11.299390986096114
1,128,0,9,11.305184364318848,11.328494001645595
1,128,0,10,11.306943893432617,11.330111010465771
1,128,0,11,11.257856369018555,11.281251965556294
1,128,0,12,11.315744400024414,11.33851200575009
1,128,0,13,11.234463691711426,11.257926991675049
1,128,0,14,11.340031623840332,11.363095021806657
1,128,0,15,11.312352180480957,11.335987015627325
1,128,0,16,11.294528007507324,11.317890021018684
1,128,0,17,11.294015884399414,11.317792988847941
1,128,0,18,11.280192375183105,11.303760984446853
1,128,0,19,11.278271675109863,11.301474005449563
1,128,0,20,11.260704040527344,11.289204994682223
1,128,0,21,11.281439781188965,11.304939980618656
1,128,0,22,11.329855918884277,11.353028006851673
1,128,0,23,11.273183822631836,11.296513956040144
1,128,0,24,11.293503761291504,11.31668098969385
1,128,0,25,11.283231735229492,11.306393018458039
1,128,0,26,11.368127822875977,11.391672014724463
1,128,0,27,11.355232238769531,11.378781986422837
1,128,0,28,11.350784301757812,11.374330031685531
1,128,0,29,11.421536445617676,11.444510018918663
1,128,0,30,11.330143928527832,11.354404967278242
1,128,0,31,11.34995174407959,11.37350598582998
1,128,0,32,11.332223892211914,11.355502996593714
1,128,0,33,11.349247932434082,11.372737004421651
1,128,0,34,11.310175895690918,11.333080008625984
1,128,0,35,11.336959838867188,11.360279051586986
1,128,0,36,11.338815689086914,11.363244033418596
1,128,0,37,11.26035213470459,11.284489999525249
1,128,0,38,11.353119850158691,11.376999027561396
1,128,0,39,11.355232238769531,11.37907599331811
1,128,0,40,11.3156156539917,11.338876967784017
1,128,0,41,11.316831588745117,11.340113007463515
1,128,0,42,11.450655937194824,11.474953964352608
1,128,0,43,11.38259220123291,11.406745004933327
1,128,0,44,11.348383903503418,11.371579021215439
1,128,0,45,11.432671546936035,11.45576301496476
1,128,0,46,11.447872161865234,11.47104799747467
1,128,0,47,11.405983924865723,11.42970600631088
1,128,0,48,11.429311752319336,11.45308802369982
1,128,0,49,11.42409610748291,11.447441997006536
1,128,0,50,11.400704383850098,11.424147000070661
1,128,0,51,11.517984390258789,11.541879968717694
1,128,0,52,11.334943771362305,11.358503019437194
1,128,0,53,11.384927749633789,11.40913600102067
1,128,0,54,11.37996768951416,11.403790034819394
1,128,0,55,11.32960033416748,11.353504029102623
1,128,0,56,11.38809585571289,11.411636020056903
1,128,0,57,11.433440208435059,11.456910986453295
1,128,0,58,11.34067153930664,11.363847996108234
1,128,0,59,11.381664276123047,11.405472992919385
1,128,0,60,11.219615936279297,11.24334498308599
1,128,0,61,11.29651165008545,11.319770012050867
1,128,0,62,11.362943649291992,11.38705899938941
1,128,0,63,11.41596794128418,11.439619993325323
1,128,1,1,11.362144470214844,11.38584699947387
1,128,1,2,11.409503936767578,11.432783969212323
1,128,1,3,11.379232406616211,11.40235597267747
1,128,1,4,11.325632095336914,11.348455038387328
1,128,1,5,11.317312240600586,11.341660981997848
1,128,1,6,11.376543998718262,11.399884009733796
1,128,1,7,11.430047988891602,11.453416023869067
1,128,1,8,11.324864387512207,11.348218948114663
1,128,1,9,11.379327774047852,11.4021539920941
1,128,1,10,11.308256149291992,11.332497000694275
1,128,1,11,11.287936210632324,11.311842012219131
1,128,1,12,11.392000198364258,11.416015971917659
1,128,1,13,11.316096305847168,11.345539998728782
1,128,1,14,11.312224388122559,11.336039984598756
1,128,1,15,11.351967811584473,11.376433016266674
1,128,1,16,11.383808135986328,11.408924008719623
1,128,1,17,11.395936012268066,11.41997502418235
1,128,1,18,11.297856330871582,11.326666048262268
1,128,1,19,11.492863655090332,11.516598984599113
1,128,1,20,11.359328269958496,11.383445002138615
1,128,1,21,11.304672241210938,11.328723980113864
1,128,1,22,11.371295928955078,11.395427980460227
1,128,1,23,11.331551551818848,11.355276976246387
1,128,1,24,11.220864295959473,11.2442760146223
1,128,1,25,11.379712104797363,11.403288983274251
1,128,1,26,11.390591621398926,11.414506006985903
1,128,1,27,11.335328102111816,11.358370014932007
1,128,1,28,11.311296463012695,11.334666982293129
1,128,1,29,11.364447593688965,11.387680016923696
1,128,1,30,11.285056114196777,11.311219015624374
1,128,1,31,11.342528343200684,11.365665995981544
1,128,1,32,11.367487907409668,11.39114104444161
1,128,1,33,11.302495956420898,11.325829953420907
1,128,1,34,11.315103530883789,11.338762997183949
1,128,1,35,11.347583770751953,11.370928026735783
1,128,1,36,11.313183784484863,11.336841038428247
1,128,1,37,11.232064247131348,11.255969991907477
1,128,1,38,11.337471961975098,11.360934004187584
1,128,1,39,11.271360397338867,11.294642987195402
1,128,1,40,11.270336151123047,11.293613002635539
1,128,1,41,11.223584175109863,11.247256014030427
1,128,1,42,11.279071807861328,11.302821978460997
1,128,1,43,11.27673625946045,11.299692967440933
1,128,1,44,11.180543899536133,11.203118017874658
1,128,1,45,11.189663887023926,11.212818033527583
1,128,1,46,11.148799896240234,11.171289021149278
1,128,1,47,11.115872383117676,11.139784008264542
1,128,1,48,11.110591888427734,11.134460044559091
1,128,1,49,11.22976016998291,11.253077012952417
1,128,1,50,11.186495780944824,11.209574004169554
1,128,1,51,11.207679748535156,11.231388023588806
1,128,1,52,11.193183898925781,11.21723500546068
1,128,1,53,11.1911039352417,11.215759033802897
1,128,1,54,11.159808158874512,11.183387017808855
1,128,1,55,11.148192405700684,11.171246995218098
1,128,1,56,11.206208229064941,11.230595991946757
1,128,1,57,11.289055824279785,11.311959009617567
1,128,1,58,11.333727836608887,11.357419949490577
1,128,1,59,11.166912078857422,11.190077988430858
1,128,1,60,11.197855949401855,11.220651969779283
1,128,1,61,11.160287857055664,11.183118971530348
1,128,1,62,11.138303756713867,11.16210501641035
1,128,1,63,11.232064247131348,11.255725985392928
1,128,2,1,11.25932788848877,11.282919032964855
1,128,2,2,11.221695899963379,11.244101042393595
1,128,2,3,11.130304336547852,11.15328201558441
1,128,2,4,11.153727531433105,11.176721949595958
1,128,2,5,11.079008102416992,11.102318007033318
1,128,2,6,11.124640464782715,11.148582969326526
1,128,2,7,11.136768341064453,11.164726980496198
1,128,2,8,11.17193603515625,11.195448983926326
1,128,2,9,11.070655822753906,11.093758046627045
1,128,2,10,11.105216026306152,11.128310987260193
1,128,2,11,11.109536170959473,11.132532032206655
1,128,2,12,11.164928436279297,11.192733014468104
1,128,2,13,11.134367942810059,11.158565001096576
1,128,2,14,11.182527542114258,11.206541035789996
1,128,2,15,11.17347240447998,11.19621901307255
1,128,2,16,11.192288398742676,11.216229991987348
1,128,2,17,11.172896385192871,11.196025006938726
1,128,2,18,11.160287857055664,11.183329042978585
1,128,2,19,11.179136276245117,11.20206102496013
1,128,2,20,11.147680282592773,11.171011021360755
1,128,2,21,11.191136360168457,11.214505997486413
1,128,2,22,11.286239624023438,11.310172034427524
1,128,2,23,11.17302417755127,11.195908999070525
1,128,2,24,11.159520149230957,11.183389986399561
1,128,2,25,11.179871559143066,11.20405999245122
1,128,2,26,11.275967597961426,11.299093952402472
1,128,2,27,11.233375549316406,11.25620398670435
1,128,2,28,11.244383811950684,11.267049994785339
1,128,2,29,11.29366397857666,11.316776042804122
1,128,2,30,11.24675178527832,11.270858987700194
1,128,2,31,11.190143585205078,11.213678983040154
1,128,2,32,11.255295753479004,11.278544028755277
1,128,2,33,11.170816421508789,11.194165970664471
1,128,2,34,11.225728034973145,11.249220988247544
1,128,2,35,11.216447830200195,11.239693965762854
1,128,2,36,11.155776023864746,11.178558983374387
1,128,2,37,11.10489559173584,11.127949983347207
1,128,2,38,11.209440231323242,11.23278500745073
1,128,2,39,11.162367820739746,11.18530798703432
1,128,2,40,11.170144081115723,11.193281970918179
1,128,2,41,11.250783920288086,11.274713033344597
1,128,2,42,11.245696067810059,11.269147973507643
1,128,2,43,11.209952354431152,11.233279015868902
1,128,2,44,11.183712005615234,11.206700990442187
1,128,2,45,11.189215660095215,11.213096033316106
1,128,2,46,11.14691162109375,11.171001009643078
1,128,2,47,11.201855659484863,11.226017028093338
1,128,2,48,11.202719688415527,11.226258997339755
1,128,2,49,11.21446418762207,11.238602048251778
1,128,2,50,11.20297622680664,11.22636703075841
1,128,2,51,11.175359725952148,11.201573011931032
1,128,2,52,11.191328048706055,11.220608022995293
1,128,2,53,11.11353588104248,11.136626999359578
1,128,2,54,11.126079559326172,11.149544036015868
1,128,2,55,11.152480125427246,11.176065949257463
1,128,2,56,11.150848388671875,11.174983985256404
1,128,2,57,11.204480171203613,11.227294045966119
1,128,2,58,11.147647857666016,11.170423007570207
1,128,2,59,11.14361572265625,11.16678596008569
1,128,2,60,11.197792053222656,11.221065011341125
1,128,2,61,11.176223754882812,11.200227017980069
1,128,2,62,11.164544105529785,11.187939962837845
1,128,2,63,11.17024040222168,11.194042977876961
1,128,3,1,11.244607925415039,11.267006979323924
1,128,3,2,11.147359848022461,11.170097044669092
1,128,3,3,11.187935829162598,11.211598000954837
1,128,3,4,11.16214370727539,11.184964969288558
1,128,3,5,11.1528959274292,11.176422995049506
1,128,3,6,11.147839546203613,11.171195015776902
1,128,3,7,11.20809555053711,11.23115699738264
1,128,3,8,11.140512466430664,11.163984017912298
1,128,3,9,11.160703659057617,11.184117989614606
1,128,3,10,11.136384010314941,11.15904696052894
1,128,3,11,11.1528959274292,11.176102969329804
1,128,3,12,11.370431900024414,11.394920002203435
1,128,3,13,11.258336067199707,11.28218398662284
1,128,3,14,11.218720436096191,11.241936997976154
1,128,3,15,11.158047676086426,11.181619018316269
1,128,3,16,11.186176300048828,11.210516036953777
1,128,3,17,11.193696022033691,11.216416023671627
1,128,3,18,11.15510368347168,11.177847045473754
1,128,3,19,11.20348834991455,11.226001020986587
1,128,3,20,11.190688133239746,11.214082012884319
1,128,3,21,11.615743637084961,11.638746014796197
1,128,3,22,11.14566421508789,11.168794997502118
1,128,3,23,11.098496437072754,11.12201198702678
1,128,3,24,11.092127799987793,11.1158870276995
1,128,3,25,11.129247665405273,11.152357968967408
1,128,3,26,11.206208229064941,11.228681018110365
1,128,3,27,11.144991874694824,11.167983990162611
1,128,3,28,11.180224418640137,11.203375994227827
1,128,3,29,11.241472244262695,11.265155975706875
1,128,3,30,11.2608642578125,11.283469037152827
1,128,3,31,11.17795181274414,11.201002984307706
1,128,3,32,11.137951850891113,11.162135982885957
1,128,3,33,11.196640014648438,11.220284970477223
1,128,3,34,11.135392189025879,11.15869201021269
1,128,3,35,11.185088157653809,11.208546988200396
1,128,3,36,11.163776397705078,11.187187978066504
1,128,3,37,11.100640296936035,11.124782031401992
1,128,3,38,11.138879776000977,11.162328999489546
1,128,3,39,11.128512382507324,11.152190039865673
1,128,3,40,11.19491195678711,11.218254978302866
1,128,3,41,11.2260160446167,11.249544972088188
1,128,3,42,11.169376373291016,11.193524987902492
1,128,3,43,11.21072006225586,11.233686993364245
1,128,3,44,11.148351669311523,11.171583028044552
1,128,3,45,11.112256050109863,11.135988985188305
1,128,3,46,11.093440055847168,11.116817011497915
1,128,3,47,11.11894416809082,11.142736999318004
1,128,3,48,11.106911659240723,11.131027014926076
1,128,3,49,11.156415939331055,11.180453991983086
1,128,3,50,11.128416061401367,11.151337006594986
1,128,3,51,11.205856323242188,11.22912799473852
1,128,3,52,11.17471981048584,11.198712978512049
1,128,3,53,11.110624313354492,11.134836007840931
1,128,3,54,11.150655746459961,11.17470400640741
1,128,3,55,11.126879692077637,11.15031202789396
1,128,3,56,11.18716812133789,11.210966040380299
1,128,3,57,11.185279846191406,11.209001007955521
1,128,3,58,11.232319831848145,11.256217025220394
1,128,3,59,11.260512351989746,11.283818981610239
1,128,3,60,11.280735969543457,11.304365005344152
1,128,3,61,11.199647903442383,11.222845991142094
1,128,3,62,11.194496154785156,11.217856022994965
1,128,3,63,11.101920127868652,11.125128017738461
1,128,4,1,11.218912124633789,11.242238047998399
1,128,4,2,11.146623611450195,11.169802979566157
1,128,4,3,11.139840126037598,11.162183014675975
1,128,4,4,11.173791885375977,11.19696005480364
1,128,4,5,11.157535552978516,11.180349043570459
1,128,4,6,11.15721607208252,11.18068298092112
1,128,4,7,11.212639808654785,11.23552001081407
1,128,4,8,11.271007537841797,11.293944029603153
1,128,4,9,11.297344207763672,11.320824036374688
1,128,4,10,11.233504295349121,11.25699101248756
1,128,4,11,11.176735877990723,11.19955797912553
1,128,4,12,11.187520027160645,11.210702010430396
1,128,4,13,11.15552043914795,11.179035995155573
1,128,4,14,11.159616470336914,11.18269405560568
1,128,4,15,11.158111572265625,11.18066196795553
1,128,4,16,11.146559715270996,11.169458972290158
1,128,4,17,11.202112197875977,11.22494600713253
1,128,4,18,11.182880401611328,11.206074035726488
1,128,4,19,11.136128425598145,11.158978042658418
1,128,4,20,11.1560640335083,11.179138033185154
1,128,4,21,11.202112197875977,11.224706016946584
1,128,4,22,11.23027229309082,11.253481032326818
1,128,4,23,11.209376335144043,11.232718010433018
1,128,4,24,11.1397123336792,11.162944021634758
1,128,4,25,11.169183731079102,11.19252503849566
1,128,4,26,11.235136032104492,11.257902951911092
1,128,4,27,11.204031944274902,11.226790025830269
1,128,4,28,11.278783798217773,11.302309983875602
1,128,4,29,11.265439987182617,11.28855301067233
1,128,4,30,11.230688095092773,11.254495999310166
1,128,4,31,11.152511596679688,11.176221014466137
1,128,4,32,11.194047927856445,11.216844024602324
1,128,4,33,11.084063529968262,11.106768972240388
1,128,4,34,11.148896217346191,11.171151010785252
1,128,4,35,11.236991882324219,11.259844992309809
1,128,4,36,11.19315242767334,11.216028011403978
1,128,4,37,11.215295791625977,11.237727012485266
1,128,4,38,11.258720397949219,11.281532992143184
1,128,4,39,11.34505558013916,11.367913975846022
1,128,4,40,11.255040168762207,11.278617952484637
1,128,4,41,11.244128227233887,11.266524030361325
1,128,4,42,11.176063537597656,11.199230968486518
1,128,4,43,11.183263778686523,11.206189985387027
1,128,4,44,11.045696258544922,11.068449995946139
1,128,4,45,11.181983947753906,11.20434096083045
1,128,4,46,11.18387222290039,11.206505994778126
1,128,4,47,11.13094425201416,11.153993022162467
1,128,4,48,11.200063705444336,11.22226199368015
1,128,4,49,11.199711799621582,11.222691973671317
1,128,4,50,11.129535675048828,11.152292019687593
1,128,4,51,11.162528038024902,11.18522702017799
1,128,4,52,11.155967712402344,11.184163973666728
1,128,4,53,11.174464225769043,11.196865001693368
1,128,4,54,11.133376121520996,11.156372958794236
1,128,4,55,11.168607711791992,11.191608035005629
1,128,4,56,11.20201587677002,11.225017020478845
1,128,4,57,11.16585636138916,11.189592012669891
1,128,4,58,11.187583923339844,11.210501950699836
1,128,4,59,11.170944213867188,11.194371967576444
1,128,4,60,11.17910385131836,11.201934015844017
1,128,4,61,11.17465591430664,11.19843398919329
1,128,4,62,11.134048461914062,11.156992986798286
1,128,4,63,11.152928352355957,11.175340972840786
1,128,5,1,11.27353572845459,11.296366050373763
1,128,5,2,11.171296119689941,11.193875048775226
1,128,5,3,12.049375534057617,12.072801007889211
1,128,5,4,11.15881633758545,11.182360991369933
1,128,5,5,11.122048377990723,11.14619302097708
1,128,5,6,11.149279594421387,11.171787977218628
1,128,5,7,11.182047843933105,11.205012036953121
1,128,5,8,11.17846393585205,11.201238026842475
1,128,5,9,11.173343658447266,11.197428975719959
1,128,5,10,11.043264389038086,11.066570004913956
1,128,5,11,11.10534381866455,11.128579964861274
1,128,5,12,11.173952102661133,11.196661973372102
1,128,5,13,11.118240356445312,11.141150025650859
1,128,5,14,11.180800437927246,11.203056026715785
1,128,5,15,11.147295951843262,11.170229001436383
1,128,5,16,11.133631706237793,11.156762018799782
1,128,5,17,11.140768051147461,11.164302995894104
1,128,5,18,11.014080047607422,11.037078977096826
1,128,5,19,11.120672225952148,11.143439973238856
1,128,5,20,11.188703536987305,11.212154000531882
1,128,5,21,11.12992000579834,11.153416999150068
1,128,5,22,11.143360137939453,11.16683502914384
1,128,5,23,11.196479797363281,11.219400039408356
1,128,5,24,11.142047882080078,11.165234027430415
1,128,5,25,11.070624351501465,11.093546985648572
1,128,5,26,11.296832084655762,11.320761987008154
1,128,5,27,11.346207618713379,11.370446998625994
1,128,5,28,11.36137580871582,11.384162004105747
1,128,5,29,11.335007667541504,11.358118033967912
1,128,5,30,11.341471672058105,11.364717036485672
1,128,5,31,11.21782398223877,11.24053105013445
1,128,5,32,11.313759803771973,11.336416995618492
1,128,5,33,11.30016040802002,11.323534999974072
1,128,5,34,11.23737621307373,11.260594008490443
1,128,5,35,11.237471580505371,11.264529020991176
1,128,5,36,11.243295669555664,11.26574701629579
1,128,5,37,11.14851188659668,11.17130002239719
1,128,5,38,11.204671859741211,11.22792501701042
1,128,5,39,11.178815841674805,11.202241003047675
1,128,5,40,11.215999603271484,11.239039013162255
1,128,5,41,11.207679748535156,11.23050699243322
1,128,5,42,11.170047760009766,11.194209975656122
1,128,5,43,11.204768180847168,11.228877992834896
1,128,5,44,11.222944259643555,11.245741974562407
1,128,5,45,11.162303924560547,11.184839997440577
1,128,5,46,11.156543731689453,11.17894402705133
1,128,5,47,11.13871955871582,11.161776026710868
1,128,5,48,11.18553638458252,11.20935200015083
1,128,5,49,11.235648155212402,11.261329986155033
1,128,5,50,11.185791969299316,11.208630981855094
1,128,5,51,11.163871765136719,11.186430987436324
1,128,5,52,11.159903526306152,11.183169030118734
1,128,5,53,11.107263565063477,11.130136030260473
1,128,5,54,11.183135986328125,11.205137998331338
1,128,5,55,11.16659164428711,11.189363023731858
1,128,5,56,11.086688041687012,11.110617022495717
1,128,5,57,11.23475170135498,11.257815989665687
1,128,5,58,11.223808288574219,11.246945010498166
1,128,5,59,11.138976097106934,11.161706002894789
1,128,5,60,11.189791679382324,11.213215009775013
1,128,5,61,11.13644790649414,11.16047304822132
1,128,5,62,11.165120124816895,11.188609001692384
1,128,5,63,11.22755241394043,11.2507029552944
1,128,6,1,11.319231986999512,11.341785953845829
1,128,6,2,11.174271583557129,11.196980020031333
1,128,6,3,11.158880233764648,11.181220004800707
1,128,6,4,11.164640426635742,11.187569994945079
1,128,6,5,11.094079971313477,11.116979003418237
1,128,6,6,11.199968338012695,11.221880035009235
1,128,6,7,11.217791557312012,11.240110034123063
1,128,6,8,11.175519943237305,11.197960004210472
1,128,6,9,11.204256057739258,11.227460985537618
1,128,6,10,11.232224464416504,11.25544699607417
1,128,6,11,11.21190357208252,11.234471981879324
1,128,6,12,11.212224006652832,11.23797002946958
1,128,6,13,11.096192359924316,11.118943977635354
1,128,6,14,11.210240364074707,11.233178025577217
1,128,6,15,11.138015747070312,11.159904999658465
1,128,6,16,11.146368026733398,11.169365025125444
1,128,6,17,11.154239654541016,11.176922998856753
1,128,6,18,11.131360054016113,11.154124978929758
1,128,6,19,11.26364803314209,11.285861022770405
1,128,6,20,11.140512466430664,11.162340000737458
1,128,6,21,11.099583625793457,11.121408024337143
1,128,6,22,11.209664344787598,11.232466029468924
1,128,6,23,11.238975524902344,11.261010018642992
1,128,6,24,11.146368026733398,11.168527998961508
1,128,6,25,11.08512020111084,11.107273981906474
1,128,6,26,11.21401596069336,11.236569960601628
1,128,6,27,11.21401596069336,11.236790975090116
1,128,6,28,11.197792053222656,11.220713029615581
1,128,6,29,11.243103981018066,11.26514800125733
1,128,6,30,11.207103729248047,11.229678988456726
1,128,6,31,11.186240196228027,11.208805022761226
1,128,6,32,11.23971176147461,11.261768057011068
1,128,6,33,11.204416275024414,11.22628099983558
1,128,6,34,11.205120086669922,11.2277070293203
1,128,6,35,11.266592025756836,11.289443995337933
1,128,6,36,11.20076847076416,11.223390989471227
1,128,6,37,11.120960235595703,11.143162031657994
1,128,6,38,11.176063537597656,11.198559019248933
1,128,6,39,11.12399959564209,11.14726800005883
1,128,6,40,11.131199836730957,11.153757048305124
1,128,6,41,11.144384384155273,11.16618001833558
1,128,6,42,11.175456047058105,11.198419029824436
1,128,6,43,11.195743560791016,11.21839799452573
1,128,6,44,11.118335723876953,11.140519985929132
1,128,6,45,11.12713623046875,11.149686994031072
1,128,6,46,11.1692476272583,11.191419966053218
1,128,6,47,11.105279922485352,11.127919016871601
1,128,6,48,11.083744049072266,11.106201040092856
1,128,6,49,11.087936401367188,11.115740984678268
1,128,6,50,11.169919967651367,11.192499019671232
1,128,6,51,11.19257640838623,11.215037025976926
1,128,6,52,11.168288230895996,11.190825025551021
1,128,6,53,11.138655662536621,11.161156988237053
1,128,6,54,11.439295768737793,11.461996007710695
1,128,6,55,11.359807968139648,11.382086027879268
1,128,6,56,11.273823738098145,11.296606971882284
1,128,6,57,11.34876823425293,11.371686006896198
1,128,6,58,11.328479766845703,11.351362976711243
1,128,6,59,11.230143547058105,11.252430966123939
1,128,6,60,11.359135627746582,11.382093012798578
1,128,6,61,11.448831558227539,11.471714009530842
1,128,6,62,11.351967811584473,11.374425957910717
1,128,6,63,11.308927536010742,11.331577959936112
1,1024,0,1,11.243040084838867,11.266576999332756
1,1024,0,2,11.207263946533203,11.230859963689
1,1024,0,3,11.147744178771973,11.171025049407035
1,1024,0,4,11.159775733947754,11.182376998476684
1,1024,0,5,11.047136306762695,11.070416017901152
1,1024,0,6,11.122271537780762,11.150158010423183
1,1024,0,7,11.101696014404297,11.124118987936527
1,1024,0,8,11.131808280944824,11.154223990160972
1,1024,0,9,11.078975677490234,11.102001997642219
1,1024,0,10,11.089664459228516,11.111764004454017
1,1024,0,11,11.136832237243652,11.158745968714356
1,1024,0,12,11.062560081481934,11.090803949628025
1,1024,0,13,11.118816375732422,11.141973023768514
1,1024,0,14,11.09382438659668,11.116639012470841
1,1024,0,15,11.149184226989746,11.171286983881146
1,1024,0,16,11.088031768798828,11.110186984296888
1,1024,0,17,11.123007774353027,11.14519900875166
1,1024,0,18,11.108415603637695,11.130539001896977
1,1024,0,19,11.10547161102295,11.128747020848095
1,1024,0,20,11.182592391967773,11.205098999198526
1,1024,0,21,11.137503623962402,11.1601059907116
1,1024,0,22,11.160927772521973,11.183262977283448
1,1024,0,23,11.14031982421875,11.162432027049363
1,1024,0,24,11.08579158782959,11.108912993222475
1,1024,0,25,11.110336303710938,11.133656022138894
1,1024,0,26,11.058560371398926,11.081633041612804
1,1024,0,27,11.076064109802246,11.098442017100751
1,1024,0,28,11.140928268432617,11.16325001930818
1,1024,0,29,11.086784362792969,11.109469982329756
1,1024,0,30,11.149215698242188,11.172278027515858
1,1024,0,31,11.121312141418457,11.14415901247412
1,1024,0,32,11.138400077819824,11.161331960465759
1,1024,0,33,11.10531234741211,11.128372978419065
1,1024,0,34,11.096639633178711,11.118887981865555
1,1024,0,35,11.143967628479004,11.166230018716305
1,1024,0,36,11.095904350280762,11.118091992102563
1,1024,0,37,11.06879997253418,11.091403022874147
1,1024,0,38,11.035103797912598,11.057847004849464
1,1024,0,39,11.060064315795898,11.08273898717016
1,1024,0,40,11.071840286254883,11.094428016804159
1,1024,0,41,11.079999923706055,11.102571967057884
1,1024,0,42,11.05571174621582,11.077851988375187
1,1024,0,43,11.09273624420166,11.115446977782995
1,1024,0,44,11.081439971923828,11.104806035291404
1,1024,0,45,11.088288307189941,11.111154977697879
1,1024,0,46,11.106975555419922,11.130449012853205
1,1024,0,47,11.133983612060547,11.157344037201256
1,1024,0,48,11.079008102416992,11.102058982942253
1,1024,0,49,11.136063575744629,11.158793000504375
1,1024,0,50,11.183520317077637,11.206268973182887
1,1024,0,51,11.123807907104492,11.147173005156219
1,1024,0,52,11.126208305358887,11.14959002006799
1,1024,0,53,11.127679824829102,11.15029095672071
1,1024,0,54,11.083168029785156,11.105656973086298
1,1024,0,55,11.127936363220215,11.150646023452282
1,1024,0,56,11.090080261230469,11.112622974906117
1,1024,0,57,11.079936027526855,11.102843040134758
1,1024,0,58,11.095264434814453,11.118434020318091
1,1024,0,59,11.117568016052246,11.141176975797862
1,1024,0,60,11.142623901367188,11.165889038238674
1,1024,0,61,11.131808280944824,11.155434011016041
1,1024,0,62,11.148544311523438,11.17134204832837
1,1024,0,63,11.096735954284668,11.120348994154483
1,1024,1,1,11.1910400390625,11.21428603073582
1,1024,1,2,11.112607955932617,11.134855973068625
1,1024,1,3,11.106271743774414,11.1286899773404
1,1024,1,4,11.087295532226562,11.110020976047963
1,1024,1,5,11.085439682006836,11.10806898213923
1,1024,1,6,11.174912452697754,11.197549989446998
1,1024,1,7,11.13526439666748,11.157694039866328
1,1024,1,8,11.10921573638916,11.132626968901604
1,1024,1,9,11.109151840209961,11.131897976156324
1,1024,1,10,11.085151672363281,11.108049016911536
1,1024,1,11,11.066816329956055,11.08986500184983
1,1024,1,12,11.055328369140625,11.07796502765268
1,1024,1,13,11.10905647277832,11.137449997477233
1,1024,1,14,11.125344276428223,11.148405028507113
1,1024,1,15,11.075263977050781,11.098421993665397
1,1024,1,16,11.099743843078613,11.122604948468506
1,1024,1,17,11.088640213012695,11.11110596684739
1,1024,1,18,11.08902359008789,11.112386011518538
1,1024,1,19,11.125920295715332,11.149330995976925
1,1024,1,20,11.109888076782227,11.13339199218899
1,1024,1,21,11.093440055847168,11.116690002381802
1,1024,1,22,11.110112190246582,11.133288033306599
1,1024,1,23,11.098112106323242,11.121459014248103
1,1024,1,24,11.068767547607422,11.091659020166844
1,1024,1,25,11.135904312133789,11.158726003486663
1,1024,1,26,11.13702392578125,11.15999900503084
1,1024,1,27,11.129119873046875,11.151947022881359
1,1024,1,28,11.13424015045166,11.157071043271571
1,1024,1,29,11.151616096496582,11.174154002219439
1,1024,1,30,11.178272247314453,11.200788023415953
1,1024,1,31,11.12399959564209,11.145784053951502
1,1024,1,32,11.123519897460938,11.146217992063612
1,1024,1,33,11.228544235229492,11.250573035795242
1,1024,1,34,11.196703910827637,11.218647996429354
1,1024,1,35,11.074432373046875,11.096966976765543
1,1024,1,36,11.054719924926758,11.076871014665812
1,1024,1,37,11.087871551513672,11.109962011687458
1,1024,1,38,11.00432014465332,11.027236992958933
1,1024,1,39,11.138015747070312,11.160668975207955
1,1024,1,40,11.072416305541992,11.095385008957237
1,1024,1,41,11.105631828308105,11.127928970381618
1,1024,1,42,11.142815589904785,11.164654977619648
1,1024,1,43,11.066335678100586,11.088397994171828
1,1024,1,44,11.183232307434082,11.20520505355671
1,1024,1,45,11.092415809631348,11.115139990579337
1,1024,1,46,11.147904396057129,11.170177953317761
1,1024,1,47,11.093184471130371,11.115270026493818
1,1024,1,48,11.160191535949707,11.182638991158456
1,1024,1,49,11.071040153503418,11.094212008174509
1,1024,1,50,11.088288307189941,11.110603983979672
1,1024,1,51,11.094880104064941,11.117228015791625
1,1024,1,52,11.055264472961426,11.078385985456407
1,1024,1,53,11.047327995300293,11.07001502532512
1,1024,1,54,11.072959899902344,11.095631984062493
1,1024,1,55,11.137375831604004,11.159924033563584
1,1024,1,56,11.058015823364258,11.080088035669178
1,1024,1,57,11.074624061584473,11.097677052021027
1,1024,1,58,11.026975631713867,11.049513996113092
1,1024,1,59,11.078080177307129,11.100629984866828
1,1024,1,60,11.08182430267334,11.105391022283584
1,1024,1,61,11.056256294250488,11.079110961873084
1,1024,1,62,11.120479583740234,11.143681011162698
1,1024,1,63,11.025952339172363,11.048239015508443
1,1024,2,1,11.237631797790527,11.261040985118598
1,1024,2,2,11.162367820739746,11.18509704247117
1,1024,2,3,11.156959533691406,11.180151021108031
1,1024,2,4,11.18502426147461,11.207536037545651
1,1024,2,5,11.186464309692383,11.209257005248219
1,1024,2,6,11.07532787322998,11.098179966211319
1,1024,2,7,11.101984024047852,11.124723998364061
1,1024,2,8,11.190560340881348,11.213416000828147
1,1024,2,9,11.192895889282227,11.216157989110798
1,1024,2,10,11.13644790649414,11.159374960698187
1,1024,2,11,11.09990406036377,11.122599011287093
1,1024,2,12,11.10051155090332,11.12235797336325
1,1024,2,13,11.126432418823242,11.148424004204571
1,1024,2,14,11.059136390686035,11.082749988418072
1,1024,2,15,11.05180835723877,11.075350048486143
1,1024,2,16,11.008447647094727,11.031477013602853
1,1024,2,17,10.956735610961914,10.980391001794487
1,1024,2,18,11.100383758544922,11.122797965072095
1,1024,2,19,11.12559986114502,11.148541001603007
1,1024,2,20,11.058783531188965,11.082887998782098
1,1024,2,21,11.04041576385498,11.063701007515192
1,1024,2,22,11.108320236206055,11.131328996270895
1,1024,2,23,11.106016159057617,11.12901302985847
1,1024,2,24,11.102848052978516,11.129949998576194
1,1024,2,25,11.10204792022705,11.124763055704534
1,1024,2,26,11.09875202178955,11.121334973722696
1,1024,2,27,11.151391983032227,11.17458299268037
1,1024,2,28,11.118847846984863,11.142352013848722
1,1024,2,29,11.088383674621582,11.111340019851923
1,1024,2,30,11.095647811889648,11.118864000309259
1,1024,2,31,11.069664001464844,11.093534994870424
1,1024,2,32,11.137056350708008,11.160049005411565
1,1024,2,33,11.127584457397461,11.15085300989449
1,1024,2,34,11.097503662109375,11.120728042442352
1,1024,2,35,11.090656280517578,11.113710992503911
1,1024,2,36,11.159616470336914,11.182421003468335
1,1024,2,37,11.090975761413574,11.114822002127767
1,1024,2,38,11.107295989990234,11.13056397298351
1,1024,2,39,11.06777572631836,11.091160005889833
1,1024,2,40,11.049216270446777,11.072234017774463
1,1024,2,41,11.114336013793945,11.137217981740832
1,1024,2,42,11.122112274169922,11.145622003823519
1,1024,2,43,11.025343894958496,11.047695996239781
1,1024,2,44,11.063679695129395,11.086801998317242
1,1024,2,45,11.113183975219727,11.137025023344904
1,1024,2,46,11.150464057922363,11.17350603453815
1,1024,2,47,11.144960403442383,11.167346965521574
1,1024,2,48,11.123744010925293,11.147648969199508
1,1024,2,49,11.115072250366211,11.138033994939178
1,1024,2,50,11.167488098144531,11.190767982043326
1,1024,2,51,11.093184471130371,11.116900015622377
1,1024,2,52,11.108863830566406,11.132321960758418
1,1024,2,53,11.11081600189209,11.134264001157135
1,1024,2,54,11.034751892089844,11.057767958845943
1,1024,2,55,11.114080429077148,11.137716996017843
1,1024,2,56,11.053695678710938,11.076642025727779
1,1024,2,57,11.111552238464355,11.134825006593019
1,1024,2,58,11.347776412963867,11.371258005965501
1,1024,2,59,11.096416473388672,11.119331989903003
1,1024,2,60,11.022208213806152,11.044481012504548
1,1024,2,61,11.06265640258789,11.085080972407013
1,1024,2,62,11.108863830566406,11.131509963888675
1,1024,2,63,11.105024337768555,11.128105979878455
1,1024,3,1,11.177023887634277,11.200454959180206
1,1024,3,2,11.151647567749023,11.174193990882486
1,1024,3,3,11.044320106506348,11.066862964071333
1,1024,3,4,11.112768173217773,11.135279026348144
1,1024,3,5,11.104351997375488,11.126995028462261
1,1024,3,6,11.09494400024414,11.11797901103273
1,1024,3,7,11.082464218139648,11.105334968306124
1,1024,3,8,11.107359886169434,11.1309890053235
1,1024,3,9,11.118783950805664,11.14226400386542
1,1024,3,10,11.081151962280273,11.105065990705043
1,1024,3,11,11.095647811889648,11.118313006591052
1,1024,3,12,11.110015869140625,11.13179698586464
1,1024,3,13,11.130656242370605,11.152624967508018
1,1024,3,14,11.093279838562012,11.115495988633484
1,1024,3,15,11.121184349060059,11.143493000417948
1,1024,3,16,11.070240020751953,11.092990986071527
1,1024,3,17,11.089568138122559,11.111928964965045
1,1024,3,18,11.10201644897461,11.12423901213333
1,1024,3,19,11.108575820922852,11.130620958283544
1,1024,3,20,11.075424194335938,11.100673000328243
1,1024,3,21,11.072223663330078,11.094854969996959
1,1024,3,22,11.109888076782227,11.13356597488746
1,1024,3,23,11.095744132995605,11.118805035948753
1,1024,3,24,11.167136192321777,11.189406970515847
1,1024,3,25,11.164640426635742,11.186757998075336
1,1024,3,26,11.119680404663086,11.142309987917542
1,1024,3,27,11.087136268615723,11.10963401151821
1,1024,3,28,11.101056098937988,11.123962001875043
1,1024,3,29,11.167807579040527,11.190633988007903
1,1024,3,30,11.143936157226562,11.167028977070004
1,1024,3,31,11.096063613891602,11.117719986941665
1,1024,3,32,11.113120079040527,11.135429027490318
1,1024,3,33,11.22326374053955,11.245556990616024
1,1024,3,34,11.11564826965332,11.138298024889082
1,1024,3,35,11.062463760375977,11.0849310294725
1,1024,3,36,11.09654426574707,11.11888000741601
1,1024,3,37,11.132736206054688,11.155012995004654
1,1024,3,38,11.09017562866211,11.112817039247602
1,1024,3,39,11.147007942199707,11.168978991918266
1,1024,3,40,11.113856315612793,11.136875953525305
1,1024,3,41,11.138591766357422,11.161645001266152
1,1024,3,42,11.116576194763184,11.139245005324483
1,1024,3,43,11.09280014038086,11.114948953036219
1,1024,3,44,11.17580795288086,11.199105996638536
1,1024,3,45,11.129759788513184,11.151865008287132
1,1024,3,46,11.176735877990723,11.199440981727093
1,1024,3,47,11.144960403442383,11.167632008437067
1,1024,3,48,11.15011215209961,11.172019992955029
1,1024,3,49,11.142111778259277,11.163824005052447
1,1024,3,50,11.160256385803223,11.182647023815662
1,1024,3,51,11.155903816223145,11.178551008924842
1,1024,3,52,11.166015625,11.1893389839679
1,1024,3,53,11.14844799041748,11.171104037202895
1,1024,3,54,11.24988842010498,11.272840958554298
1,1024,3,55,11.098112106323242,11.120378971099854
1,1024,3,56,11.12985610961914,11.153105006087571
1,1024,3,57,11.104063987731934,11.126170982606709
1,1024,3,58,11.070816040039062,11.093913984950632
1,1024,3,59,11.096384048461914,11.11810898873955
1,1024,3,60,11.080320358276367,11.103074008133262
1,1024,3,61,11.130335807800293,11.15219300845638
1,1024,3,62,11.1397123336792,11.163029994349927
1,1024,3,63,11.10035228729248,11.12304296111688
1,1024,4,1,11.18006420135498,11.203888978343457
1,1024,4,2,11.168671607971191,11.190626013558358
1,1024,4,3,11.130240440368652,11.153453961014748
1,1024,4,4,11.1397123336792,11.167122982442379
1,1024,4,5,11.167648315429688,11.190545978024602
1,1024,4,6,11.136768341064453,11.158669018186629
1,1024,4,7,11.100288391113281,11.122309020720422
1,1024,4,8,11.091008186340332,11.113539978396147
1,1024,4,9,11.148927688598633,11.172119993716478
1,1024,4,10,11.194304466247559,11.217410967219621
1,1024,4,11,11.094976425170898,11.117674002889544
1,1024,4,12,11.151968002319336,11.174229031894356
1,1024,4,13,11.137920379638672,11.161489994265139
1,1024,4,14,11.094783782958984,11.117980990093201
1,1024,4,15,11.193632125854492,11.2170209758915
1,1024,4,16,11.11580753326416,11.139155947603285
1,1024,4,17,11.17251205444336,11.195329017937183
1,1024,4,18,11.13548755645752,11.157981993164867
1,1024,4,19,11.205887794494629,11.22907898388803
1,1024,4,20,11.16204833984375,11.189732991624624
1,1024,4,21,11.12326431274414,11.145401047542691
1,1024,4,22,11.199775695800781,11.222743021789938
1,1024,4,23,11.150912284851074,11.173443985171616
1,1024,4,24,11.191295623779297,11.21401198906824
1,1024,4,25,11.170207977294922,11.193524987902492
1,1024,4,26,11.165727615356445,11.188738979399204
1,1024,4,27,11.112895965576172,11.13557704957202
1,1024,4,28,11.105152130126953,11.127997015137225
1,1024,4,29,11.150495529174805,11.172790953423828
1,1024,4,30,11.188511848449707,11.210497003048658
1,1024,4,31,11.083040237426758,11.104769015219063
1,1024,4,32,11.116000175476074,11.138397036120296
1,1024,4,33,11.191200256347656,11.213245044928044
1,1024,4,34,11.144895553588867,11.167315999045968
1,1024,4,35,11.170175552368164,11.192941048648208
1,1024,4,36,11.089471817016602,11.112583975773305
1,1024,4,37,11.10483169555664,11.127633042633533
1,1024,4,38,11.12723159790039,11.150381993502378
1,1024,4,39,11.156448364257812,11.178847053088248
1,1024,4,40,11.09705638885498,11.119517963379622
1,1024,4,41,11.128416061401367,11.151193000841886
1,1024,4,42,11.157759666442871,11.180353991221637
1,1024,4,43,11.039039611816406,11.061397031880915
1,1024,4,44,11.188799858093262,11.210880009457469
1,1024,4,45,11.194975852966309,11.217286984901875
1,1024,4,46,11.200096130371094,11.222913046367466
1,1024,4,47,11.187456130981445,11.209939955733716
1,1024,4,48,11.19164752960205,11.213755002245307
1,1024,4,49,11.168831825256348,11.19124301476404
1,1024,4,50,11.23465633392334,11.25743699958548
1,1024,4,51,11.156800270080566,11.180325993336737
1,1024,4,52,11.261088371276855,11.283868981990963
1,1024,4,53,11.154303550720215,11.176945990882814
1,1024,4,54,11.242560386657715,11.266032001003623
1,1024,4,55,11.21183967590332,11.234794976189733
1,1024,4,56,11.21776008605957,11.241403000894934
1,1024,4,57,11.240927696228027,11.264888977166265
1,1024,4,58,11.214783668518066,11.2391029833816
1,1024,4,59,11.103008270263672,11.126654979307204
1,1024,4,60,11.261856079101562,11.286346009001136
1,1024,4,61,11.117728233337402,11.141574010252953
1,1024,4,62,11.232224464416504,11.256972968112677
1,1024,4,63,11.162176132202148,11.185687966644764
1,1024,5,1,11.401568412780762,11.425459990277886
1,1024,5,2,11.191967964172363,11.214558966457844
1,1024,5,3,11.183263778686523,11.206296039745212
1,1024,5,4,11.133888244628906,11.15716400090605
1,1024,5,5,11.208831787109375,11.232134012971073
1,1024,5,6,11.290240287780762,11.31328399060294
1,1024,5,7,11.148703575134277,11.17140200221911
1,1024,5,8,11.313823699951172,11.336922994814813
1,1024,5,9,11.281311988830566,11.304338986519724
1,1024,5,10,11.209407806396484,11.233100958634168
1,1024,5,11,11.277983665466309,11.300473008304834
1,1024,5,12,11.198752403259277,11.221106979064643
1,1024,5,13,11.19155216217041,11.215033009648323
1,1024,5,14,11.172767639160156,11.195559985935688
1,1024,5,15,11.206527709960938,11.228649003896862
1,1024,5,16,11.17750358581543,11.200116015970707
1,1024,5,17,11.216704368591309,11.239028011914343
1,1024,5,18,11.23804759979248,11.260157043579966
1,1024,5,19,11.194623947143555,11.221900000236928
1,1024,5,20,11.182368278503418,11.20515598449856
1,1024,5,21,11.278592109680176,11.301246995572
1,1024,5,22,11.225248336791992,11.248843977227807
1,1024,5,23,11.156543731689453,11.17995398817584
1,1024,5,24,11.241087913513184,11.264876986388117
1,1024,5,25,11.29139232635498,11.314044997561723
1,1024,5,26,11.212032318115234,11.234563018660992
1,1024,5,27,11.251008033752441,11.2742799683474
1,1024,5,28,11.202207565307617,11.224485002458096
1,1024,5,29,11.209407806396484,11.2316960003227
1,1024,5,30,11.19603157043457,11.21941301971674
1,1024,5,31,11.08073616027832,11.10321597661823
1,1024,5,32,11.143967628479004,11.166429962031543
1,1024,5,33,11.1278076171875,11.149722966365516
1,1024,5,34,11.166624069213867,11.189103999640793
1,1024,5,35,11.284064292907715,11.307219974696636
1,1024,5,36,11.11673641204834,11.140224989503622
1,1024,5,37,11.102944374084473,11.126025987323374
1,1024,5,38,11.138496398925781,11.161341972183436
1,1024,5,39,11.089664459228516,11.112146021332592
1,1024,5,40,11.031744003295898,11.054562986828387
1,1024,5,41,11.1429443359375,11.1663659918122
1,1024,5,42,11.136032104492188,11.159418965689838
1,1024,5,43,11.0382080078125,11.060535965953022
1,1024,5,44,11.065823554992676,11.088598985224962
1,1024,5,45,11.110464096069336,11.133460036944598
1,1024,5,46,11.207648277282715,11.230725969653577
1,1024,5,47,11.134655952453613,11.158442008309066
1,1024,5,48,11.081439971923828,11.105137004051358
1,1024,5,49,11.149951934814453,11.17318996693939
1,1024,5,50,11.12435245513916,11.146800010465086
1,1024,5,51,11.132255554199219,11.155038024298847
1,1024,5,52,11.113280296325684,11.136310989968479
1,1024,5,53,11.197759628295898,11.220807034987956
1,1024,5,54,11.107040405273438,11.130435043014586
1,1024,5,55,11.142463684082031,11.165632982738316
1,1024,5,56,11.089280128479004,11.11194200348109
1,1024,5,57,11.088768005371094,11.111981992144138
1,1024,5,58,11.16543960571289,11.188909993506968
1,1024,5,59,11.15129566192627,11.174355982802808
1,1024,5,60,11.141535758972168,11.164892988745123
1,1024,5,61,11.268735885620117,11.291665956377983
1,1024,5,62,11.17692756652832,11.20048895245418
1,1024,5,63,11.083104133605957,11.106487014330924
1,1024,6,1,11.235584259033203,11.259709019213915
1,1024,6,2,11.127967834472656,11.151399987284094
1,1024,6,3,11.131808280944824,11.15477702114731
1,1024,6,4,11.121408462524414,11.145729979034513
1,1024,6,5,11.115872383117676,11.138569039758295
1,1024,6,6,11.095552444458008,11.118305032141507
1,1024,6,7,11.097023963928223,11.119987000711262
1,1024,6,8,11.318880081176758,11.341466975864023
1,1024,6,9,11.126527786254883,11.149502999614924
1,1024,6,10,11.042048454284668,11.064913007430732
1,1024,6,11,11.122079849243164,11.145444994326681
1,1024,6,12,11.072480201721191,11.0953240073286
1,1024,6,13,11.100319862365723,11.123135045636445
1,1024,6,14,11.11184024810791,11.134454980492592
1,1024,6,15,11.135968208312988,11.15891500376165
1,1024,6,16,11.07420825958252,11.096397007349879
1,1024,6,17,11.079008102416992,11.107481957878917
1,1024,6,18,11.140352249145508,11.16380502935499
1,1024,6,19,11.113568305969238,11.137302964925766
1,1024,6,20,11.093152046203613,11.116828944068402
1,1024,6,21,11.038080215454102,11.061502038501203
1,1024,6,22,11.18291187286377,11.205905000679195
1,1024,6,23,11.154208183288574,11.18157000746578
1,1024,6,24,11.139488220214844,11.163555027451366
1,1024,6,25,11.159839630126953,11.182340967934579
1,1024,6,26,11.194432258605957,11.217391991522163
1,1024,6,27,11.152192115783691,11.175387015100569
1,1024,6,28,11.174400329589844,11.197154002729803
1,1024,6,29,11.143424034118652,11.167070013470948
1,1024,6,30,11.152383804321289,11.176617990713567
1,1024,6,31,11.126303672790527,11.148994031827897
1,1024,6,32,11.269824028015137,11.293048970401287
1,1024,6,33,11.147616386413574,11.170823010616004
1,1024,6,34,11.173279762268066,11.196508014108986
1,1024,6,35,11.137375831604004,11.161193018779159
1,1024,6,36,11.09763240814209,11.121080024167895
1,1024,6,37,11.1048002243042,11.127737001515925
1,1024,6,38,11.101152420043945,11.124076962005347
1,1024,6,39,11.12441635131836,11.147995013743639
1,1024,6,40,11.095968246459961,11.119308008346707
1,1024,6,41,11.149439811706543,11.172516969963908
1,1024,6,42,11.18291187286377,11.205865012016147
1,1024,6,43,11.207008361816406,11.230283009354025
1,1024,6,44,11.105888366699219,11.12954702693969
1,1024,6,45,11.146944046020508,11.169668985530734
1,1024,6,46,11.209280014038086,11.23227400239557
1,1024,6,47,11.17676830291748,11.199411004781723
1,1024,6,48,11.138079643249512,11.160658032167703
1,1024,6,49,11.163616180419922,11.186118004843593
1,1024,6,50,11.150431632995605,11.173357022926211
1,1024,6,51,11.108736038208008,11.13188499584794
1,1024,6,52,11.119935989379883,11.142506962642074
1,1024,6,53,11.101951599121094,11.124443029984832
1,1024,6,54,11.173407554626465,11.196555977221578
1,1024,6,55,11.12816047668457,11.151697020977736
1,1024,6,56,11.052319526672363,11.074943002313375
1,1024,6,57,11.08028793334961,11.102214048150927
1,1024,6,58,11.375040054321289,11.39775401679799
1,1024,6,59,11.103584289550781,11.126825003884733
1,1024,6,60,11.056480407714844,11.079296004027128
1,1024,6,61,11.139616012573242,11.161847040057182
1,1024,6,62,11.027263641357422,11.049663997255266
1,1024,6,63,11.025856018066406,11.048802000004798
1,4096,0,1,11.542336463928223,11.566892033442855
1,4096,0,2,11.324799537658691,11.347582039888948
1,4096,0,3,11.216287612915039,11.239927960559726
1,4096,0,4,11.30076789855957,11.323647981043905
1,4096,0,5,11.206111907958984,11.229543015360832
1,4096,0,6,11.177023887634277,11.200224980711937
1,4096,0,7,11.198047637939453,11.22097996994853
1,4096,0,8,11.183584213256836,11.206393013708293
1,4096,0,9,11.217632293701172,11.240455030929297
1,4096,0,10,11.239839553833008,11.263018008321524
1,4096,0,11,11.194623947143555,11.217930004931986
1,4096,0,12,11.106752395629883,11.129265010822564
1,4096,0,13,11.118016242980957,11.140335991512984
1,4096,0,14,11.189632415771484,11.211664008442312
1,4096,0,15,11.200223922729492,11.224112007766962
1,4096,0,16,11.211935997009277,11.23584999004379
1,4096,0,17,11.179327964782715,11.202773021068424
1,4096,0,18,11.138655662536621,11.161278991494328
1,4096,0,19,11.205727577209473,11.228303017560393
1,4096,0,20,11.230976104736328,11.253769043833017
1,4096,0,21,11.204511642456055,11.226927977986634
1,4096,0,22,11.25171184539795,11.274406977463514
1,4096,0,23,11.236063957214355,11.258930957410485
1,4096,0,24,11.3372163772583,11.360353033524007
1,4096,0,25,11.2925443649292,11.314776027575135
1,4096,0,26,11.236255645751953,11.2585190217942
1,4096,0,27,11.196224212646484,11.219179024919868
1,4096,0,28,11.22976016998291,11.252727010287344
1,4096,0,29,11.183615684509277,11.206125025637448
1,4096,0,30,11.197952270507812,11.22034399304539
1,4096,0,31,11.16543960571289,11.187662021256983
1,4096,0,32,11.227487564086914,11.250856041442603
1,4096,0,33,11.157407760620117,11.179763998370618
1,4096,0,34,11.172831535339355,11.195742001291364
1,4096,0,35,11.144831657409668,11.168005992658436
1,4096,0,36,11.108927726745605,11.132730985991657
1,4096,0,37,11.167360305786133,11.189655982889235
1,4096,0,38,11.172287940979004,11.19505800306797
1,4096,0,39,11.16988754272461,11.192075966391712
1,4096,0,40,11.153471946716309,11.176189000252634
1,4096,0,41,11.153311729431152,11.176835978403687
1,4096,0,42,11.138239860534668,11.16074895253405
1,4096,0,43,11.10159969329834,11.123704025521874
1,4096,0,44,11.121376037597656,11.14377100020647
1,4096,0,45,11.077055931091309,11.099238006863743
1,4096,0,46,11.058239936828613,11.081004049628973
1,4096,0,47,11.083231925964355,11.106382007710636
1,4096,0,48,11.12224006652832,11.1452040146105
1,4096,0,49,11.122431755065918,11.144947027787566
1,4096,0,50,11.11251163482666,11.13518001511693
1,4096,0,51,11.05129623413086,11.073483037762344
1,4096,0,52,11.124223709106445,11.146472999826074
1,4096,0,53,11.142496109008789,11.172184022143483
1,4096,0,54,11.183648109436035,11.206336959730834
1,4096,0,55,11.136735916137695,11.159447021782398
1,4096,0,56,11.136735916137695,11.158971989061683
1,4096,0,57,11.16755199432373,11.189920012839139
1,4096,0,58,11.133343696594238,11.155395011883229
1,4096,0,59,11.021696090698242,11.045210005249828
1,4096,0,60,11.115008354187012,11.137475026771426
1,4096,0,61,11.067487716674805,11.090137995779514
1,4096,0,62,11.0414400100708,11.064600956160575
1,4096,0,63,11.119263648986816,11.141525988932699
1,4096,1,1,11.694592475891113,11.726361000910401
1,4096,1,2,11.415103912353516,11.438199027907103
1,4096,1,3,11.22873592376709,11.25318999402225
1,4096,1,4,11.24777603149414,11.270577961113304
1,4096,1,5,11.188032150268555,11.21127704391256
1,4096,1,6,11.21123218536377,11.233734025154263
1,4096,1,7,11.222496032714844,11.245109024457633
1,4096,1,8,11.191840171813965,11.217979015782475
1,4096,1,9,11.282655715942383,11.305806983727962
1,4096,1,10,11.300191879272461,11.322569975163788
1,4096,1,11,11.2576322555542,11.28096302272752
1,4096,1,12,11.172800064086914,11.197594983968884
1,4096,1,13,11.318304061889648,11.342087003868073
1,4096,1,14,11.28876781463623,11.31226000143215
1,4096,1,15,11.300479888916016,11.323495011311024
1,4096,1,16,11.161215782165527,11.184272996615618
1,4096,1,17,11.15999984741211,11.182237998582423
1,4096,1,18,11.151552200317383,11.174435028806329
1,4096,1,19,11.167807579040527,11.190293997060508
1,4096,1,20,11.178943634033203,11.201673012692481
1,4096,1,21,11.18284797668457,11.205722985323519
1,4096,1,22,11.22332763671875,11.246031965129077
1,4096,1,23,11.22662353515625,11.249660979956388
1,4096,1,24,11.201600074768066,11.224489018786699
1,4096,1,25,11.241120338439941,11.263938969932497
1,4096,1,26,11.139583587646484,11.162474984303117
1,4096,1,27,11.390239715576172,11.412734049372375
1,4096,1,28,11.16380786895752,11.186935007572174
1,4096,1,29,11.142623901367188,11.165114003233612
1,4096,1,30,11.102751731872559,11.125131044536829
1,4096,1,31,11.157600402832031,11.179980007000268
1,4096,1,32,11.106719970703125,11.134688975289464
1,4096,1,33,11.141792297363281,11.163947987370193
1,4096,1,34,11.1113920211792,11.13344996701926
1,4096,1,35,11.088831901550293,11.110852006822824
1,4096,1,36,11.125663757324219,11.148146004416049
1,4096,1,37,13.03059196472168,13.056868046987802
1,4096,1,38,11.435711860656738,11.459446977823973
1,4096,1,39,11.231871604919434,11.254618992097676
1,4096,1,40,11.217696189880371,11.240609048400074
1,4096,1,41,11.220191955566406,11.24280202202499
1,4096,1,42,11.201663970947266,11.224206013139337
1,4096,1,43,11.192095756530762,11.215057980734855
1,4096,1,44,11.21548843383789,11.237706989049911
1,4096,1,45,11.161375999450684,11.184582021087408
1,4096,1,46,11.20479965209961,11.227113020140678
1,4096,1,47,11.222944259643555,11.245394998695701
1,4096,1,48,11.259424209594727,11.281967046670616
1,4096,1,49,11.192831993103027,11.215441976673901
1,4096,1,50,11.133631706237793,11.156908993143588
1,4096,1,51,11.103391647338867,11.125582968816161
1,4096,1,52,11.135775566101074,11.158110981341451
1,4096,1,53,11.119104385375977,11.14187901839614
1,4096,1,54,11.155584335327148,11.178369983099401
1,4096,1,55,11.164128303527832,11.186855961568654
1,4096,1,56,11.054783821105957,11.078156996518373
1,4096,1,57,11.107999801635742,11.131295992527157
1,4096,1,58,11.112863540649414,11.135075998026878
1,4096,1,59,11.16652774810791,11.188827978912741
1,4096,1,60,11.147135734558105,11.16966299014166
1,4096,1,61,11.067487716674805,11.091050982940942
1,4096,1,62,11.153568267822266,11.176826956216246
1,4096,1,63,11.127967834472656,11.150829959660769
1,4096,2,1,11.546431541442871,11.571759008802474
1,4096,2,2,11.182080268859863,11.204509006347507
1,4096,2,3,11.143391609191895,11.165675998199731
1,4096,2,4,11.174176216125488,11.19697600370273
1,4096,2,5,11.223967552185059,11.247228016145527
1,4096,2,6,11.165632247924805,11.1891949782148
1,4096,2,7,11.142463684082031,11.16596395149827
1,4096,2,8,11.167584419250488,11.190646036993712
1,4096,2,9,11.235360145568848,11.25797297572717
1,4096,2,10,11.193440437316895,11.216012004297227
1,4096,2,11,11.194687843322754,11.217072024010122
1,4096,2,12,11.187264442443848,11.209829011932015
1,4096,2,13,11.182496070861816,11.204843991436064
1,4096,2,14,11.164287567138672,11.187794036231935
1,4096,2,15,11.23027229309082,11.2528859754093
1,4096,2,16,11.16703987121582,11.189325945451856
1,4096,2,17,11.179743766784668,11.201980989426374
1,4096,2,18,11.179455757141113,11.202879017218947
1,4096,2,19,11.20297622680664,11.22706598835066
1,4096,2,20,11.214303970336914,11.237989005167037
1,4096,2,21,11.182623863220215,11.205344984773546
1,4096,2,22,11.158720016479492,11.181743000634015
1,4096,2,23,11.178367614746094,11.200806009583175
1,4096,2,24,11.149920463562012,11.17223798064515
1,4096,2,25,11.160287857055664,11.186273011844605
1,4096,2,26,11.162336349487305,11.185708979610354
1,4096,2,27,11.176639556884766,11.199394008144736
1,4096,2,28,11.19052791595459,11.213459947612137
1,4096,2,29,11.174528121948242,11.197660001926124
1,4096,2,30,11.164928436279297,11.187707947101444
1,4096,2,31,11.186335563659668,11.208823008928448
1,4096,2,32,11.144991874694824,11.16976299090311
1,4096,2,33,11.307456016540527,11.331450019497424
1,4096,2,34,11.210463523864746,11.232651013415307
1,4096,2,35,11.138208389282227,11.160816997289658
1,4096,2,36,11.203840255737305,11.226731003262103
1,4096,2,37,11.126848220825195,11.149552999995649
1,4096,2,38,11.170016288757324,11.193291982635856
1,4096,2,39,11.146240234375,11.169008037541062
1,4096,2,40,11.203968048095703,11.22737699188292
1,4096,2,41,11.212032318115234,11.235952959395945
1,4096,2,42,11.191167831420898,11.214181024115533
1,4096,2,43,11.165760040283203,11.188818025402725
1,4096,2,44,11.154720306396484,11.182760004885495
1,4096,2,45,11.23904037475586,11.261881038080901
1,4096,2,46,11.230815887451172,11.253923992626369
1,4096,2,47,11.16812801361084,11.19030499830842
1,4096,2,48,11.238112449645996,11.26059703528881
1,4096,2,49,11.198816299438477,11.221638007555157
1,4096,2,50,11.300704002380371,11.32407202385366
1,4096,2,51,11.054112434387207,11.07608200982213
1,4096,2,52,11.076576232910156,11.098899005446583
1,4096,2,53,11.24828815460205,11.27070898655802
1,4096,2,54,11.118847846984863,11.142592004034668
1,4096,2,55,11.124544143676758,11.147135985083878
1,4096,2,56,11.149344444274902,11.171590012963861
1,4096,2,57,11.219615936279297,11.242672975640744
1,4096,2,58,11.187968254089355,11.210516036953777
1,4096,2,59,11.18841552734375,11.217131977900863
1,4096,2,60,11.18518352508545,11.208951007574797
1,4096,2,61,11.193408012390137,11.217024002689868
1,4096,2,62,11.225760459899902,11.24807697487995
1,4096,2,63,11.198111534118652,11.220926011446863
1,4096,3,1,11.524895668029785,11.547778965905309
1,4096,3,2,11.25932788848877,11.2816640175879
1,4096,3,3,11.259936332702637,11.283523985184729
1,4096,3,4,11.245087623596191,11.267919966485351
1,4096,3,5,11.252320289611816,11.274692020379007
1,4096,3,6,11.292223930358887,11.314289004076272
1,4096,3,7,11.258975982666016,11.28162199165672
1,4096,3,8,11.25500774383545,11.277546000201255
1,4096,3,9,11.270912170410156,11.294519994407892
1,4096,3,10,11.261728286743164,11.284554027952254
1,4096,3,11,11.251423835754395,11.274160991888493
1,4096,3,12,11.254143714904785,11.27714803442359
1,4096,3,13,11.239007949829102,11.261920037213713
1,4096,3,14,11.217791557312012,11.240641004405916
1,4096,3,15,11.226143836975098,11.249201954342425
1,4096,3,16,11.238592147827148,11.261097039096057
1,4096,3,17,11.208000183105469,11.231180978938937
1,4096,3,18,11.21548843383789,11.237681028433144
1,4096,3,19,11.21014404296875,11.237810016609728
1,4096,3,20,11.212703704833984,11.235088983085006
1,4096,3,21,11.15071964263916,11.17369398707524
1,4096,3,22,11.189248085021973,11.21143699856475
1,4096,3,23,11.193568229675293,11.216192971915007
1,4096,3,24,11.21337604522705,11.235787998884916
1,4096,3,25,11.239007949829102,11.262160958722234
1,4096,3,26,11.17039966583252,11.192880047019571
1,4096,3,27,11.153951644897461,11.176997039001435
1,4096,3,28,11.176447868347168,11.198621010407805
1,4096,3,29,11.18620777130127,11.208814976271242
1,4096,3,30,11.160256385803223,11.182349000591785
1,4096,3,31,11.159040451049805,11.181576002854854
1,4096,3,32,11.167296409606934,11.189577984623611
1,4096,3,33,11.151871681213379,11.175135965459049
1,4096,3,34,11.188384056091309,11.211375996936113
1,4096,3,35,11.125311851501465,11.148141988087445
1,4096,3,36,11.173824310302734,11.195753992069513
1,4096,3,37,11.209695816040039,11.23241102322936
1,4096,3,38,11.137280464172363,11.160279042087495
1,4096,3,39,11.140352249145508,11.163447983562946
1,4096,3,40,11.10534381866455,11.127692006994039
1,4096,3,41,11.163135528564453,11.186199029907584
1,4096,3,42,11.141375541687012,11.163240007590503
1,4096,3,43,11.081119537353516,11.104013014119118
1,4096,3,44,11.120863914489746,11.14352495642379
1,4096,3,45,11.136384010314941,11.159015994053334
1,4096,3,46,11.145279884338379,11.167464021127671
1,4096,3,47,11.108575820922852,11.131417995784432
1,4096,3,48,11.070943832397461,11.09341299161315
1,4096,3,49,11.106783866882324,11.129567050375044
1,4096,3,50,11.187423706054688,11.209339019842446
1,4096,3,51,11.111328125,11.134216038044542
1,4096,3,52,11.115296363830566,11.137829977087677
1,4096,3,53,11.132512092590332,11.155885003972799
1,4096,3,54,11.047871589660645,11.070039006881416
1,4096,3,55,11.09779167175293,11.120314011350274
1,4096,3,56,11.118623733520508,11.14116096869111
1,4096,3,57,11.09705638885498,11.120158014819026
1,4096,3,58,11.11564826965332,11.13826798973605
1,4096,3,59,11.071743965148926,11.094430985394865
1,4096,3,60,11.07692813873291,11.099282943177968
1,4096,3,61,11.120287895202637,11.142748000565916
1,4096,3,62,11.164863586425781,11.188137985300273
1,4096,3,63,11.145119667053223,11.169434990733862
1,4096,4,1,11.462752342224121,11.486521980259567
1,4096,4,2,11.256192207336426,11.279669997747988
1,4096,4,3,11.144767761230469,11.167554999701679
1,4096,4,4,11.2227201461792,11.245093017350882
1,4096,4,5,11.20582389831543,11.229174968320876
1,4096,4,6,11.284064292907715,11.306754022371024
1,4096,4,7,11.295392036437988,11.318882985506207
1,4096,4,8,11.307456016540527,11.330553970765322
1,4096,4,9,11.240832328796387,11.264300963375717
1,4096,4,10,11.190079689025879,11.213446967303753
1,4096,4,11,11.152735710144043,11.175933992490172
1,4096,4,12,11.213312149047852,11.236332007683814
1,4096,4,13,11.196288108825684,11.219325999263674
1,4096,4,14,11.1779203414917,11.20175002142787
1,4096,4,15,11.172736167907715,11.195689032319933
1,4096,4,16,11.954015731811523,11.979978997260332
1,4096,4,17,11.21548843383789,11.238484992645681
1,4096,4,18,11.175456047058105,11.198677006177604
1,4096,4,19,11.176992416381836,11.200084001757205
1,4096,4,20,11.232895851135254,11.256273952312768
1,4096,4,21,11.179488182067871,11.202585999853909
1,4096,4,22,11.143263816833496,11.167165997903794
1,4096,4,23,11.22339153289795,11.246532027143985
1,4096,4,24,11.198911666870117,11.222645989619195
1,4096,4,25,11.144831657409668,11.167515011038631
1,4096,4,26,11.098112106323242,11.120865994598716
1,4096,4,27,11.185855865478516,11.20876899221912
1,4096,4,28,11.175519943237305,11.198629043065012
1,4096,4,29,11.194560050964355,11.217294028028846
1,4096,4,30,11.17852783203125,11.20156201068312
1,4096,4,31,11.200927734375,11.224251007661223
1,4096,4,32,11.181920051574707,11.205317045096308
1,4096,4,33,11.157695770263672,11.180853005498648
1,4096,4,34,11.210944175720215,11.233858007472008
1,4096,4,35,11.186688423156738,11.20982802240178
1,4096,4,36,11.173983573913574,11.19719201233238
1,4096,4,37,11.155232429504395,11.178857006598264
1,4096,4,38,11.178879737854004,11.201814049854875
1,4096,4,39,11.138015747070312,11.161357979290187
1,4096,4,40,11.149248123168945,11.172228027135134
1,4096,4,41,11.176511764526367,11.199416010640562
1,4096,4,42,11.178496360778809,11.201725981663913
1,4096,4,43,11.127967834472656,11.15150999976322
1,4096,4,44,11.163423538208008,11.18667097762227
1,4096,4,45,11.040032386779785,11.064265971072018
1,4096,4,46,11.169631958007812,11.192701000254601
1,4096,4,47,11.159680366516113,11.183644994162023
1,4096,4,48,11.223711967468262,11.246927024330944
1,4096,4,49,11.18166446685791,11.20511197950691
1,4096,4,50,11.196736335754395,11.219800973776728
1,4096,4,51,11.095775604248047,11.118469992652535
1,4096,4,52,11.152416229248047,11.183295981027186
1,4096,4,53,11.178303718566895,11.201404966413975
1,4096,4,54,11.23363208770752,11.256319005042315
1,4096,4,55,11.226816177368164,11.249391012825072
1,4096,4,56,11.146559715270996,11.17016701027751
1,4096,4,57,11.208736419677734,11.231723008677363
1,4096,4,58,11.15510368347168,11.178925982676446
1,4096,4,59,11.18665599822998,11.210174998268485
1,4096,4,60,11.191967964172363,11.215356003958732
1,4096,4,61,11.105600357055664,11.129535036161542
1,4096,4,62,11.161215782165527,11.185765033587813
1,4096,4,63,11.092351913452148,11.115050001535565
1,4096,5,1,11.535584449768066,11.559289996512234
1,4096,5,2,11.248607635498047,11.271313996985555
1,4096,5,3,11.16652774810791,11.188944976311177
1,4096,5,4,11.223584175109863,11.247652990277857
1,4096,5,5,11.203935623168945,11.226945032831281
1,4096,5,6,11.210592269897461,11.232818011194468
1,4096,5,7,11.204544067382812,11.227683979086578
1,4096,5,8,11.193375587463379,11.215818987693638
1,4096,5,9,11.261088371276855,11.284171021543443
1,4096,5,10,11.171199798583984,11.194296006578952
1,4096,5,11,11.179424285888672,11.202810041140765
1,4096,5,12,11.196224212646484,11.218678031582385
1,4096,5,13,11.113823890686035,11.137781024444848
1,4096,5,14,11.113951683044434,11.137288005556911
1,4096,5,15,11.21286392211914,11.235737998504192
1,4096,5,16,11.137311935424805,11.160565947648138
1,4096,5,17,11.221088409423828,11.244319030083716
1,4096,5,18,11.17465591430664,11.197776009794325
1,4096,5,19,11.183135986328125,11.206427996512502
1,4096,5,20,11.22755241394043,11.250570008996874
1,4096,5,21,11.173279762268066,11.200087028555572
1,4096,5,22,11.245087623596191,11.268745991401374
1,4096,5,23,11.132800102233887,11.1555409966968
1,4096,5,24,11.219903945922852,11.242890963330865
1,4096,5,25,11.177408218383789,11.200068984180689
1,4096,5,26,11.215935707092285,11.239330982789397
1,4096,5,27,11.157695770263672,11.181133973877877
1,4096,5,28,11.234496116638184,11.256769997999072
1,4096,5,29,11.184831619262695,11.207536968868226
1,4096,5,30,11.155936241149902,11.17869996232912
1,4096,5,31,11.117695808410645,11.14091300405562
1,4096,5,32,11.157247543334961,11.17990497732535
1,4096,5,33,11.152064323425293,11.175059014931321
1,4096,5,34,11.14572811126709,11.168629978783429
1,4096,5,35,11.114496231079102,11.13740901928395
1,4096,5,36,11.185759544372559,11.209111020434648
1,4096,5,37,11.135135650634766,11.157965986058116
1,4096,5,38,11.218208312988281,11.241128027904779
1,4096,5,39,11.140800476074219,11.163945018779486
1,4096,5,40,11.118176460266113,11.141449038404971
1,4096,5,41,11.141759872436523,11.16545795230195
1,4096,5,42,11.102751731872559,11.126035009510815
1,4096,5,43,11.11734390258789,11.140201007947326
1,4096,5,44,11.103360176086426,11.126181983854622
1,4096,5,45,11.149920463562012,11.1725979950279
1,4096,5,46,11.132736206054688,11.15601195488125
1,4096,5,47,11.036831855773926,11.060919961892068
1,4096,5,48,11.186431884765625,11.20953494682908
1,4096,5,49,11.149791717529297,11.172962025739253
1,4096,5,50,11.100671768188477,11.123725969810039
1,4096,5,51,11.104255676269531,11.126903002150357
1,4096,5,52,11.129952430725098,11.153009021654725
1,4096,5,53,11.132927894592285,11.156296997796744
1,4096,5,54,11.139936447143555,11.163482966367155
1,4096,5,55,11.131744384765625,11.154907988384366
1,4096,5,56,11.093600273132324,11.117022950202227
1,4096,5,57,11.118368148803711,11.141490016598254
1,4096,5,58,11.355072021484375,11.377933959010988
1,4096,5,59,11.109888076782227,11.13248901674524
1,4096,5,60,11.169280052185059,11.19107601698488
1,4096,5,61,11.080831527709961,11.1029630061239
1,4096,5,62,11.184479713439941,11.21104002231732
1,4096,5,63,11.098143577575684,11.12084899796173
1,4096,6,1,11.499008178710938,11.522032029461116
1,4096,6,2,11.265215873718262,11.291667993646115
1,4096,6,3,11.161279678344727,11.184712988324463
1,4096,6,4,11.120896339416504,11.144721996970475
1,4096,6,5,11.23635196685791,11.25940098427236
1,4096,6,6,11.179712295532227,11.202366033103317
1,4096,6,7,11.139039993286133,11.16270205238834
1,4096,6,8,11.10364818572998,11.127611040137708
1,4096,6,9,11.15782356262207,11.180308007169515
1,4096,6,10,11.176480293273926,11.198789987247437
1,4096,6,11,11.229375839233398,11.251569027081132
1,4096,6,12,11.203167915344238,11.225736001506448
1,4096,6,13,11.235967636108398,11.25896000303328
1,4096,6,14,11.20479965209961,11.226953007280827
1,4096,6,15,11.188096046447754,11.20998099213466
1,4096,6,16,11.15875244140625,11.181295034475625
1,4096,6,17,11.207903861999512,11.23056304641068
1,4096,6,18,11.147520065307617,11.169867997523397
1,4096,6,19,11.1212158203125,11.143550975248218
1,4096,6,20,11.179136276245117,11.201932036783546
1,4096,6,21,11.130047798156738,11.152306979056448
1,4096,6,22,11.168800354003906,11.191190977115184
1,4096,6,23,11.15004825592041,11.172097001690418
1,4096,6,24,11.21014404296875,11.232753982767463
1,4096,6,25,11.143808364868164,11.166192009113729
1,4096,6,26,11.156991958618164,11.183628987055272
1,4096,6,27,11.131232261657715,11.153613973874599
1,4096,6,28,11.183199882507324,11.205230024643242
1,4096,6,29,11.09443187713623,11.117035988718271
1,4096,6,30,11.166624069213867,11.188684031367302
1,4096,6,31,11.155872344970703,11.178124987054616
1,4096,6,32,11.1364164352417,11.158645967952907
1,4096,6,33,11.14691162109375,11.168924975208938
1,4096,6,34,11.124863624572754,11.147436976898462
1,4096,6,35,11.092191696166992,11.114705994259566
1,4096,6,36,11.155776023864746,11.181727983057499
1,4096,6,37,11.096672058105469,11.119432980194688
1,4096,6,38,11.077024459838867,11.099747032858431
1,4096,6,39,11.0665922164917,11.088436003774405
1,4096,6,40,11.110367774963379,11.132506013382226
1,4096,6,41,11.137984275817871,11.160279042087495
1,4096,6,42,11.10694408416748,11.1294380039908
1,4096,6,43,11.096128463745117,11.122077004984021
1,4096,6,44,11.116352081298828,11.138717993162572
1,4096,6,45,11.116640090942383,11.13904797239229
1,4096,6,46,11.07033634185791,11.092516011558473
1,4096,6,47,11.161312103271484,11.183485039509833
1,4096,6,48,11.174400329589844,11.196401959750801
1,4096,6,49,11.129728317260742,11.152105988003314
1,4096,6,50,11.172256469726562,11.19470497360453
1,4096,6,51,11.133343696594238,11.155419982969761
1,4096,6,52,11.168383598327637,11.19068602565676
1,4096,6,53,11.132287979125977,11.154645995702595
1,4096,6,54,11.166144371032715,11.188687989488244
1,4096,6,55,11.166111946105957,11.188581003807485
1,4096,6,56,11.107839584350586,11.130546976346523
1,4096,6,57,11.138143539428711,11.160422989632934
1,4096,6,58,11.155263900756836,11.177979002241045
1,4096,6,59,11.167263984680176,11.189498996827751
1,4096,6,60,11.144160270690918,11.170618992764503
1,4096,6,61,11.151583671569824,11.17389596765861
1,4096,6,62,11.176480293273926,11.19893096620217
1,4096,6,63,11.161888122558594,11.18395698722452
8,128,0,1,11.524703979492188,11.548593000043184
8,128,0,2,11.468480110168457,11.49122102651745
8,128,0,3,11.457759857177734,11.480360000859946
8,128,0,4,11.533920288085938,11.556832992937416
8,128,0,5,11.466336250305176,11.489233991596848
8,128,0,6,11.479680061340332,11.502369015943259
8,128,0,7,11.502240180969238,11.524797999300063
8,128,0,8,11.44166374206543,11.463658011052758
8,128,0,9,11.464703559875488,11.487648996990174
8,128,0,10,11.409664154052734,11.432163009885699
8,128,0,11,11.421759605407715,11.445148033089936
8,128,0,12,11.412799835205078,11.4349770010449
8,128,0,13,11.363360404968262,11.386253987438977
8,128,0,14,11.44598388671875,11.468602984678
8,128,0,15,11.456768035888672,11.479148000944406
8,128,0,16,11.39913558959961,11.422228999435902
8,128,0,17,11.444607734680176,11.467173986602575
8,128,0,18,11.43507194519043,11.457082000561059
8,128,0,19,11.435968399047852,11.459000001195818
8,128,0,20,11.427167892456055,11.450238001998514
8,128,0,21,11.50051212310791,11.5234520053491
8,128,0,22,11.408479690551758,11.430890997871757
8,128,0,23,11.45792007446289,11.480522050987929
8,128,0,24,11.444191932678223,11.466594005469233
8,128,0,25,11.449824333190918,11.472428974229842
8,128,0,26,11.436511993408203,11.459255998488516
8,128,0,27,11.723103523254395,11.745779018383473
8,128,0,28,11.441791534423828,11.463825998362154
8,128,0,29,11.452608108520508,11.47553202463314
8,128,0,30,11.498208045959473,11.520284984726459
8,128,0,31,11.352864265441895,11.375328991562128
8,128,0,32,11.425600051879883,11.448258010204881
8,128,0,33,11.380607604980469,11.40320097329095
8,128,0,34,11.452223777770996,11.474166996777058
8,128,0,35,11.436575889587402,11.45891600754112
8,128,0,36,11.409791946411133,11.432760045863688
8,128,0,37,11.459967613220215,11.482583009637892
8,128,0,38,11.467071533203125,11.48943998850882
8,128,0,39,11.372032165527344,11.394535016734153
8,128,0,40,11.434783935546875,11.457751039415598
8,128,0,41,11.529600143432617,11.55158900655806
8,128,0,42,11.435935974121094,11.458377994131297
8,128,0,43,11.472800254821777,11.494715989101678
8,128,0,44,11.455231666564941,11.477586987894028
8,128,0,45,11.436127662658691,11.45887398160994
8,128,0,46,11.472831726074219,11.495671991724521
8,128,0,47,11.495360374450684,11.517967039253563
8,128,0,48,11.506272315979004,11.529054958373308
8,128,0,49,11.438719749450684,11.461501999292523
8,128,0,50,11.467328071594238,11.489691969472915
8,128,0,51,11.506272315979004,11.528863979037851
8,128,0,52,11.465536117553711,11.488676012959331
8,128,0,53,11.524031639099121,11.546164052560925
8,128,0,54,11.478464126586914,11.500838038045913
8,128,0,55,11.47539234161377,11.498137027956545
8,128,0,56,11.494400024414062,11.516612954437733
8,128,0,57,11.448160171508789,11.471030011307448
8,128,0,58,11.486335754394531,11.509010975714773
8,128,0,59,11.400223731994629,11.423129995819181
8,128,0,60,11.437536239624023,11.460058041848242
8,128,0,61,11.422464370727539,11.44525600830093
8,128,0,62,11.47862434387207,11.501263012178242
8,128,0,63,11.448127746582031,11.470856028608978
8,128,1,1,11.484512329101562,11.506879003718495
8,128,1,2,11.445216178894043,11.467755015473813
8,128,1,3,11.399935722351074,11.422348965425044
8,128,1,4,11.46947193145752,11.491735000163317
8,128,1,5,11.461600303649902,11.484228016342968
8,128,1,6,11.445695877075195,11.467951990198344
8,128,1,7,11.484576225280762,11.507652001455426
8,128,1,8,11.548800468444824,11.572251038160175
8,128,1,9,11.49398422241211,11.517389037180692
8,128,1,10,11.469152450561523,11.492652003653347
8,128,1,11,11.571455955505371,11.594795971177518
8,128,1,12,11.603775978088379,11.626125022303313
8,128,1,13,11.499327659606934,11.521965032443404
8,128,1,14,11.531904220581055,11.555463017430156
8,128,1,15,11.61945629119873,11.643122008536011
8,128,1,16,11.543904304504395,11.567806999664754
8,128,1,17,11.438976287841797,11.461716960184276
8,128,1,18,11.596320152282715,11.61936396965757
8,128,1,19,11.524800300598145,11.547572968993336
8,128,1,20,11.476223945617676,11.500605032779276
8,128,1,21,11.58563232421875,11.608434026129544
8,128,1,22,11.560704231262207,11.583912011701614
8,128,1,23,11.477919578552246,11.500661028549075
8,128,1,24,11.421631813049316,11.444486037362367
8,128,1,25,11.43008041381836,11.453263985458761
8,128,1,26,11.484512329101562,11.508344963658601
8,128,1,27,11.64355182647705,11.66680600726977
8,128,1,28,11.44480037689209,11.468517011962831
8,128,1,29,11.532159805297852,11.555435019545257
8,128,1,30,11.548288345336914,11.570261034648865
8,128,1,31,11.473983764648438,11.497711995616555
8,128,1,32,11.515328407287598,11.5387859987095
8,128,1,33,11.492480278015137,11.516375991050154
8,128,1,34,11.439871788024902,11.463601025752723
8,128,1,35,11.42409610748291,11.447505035903305
8,128,1,36,11.436896324157715,11.460586043540388
8,128,1,37,11.425024032592773,11.449192010331899
8,128,1,38,11.468799591064453,11.492246994748712
8,128,1,39,11.269984245300293,11.292452982161194
8,128,1,40,11.45417594909668,11.477120977360755
8,128,1,41,11.482048034667969,11.505160015076399
8,128,1,42,11.381600379943848,11.404955002944916
8,128,1,43,11.506367683410645,11.529522947967052
8,128,1,44,11.447999954223633,11.470825993455946
8,128,1,45,11.476479530334473,11.498517007566988
8,128,1,46,11.429408073425293,11.452265025582165
8,128,1,47,11.439295768737793,11.462915979791433
8,128,1,48,11.454655647277832,11.47660700371489
8,128,1,49,11.428319931030273,11.4512910367921
8,128,1,50,11.393024444580078,11.415818997193128
8,128,1,51,11.441951751708984,11.464817041996866
8,128,1,52,11.434304237365723,11.45658502355218
8,128,1,53,11.5000638961792,11.522371030878276
8,128,1,54,11.456128120422363,11.47878699703142
8,128,1,55,11.482368469238281,11.504674039315432
8,128,1,56,11.469887733459473,11.49244501721114
8,128,1,57,11.500320434570312,11.522425047587603
8,128,1,58,11.496479988098145,11.518765997607261
8,128,1,59,11.40447998046875,11.426756042055786
8,128,1,60,11.46940803527832,11.492037971038371
8,128,1,61,11.439711570739746,11.462208000011742
8,128,1,62,11.429696083068848,11.452242033556104
8,128,1,63,11.469183921813965,11.492542980704457
8,128,2,1,11.531135559082031,11.554748984053731
8,128,2,2,11.414175987243652,11.436728003900498
8,128,2,3,11.438464164733887,11.461439018603414
8,128,2,4,11.431327819824219,11.454287043306977
8,128,2,5,11.425151824951172,11.449175013694912
8,128,2,6,11.562911987304688,11.585903004743159
8,128,2,7,11.460639953613281,11.483416019473225
8,128,2,8,11.456192016601562,11.478493979666382
8,128,2,9,11.499327659606934,11.522802000399679
8,128,2,10,11.402591705322266,11.424637981690466
8,128,2,11,11.416000366210938,11.43824600148946
8,128,2,12,11.439264297485352,11.461709975264966
8,128,2,13,11.395520210266113,11.417817033361644
8,128,2,14,11.426400184631348,11.449512967374176
8,128,2,15,11.426752090454102,11.45018299575895
8,128,2,16,11.364895820617676,11.387685022782534
8,128,2,17,11.410079956054688,11.432556959334761
8,128,2,18,11.451007843017578,11.479460983537138
8,128,2,19,11.420448303222656,11.443430033978075
8,128,2,20,11.339136123657227,11.361515964381397
8,128,2,21,11.456512451171875,11.478864005766809
8,128,2,22,11.438752174377441,11.460945999715477
8,128,2,23,11.476415634155273,11.499023996293545
8,128,2,24,11.438207626342773,11.460765963420272
8,128,2,25,11.43830394744873,11.460820969659835
8,128,2,26,11.403679847717285,11.42748398706317
8,128,2,27,11.45139217376709,11.473843012936413
8,128,2,28,11.463456153869629,11.486981995403767
8,128,2,29,11.456607818603516,11.479231994599104
8,128,2,30,11.49510383605957,11.51712698629126
8,128,2,31,11.47100830078125,11.494205973576754
8,128,2,32,11.38707160949707,11.410598002839833
8,128,2,33,15.096287727355957,15.11882699560374
8,128,2,34,11.602751731872559,11.625317041762173
8,128,2,35,11.51251220703125,11.53618301032111
8,128,2,36,11.49071979522705,11.514619982335716
8,128,2,37,11.481023788452148,11.503743007779121
8,128,2,38,11.448448181152344,11.471551028080285
8,128,2,39,11.417344093322754,11.440168949775398
8,128,2,40,11.399040222167969,11.422545998357236
8,128,2,41,11.492192268371582,11.515470978338271
8,128,2,42,11.463295936584473,11.485542985610664
8,128,2,43,11.496447563171387,11.519733001478016
8,128,2,44,11.43507194519043,11.45793596515432
8,128,2,45,11.520447731018066,11.543356988113374
8,128,2,46,11.50864028930664,11.53125602286309
8,128,2,47,11.461664199829102,11.484018003102392
8,128,2,48,11.474783897399902,11.497467989102006
8,128,2,49,11.387807846069336,11.410431005060673
8,128,2,50,11.407456398010254,11.430147045757622
8,128,2,51,11.457344055175781,11.480171990115196
8,128,2,52,11.432448387145996,11.455134954303503
8,128,2,53,11.458368301391602,11.481956986244768
8,128,2,54,11.447104454040527,11.469952994957566
8,128,2,55,11.402463912963867,11.425669013988227
8,128,2,56,11.445664405822754,11.468893964774907
8,128,2,57,11.422176361083984,11.44539302913472
8,128,2,58,11.475263595581055,11.497601983137429
8,128,2,59,11.492671966552734,11.515686986967921
8,128,2,60,11.458527565002441,11.48118800483644
8,128,2,61,11.457856178283691,11.481599998660386
8,128,2,62,11.44166374206543,11.464610986877233
8,128,2,63,11.45740795135498,11.480528046377003
8,128,3,1,11.520575523376465,11.543558037374169
8,128,3,2,11.441439628601074,11.463999981060624
8,128,3,3,11.435680389404297,11.458805995061994
8,128,3,4,11.455615997314453,11.479455977678299
8,128,3,5,11.461759567260742,11.484261020086706
8,128,3,6,11.436320304870605,11.459366010967642
8,128,3,7,11.472960472106934,11.495609011035413
8,128,3,8,11.484383583068848,11.507115967106074
8,128,3,9,11.48243236541748,11.505468981340528
8,128,3,10,11.408384323120117,11.431082035414875
8,128,3,11,11.470303535461426,11.492632038425654
8,128,3,12,11.453536033630371,11.476440995465964
8,128,3,13,11.422783851623535,11.446163000073284
8,128,3,14,11.43996810913086,11.463058996014297
8,128,3,15,11.494688034057617,11.517424019984901
8,128,3,16,11.424384117126465,11.447853001300246
8,128,3,17,11.382240295410156,11.40516996383667
8,128,3,18,11.46390438079834,11.486570991110057
8,128,3,19,11.46771240234375,11.490489006973803
8,128,3,20,11.393088340759277,11.415045999456197
8,128,3,21,11.500351905822754,11.522296001203358
8,128,3,22,11.449600219726562,11.47657900582999
8,128,3,23,11.39187240600586,11.413896980229765
8,128,3,24,11.432064056396484,11.454460036475211
8,128,3,25,11.468544006347656,11.49063796037808
8,128,3,26,11.429920196533203,11.452913982793689
8,128,3,27,11.467679977416992,11.490949022118002
8,128,3,28,11.447423934936523,11.469666031189263
8,128,3,29,11.47811222076416,11.500114982482046
8,128,3,30,11.424415588378906,11.446726974099874
8,128,3,31,11.419327735900879,11.441640031989664
8,128,3,32,11.416159629821777,11.438076966442168
8,128,3,33,11.376447677612305,11.398890987038612
8,128,3,34,11.322943687438965,11.345705017447472
8,128,3,35,11.398624420166016,11.421306990087032
8,128,3,36,11.365119934082031,11.387833976186812
8,128,3,37,11.42739200592041,11.449660989455879
8,128,3,38,11.420928001403809,11.443605995737016
8,128,3,39,11.343551635742188,11.365834972821176
8,128,3,40,11.429056167602539,11.451770958956331
8,128,3,41,11.453439712524414,11.475917010102421
8,128,3,42,11.440832138061523,11.463524017017335
8,128,3,43,11.40617561340332,11.428081954363734
8,128,3,44,11.44876766204834,11.471143981907517
8,128,3,45,11.39350414276123,11.416408000513911
8,128,3,46,11.377408027648926,11.400118994060904
8,128,3,47,11.412735939025879,11.434716987423599
8,128,3,48,11.476287841796875,11.50359696475789
8,128,3,49,11.434911727905273,11.457313958089799
8,128,3,50,11.395039558410645,11.417576984968036
8,128,3,51,11.376383781433105,11.398604954592884
8,128,3,52,11.35961627960205,11.381705000530928
8,128,3,53,11.431551933288574,11.454535007942468
8,128,3,54,11.386688232421875,11.4091060240753
8,128,3,55,11.41055965423584,11.433184961788356
8,128,3,56,11.332127571105957,11.354701011441648
8,128,3,57,11.39635181427002,11.418498994316906
8,128,3,58,11.44166374206543,11.46391301881522
8,128,3,59,11.48316764831543,11.50522194802761
8,128,3,60,11.4334077835083,11.456107022240758
8,128,3,61,11.401856422424316,11.423841991927475
8,128,3,62,11.411359786987305,11.434835963882506
8,128,3,63,11.445152282714844,11.467357049696147
8,128,4,1,11.500800132751465,11.5239949664101
8,128,4,2,11.441823959350586,11.465050047263503
8,128,4,3,11.520768165588379,11.543198022991419
8,128,4,4,11.478655815124512,11.50172995403409
8,128,4,5,11.469280242919922,11.492783029098064
8,128,4,6,11.437215805053711,11.459520959760994
8,128,4,7,11.435263633728027,11.457571992650628
8,128,4,8,11.464320182800293,11.487517971545458
8,128,4,9,11.460895538330078,11.483818991109729
8,128,4,10,11.39788818359375,11.420164024457335
8,128,4,11,11.425760269165039,11.44880597712472
8,128,4,12,11.452927589416504,11.479826003778726
8,128,4,13,11.446463584899902,11.46920199971646
8,128,4,14,11.399935722351074,11.422473005950451
8,128,4,15,11.368255615234375,11.390490981284529
8,128,4,16,11.40601634979248,11.428372003138065
8,128,4,17,11.36137580871582,11.384555953554809
8,128,4,18,11.407423973083496,11.430164973717183
8,128,4,19,11.424991607666016,11.447749042417854
8,128,4,20,11.38806438446045,11.411089973989874
8,128,4,21,11.411199569702148,11.433811974711716
8,128,4,22,11.38150405883789,11.40450598904863
8,128,4,23,11.409440040588379,11.43204199615866
8,128,4,24,11.349760055541992,11.37202902464196
8,128,4,25,11.417632102966309,11.440173955634236
8,128,4,26,11.458335876464844,11.481111985631287
8,128,4,27,11.394047737121582,11.41677499981597
8,128,4,28,11.426752090454102,11.449657031334937
8,128,4,29,11.40015983581543,11.42294704914093
8,128,4,30,11.530847549438477,11.553730990272015
8,128,4,31,11.359264373779297,11.382217984646559
8,128,4,32,11.400351524353027,11.423318006563932
8,128,4,33,11.44480037689209,11.467570962850004
8,128,4,34,11.437567710876465,11.460479989182204
8,128,4,35,11.431872367858887,11.455235013272613
8,128,4,36,11.397407531738281,11.420077993534505
8,128,4,37,11.43238353729248,11.4542210358195
8,128,4,38,11.485343933105469,11.507590999826789
8,128,4,39,11.397151947021484,11.41956599894911
8,128,4,40,11.407103538513184,11.430522019509226
8,128,4,41,11.44598388671875,11.468417011201382
8,128,4,42,11.470303535461426,11.49310200707987
8,128,4,43,11.437952041625977,11.46064099157229
8,128,4,44,11.468480110168457,11.490688018966466
8,128,4,45,11.452704429626465,11.475106002762914
8,128,4,46,11.440959930419922,11.463176982942969
8,128,4,47,11.428352355957031,11.450812977273017
8,128,4,48,11.489312171936035,11.511345976032317
8,128,4,49,11.388640403747559,11.411571002099663
8,128,4,50,11.413472175598145,11.435893946327269
8,128,4,51,11.536319732666016,11.559143022168428
8,128,4,52,11.471199989318848,11.493761034216732
8,128,4,53,11.514368057250977,11.53696997789666
8,128,4,54,11.436575889587402,11.458804016001523
8,128,4,55,11.406304359436035,11.429032951127738
8,128,4,56,11.432191848754883,11.454708990640938
8,128,4,57,11.425984382629395,11.449349985923618
8,128,4,58,11.451264381408691,11.474483995698392
8,128,4,59,11.441344261169434,11.463748989626765
8,128,4,60,11.357343673706055,11.379771982319653
8,128,4,61,11.436351776123047,11.459698958788067
8,128,4,62,11.41545581817627,11.438429995905608
8,128,4,63,11.415136337280273,11.442063027061522
8,128,5,1,11.526432037353516,11.549825954716653
8,128,5,2,11.465439796447754,11.487784038763493
8,128,5,3,11.440799713134766,11.463464004918933
8,128,5,4,11.487744331359863,11.511397955473512
8,128,5,5,11.48265552520752,11.50678499834612
8,128,5,6,11.425984382629395,11.449682991951704
8,128,5,7,11.416831970214844,11.440697009675205
8,128,5,8,11.420928001403809,11.443745985161513
8,128,5,9,11.480992317199707,11.503965011797845
8,128,5,10,11.380255699157715,11.401984957046807
8,128,5,11,11.439519882202148,11.461513000540435
8,128,5,12,11.438495635986328,11.461125977803022
8,128,5,13,11.37388801574707,11.395868030376732
8,128,5,14,11.437248229980469,11.459878995083272
8,128,5,15,11.463935852050781,11.4867560332641
8,128,5,16,11.398336410522461,11.420822003856301
8,128,5,17,11.427519798278809,11.449777986854315
8,128,5,18,11.445664405822754,11.468095006421208
8,128,5,19,11.395999908447266,11.418420006521046
8,128,5,20,11.440735816955566,11.463010974694043
8,128,5,21,11.469344139099121,11.491746990941465
8,128,5,22,11.423711776733398,11.445989017374814
8,128,5,23,11.466208457946777,11.48925902089104
8,128,5,24,11.435711860656738,11.458878987468779
8,128,5,25,11.445311546325684,11.468023993074894
8,128,5,26,11.355039596557617,11.378536990378052
8,128,5,27,11.443391799926758,11.46613695891574
8,128,5,28,11.492575645446777,11.515268997754902
8,128,5,29,11.430399894714355,11.453063983935863
8,128,5,30,11.488927841186523,11.511931021232158
8,128,5,31,11.382335662841797,11.404907039832324
8,128,5,32,11.440287590026855,11.462530004791915
8,128,5,33,11.518272399902344,11.541398998815566
8,128,5,34,11.448639869689941,11.470958997961134
8,128,5,35,11.402400016784668,11.42537797568366
8,128,5,36,11.40118408203125,11.424327036365867
8,128,5,37,11.363615989685059,11.386087047867477
8,128,5,38,11.425536155700684,11.448831006418914
8,128,5,39,11.403264045715332,11.426037002820522
8,128,5,40,11.436479568481445,11.459253029897809
8,128,5,41,11.503711700439453,11.526660004165024
8,128,5,42,11.504735946655273,11.527862050570548
8,128,5,43,11.486432075500488,11.509318021126091
8,128,5,44,11.378623962402344,11.401325988117605
8,128,5,45,11.462592124938965,11.485479946713895
8,128,5,46,11.438431739807129,11.461576039437205
8,128,5,47,11.467488288879395,11.49060600437224
8,128,5,48,11.445152282714844,11.467882024589926
8,128,5,49,11.432671546936035,11.45597395952791
8,128,5,50,11.446944236755371,11.470158002339303
8,128,5,51,11.47862434387207,11.50155597133562
8,128,5,52,11.418560028076172,11.442060000263155
8,128,5,53,11.476127624511719,11.500104039441794
8,128,5,54,11.417695999145508,11.440793983638287
8,128,5,55,11.386431694030762,11.409716971684247
8,128,5,56,11.416064262390137,11.443468974903226
8,128,5,57,11.410079956054688,11.433241015765816
8,128,5,58,11.426783561706543,11.4495960297063
8,128,5,59,11.41539192199707,11.438514979090542
8,128,5,60,11.418047904968262,11.440261034294963
8,128,5,61,11.455743789672852,11.478013009764254
8,128,5,62,11.437664031982422,11.46020705346018
8,128,5,63,11.396736145019531,11.418870009947568
8,128,6,1,11.53388786315918,11.557871999684721
8,128,6,2,11.469311714172363,11.49280002573505
8,128,6,3,11.490528106689453,11.512986035086215
8,128,6,4,11.467647552490234,11.490517004858702
8,128,6,5,11.476767539978027,11.500252992846072
8,128,6,6,11.49027156829834,11.513578006997705
8,128,6,7,11.482208251953125,11.505064961966127
8,128,6,8,11.463775634765625,11.485843977425247
8,128,6,9,11.472928047180176,11.49558398174122
8,128,6,10,11.343903541564941,11.366616003215313
8,128,6,11,11.466815948486328,11.490314034745097
8,128,6,12,11.44422435760498,11.466727999504656
8,128,6,13,11.445728302001953,11.468677024822682
8,128,6,14,11.488736152648926,11.51222997577861
8,128,6,15,11.456543922424316,11.479459994006902
8,128,6,16,11.4071683883667,11.430171027313918
8,128,6,17,11.41494369506836,11.437779001425952
8,128,6,18,11.619935989379883,11.643005011137575
8,128,6,19,11.47439956665039,11.497292027343065
8,128,6,20,11.480128288269043,11.502553010359406
8,128,6,21,11.511263847351074,11.534425022546202
8,128,6,22,11.439871788024902,11.463550967164338
8,128,6,23,11.416255950927734,11.439611029345542
8,128,6,24,11.455743789672852,11.479048989713192
8,128,6,25,11.485471725463867,11.508685012813658
8,128,6,26,11.361824035644531,11.385112011339515
8,128,6,27,11.459327697753906,11.482857982628047
8,128,6,28,11.433088302612305,11.45623199408874
8,128,6,29,11.429696083068848,11.452563048806041
8,128,6,30,11.43273639678955,11.456442007329315
8,128,6,31,11.485088348388672,11.50865899398923
8,128,6,32,11.456064224243164,11.479487991891801
8,128,6,33,11.409184455871582,11.432801955379546
8,128,6,34,11.468511581420898,11.491612007375807
8,128,6,35,11.641695976257324,11.664990044664592
8,128,6,36,11.45308780670166,11.476425977889448
8,128,6,37,11.404831886291504,11.427507968619466
8,128,6,38,11.400863647460938,11.423127027228475
8,128,6,39,11.390527725219727,11.413811007514596
8,128,6,40,11.379263877868652,11.402334028389305
8,128,6,41,11.456128120422363,11.479108012281358
8,128,6,42,11.379008293151855,11.40199595829472
8,128,6,43,11.470879554748535,11.493957950733602
8,128,6,44,11.444735527038574,11.46797399269417
8,128,6,45,11.38268756866455,11.405472992919385
8,128,6,46,11.450976371765137,11.473829043097794
8,128,6,47,11.465984344482422,11.48889900650829
8,128,6,48,11.406559944152832,11.43201399827376
8,128,6,49,11.442208290100098,11.46498997695744
8,128,6,50,11.405792236328125,11.42901397543028
8,128,6,51,11.422431945800781,11.445314972661436
8,128,6,52,11.387328147888184,11.410769948270172
8,128,6,53,11.417984008789062,11.440508009400219
8,128,6,54,11.424480438232422,11.447076045442373
8,128,6,55,11.404031753540039,11.42726099351421
8,128,6,56,11.369248390197754,11.39249897096306
8,128,6,57,11.272480010986328,11.296160984784365
8,128,6,58,11.378144264221191,11.401078023482114
8,128,6,59,11.396384239196777,11.419351969379932
8,128,6,60,11.382559776306152,11.404781020246446
8,128,6,61,11.381088256835938,11.404236953239888
8,128,6,62,11.40294361114502,11.425250035244972
8,128,6,63,11.370495796203613,11.392959975637496
8,1024,0,1,15.7008638381958,15.725358040072024
8,1024,0,2,14.601663589477539,14.624615956563503
8,1024,0,3,14.492608070373535,14.516537019517273
8,1024,0,4,14.391936302185059,14.415655983611941
8,1024,0,5,14.200480461120605,14.224292011931539
8,1024,0,6,14.117088317871094,14.140451967250556
8,1024,0,7,14.153696060180664,14.176392985973507
8,1024,0,8,14.186911582946777,14.212931040674448
8,1024,0,9,14.156479835510254,14.180439000483602
8,1024,0,10,14.180480003356934,14.203378988895565
8,1024,0,11,14.0863676071167,14.10923502407968
8,1024,0,12,14.273568153381348,14.29730496602133
8,1024,0,13,14.122048377990723,14.144774002488703
8,1024,0,14,14.2128324508667,14.236668997909874
8,1024,0,15,14.126943588256836,14.151395007502288
8,1024,0,16,14.352928161621094,14.37838195124641
8,1024,0,17,14.141247749328613,14.165984001010656
8,1024,0,18,14.27734375,14.301846968010068
8,1024,0,19,14.189279556274414,14.213035989087075
8,1024,0,20,14.291999816894531,14.315245032776147
8,1024,0,21,14.192159652709961,14.21830098843202
8,1024,0,22,14.213215827941895,14.235959970392287
8,1024,0,23,14.216575622558594,14.239580021239817
8,1024,0,24,14.322336196899414,14.345538045745343
8,1024,0,25,14.312543869018555,14.335400948766619
8,1024,0,26,14.161503791809082,14.184229017701
8,1024,0,27,14.215680122375488,14.238513016607612
8,1024,0,28,14.25648021697998,14.279889001045376
8,1024,0,29,14.214431762695312,14.23798402538523
8,1024,0,30,14.180543899536133,14.204353035893291
8,1024,0,31,14.221695899963379,14.245046011637896
8,1024,0,32,14.28867244720459,14.315096021164209
8,1024,0,33,14.233471870422363,14.257072005420923
8,1024,0,34,14.262847900390625,14.287060999777168
8,1024,0,35,14.175007820129395,14.199299970641732
8,1024,0,36,14.360735893249512,14.383968955371529
8,1024,0,37,14.186047554016113,14.20923398109153
8,1024,0,38,14.285823822021484,14.3093719962053
8,1024,0,39,14.202816009521484,14.22619796358049
8,1024,0,40,14.380448341369629,14.404435001779348
8,1024,0,41,14.216992378234863,14.239904994610697
8,1024,0,42,14.210592269897461,14.234200993087143
8,1024,0,43,14.273632049560547,14.297451009042561
8,1024,0,44,14.325535774230957,14.349611999932677
8,1024,0,45,14.284671783447266,14.31129698175937
8,1024,0,46,14.228992462158203,14.252770051825792
8,1024,0,47,14.297344207763672,14.32141597615555
8,1024,0,48,14.343487739562988,14.367285999469459
8,1024,0,49,14.290687561035156,14.314405038021505
8,1024,0,50,14.23964786529541,14.263888995628804
8,1024,0,51,14.22704029083252,14.250736974645406
8,1024,0,52,14.43331241607666,14.457078999839723
8,1024,0,53,14.24294376373291,14.266535989008844
8,1024,0,54,14.327967643737793,14.355336024891585
8,1024,0,55,14.24015998840332,14.26290994277224
8,1024,0,56,14.439680099487305,14.46337002562359
8,1024,0,57,14.26863956451416,14.29197401739657
8,1024,0,58,14.33459186553955,14.358504035044461
8,1024,0,59,14.252896308898926,14.27715498721227
8,1024,0,60,14.44275188446045,14.466195018030703
8,1024,0,61,14.261695861816406,14.28523100912571
8,1024,0,62,14.361791610717773,14.385979040525854
8,1024,0,63,14.236960411071777,14.260658994317055
8,1024,1,1,15.811391830444336,15.835433965548873
8,1024,1,2,15.004927635192871,15.028805006295443
8,1024,1,3,14.668992042541504,14.692759024910629
8,1024,1,4,14.517375946044922,14.542164979502559
8,1024,1,5,14.49619197845459,14.519963006023318
8,1024,1,6,14.186176300048828,14.210313034709543
8,1024,1,7,14.176608085632324,14.200077042914927
8,1024,1,8,14.201248168945312,14.22533899312839
8,1024,1,9,14.181344032287598,14.20461299130693
8,1024,1,10,14.21452808380127,14.23796103335917
8,1024,1,11,14.141023635864258,14.165265019983053
8,1024,1,12,14.274496078491211,14.298241992946714
8,1024,1,13,14.140735626220703,14.16426501236856
8,1024,1,14,14.18841552734375,14.21152800321579
8,1024,1,15,14.112031936645508,14.135973993688822
8,1024,1,16,14.374624252319336,14.398441009689122
8,1024,1,17,14.13372802734375,14.156823977828026
8,1024,1,18,14.259008407592773,14.282250020187348
8,1024,1,19,14.202431678771973,14.22534801531583
8,1024,1,20,14.300992012023926,14.323776005767286
8,1024,1,21,14.204095840454102,14.227247971575707
8,1024,1,22,14.2107515335083,14.233922003768384
8,1024,1,23,14.209280014038086,14.232688001357019
8,1024,1,24,14.316191673278809,14.339770015794784
8,1024,1,25,14.30684757232666,14.329731988254935
8,1024,1,26,14.201888084411621,14.225193008314818
8,1024,1,27,14.236096382141113,14.259772025980055
8,1024,1,28,14.254303932189941,14.27837903611362
8,1024,1,29,14.210432052612305,14.233545982278883
8,1024,1,30,14.185952186584473,14.209509012289345
8,1024,1,31,14.232352256774902,14.256152033340186
8,1024,1,32,14.266719818115234,14.291400031652302
8,1024,1,33,14.222623825073242,14.2457369947806
8,1024,1,34,14.262751579284668,14.285715005826205
8,1024,1,35,14.187968254089355,14.212946989573538
8,1024,1,36,14.344672203063965,14.36837698565796
8,1024,1,37,14.187199592590332,14.21004201984033
8,1024,1,38,14.291647911071777,14.31531400885433
8,1024,1,39,14.19375991821289,14.21804801793769
8,1024,1,40,14.378911972045898,14.40218702191487
8,1024,1,41,14.208640098571777,14.231674023903906
8,1024,1,42,14.214400291442871,14.237341994885355
8,1024,1,43,14.27791976928711,14.301138988230377
8,1024,1,44,14.317279815673828,14.340394001919776
8,1024,1,45,14.304351806640625,14.327106007840484
8,1024,1,46,14.245216369628906,14.269439037889242
8,1024,1,47,14.266688346862793,14.290090999566019
8,1024,1,48,14.327391624450684,14.350948971696198
8,1024,1,49,14.27843189239502,14.302113966550678
8,1024,1,50,14.241600036621094,14.265573001466691
8,1024,1,51,14.220064163208008,14.243268000427634
8,1024,1,52,14.429439544677734,14.45307198446244
8,1024,1,53,14.28006362915039,14.30341403465718
8,1024,1,54,14.324640274047852,14.348234049975872
8,1024,1,55,14.246848106384277,14.27021698327735
8,1024,1,56,14.464127540588379,14.487264968920499
8,1024,1,57,14.258687973022461,14.282525051385164
8,1024,1,58,14.345600128173828,14.369037991855294
8,1024,1,59,14.241439819335938,14.265204023104161
8,1024,1,60,14.435456275939941,14.458692981861532
8,1024,1,61,14.246623992919922,14.269876992329955
8,1024,1,62,14.368255615234375,14.391759992577136
8,1024,1,63,14.249504089355469,14.273250009864569
8,1024,2,1,15.824959754943848,15.849518997129053
8,1024,2,2,14.798111915588379,14.821959019172937
8,1024,2,3,14.428159713745117,14.4511119578965
8,1024,2,4,14.485440254211426,14.508872001897544
8,1024,2,5,14.423616409301758,14.447600988205522
8,1024,2,6,14.140416145324707,14.163275016471744
8,1024,2,7,14.173919677734375,14.196989999618381
8,1024,2,8,14.241472244262695,14.264956989791244
8,1024,2,9,14.211711883544922,14.235384005587548
8,1024,2,10,14.191136360168457,14.213777962140739
8,1024,2,11,14.109984397888184,14.132821001112461
8,1024,2,12,14.311967849731445,14.335646003019065
8,1024,2,13,14.172927856445312,14.197308046277612
8,1024,2,14,14.215968132019043,14.23993200296536
8,1024,2,15,14.148896217346191,14.172477996908128
8,1024,2,16,14.390560150146484,14.41456499742344
8,1024,2,17,14.156736373901367,14.179869962390512
8,1024,2,18,14.272640228271484,14.296382025349885
8,1024,2,19,14.211039543151855,14.23455699114129
8,1024,2,20,14.307071685791016,14.331004989799112
8,1024,2,21,14.21183967590332,14.235606009606272
8,1024,2,22,14.219584465026855,14.243301993701607
8,1024,2,23,14.211647987365723,14.235565962735564
8,1024,2,24,14.33459186553955,14.357717998791486
8,1024,2,25,14.316896438598633,14.340945985168219
8,1024,2,26,14.2259521484375,14.248882012907416
8,1024,2,27,14.203871726989746,14.22685501165688
8,1024,2,28,14.260512351989746,14.283982978668064
8,1024,2,29,14.249407768249512,14.272968051955104
8,1024,2,30,14.170080184936523,14.193580020219088
8,1024,2,31,14.227071762084961,14.25072900019586
8,1024,2,32,14.27228832244873,14.296198030933738
8,1024,2,33,14.247488021850586,14.270777988713235
8,1024,2,34,14.243424415588379,14.267901016864926
8,1024,2,35,14.15999984741211,14.183109975419939
8,1024,2,36,14.358176231384277,14.381695014890283
8,1024,2,37,14.19324779510498,14.216840965673327
8,1024,2,38,14.285920143127441,14.30977403651923
8,1024,2,39,14.199999809265137,14.223209989722818
8,1024,2,40,14.383904457092285,14.407459006179124
8,1024,2,41,14.228256225585938,14.251735003199428
8,1024,2,42,14.224384307861328,14.248396968469024
8,1024,2,43,14.28377628326416,14.30772099411115
8,1024,2,44,14.326784133911133,14.350313984323293
8,1024,2,45,14.294079780578613,14.31768899783492
8,1024,2,46,14.239359855651855,14.263699005823582
8,1024,2,47,14.30246353149414,14.325933996587992
8,1024,2,48,14.316896438598633,14.340591034851968
8,1024,2,49,14.304448127746582,14.327951008453965
8,1024,2,50,14.245696067810059,14.26914701005444
8,1024,2,51,14.220928192138672,14.245033031329513
8,1024,2,52,14.417440414428711,14.440862985793501
8,1024,2,53,14.256671905517578,14.280860021244735
8,1024,2,54,14.32908821105957,14.352669997606426
8,1024,2,55,14.245599746704102,14.269870007410645
8,1024,2,56,14.443679809570312,14.467191009316593
8,1024,2,57,14.267711639404297,14.291997998952866
8,1024,2,58,14.328607559204102,14.352817961480469
8,1024,2,59,14.222463607788086,14.246325008571148
8,1024,2,60,14.432191848754883,14.456051983870566
8,1024,2,61,14.264032363891602,14.28803603630513
8,1024,2,62,14.366559982299805,14.389935997314751
8,1024,2,63,14.24783992767334,14.271923049818724
8,1024,3,1,15.8057279586792,15.829035022761673
8,1024,3,2,14.851455688476562,14.87462903605774
8,1024,3,3,14.506976127624512,14.5305180340074
8,1024,3,4,14.555359840393066,14.579091977793723
8,1024,3,5,14.487584114074707,14.511676970869303
8,1024,3,6,14.154303550720215,14.17742995545268
8,1024,3,7,14.173407554626465,14.196661999449134
8,1024,3,8,14.21286392211914,14.236913993954659
8,1024,3,9,14.137855529785156,14.161317958496511
8,1024,3,10,14.174240112304688,14.197210024576634
8,1024,3,11,14.088607788085938,14.111784985288978
8,1024,3,12,14.272192001342773,14.295704022515565
8,1024,3,13,14.132063865661621,14.155770011711866
8,1024,3,14,14.174495697021484,14.197178999893367
8,1024,3,15,14.094783782958984,14.117829035967588
8,1024,3,16,14.33779239654541,14.36042197747156
8,1024,3,17,14.118144035339355,14.14124300936237
8,1024,3,18,14.259039878845215,14.281779993325472
8,1024,3,19,14.175647735595703,14.198961027432233
8,1024,3,20,14.288736343383789,14.311842969618738
8,1024,3,21,14.19372844696045,14.21684498200193
8,1024,3,22,14.20246410369873,14.225282007828355
8,1024,3,23,14.197792053222656,14.2205580486916
8,1024,3,24,14.295743942260742,14.3183579784818
8,1024,3,25,14.30246353149414,14.325663971249014
8,1024,3,26,14.204480171203613,14.227813051547855
8,1024,3,27,14.21731185913086,14.240621007047594
8,1024,3,28,14.269887924194336,14.292729028966278
8,1024,3,29,14.227616310119629,14.250595006160438
8,1024,3,30,14.163935661315918,14.187126012984663
8,1024,3,31,14.199104309082031,14.221801015082747
8,1024,3,32,14.26966381072998,14.292526990175247
8,1024,3,33,14.207232475280762,14.231027045752853
8,1024,3,34,14.246912002563477,14.26984096178785
8,1024,3,35,14.152223587036133,14.1752659692429
8,1024,3,36,14.357215881347656,14.380396984051913
8,1024,3,37,14.186688423156738,14.209802029654384
8,1024,3,38,14.283712387084961,14.306954049970955
8,1024,3,39,14.200639724731445,14.223937003407627
8,1024,3,40,14.367327690124512,14.390563010238111
8,1024,3,41,14.187007904052734,14.209843997377902
8,1024,3,42,14.20956802368164,14.232677000109106
8,1024,3,43,14.264479637145996,14.287039986811578
8,1024,3,44,14.307392120361328,14.329905970953405
8,1024,3,45,14.296031951904297,14.319257985334843
8,1024,3,46,14.2542724609375,14.277346024755388
8,1024,3,47,14.277119636535645,14.30085999891162
8,1024,3,48,14.325568199157715,14.348550990689546
8,1024,3,49,14.3057279586792,14.329275989439338
8,1024,3,50,14.25715160369873,14.280275034252554
8,1024,3,51,14.239232063293457,14.261781994719058
8,1024,3,52,14.43500804901123,14.45796899497509
8,1024,3,53,14.255647659301758,14.278912974987179
8,1024,3,54,14.340736389160156,14.363626018166542
8,1024,3,55,14.247424125671387,14.271306048613042
8,1024,3,56,14.44604778289795,14.46885900804773
8,1024,3,57,14.261759757995605,14.284975011833012
8,1024,3,58,14.33296012878418,14.355641964357346
8,1024,3,59,14.241056442260742,14.263663033489138
8,1024,3,60,14.43398380279541,14.457103970926255
8,1024,3,61,14.248607635498047,14.272268046624959
8,1024,3,62,14.361151695251465,14.383942994754761
8,1024,3,63,14.258655548095703,14.282152988016605
8,1024,4,1,15.74681568145752,15.770939993672073
8,1024,4,2,14.68563175201416,14.70883097499609
8,1024,4,3,14.405023574829102,14.428340015001595
8,1024,4,4,14.32857608795166,14.352670055814087
8,1024,4,5,14.24608039855957,14.26961098331958
8,1024,4,6,14.152352333068848,14.177408011164516
8,1024,4,7,14.11184024810791,14.134609024040401
8,1024,4,8,14.171775817871094,14.195405005011708
8,1024,4,9,14.125727653503418,14.149527007248253
8,1024,4,10,14.143903732299805,14.16725799208507
8,1024,4,11,14.109375953674316,14.132846961729228
8,1024,4,12,14.263903617858887,14.286950987298042
8,1024,4,13,14.121919631958008,14.145357010420412
8,1024,4,14,14.166751861572266,14.189509965945035
8,1024,4,15,14.118783950805664,14.141588006168604
8,1024,4,16,14.362048149108887,14.38539702212438
8,1024,4,17,14.144512176513672,14.167818007990718
8,1024,4,18,14.285311698913574,14.308863028418273
8,1024,4,19,14.180480003356934,14.203856990206987
8,1024,4,20,14.295328140258789,14.318556000944227
8,1024,4,21,14.200223922729492,14.223827980458736
8,1024,4,22,14.201824188232422,14.225018036086112
8,1024,4,23,14.217472076416016,14.240927994251251
8,1024,4,24,14.308671951293945,14.331954007502645
8,1024,4,25,14.30684757232666,14.330542995594442
8,1024,4,26,14.259584426879883,14.283064985647798
8,1024,4,27,14.264448165893555,14.288493955973536
8,1024,4,28,14.28172779083252,14.304752985481173
8,1024,4,29,14.214336395263672,14.237250958103687
8,1024,4,30,14.175359725952148,14.19896399602294
8,1024,4,31,14.218239784240723,14.24181298352778
8,1024,4,32,14.258111953735352,14.281781041063368
8,1024,4,33,14.246720314025879,14.269631006754935
8,1024,4,34,14.263744354248047,14.290054969023913
8,1024,4,35,14.159040451049805,14.182709041051567
8,1024,4,36,14.380288124084473,14.403374982066453
8,1024,4,37,14.202400207519531,14.225875958800316
8,1024,4,38,14.259167671203613,14.282161020673811
8,1024,4,39,14.200287818908691,14.224187994841486
8,1024,4,40,14.3919677734375,14.415343990549445
8,1024,4,41,14.218591690063477,14.24138096626848
8,1024,4,42,14.211711883544922,14.234681031666696
8,1024,4,43,14.275615692138672,14.298425987362862
8,1024,4,44,14.323807716369629,14.347549993544817
8,1024,4,45,14.288928031921387,14.31227702414617
8,1024,4,46,14.234944343566895,14.258522016461939
8,1024,4,47,14.293312072753906,14.318932953756303
8,1024,4,48,14.338432312011719,14.361197012476623
8,1024,4,49,14.29139232635498,14.314805972389877
8,1024,4,50,14.255488395690918,14.278556976933032
8,1024,4,51,14.213760375976562,14.236888964660466
8,1024,4,52,14.437088012695312,14.461241022218019
8,1024,4,53,14.249728202819824,14.273462002165616
8,1024,4,54,14.334495544433594,14.357735984958708
8,1024,4,55,14.254015922546387,14.276946021709591
8,1024,4,56,14.462431907653809,14.485994994174689
8,1024,4,57,14.27462387084961,14.297332032583654
8,1024,4,58,14.327103614807129,14.350083016324788
8,1024,4,59,14.218655586242676,14.242116012610495
8,1024,4,60,14.451583862304688,14.477747026830912
8,1024,4,61,14.246848106384277,14.269470993895084
8,1024,4,62,14.358400344848633,14.381449029315263
8,1024,4,63,14.238240242004395,14.261557022109628
8,1024,5,1,15.602720260620117,15.626250009518117
8,1024,5,2,14.53996753692627,14.562978001777083
8,1024,5,3,14.361248016357422,14.384349982719868
8,1024,5,4,14.374560356140137,14.39820701489225
8,1024,5,5,14.248384475708008,14.272083004470915
8,1024,5,6,14.095647811889648,14.1187550034374
8,1024,5,7,14.141728401184082,14.165801054332405
8,1024,5,8,14.164896011352539,14.189066016115248
8,1024,5,9,14.096384048461914,14.119674044195563
8,1024,5,10,14.140543937683105,14.164374966640025
8,1024,5,11,14.115615844726562,14.138396014459431
8,1024,5,12,14.2957124710083,14.31862503523007
8,1024,5,13,14.113056182861328,14.136812009382993
8,1024,5,14,14.187071800231934,14.210009016096592
8,1024,5,15,14.13036823272705,14.153335010632873
8,1024,5,16,14.37161636352539,14.39521403517574
8,1024,5,17,14.130847930908203,14.154561969917268
8,1024,5,18,14.267999649047852,14.29120299872011
8,1024,5,19,14.196415901184082,14.219808974303305
8,1024,5,20,14.298015594482422,14.320928021334112
8,1024,5,21,14.197248458862305,14.220247976481915
8,1024,5,22,14.196063995361328,14.218808035366237
8,1024,5,23,14.205471992492676,14.22907697269693
8,1024,5,24,14.304415702819824,14.327932964079082
8,1024,5,25,14.324480056762695,14.347927994094789
8,1024,5,26,14.19660758972168,14.219570031855255
8,1024,5,27,14.212479591369629,14.23591998172924
8,1024,5,28,14.267744064331055,14.29117500083521
8,1024,5,29,14.231391906738281,14.254880021326244
8,1024,5,30,14.188192367553711,14.211183995939791
8,1024,5,31,14.217984199523926,14.24181298352778
8,1024,5,32,14.28217601776123,14.30482801515609
8,1024,5,33,14.24118423461914,14.264643017668277
8,1024,5,34,14.252767562866211,14.276458008680493
8,1024,5,35,14.167936325073242,14.191438967827708
8,1024,5,36,14.373311996459961,14.395992970094085
8,1024,5,37,14.220447540283203,14.244090009015054
8,1024,5,38,14.27683162689209,14.299795031547546
8,1024,5,39,14.192255973815918,14.215110975783318
8,1024,5,40,14.366815567016602,14.389971038326621
8,1024,5,41,14.20035171508789,14.22334898961708
8,1024,5,42,14.221343994140625,14.244171034079045
8,1024,5,43,14.28335952758789,14.306580007541925
8,1024,5,44,14.323583602905273,14.346517971716821
8,1024,5,45,14.278304100036621,14.301709015853703
8,1024,5,46,14.237728118896484,14.261232048738748
8,1024,5,47,14.275775909423828,14.299170987214893
8,1024,5,48,14.336383819580078,14.359978027641773
8,1024,5,49,14.301183700561523,14.324549993034452
8,1024,5,50,14.2609281539917,14.284704986494035
8,1024,5,51,14.240320205688477,14.26334900315851
8,1024,5,52,14.443008422851562,14.466596010606736
8,1024,5,53,14.249695777893066,14.272814965806901
8,1024,5,54,14.33340835571289,14.356977015268058
8,1024,5,55,14.245887756347656,14.269687992054969
8,1024,5,56,14.44092845916748,14.463939995039254
8,1024,5,57,14.279680252075195,14.302511990536004
8,1024,5,58,14.354687690734863,14.378158026374876
8,1024,5,59,14.245887756347656,14.268736995290965
8,1024,5,60,14.459391593933105,14.482616970781237
8,1024,5,61,14.245535850524902,14.268563012592494
8,1024,5,62,14.348223686218262,14.371037017554045
8,1024,5,63,14.244704246520996,14.26786300726235
8,1024,6,1,15.917728424072266,15.941647056024522
8,1024,6,2,14.63923168182373,14.662326022516936
8,1024,6,3,14.606816291809082,14.629618963226676
8,1024,6,4,14.623968124389648,14.647087024059147
8,1024,6,5,14.603455543518066,14.627298980485648
8,1024,6,6,14.36348819732666,14.386405993718654
8,1024,6,7,14.14463996887207,14.167595014441758
8,1024,6,8,14.152607917785645,14.17584001319483
8,1024,6,9,14.093088150024414,14.117173966951668
8,1024,6,10,14.12604808807373,14.149139984510839
8,1024,6,11,14.052160263061523,14.074923994485289
8,1024,6,12,14.253503799438477,14.276266971137375
8,1024,6,13,14.098976135253906,14.123280998319387
8,1024,6,14,14.165632247924805,14.18900303542614
8,1024,6,15,14.078847885131836,14.101214008405805
8,1024,6,16,14.331968307495117,14.355582999996841
8,1024,6,17,14.102335929870605,14.125517045613378
8,1024,6,18,14.23904037475586,14.26270097726956
8,1024,6,19,14.154687881469727,14.17912298347801
8,1024,6,20,14.27667236328125,14.300056034699082
8,1024,6,21,14.19587230682373,14.220229000784457
8,1024,6,22,14.205183982849121,14.228257001377642
8,1024,6,23,14.188287734985352,14.211740985047072
8,1024,6,24,14.330911636352539,14.35460097854957
8,1024,6,25,14.316767692565918,14.341109024826437
8,1024,6,26,14.251456260681152,14.27454297663644
8,1024,6,27,14.290847778320312,14.314158004708588
8,1024,6,28,14.343487739562988,14.366657007485628
8,1024,6,29,14.241888046264648,14.265450998209417
8,1024,6,30,14.185279846191406,14.208948006853461
8,1024,6,31,14.233535766601562,14.257395989261568
8,1024,6,32,14.284223556518555,14.30782797979191
8,1024,6,33,14.222240447998047,14.246302016545087
8,1024,6,34,14.275839805603027,14.299399044830352
8,1024,6,35,14.190655708312988,14.214217953849584
8,1024,6,36,14.36291217803955,14.386648021172732
8,1024,6,37,14.208224296569824,14.231883978936821
8,1024,6,38,14.300064086914062,14.323416980914772
8,1024,6,39,14.214079856872559,14.236965973395854
8,1024,6,40,14.386015892028809,14.409755007363856
8,1024,6,41,14.241503715515137,14.265480043832213
8,1024,6,42,14.26159954071045,14.284664997830987
8,1024,6,43,14.299424171447754,14.322709001135081
8,1024,6,44,14.325632095336914,14.35024495003745
8,1024,6,45,14.295968055725098,14.31907998630777
8,1024,6,46,14.253503799438477,14.277004054747522
8,1024,6,47,14.29308795928955,14.317043998744339
8,1024,6,48,14.318304061889648,14.341838017571718
8,1024,6,49,14.292032241821289,14.316081011202186
8,1024,6,50,14.250783920288086,14.27374203922227
8,1024,6,51,14.209247589111328,14.233132009394467
8,1024,6,52,14.42089557647705,14.443990017753094
8,1024,6,53,14.236767768859863,14.260242984164506
8,1024,6,54,14.307840347290039,14.332226011902094
8,1024,6,55,14.238207817077637,14.261425007134676
8,1024,6,56,14.44422435760498,14.467547996900976
8,1024,6,57,14.28326416015625,14.306781988125294
8,1024,6,58,14.348511695861816,14.373145997524261
8,1024,6,59,14.233311653137207,14.257157046813518
8,1024,6,60,14.442336082458496,14.465751009993255
8,1024,6,61,14.253376007080078,14.277309004683048
8,1024,6,62,14.368672370910645,14.392637996934354
8,1024,6,63,14.262175559997559,14.285958022810519
8,4096,0,1,37.55683135986328,37.66389802331105
8,4096,0,2,31.59174346923828,31.615861982572824
8,4096,0,3,31.58188819885254,31.60581400152296
8,4096,0,4,30.77939224243164,30.803032976109535
8,4096,0,5,30.434656143188477,30.4585819831118
8,4096,0,6,30.309152603149414,30.332852969877422
8,4096,0,7,30.589279174804688,30.61331302160397
8,4096,0,8,30.374656677246094,30.399138981010765
8,4096,0,9,30.278335571289062,30.303370964247733
8,4096,0,10,30.410560607910156,30.434362997766584
8,4096,0,11,30.511743545532227,30.535593978129327
8,4096,0,12,30.497343063354492,30.521463020704687
8,4096,0,13,30.227903366088867,30.2516320371069
8,4096,0,14,30.321311950683594,30.345596955157816
8,4096,0,15,30.357023239135742,30.380935000721365
8,4096,0,16,30.349567413330078,30.373526038601995
8,4096,0,17,30.188831329345703,30.212407000362873
8,4096,0,18,30.21356773376465,30.237047001719475
8,4096,0,19,30.470848083496094,30.494918988551944
8,4096,0,20,30.307519912719727,30.331651971209794
8,4096,0,21,30.31622314453125,30.34017700701952
8,4096,0,22,30.23311996459961,30.25716805132106
8,4096,0,23,30.50009536743164,30.524161003995687
8,4096,0,24,30.32512092590332,30.348900007084012
8,4096,0,25,30.189247131347656,30.213009973522276
8,4096,0,26,30.38595199584961,30.409489991143346
8,4096,0,27,30.44291114807129,30.46677995007485
8,4096,0,28,30.465024948120117,30.488195014186203
8,4096,0,29,30.25014305114746,30.27278301306069
8,4096,0,30,30.371007919311523,30.394201981835067
8,4096,0,31,30.440832138061523,30.464601004496217
8,4096,0,32,30.490943908691406,30.515154008753598
8,4096,0,33,30.261856079101562,30.28590598842129
8,4096,0,34,30.326047897338867,30.349797976668924
8,4096,0,35,30.584991455078125,30.608610017225146
8,4096,0,36,30.367263793945312,30.39067698409781
8,4096,0,37,30.406047821044922,30.43030499247834
8,4096,0,38,30.320127487182617,30.34387103980407
8,4096,0,39,30.619487762451172,30.64264199929312
8,4096,0,40,30.38787269592285,30.411527026444674
8,4096,0,41,30.31046485900879,30.333873990457505
8,4096,0,42,30.44316864013672,30.46752797672525
8,4096,0,43,30.50579261779785,30.529708950780332
8,4096,0,44,30.5184326171875,30.541870975866914
8,4096,0,45,30.315872192382812,30.34051100257784
8,4096,0,46,30.491552352905273,30.515849008224905
8,4096,0,47,30.519840240478516,30.54316301131621
8,4096,0,48,30.53446388244629,30.55871499236673
8,4096,0,49,30.334400177001953,30.358349031303078
8,4096,0,50,30.34943962097168,30.373474000953138
8,4096,0,51,30.630943298339844,30.654493952170014
8,4096,0,52,30.433536529541016,30.45840800041333
8,4096,0,53,30.46931266784668,30.495640996377915
8,4096,0,54,30.41632080078125,30.44016897911206
8,4096,0,55,30.699167251586914,30.723145988304168
8,4096,0,56,30.491199493408203,30.51489300560206
8,4096,0,57,30.395360946655273,30.419266026001424
8,4096,0,58,30.505664825439453,30.52987903356552
8,4096,0,59,30.61529541015625,30.638806987553835
8,4096,0,60,30.592063903808594,30.61604598769918
8,4096,0,61,30.443584442138672,30.467677977867424
8,4096,0,62,30.53321647644043,30.55725496960804
8,4096,0,63,30.644960403442383,30.66769102588296
8,4096,1,1,37.24291229248047,37.27054601768032
8,4096,1,2,31.38755226135254,31.411667994689196
8,4096,1,3,31.010944366455078,31.035282008815557
8,4096,1,4,30.470783233642578,30.493921949528158
8,4096,1,5,30.460575103759766,30.485672992654145
8,4096,1,6,30.353408813476562,30.377143004443496
8,4096,1,7,30.6680965423584,30.693126027472317
8,4096,1,8,30.428991317749023,30.453753017354757
8,4096,1,9,30.291040420532227,30.31507896957919
8,4096,1,10,30.436351776123047,30.461045971605927
8,4096,1,11,30.488832473754883,30.513031990267336
8,4096,1,12,30.47212791442871,30.495837971102446
8,4096,1,13,30.25142478942871,30.27526196092367
8,4096,1,14,30.249984741210938,30.27396695688367
8,4096,1,15,30.426624298095703,30.450499965809286
8,4096,1,16,30.42585563659668,30.449693033006042
8,4096,1,17,30.230144500732422,30.254331009928137
8,4096,1,18,30.26652717590332,30.289934016764164
8,4096,1,19,30.50377655029297,30.527656024787575
8,4096,1,20,30.380319595336914,30.40470101404935
8,4096,1,21,30.315967559814453,30.339390970766544
8,4096,1,22,30.191007614135742,30.214275000616908
8,4096,1,23,30.440576553344727,30.463810020592064
8,4096,1,24,30.2957763671875,30.320057994686067
8,4096,1,25,30.2126407623291,30.235305021051317
8,4096,1,26,30.34707260131836,30.370727996341884
8,4096,1,27,30.404863357543945,30.42873996309936
8,4096,1,28,30.426847457885742,30.451003985945135
8,4096,1,29,30.233600616455078,30.257040983997285
8,4096,1,30,30.37785530090332,30.401775962673128
8,4096,1,31,30.449695587158203,30.475759995169938
8,4096,1,32,30.47177505493164,30.49482003552839
8,4096,1,33,30.259519577026367,30.283814994618297
8,4096,1,34,30.289823532104492,30.312969000078738
8,4096,1,35,30.57708740234375,30.600372003391385
8,4096,1,36,30.384319305419922,30.40845098439604
8,4096,1,37,30.37811279296875,30.40122502716258
8,4096,1,38,30.296831130981445,30.320353980641812
8,4096,1,39,30.575359344482422,30.599595047533512
8,4096,1,40,30.386592864990234,30.410392035264522
8,4096,1,41,30.289472579956055,30.313379014842212
8,4096,1,42,30.406591415405273,30.43022600468248
8,4096,1,43,30.498207092285156,30.52136005135253
8,4096,1,44,30.501888275146484,30.526079994160682
8,4096,1,45,30.304096221923828,30.32774501480162
8,4096,1,46,30.45529556274414,30.479863984510303
8,4096,1,47,30.526464462280273,30.54995503043756
8,4096,1,48,30.527551651000977,30.551475996617228
8,4096,1,49,30.318527221679688,30.343022954184562
8,4096,1,50,30.34707260131836,30.3706270060502
8,4096,1,51,30.60860824584961,30.632956011686474
8,4096,1,52,30.417823791503906,30.442216026131064
8,4096,1,53,30.427871704101562,30.452347011305392
8,4096,1,54,30.351167678833008,30.374922964256257
8,4096,1,55,30.66908836364746,30.69282596698031
8,4096,1,56,30.478687286376953,30.501987028401345
8,4096,1,57,30.373760223388672,30.39761498803273
8,4096,1,58,30.519519805908203,30.543619010131806
8,4096,1,59,30.624351501464844,30.6491989758797
8,4096,1,60,30.609376907348633,30.632897978648543
8,4096,1,61,30.420127868652344,30.444420990534127
8,4096,1,62,30.514976501464844,30.538384977262467
8,4096,1,63,30.62723159790039,30.65177903044969
8,4096,2,1,37.18988800048828,37.21734299324453
8,4096,2,2,31.28700828552246,31.310861988458782
8,4096,2,3,31.22617530822754,31.2497119884938
8,4096,2,4,30.427135467529297,30.45122401090339
8,4096,2,5,30.480640411376953,30.50417103804648
8,4096,2,6,30.32431983947754,30.348141968715936
8,4096,2,7,30.61311912536621,30.636395036708564
8,4096,2,8,30.405439376831055,30.428874015342444
8,4096,2,9,30.28316879272461,30.306169006507844
8,4096,2,10,30.398143768310547,30.42185795493424
8,4096,2,11,30.476032257080078,30.499845976009965
8,4096,2,12,30.48406410217285,30.5072030168958
8,4096,2,13,30.175647735595703,30.198437976650894
8,4096,2,14,30.314048767089844,30.337936943396926
8,4096,2,15,30.364927291870117,30.387793958652765
8,4096,2,16,30.358911514282227,30.38201597519219
8,4096,2,17,30.166751861572266,30.191359983291477
8,4096,2,18,30.205087661743164,30.22792498813942
8,4096,2,19,30.469663619995117,30.49365000333637
8,4096,2,20,30.278240203857422,30.301329970825464
8,4096,2,21,30.331647872924805,30.3545449860394
8,4096,2,22,30.243423461914062,30.26698698522523
8,4096,2,23,30.517120361328125,30.540955951437354
8,4096,2,24,30.30544090270996,30.329732049722224
8,4096,2,25,30.209728240966797,30.23367701098323
8,4096,2,26,30.36684799194336,30.390781990718096
8,4096,2,27,30.419200897216797,30.44358000624925
8,4096,2,28,30.468223571777344,30.49314097734168
8,4096,2,29,30.233152389526367,30.25719098513946
8,4096,2,30,30.404064178466797,30.430724029429257
8,4096,2,31,30.44380760192871,30.467955977655947
8,4096,2,32,30.461759567260742,30.488740012515336
8,4096,2,33,30.28166389465332,30.30497202416882
8,4096,2,34,30.29644775390625,30.319914978463203
8,4096,2,35,30.599872589111328,30.623374972492456
8,4096,2,36,30.37174415588379,30.394648027140647
8,4096,2,37,30.383743286132812,30.407887999899685
8,4096,2,38,30.303775787353516,30.32726002857089
8,4096,2,39,30.587839126586914,30.611378024332225
8,4096,2,40,30.40403175354004,30.42823600117117
8,4096,2,41,30.297792434692383,30.321686004754156
8,4096,2,42,30.444896697998047,30.4674839717336
8,4096,2,43,30.496448516845703,30.520346015691757
8,4096,2,44,30.52387237548828,30.550952011253685
8,4096,2,45,30.32454490661621,30.3487729979679
8,4096,2,46,30.45996856689453,30.483956972602755
8,4096,2,47,30.541248321533203,30.56716697756201
8,4096,2,48,30.529695510864258,30.55433399276808
8,4096,2,49,30.329120635986328,30.35338403424248
8,4096,2,50,30.363712310791016,30.387675971724093
8,4096,2,51,30.639360427856445,30.663211015053093
8,4096,2,52,30.401376724243164,30.424646975006908
8,4096,2,53,30.44156837463379,30.465543968603015
8,4096,2,54,30.37494468688965,30.398507951758802
8,4096,2,55,30.666015625,30.68969998275861
8,4096,2,56,30.465408325195312,30.489030003082007
8,4096,2,57,30.386112213134766,30.40980704827234
8,4096,2,58,30.513376235961914,30.53697000723332
8,4096,2,59,30.611007690429688,30.635189032182097
8,4096,2,60,30.616416931152344,30.640136974398047
8,4096,2,61,30.445024490356445,30.469153018202633
8,4096,2,62,30.576383590698242,30.600522994063795
8,4096,2,63,30.641376495361328,30.665921978652477
8,4096,3,1,37.79600143432617,37.823560007382184
8,4096,3,2,32.82915115356445,32.85300702555105
8,4096,3,3,31.87161636352539,31.89510601805523
8,4096,3,4,30.390783309936523,30.415221001021564
8,4096,3,5,30.415264129638672,30.441179987974465
8,4096,3,6,30.335039138793945,30.359110969584435
8,4096,3,7,30.611391067504883,30.63492802903056
8,4096,3,8,30.40483283996582,30.428548983763903
8,4096,3,9,30.32956886291504,30.352990026585758
8,4096,3,10,30.39504051208496,30.419445014558733
8,4096,3,11,30.46905517578125,30.49262100830674
8,4096,3,12,30.462303161621094,30.485923984088004
8,4096,3,13,30.19910430908203,30.222216970287263
8,4096,3,14,30.291872024536133,30.31581500545144
8,4096,3,15,30.3450870513916,30.368898005690426
8,4096,3,16,30.358848571777344,30.38230596575886
8,4096,3,17,30.187007904052734,30.210349010303617
8,4096,3,18,30.221792221069336,30.245908012147993
8,4096,3,19,30.489023208618164,30.51243000663817
8,4096,3,20,30.293088912963867,30.316966003738344
8,4096,3,21,30.291040420532227,30.314568954054266
8,4096,3,22,30.234464645385742,30.258284998126328
8,4096,3,23,30.519840240478516,30.543745029717684
8,4096,3,24,30.324159622192383,30.348380038049072
8,4096,3,25,30.242719650268555,30.26665298966691
8,4096,3,26,30.36639976501465,30.38949496112764
8,4096,3,27,30.418527603149414,30.442133953329176
8,4096,3,28,30.427839279174805,30.451286991592497
8,4096,3,29,30.243104934692383,30.266589019447565
8,4096,3,30,30.4003849029541,30.423974036239088
8,4096,3,31,30.452512741088867,30.476560001261532
8,4096,3,32,30.47724723815918,30.500236025545746
8,4096,3,33,30.278976440429688,30.30298597877845
8,4096,3,34,30.291776657104492,30.31471703434363
8,4096,3,35,30.574207305908203,30.59774497523904
8,4096,3,36,30.3569278717041,30.380556010641158
8,4096,3,37,30.40140724182129,30.425318982452154
8,4096,3,38,30.29897689819336,30.32296395394951
8,4096,3,39,30.59823989868164,30.62251495430246
8,4096,3,40,30.400127410888672,30.42359702521935
8,4096,3,41,30.298208236694336,30.321414989884943
8,4096,3,42,30.425119400024414,30.44798696646467
8,4096,3,43,30.487903594970703,30.51159397000447
8,4096,3,44,30.510175704956055,30.533212004229426
8,4096,3,45,30.312288284301758,30.33586498349905
8,4096,3,46,30.469472885131836,30.492769030388445
8,4096,3,47,30.533536911010742,30.556252982933074
8,4096,3,48,30.539039611816406,30.562900996301323
8,4096,3,49,30.30575942993164,30.329415982123464
8,4096,3,50,30.360960006713867,30.38537298562005
8,4096,3,51,30.64339256286621,30.666824954096228
8,4096,3,52,30.41587257385254,30.43911897111684
8,4096,3,53,30.4399356842041,30.463264032732695
8,4096,3,54,30.357824325561523,30.381572025362402
8,4096,3,55,30.65657615661621,30.683758028317243
8,4096,3,56,30.461952209472656,30.48650099663064
8,4096,3,57,30.397151947021484,30.42023500893265
8,4096,3,58,30.536352157592773,30.55978997144848
8,4096,3,59,30.613248825073242,30.637094983831048
8,4096,3,60,30.581087112426758,30.60542099410668
8,4096,3,61,30.443071365356445,30.466541997157037
8,4096,3,62,30.493568420410156,30.51821602275595
8,4096,3,63,30.6147518157959,30.637643998488784
8,4096,4,1,37.75360107421875,37.7817100379616
8,4096,4,2,32.73491287231445,32.75777300586924
8,4096,4,3,32.284671783447266,32.307431974913925
8,4096,4,4,30.576704025268555,30.600067984778434
8,4096,4,5,30.407615661621094,30.43126396369189
8,4096,4,6,30.315488815307617,30.33934102859348
8,4096,4,7,30.58777618408203,30.611717025749385
8,4096,4,8,30.376800537109375,30.4007240338251
8,4096,4,9,30.277599334716797,30.30125901568681
8,4096,4,10,30.421056747436523,30.443563999142498
8,4096,4,11,30.4901123046875,30.51302197854966
8,4096,4,12,30.520383834838867,30.54320503724739
8,4096,4,13,30.295551300048828,30.318882025312632
8,4096,4,14,30.336063385009766,30.35948396427557
8,4096,4,15,30.447391510009766,30.470473982859403
8,4096,4,16,30.41935920715332,30.44330101693049
8,4096,4,17,30.25014305114746,30.27326101437211
8,4096,4,18,30.24448013305664,30.267402005847543
8,4096,4,19,30.552352905273438,30.577597965020686
8,4096,4,20,30.329696655273438,30.35278699826449
8,4096,4,21,30.38604736328125,30.40917997714132
8,4096,4,22,30.293184280395508,30.316738004330546
8,4096,4,23,30.5382080078125,30.561399995349348
8,4096,4,24,30.27199935913086,30.294906988274306
8,4096,4,25,30.18956756591797,30.212153971660882
8,4096,4,26,30.304384231567383,30.32719000475481
8,4096,4,27,30.42803192138672,30.45109799131751
8,4096,4,28,30.43075180053711,30.454238003585488
8,4096,4,29,30.243392944335938,30.266645015217364
8,4096,4,30,30.37571144104004,30.399871000554413
8,4096,4,31,30.44166374206543,30.464852054137737
8,4096,4,32,30.481727600097656,30.505222035571933
8,4096,4,33,30.265600204467773,30.289290007203817
8,4096,4,34,30.302656173706055,30.326062988024205
8,4096,4,35,30.57196807861328,30.5957289529033
8,4096,4,36,30.372095108032227,30.39622597862035
8,4096,4,37,30.397279739379883,30.4210219765082
8,4096,4,38,30.319456100463867,30.34239198314026
8,4096,4,39,30.58905601501465,30.613526003435254
8,4096,4,40,30.399616241455078,30.423334043007344
8,4096,4,41,30.295455932617188,30.31906799878925
8,4096,4,42,30.44438362121582,30.467417964246124
8,4096,4,43,30.515615463256836,30.539658037014306
8,4096,4,44,30.520191192626953,30.54328099824488
8,4096,4,45,30.30780792236328,30.33101704204455
8,4096,4,46,30.47327995300293,30.496495019178838
8,4096,4,47,30.528736114501953,30.552018026355654
8,4096,4,48,30.52614402770996,30.549259041436017
8,4096,4,49,30.32271957397461,30.345780949573964
8,4096,4,50,30.343360900878906,30.36607295507565
8,4096,4,51,30.648544311523438,30.672338034491986
8,4096,4,52,30.426687240600586,30.449737969320267
8,4096,4,53,30.452064514160156,30.475244973786175
8,4096,4,54,30.363391876220703,30.38657596334815
8,4096,4,55,30.69001579284668,30.713599000591785
8,4096,4,56,30.466144561767578,30.489606026094407
8,4096,4,57,30.3953914642334,30.41861002566293
8,4096,4,58,30.52556800842285,30.548797047231346
8,4096,4,59,30.614303588867188,30.637692951131612
8,4096,4,60,30.61529541015625,30.638844007626176
8,4096,4,61,30.444896697998047,30.467606033198535
8,4096,4,62,30.537216186523438,30.56079096859321
8,4096,4,63,30.642335891723633,30.665482976473868
8,4096,5,1,38.64912033081055,38.68624597089365
8,4096,5,2,33.002559661865234,33.02644699579105
8,4096,5,3,31.05913543701172,31.082709960173815
8,4096,5,4,30.39836883544922,30.42185300728306
8,4096,5,5,30.445632934570312,30.469572986476123
8,4096,5,6,30.33830451965332,30.362005985807627
8,4096,5,7,30.627424240112305,30.65094299381599
8,4096,5,8,30.364288330078125,30.388104962185025
8,4096,5,9,30.29840087890625,30.321675003506243
8,4096,5,10,30.427072525024414,30.45048500644043
8,4096,5,11,30.47996711730957,30.50315601285547
8,4096,5,12,30.513856887817383,30.537356971763074
8,4096,5,13,30.233823776245117,30.257754027843475
8,4096,5,14,30.294815063476562,30.31719702994451
8,4096,5,15,30.362464904785156,30.386145983356982
8,4096,5,16,30.375999450683594,30.39963002083823
8,4096,5,17,30.17344093322754,30.197311018127948
8,4096,5,18,30.20742416381836,30.230841017328203
8,4096,5,19,30.4847354888916,30.508201045449823
8,4096,5,20,30.281408309936523,30.304655025247484
8,4096,5,21,30.309247970581055,30.33333003986627
8,4096,5,22,30.227840423583984,30.252993979956955
8,4096,5,23,30.511199951171875,30.535205965861678
8,4096,5,24,30.325471878051758,30.34950897563249
8,4096,5,25,30.212352752685547,30.235564976464957
8,4096,5,26,30.3636474609375,30.388304963707924
8,4096,5,27,30.432479858398438,30.456948035862297
8,4096,5,28,30.451616287231445,30.475208011921495
8,4096,5,29,30.23731231689453,30.260023020673543
8,4096,5,30,30.399999618530273,30.42333497432992
8,4096,5,31,30.43324851989746,30.456323001999408
8,4096,5,32,30.47337532043457,30.49643599661067
8,4096,5,33,30.251455307006836,30.27540195034817
8,4096,5,34,30.2893123626709,30.313754978124052
8,4096,5,35,30.585407257080078,30.60821199323982
8,4096,5,36,30.370080947875977,30.393907974939793
8,4096,5,37,30.378015518188477,30.401351978071034
8,4096,5,38,30.31977653503418,30.342924990691245
8,4096,5,39,30.59939193725586,30.622878985013813
8,4096,5,40,30.382240295410156,30.406398000195622
8,4096,5,41,30.31603240966797,30.34045803360641
8,4096,5,42,30.429567337036133,30.4551079752855
8,4096,5,43,30.504608154296875,30.52797302370891
8,4096,5,44,30.492704391479492,30.51563398912549
8,4096,5,45,30.315231323242188,30.339188990183175
8,4096,5,46,30.458112716674805,30.482531001325697
8,4096,5,47,30.514911651611328,30.538955004885793
8,4096,5,48,30.51759910583496,30.54134303238243
8,4096,5,49,30.308799743652344,30.333439994137734
8,4096,5,50,30.356992721557617,30.38056899094954
8,4096,5,51,30.637184143066406,30.66038101678714
8,4096,5,52,30.435903549194336,30.462736962363124
8,4096,5,53,30.455039978027344,30.478983011562377
8,4096,5,54,30.38934326171875,30.413603002671152
8,4096,5,55,30.666048049926758,30.689988983795047
8,4096,5,56,30.464767456054688,30.48986999783665
8,4096,5,57,30.39708709716797,30.420587048865855
8,4096,5,58,30.540735244750977,30.56414204183966
8,4096,5,59,30.637887954711914,30.66148399375379
8,4096,5,60,30.6080322265625,30.63178196316585
8,4096,5,61,30.451520919799805,30.475485022179782
8,4096,5,62,30.534048080444336,30.558312952052802
8,4096,5,63,30.640159606933594,30.66552901873365
8,4096,6,1,39.09123229980469,39.123727998230606
8,4096,6,2,33.58009719848633,33.60337397316471
8,4096,6,3,31.019712448120117,31.042856979183853
8,4096,6,4,30.54355239868164,30.567848996724933
8,4096,6,5,30.468608856201172,30.492422985844314
8,4096,6,6,30.318143844604492,30.342064972501248
8,4096,6,7,30.631935119628906,30.655845010187477
8,4096,6,8,30.406400680541992,30.43023101054132
8,4096,6,9,30.281055450439453,30.304683023132384
8,4096,6,10,30.400127410888672,30.42399394325912
8,4096,6,11,30.45996856689453,30.483928974717855
8,4096,6,12,30.49603271484375,30.51940497243777
8,4096,6,13,30.214271545410156,30.238432984333485
8,4096,6,14,30.296512603759766,30.32077697571367
8,4096,6,15,30.365184783935547,30.389460967853665
8,4096,6,16,30.405664443969727,30.43007099768147
8,4096,6,17,30.184608459472656,30.209123040549457
8,4096,6,18,30.209535598754883,30.23325599497184
8,4096,6,19,30.481184005737305,30.505417031235993
8,4096,6,20,30.302879333496094,30.32622399041429
8,4096,6,21,30.30838394165039,30.332807975355536
8,4096,6,22,30.247360229492188,30.271455005276948
8,4096,6,23,30.519296646118164,30.543085013050586
8,4096,6,24,30.3384952545166,30.362202029209584
8,4096,6,25,30.200735092163086,30.22496699122712
8,4096,6,26,30.34899139404297,30.372683017048985
8,4096,6,27,30.44175910949707,30.465980991721153
8,4096,6,28,30.409151077270508,30.432299012318254
8,4096,6,29,30.271167755126953,30.295455013401806
8,4096,6,30,30.38275146484375,30.40657297242433
8,4096,6,31,30.45315170288086,30.479519977234304
8,4096,6,32,30.463232040405273,30.487724987324327
8,4096,6,33,30.281408309936523,30.305009975563735
8,4096,6,34,30.299680709838867,30.32314300071448
8,4096,6,35,30.57049560546875,30.5941830156371
8,4096,6,36,30.370208740234375,30.393791967071593
8,4096,6,37,30.37763214111328,30.401639000047
8,4096,6,38,30.32032012939453,30.346614017616957
8,4096,6,39,30.614656448364258,30.640184006188065
8,4096,6,40,30.404191970825195,30.428663012571633
8,4096,6,41,30.31769561767578,30.341118981596082
8,4096,6,42,30.45270347595215,30.47653700923547
8,4096,6,43,30.52351951599121,30.547502974513918
8,4096,6,44,30.51900863647461,30.543057015165687
8,4096,6,45,30.30659294128418,30.330810986924917
8,4096,6,46,30.472864151000977,30.496823019348085
8,4096,6,47,30.557344436645508,30.581657018046826
8,4096,6,48,30.521503448486328,30.54599597817287
8,4096,6,49,30.323040008544922,30.347744992468506
8,4096,6,50,30.373600006103516,30.39790003094822
8,4096,6,51,30.6461124420166,30.669820960611105
8,4096,6,52,30.42665672302246,30.450777034275234
8,4096,6,53,30.438880920410156,30.463361996226013
8,4096,6,54,30.384288787841797,30.408204009290785
8,4096,6,55,30.670528411865234,30.694179993588477
8,4096,6,56,30.492095947265625,30.515846970956773
8,4096,6,57,30.38140869140625,30.404774995986372
8,4096,6,58,30.531936645507812,30.55478702299297
8,4096,6,59,30.62406349182129,30.64711601473391
8,4096,6,60,30.5927677154541,30.616646981798112
8,4096,6,61,30.441600799560547,30.46593302860856
8,4096,6,62,30.531904220581055,30.5567670147866
8,4096,6,63,30.63488006591797,30.65901598893106
16,128,0,1,11.558176040649414,11.581705999560654
16,128,0,2,11.56396770477295,11.586521985009313
16,128,0,3,11.479328155517578,11.502398003358394
16,128,0,4,11.51039981842041,11.53384696226567
16,128,0,5,11.531871795654297,11.554726981557906
16,128,0,6,11.483200073242188,11.506160022690892
16,128,0,7,11.471455574035645,11.494524020235986
16,128,0,8,11.485535621643066,11.508398980367929
16,128,0,9,11.571935653686523,11.594359006267041
16,128,0,10,11.534879684448242,11.558587022591382
16,128,0,11,11.48748779296875,11.51013799244538
16,128,0,12,11.468095779418945,11.491049022879452
16,128,0,13,11.522432327270508,11.544879002030939
16,128,0,14,11.490431785583496,11.5136299864389
16,128,0,15,11.535840034484863,11.558962054550648
16,128,0,16,11.500800132751465,11.523657012730837
16,128,0,17,11.528608322143555,11.551305011380464
16,128,0,18,11.532352447509766,11.555616045370698
16,128,0,19,11.546208381652832,11.569411028176546
16,128,0,20,11.514464378356934,11.53755298582837
16,128,0,21,11.515359878540039,11.537774989847094
16,128,0,22,11.531135559082031,11.55457500135526
16,128,0,23,11.522591590881348,11.545757006388158
16,128,0,24,11.516639709472656,11.540179955773056
16,128,0,25,11.469951629638672,11.493556026834995
16,128,0,26,11.460320472717285,11.483040056191385
16,128,0,27,11.48528003692627,11.5083729615435
16,128,0,28,11.45251178741455,11.47510705050081
16,128,0,29,11.4302396774292,11.453117011114955
16,128,0,30,11.451264381408691,11.474463972263038
16,128,0,31,11.50879955291748,11.531588970683515
16,128,0,32,11.44655990600586,11.471290956251323
16,128,0,33,11.464320182800293,11.487241019494832
16,128,0,34,11.452960014343262,11.476083018351346
16,128,0,35,11.511167526245117,11.534227000083774
16,128,0,36,11.460063934326172,11.483028007205576
16,128,0,37,11.482912063598633,11.506555019877851
16,128,0,38,11.451744079589844,11.474781960714608
16,128,0,39,11.499199867248535,11.52245100820437
16,128,0,40,11.45315170288086,11.476312996819615
16,128,0,41,11.47270393371582,11.495506041683257
16,128,0,42,11.488703727722168,11.51122699957341
16,128,0,43,11.50387191772461,11.52701600221917
16,128,0,44,11.436767578125,11.460137960966676
16,128,0,45,11.491264343261719,11.51442900300026
16,128,0,46,11.491007804870605,11.514247977174819
16,128,0,47,11.464544296264648,11.487659998238087
16,128,0,48,11.551103591918945,11.574245989322662
16,128,0,49,11.516544342041016,11.539349041413516
16,128,0,50,11.493632316589355,11.517459992319345
16,128,0,51,11.47532844543457,11.498203035444021
16,128,0,52,11.44547176361084,11.46912801777944
16,128,0,53,11.477919578552246,11.501675995532423
16,128,0,54,11.543680191040039,11.566983012016863
16,128,0,55,11.494367599487305,11.517532053403556
16,128,0,56,11.516160011291504,11.539441999047995
16,128,0,57,11.571136474609375,11.594225012231618
16,128,0,58,11.49350357055664,11.51641202159226
16,128,0,59,11.485407829284668,11.508625000715256
16,128,0,60,11.479167938232422,11.502321984153241
16,128,0,61,11.551456451416016,11.574587959330529
16,128,0,62,11.558943748474121,11.582476960029453
16,128,0,63,11.535039901733398,11.558442027308047
16,128,1,1,11.558431625366211,11.5822619991377
16,128,1,2,11.608736038208008,11.631853005383164
16,128,1,3,11.49187183380127,11.514839017763734
16,128,1,4,11.499711990356445,11.522714979946613
16,128,1,5,11.552607536315918,11.575336044188589
16,128,1,6,11.484959602355957,11.50784594938159
16,128,1,7,11.562623977661133,11.585000029299408
16,128,1,8,11.52627182006836,11.549182992894202
16,128,1,9,11.553631782531738,11.5768609684892
16,128,1,10,11.544063568115234,11.566961999051273
16,128,1,11,11.553855895996094,11.5768660325557
16,128,1,12,11.533087730407715,11.556561978068203
16,128,1,13,11.527680397033691,11.551244009751827
16,128,1,14,11.521727561950684,11.54490397311747
16,128,1,15,11.540032386779785,11.562703002709895
16,128,1,16,11.495231628417969,11.517900973558426
16,128,1,17,11.52239990234375,11.545160028617829
16,128,1,18,11.560416221618652,11.583580053411424
16,128,1,19,11.510527610778809,11.533949989825487
16,128,1,20,11.52678394317627,11.549921007826924
16,128,1,21,11.525983810424805,11.549277987796813
16,128,1,22,11.504416465759277,11.527644994203001
16,128,1,23,11.545536041259766,11.56867598183453
16,128,1,24,11.476896286010742,11.499813001137227
16,128,1,25,11.49078369140625,11.513150006067008
16,128,1,26,11.5032320022583,11.525735026225448
16,128,1,27,11.510335922241211,11.533336015418172
16,128,1,28,11.492959976196289,11.516430997289717
16,128,1,29,11.490880012512207,11.513711011502892
16,128,1,30,11.472031593322754,11.495177983306348
16,128,1,31,11.526592254638672,11.54955301899463
16,128,1,32,11.466560363769531,11.49031799286604
16,128,1,33,11.50175952911377,11.525879963301122
16,128,1,34,11.453344345092773,11.476395011413842
16,128,1,35,11.517696380615234,11.540791019797325
16,128,1,36,11.491840362548828,11.514252983033657
16,128,1,37,11.484736442565918,11.507351009640843
16,128,1,38,11.52790355682373,11.551637959200889
16,128,1,39,11.531200408935547,11.553894961252809
16,128,1,40,11.569343566894531,11.592941009439528
16,128,1,41,11.507040023803711,11.530473013408482
16,128,1,42,11.457599639892578,11.480584042146802
16,128,1,43,11.53923225402832,11.56224898295477
16,128,1,44,11.51750373840332,11.540384031832218
16,128,1,45,11.505311965942383,11.528578004799783
16,128,1,46,11.514335632324219,11.537361016962677
16,128,1,47,11.4717435836792,11.495241022203118
16,128,1,48,11.497056007385254,11.519641964696348
16,128,1,49,11.555487632751465,11.57856802456081
16,128,1,50,11.524895668029785,11.547714995685965
16,128,1,51,11.567487716674805,11.590486043132842
16,128,1,52,11.56595230102539,11.589531961362809
16,128,1,53,11.500320434570312,11.523274006322026
16,128,1,54,11.551936149597168,11.574967997148633
16,128,1,55,11.53718376159668,11.560095997992903
16,128,1,56,11.506560325622559,11.529408977366984
16,128,1,57,11.54800033569336,11.5712049882859
16,128,1,58,11.560735702514648,11.583640007302165
16,128,1,59,11.566368103027344,11.589419038500637
16,128,1,60,11.49459171295166,11.517584964167327
16,128,1,61,11.612544059753418,11.635752976872027
16,128,1,62,11.54259204864502,11.565546039491892
16,128,1,63,11.510239601135254,11.53362897457555
16,128,2,1,11.665375709533691,11.688086029607803
16,128,2,2,11.509407997131348,11.53298100689426
16,128,2,3,11.503616333007812,11.526130023412406
16,128,2,4,11.457887649536133,11.481065943371505
16,128,2,5,11.511839866638184,11.534849007148296
16,128,2,6,11.498080253601074,11.520697036758065
16,128,2,7,11.542688369750977,11.56644499860704
16,128,2,8,11.530400276184082,11.552761017810553
16,128,2,9,11.586560249328613,11.614278017077595
16,128,2,10,11.532608032226562,11.555803997907788
16,128,2,11,11.55519962310791,11.578361969441175
16,128,2,12,11.498496055603027,11.521818989422172
16,128,2,13,11.535872459411621,11.558755009900779
16,128,2,14,11.553183555603027,11.575932032428682
16,128,2,15,11.558272361755371,11.581680970266461
16,128,2,16,11.484160423278809,11.507758987136185
16,128,2,17,11.50710391998291,11.530576972290874
16,128,2,18,11.48639965057373,11.510304000694305
16,128,2,19,11.48857593536377,11.511238000821322
16,128,2,20,11.504768371582031,11.527176015079021
16,128,2,21,11.526080131530762,11.548550974112004
16,128,2,22,11.440128326416016,11.46257296204567
16,128,2,23,11.490816116333008,11.51360000949353
16,128,2,24,11.508319854736328,11.53067301493138
16,128,2,25,11.493087768554688,11.515362944919616
16,128,2,26,11.46127986907959,11.483458045404404
16,128,2,27,11.485823631286621,11.508591996971518
16,128,2,28,11.523167610168457,11.545390007086098
16,128,2,29,11.460224151611328,11.48257398745045
16,128,2,30,11.482144355773926,11.504963971674442
16,128,2,31,11.558752059936523,11.581647966522723
16,128,2,32,11.460384368896484,11.482831032481045
16,128,2,33,11.527039527893066,11.549919028766453
16,128,2,34,11.461888313293457,11.484707007184625
16,128,2,35,11.514816284179688,11.537031037732959
16,128,2,36,11.502431869506836,11.524453992024064
16,128,2,37,11.484640121459961,11.50697300909087
16,128,2,38,11.459391593933105,11.481704015750438
16,128,2,39,11.510239601135254,11.532557953614742
16,128,2,40,11.52780818939209,11.549913964699954
16,128,2,41,11.416447639465332,11.4387710345909
16,128,2,42,11.406656265258789,11.429461999796331
16,128,2,43,11.497152328491211,11.519194988068193
16,128,2,44,11.433216094970703,11.455853004008532
16,128,2,45,11.533056259155273,11.555192992091179
16,128,2,46,11.4399995803833,11.463087983429432
16,128,2,47,11.461440086364746,11.483464040793478
16,128,2,48,11.495455741882324,11.518259008880705
16,128,2,49,11.480928421020508,11.50344597408548
16,128,2,50,11.46771240234375,11.49039197480306
16,128,2,51,11.523263931274414,11.54595601838082
16,128,2,52,11.532320022583008,11.55509997624904
16,128,2,53,11.461631774902344,11.485334020107985
16,128,2,54,11.499551773071289,11.522127955686301
16,128,2,55,11.479711532592773,11.502861976623535
16,128,2,56,11.53439998626709,11.556575016584247
16,128,2,57,11.518143653869629,11.540608014911413
16,128,2,58,11.512031555175781,11.53476897161454
16,128,2,59,11.484895706176758,11.507789953611791
16,128,2,60,11.489343643188477,11.511526012327522
16,128,2,61,11.483488082885742,11.505820031743497
16,128,2,62,11.502943992614746,11.525747017003596
16,128,2,63,11.526368141174316,11.549571005161852
16,128,3,1,11.656255722045898,11.679394985549152
16,128,3,2,11.607263565063477,11.630472028627992
16,128,3,3,11.610655784606934,11.633669026196003
16,128,3,4,11.508928298950195,11.532071977853775
16,128,3,5,11.604288101196289,11.627233994659036
16,128,3,6,11.560928344726562,11.583220970351249
16,128,3,7,11.5415678024292,11.564515996724367
16,128,3,8,11.496319770812988,11.519516003318131
16,128,3,9,11.548192024230957,11.571636016014963
16,128,3,10,11.547648429870605,11.570740025490522
16,128,3,11,11.56060791015625,11.582697974517941
16,128,3,12,11.578399658203125,11.601853999309242
16,128,3,13,11.565600395202637,11.587969027459621
16,128,3,14,11.545215606689453,11.568330985028297
16,128,3,15,11.528800010681152,11.551581032108516
16,128,3,16,11.55459213256836,11.577643046621233
16,128,3,17,11.58512020111084,11.6079889703542
16,128,3,18,11.604607582092285,11.627583007793874
16,128,3,19,11.529439926147461,11.551845003850758
16,128,3,20,11.55123233795166,11.574226024094969
16,128,3,21,11.473952293395996,11.496861989144236
16,128,3,22,11.531935691833496,11.554741009604186
16,128,3,23,11.520352363586426,11.543222004547715
16,128,3,24,11.496031761169434,11.519476014655083
16,128,3,25,11.487872123718262,11.511072982102633
16,128,3,26,11.465888023376465,11.489199008792639
16,128,3,27,11.452672004699707,11.475492967292666
16,128,3,28,11.432512283325195,11.455507017672062
16,128,3,29,11.491423606872559,11.514226032886654
16,128,3,30,11.519136428833008,11.54224103083834
16,128,3,31,11.548895835876465,11.572006973437965
16,128,3,32,11.469280242919922,11.49208500282839
16,128,3,33,11.528863906860352,11.551722011063248
16,128,3,34,11.501376152038574,11.524743982590735
16,128,3,35,11.46406364440918,11.487195966765285
16,128,3,36,11.57430362701416,11.597519973292947
16,128,3,37,11.48367977142334,11.507149029057473
16,128,3,38,11.436384201049805,11.459545989055187
16,128,3,39,11.448160171508789,11.471036996226758
16,128,3,40,11.531295776367188,11.553800024557859
16,128,3,41,11.51699161529541,11.541010986547917
16,128,3,42,11.479071617126465,11.501878034323454
16,128,3,43,11.500864028930664,11.523436987772584
16,128,3,44,11.497632026672363,11.521334992721677
16,128,3,45,11.579999923706055,11.60283200442791
16,128,3,46,11.535903930664062,11.559100006707013
16,128,3,47,11.540160179138184,11.563192994799465
16,128,3,48,11.527872085571289,11.55079499585554
16,128,3,49,11.54310417175293,11.56610599718988
16,128,3,50,11.47059154510498,11.493379017338157
16,128,3,51,11.579999923706055,11.603151971939951
16,128,3,52,11.521632194519043,11.544639011844993
16,128,3,53,11.537823677062988,11.560746002942324
16,128,3,54,11.512063980102539,11.534613033290952
16,128,3,55,11.48572826385498,11.508046998642385
16,128,3,56,11.569567680358887,11.59194199135527
16,128,3,57,11.461824417114258,11.484719987493008
16,128,3,58,11.496416091918945,11.518745042849332
16,128,3,59,11.531999588012695,11.55425701290369
16,128,3,60,11.529184341430664,11.551207979209721
16,128,3,61,11.55724811553955,11.579654004890472
16,128,3,62,11.515359878540039,11.537903978023678
16,128,3,63,11.50767993927002,11.530502000823617
16,128,4,1,11.619071960449219,11.642433004453778
16,128,4,2,11.597184181213379,11.620195989962667
16,128,4,3,11.59670352935791,11.619683005847037
16,128,4,4,11.522111892700195,11.5456220228225
16,128,4,5,11.590335845947266,11.6129579837434
16,128,4,6,11.587583541870117,11.610766989178956
16,128,4,7,11.58249568939209,11.604977014940232
16,128,4,8,11.547712326049805,11.570264003239572
16,128,4,9,11.569087982177734,11.592335009481758
16,128,4,10,11.570560455322266,11.594028968829662
16,128,4,11,11.48243236541748,11.506440001539886
16,128,4,12,11.576767921447754,11.600757017731667
16,128,4,13,11.498751640319824,11.521853972226381
16,128,4,14,11.548992156982422,11.57194800907746
16,128,4,15,11.572319984436035,11.595636024139822
16,128,4,16,11.519552230834961,11.542755994014442
16,128,4,17,11.510815620422363,11.534133984241635
16,128,4,18,11.503968238830566,11.527126014698297
16,128,4,19,11.518976211547852,11.54295599553734
16,128,4,20,11.546560287475586,11.569247988518327
16,128,4,21,11.534624099731445,11.557844991330057
16,128,4,22,11.468704223632812,11.492290999740362
16,128,4,23,11.485440254211426,11.508247000165284
16,128,4,24,11.481184005737305,11.504168971441686
16,128,4,25,11.437536239624023,11.460465961135924
16,128,4,26,11.533951759338379,11.557510995771736
16,128,4,27,11.495967864990234,11.519424966536462
16,128,4,28,11.506400108337402,11.530042043887079
16,128,4,29,11.39798355102539,11.421616014558822
16,128,4,30,11.466048240661621,11.489796976093203
16,128,4,31,11.502816200256348,11.526260001119226
16,128,4,32,11.4651517868042,11.489333002828062
16,128,4,33,11.480928421020508,11.504654015880078
16,128,4,34,11.438655853271484,11.461891001090407
16,128,4,35,11.47107219696045,11.49441598681733
16,128,4,36,11.414048194885254,11.437651002779603
16,128,4,37,11.511072158813477,11.534084973391145
16,128,4,38,11.487808227539062,11.510862037539482
16,128,4,39,11.457632064819336,11.480988992843777
16,128,4,40,11.554688453674316,11.577836005017161
16,128,4,41,11.481280326843262,11.504337016958743
16,128,4,42,11.533791542053223,11.556843994185328
16,128,4,43,11.515456199645996,11.53827301459387
16,128,4,44,11.434656143188477,11.4571190206334
16,128,4,45,11.47059154510498,11.49338501272723
16,128,4,46,11.49891185760498,11.5221330197528
16,128,4,47,11.48367977142334,11.506583949085325
16,128,4,48,11.441823959350586,11.464889976195991
16,128,4,49,11.500224113464355,11.52351195923984
16,128,4,50,11.470080375671387,11.49317598901689
16,128,4,51,11.521568298339844,11.545259971171618
16,128,4,52,11.486528396606445,11.510229029227048
16,128,4,53,11.447263717651367,11.470912955701351
16,128,4,54,11.496288299560547,11.519466992467642
16,128,4,55,11.509056091308594,11.531806027051061
16,128,4,56,11.517120361328125,11.540071980562061
16,128,4,57,11.56441593170166,11.587394983507693
16,128,4,58,11.477408409118652,11.50064601097256
16,128,4,59,11.534367561340332,11.556943005416542
16,128,4,60,11.542143821716309,11.565252032596618
16,128,4,61,11.569503784179688,11.59238099353388
16,128,4,62,11.471936225891113,11.494491016492248
16,128,4,63,11.494336128234863,11.518504994455725
16,128,5,1,11.583295822143555,11.606334010139108
16,128,5,2,11.548095703125,11.576232966035604
16,128,5,3,11.494272232055664,11.517886014189571
16,128,5,4,11.465408325195312,11.488669028040022
16,128,5,5,11.508159637451172,11.531823023688048
16,128,5,6,11.4749116897583,11.497800995130092
16,128,5,7,11.51699161529541,11.540109000634402
16,128,5,8,11.462400436401367,11.485695955343544
16,128,5,9,11.526335716247559,11.54935301747173
16,128,5,10,11.557184219360352,11.579610989429057
16,128,5,11,11.505151748657227,11.527473048772663
16,128,5,12,11.54640007019043,11.568865971639752
16,128,5,13,11.532480239868164,11.555389035493135
16,128,5,14,11.528448104858398,11.551174044143409
16,128,5,15,11.482111930847168,11.504912981763482
16,128,5,16,11.4717435836792,11.494550039060414
16,128,5,17,11.388511657714844,11.412258958444
16,128,5,18,11.52012825012207,11.543179978616536
16,128,5,19,11.434368133544922,11.457482993137091
16,128,5,20,11.497247695922852,11.520494997967035
16,128,5,21,11.51904010772705,11.541821004357189
16,128,5,22,11.470879554748535,11.494088976178318
16,128,5,23,11.48361587524414,11.506868002470583
16,128,5,24,11.457632064819336,11.481081019155681
16,128,5,25,11.398015975952148,11.420815018936992
16,128,5,26,11.472064018249512,11.495571001432836
16,128,5,27,11.504799842834473,11.527226015459746
16,128,5,28,11.42950439453125,11.452634003944695
16,128,5,29,11.454367637634277,11.47735700942576
16,128,5,30,11.473535537719727,11.496610008180141
16,128,5,31,11.49465560913086,11.517629958689213
16,128,5,32,11.45952033996582,11.48242095950991
16,128,5,33,11.477696418762207,11.500649969093502
16,128,5,34,11.425663948059082,11.448867968283594
16,128,5,35,11.444064140319824,11.46721001714468
16,128,5,36,11.4683837890625,11.491915036458522
16,128,5,37,11.536064147949219,11.564406973775476
16,128,5,38,11.436127662658691,11.458671011496335
16,128,5,39,11.486656188964844,11.509232979733497
16,128,5,40,11.541152000427246,11.5646340418607
16,128,5,41,11.5098237991333,11.53254701057449
16,128,5,42,11.44377613067627,11.466596042737365
16,128,5,43,11.456864356994629,11.479564011096954
16,128,5,44,11.511136054992676,11.534015007782727
16,128,5,45,11.565055847167969,11.587582994252443
16,128,5,46,11.509247779846191,11.53172500198707
16,128,5,47,11.661696434020996,11.684230994433165
16,128,5,48,11.539456367492676,11.56295696273446
16,128,5,49,11.531744003295898,11.554980999790132
16,128,5,50,11.5632963180542,11.58576097805053
16,128,5,51,11.561504364013672,11.583818006329238
16,128,5,52,11.539839744567871,11.562655970919877
16,128,5,53,11.475680351257324,11.49840495781973
16,128,5,54,11.51260757446289,11.535845056641847
16,128,5,55,11.530176162719727,11.55361405108124
16,128,5,56,11.513983726501465,11.53740898007527
16,128,5,57,11.548447608947754,11.570989969186485
16,128,5,58,11.457280158996582,11.48020097753033
16,128,5,59,11.571295738220215,11.594179028179497
16,128,5,60,11.47225570678711,11.494966980535537
16,128,5,61,11.544416427612305,11.56710897339508
16,128,5,62,11.511263847351074,11.535415018443018
16,128,5,63,11.568160057067871,11.590684996917844
16,128,6,1,11.541631698608398,11.564904008992016
16,128,6,2,11.523839950561523,11.546813999302685
16,128,6,3,11.445887565612793,11.468923010397702
16,128,6,4,11.437055587768555,11.459884000942111
16,128,6,5,11.48521614074707,11.508816038258374
16,128,6,6,11.463808059692383,11.487515992484987
16,128,6,7,11.425375938415527,11.448680015746504
16,128,6,8,11.449088096618652,11.472248996142298
16,128,6,9,11.427840232849121,11.450457968749106
16,128,6,10,11.470399856567383,11.493269994389266
16,128,6,11,11.369919776916504,11.39320497168228
16,128,6,12,11.480256080627441,11.502916982863098
16,128,6,13,11.43228816986084,11.454815044999123
16,128,6,14,11.477824211120605,11.500166030600667
16,128,6,15,11.504192352294922,11.52660499792546
16,128,6,16,11.478495597839355,11.501717031933367
16,128,6,17,11.466367721557617,11.489203956443816
16,128,6,18,11.498144149780273,11.520389991346747
16,128,6,19,11.455552101135254,11.478702013846487
16,128,6,20,11.384736061096191,11.407798039726913
16,128,6,21,11.362848281860352,11.385974008589983
16,128,6,22,11.439359664916992,11.462113994639367
16,128,6,23,11.441568374633789,11.464554001577199
16,128,6,24,11.427616119384766,11.450013960711658
16,128,6,25,11.405376434326172,11.427927005570382
16,128,6,26,11.310591697692871,11.333346948958933
16,128,6,27,11.427200317382812,11.449559999164194
16,128,6,28,11.439488410949707,11.462059046607465
16,128,6,29,11.433216094970703,11.455992993433028
16,128,6,30,11.43990421295166,11.462831986136734
16,128,6,31,11.478336334228516,11.501745029818267
16,128,6,32,11.470656394958496,11.493213998619467
16,128,6,33,11.456768035888672,11.479347012937069
16,128,6,34,11.46003246307373,11.482482950668782
16,128,6,35,11.44591999053955,11.468823009636253
16,128,6,36,11.435935974121094,11.458355002105236
16,128,6,37,11.39958381652832,11.422420968301594
16,128,6,38,11.467040061950684,11.490138014778495
16,128,6,39,11.369471549987793,11.392259038984776
16,128,6,40,11.47590446472168,11.498727020807564
16,128,6,41,11.403648376464844,11.426686018239707
16,128,6,42,11.408160209655762,11.430430982727557
16,128,6,43,11.432543754577637,11.455391009803861
16,128,6,44,11.411808013916016,11.434132000431418
16,128,6,45,11.426624298095703,11.449300975073129
16,128,6,46,11.44598388671875,11.46837801206857
16,128,6,47,11.373727798461914,11.396391957532614
16,128,6,48,11.468607902526855,11.490618984680623
16,128,6,49,11.446016311645508,11.468829005025327
16,128,6,50,11.414688110351562,11.436910019256175
16,128,6,51,11.474143981933594,11.496738996356726
16,128,6,52,11.45139217376709,11.474120954517275
16,128,6,53,11.440287590026855,11.463194037787616
16,128,6,54,11.444704055786133,11.466678988654166
16,128,6,55,11.411264419555664,11.434148997068405
16,128,6,56,11.409152030944824,11.431526974774897
16,128,6,57,11.44371223449707,11.466638999991119
16,128,6,58,11.410688400268555,11.433431995101273
16,128,6,59,11.427680015563965,11.45047799218446
16,128,6,60,11.43008041381836,11.452536971773952
16,128,6,61,11.39795207977295,11.420919967349619
16,128,6,62,11.4551362991333,11.477998981717974
16,128,6,63,11.41327953338623,11.435344989877194
16,1024,0,1,23.491775512695312,23.518163012340665
16,1024,0,2,20.880447387695312,20.90475900331512
16,1024,0,3,20.395679473876953,20.419024978764355
16,1024,0,4,20.518495559692383,20.54178703110665
16,1024,0,5,20.12508773803711,20.149117975961417
16,1024,0,6,20.068767547607422,20.09333501337096
16,1024,0,7,20.01763153076172,20.041177980601788
16,1024,0,8,20.274335861206055,20.297752984333783
16,1024,0,9,20.02764892578125,20.05099196685478
16,1024,0,10,20.022016525268555,20.046050020027906
16,1024,0,11,20.02614402770996,20.04998899064958
16,1024,0,12,20.296192169189453,20.320425974205136
16,1024,0,13,20.028959274291992,20.052050007507205
16,1024,0,14,20.104032516479492,20.126886025536805
16,1024,0,15,20.081247329711914,20.10450098896399
16,1024,0,16,20.356704711914062,20.37968300282955
16,1024,0,17,20.098304748535156,20.122093963436782
16,1024,0,18,20.113439559936523,20.13681596145034
16,1024,0,19,20.063520431518555,20.086759992409497
16,1024,0,20,20.337312698364258,20.360247988719493
16,1024,0,21,20.050559997558594,20.07346204482019
16,1024,0,22,20.149791717529297,20.173016004264355
16,1024,0,23,20.07219123840332,20.09582001483068
16,1024,0,24,20.336992263793945,20.360682043246925
16,1024,0,25,20.053855895996094,20.077779015991837
16,1024,0,26,20.084672927856445,20.108442986384034
16,1024,0,27,20.093952178955078,20.118187996558845
16,1024,0,28,20.361183166503906,20.38558101048693
16,1024,0,29,20.110719680786133,20.13370202621445
16,1024,0,30,20.267520904541016,20.290989021304995
16,1024,0,31,20.125120162963867,20.149057963863015
16,1024,0,32,20.440031051635742,20.464010012801737
16,1024,0,33,20.117088317871094,20.140407024882734
16,1024,0,34,20.141727447509766,20.1655609998852
16,1024,0,35,20.14678382873535,20.170256961137056
16,1024,0,36,20.436128616333008,20.460282976273447
16,1024,0,37,20.132415771484375,20.155998994596303
16,1024,0,38,20.23801612854004,20.26144997216761
16,1024,0,39,20.228511810302734,20.2520809834823
16,1024,0,40,20.44972801208496,20.47327399486676
16,1024,0,41,20.230239868164062,20.25323500856757
16,1024,0,42,20.243392944335938,20.266920037101954
16,1024,0,43,20.2325439453125,20.256142015568912
16,1024,0,44,20.52390480041504,20.547423977404833
16,1024,0,45,20.227327346801758,20.25091100949794
16,1024,0,46,20.350175857543945,20.372886036057025
16,1024,0,47,20.273759841918945,20.2973079867661
16,1024,0,48,20.535423278808594,20.55870200274512
16,1024,0,49,20.217119216918945,20.239913021214306
16,1024,0,50,20.29372787475586,20.316937007009983
16,1024,0,51,20.26892852783203,20.292864996008575
16,1024,0,52,20.531328201293945,20.5547459772788
16,1024,0,53,20.290367126464844,20.313890010584146
16,1024,0,54,20.377216339111328,20.4005460254848
16,1024,0,55,20.315040588378906,20.338709990028292
16,1024,0,56,20.617952346801758,20.641012000851333
16,1024,0,57,20.34828758239746,20.371489983517677
16,1024,0,58,20.40435218811035,20.42691601673141
16,1024,0,59,20.390527725219727,20.413745020050555
16,1024,0,60,20.642112731933594,20.666031981818378
16,1024,0,61,20.341440200805664,20.366373006254435
16,1024,0,62,20.471200942993164,20.49495402025059
16,1024,0,63,20.369312286376953,20.392235019244254
16,1024,1,1,23.01625633239746,23.041296983137727
16,1024,1,2,20.720191955566406,20.743575994856656
16,1024,1,3,20.34489631652832,20.368829020299017
16,1024,1,4,20.385984420776367,20.409548946190625
16,1024,1,5,20.071840286254883,20.095694984775037
16,1024,1,6,20.161760330200195,20.185493980534375
16,1024,1,7,20.134111404418945,20.158221013844013
16,1024,1,8,20.26019287109375,20.28363401768729
16,1024,1,9,20.0118408203125,20.0355330016464
16,1024,1,10,20.02400016784668,20.048100035637617
16,1024,1,11,20.0328311920166,20.05652798106894
16,1024,1,12,20.292959213256836,20.317499001976103
16,1024,1,13,20.048032760620117,20.07127698743716
16,1024,1,14,20.127904891967773,20.15100698918104
16,1024,1,15,20.077184677124023,20.100001012906432
16,1024,1,16,20.3624324798584,20.38592001190409
16,1024,1,17,20.108320236206055,20.132117031607777
16,1024,1,18,20.08083152770996,20.105150993913412
16,1024,1,19,20.064128875732422,20.08715400006622
16,1024,1,20,20.299968719482422,20.324348006397486
16,1024,1,21,19.9833927154541,20.007118000648916
16,1024,1,22,20.08412742614746,20.10821900330484
16,1024,1,23,20.055551528930664,20.07857500575483
16,1024,1,24,20.31657600402832,20.34063800238073
16,1024,1,25,20.069984436035156,20.093202008865774
16,1024,1,26,20.090560913085938,20.113751001190394
16,1024,1,27,20.124448776245117,20.147981005720794
16,1024,1,28,20.37436866760254,20.398400025442243
16,1024,1,29,20.12019157409668,20.14355402207002
16,1024,1,30,20.246431350708008,20.270125998649746
16,1024,1,31,20.134687423706055,20.158351049758494
16,1024,1,32,20.41584014892578,20.440205989871174
16,1024,1,33,20.10678482055664,20.130952005274594
16,1024,1,34,20.15705680847168,20.180590043310076
16,1024,1,35,20.15875244140625,20.182522013783455
16,1024,1,36,20.414688110351562,20.43818699894473
16,1024,1,37,20.16422462463379,20.188096968922764
16,1024,1,38,20.25551986694336,20.27851901948452
16,1024,1,39,20.226112365722656,20.249491033609957
16,1024,1,40,20.46019172668457,20.48346196534112
16,1024,1,41,20.236223220825195,20.259352982975543
16,1024,1,42,20.23187255859375,20.255168026778847
16,1024,1,43,20.230335235595703,20.254246948752552
16,1024,1,44,20.532320022583008,20.556130970362574
16,1024,1,45,20.23459243774414,20.25802800199017
16,1024,1,46,20.379520416259766,20.404156006406993
16,1024,1,47,20.258848190307617,20.282317011151463
16,1024,1,48,20.542240142822266,20.565914979670197
16,1024,1,49,20.25004768371582,20.273777015972883
16,1024,1,50,20.286304473876953,20.309972984250635
16,1024,1,51,20.290624618530273,20.316273032221943
16,1024,1,52,20.550432205200195,20.574288035277277
16,1024,1,53,20.279136657714844,20.302638004068285
16,1024,1,54,20.37740707397461,20.401325018610805
16,1024,1,55,20.334463119506836,20.357757981400937
16,1024,1,56,20.602176666259766,20.629400038160384
16,1024,1,57,20.5317440032959,20.555681956466287
16,1024,1,58,20.392480850219727,20.416025014128536
16,1024,1,59,20.38390350341797,20.408275013323873
16,1024,1,60,20.646560668945312,20.670628000516444
16,1024,1,61,20.364896774291992,20.38900600746274
16,1024,1,62,20.439008712768555,20.462454005610198
16,1024,1,63,20.38003158569336,20.403838017955422
16,1024,2,1,23.617664337158203,23.6418719869107
16,1024,2,2,21.150815963745117,21.175233006943017
16,1024,2,3,20.518239974975586,20.542706013657153
16,1024,2,4,20.72755241394043,20.75144200352952
16,1024,2,5,20.457120895385742,20.483899977989495
16,1024,2,6,20.173376083374023,20.19831200595945
16,1024,2,7,20.005088806152344,20.02888999413699
16,1024,2,8,20.288511276245117,20.31260501826182
16,1024,2,9,20.03455924987793,20.05824097432196
16,1024,2,10,20.03615951538086,20.059166999999434
16,1024,2,11,20.043264389038086,20.066983008291572
16,1024,2,12,20.306272506713867,20.32999397488311
16,1024,2,13,20.024192810058594,20.046939025633037
16,1024,2,14,20.119552612304688,20.142605993896723
16,1024,2,15,20.079904556274414,20.103366987314075
16,1024,2,16,20.353439331054688,20.378075016196817
16,1024,2,17,20.127904891967773,20.151606004219502
16,1024,2,18,20.132736206054688,20.155905047431588
16,1024,2,19,20.14908790588379,20.17267100745812
16,1024,2,20,20.341279983520508,20.364189986139536
16,1024,2,21,20.0532169342041,20.076937973499298
16,1024,2,22,20.130367279052734,20.154088037088513
16,1024,2,23,20.066944122314453,20.091154030524194
16,1024,2,24,20.339136123657227,20.362954994197935
16,1024,2,25,20.089887619018555,20.113814040087163
16,1024,2,26,20.09769630432129,20.122662011999637
16,1024,2,27,20.129247665405273,20.152427023276687
16,1024,2,28,20.35651206970215,20.379334047902375
16,1024,2,29,20.087039947509766,20.10994905140251
16,1024,2,30,20.20275115966797,20.22681199014187
16,1024,2,31,20.103008270263672,20.127697964198887
16,1024,2,32,20.428768157958984,20.45292197726667
16,1024,2,33,20.135295867919922,20.158938015811145
16,1024,2,34,20.194623947143555,20.21858299849555
16,1024,2,35,20.196575164794922,20.22000798024237
16,1024,2,36,20.455392837524414,20.47838002908975
16,1024,2,37,20.17571258544922,20.199406950268894
16,1024,2,38,20.24233627319336,20.26585303246975
16,1024,2,39,20.223648071289062,20.247319946065545
16,1024,2,40,20.465791702270508,20.489630987867713
16,1024,2,41,20.244447708129883,20.26844903593883
16,1024,2,42,20.245088577270508,20.26829298119992
16,1024,2,43,20.212671279907227,20.23674000520259
16,1024,2,44,20.504735946655273,20.529086992610246
16,1024,2,45,20.213600158691406,20.237630989868194
16,1024,2,46,20.323488235473633,20.348427002318203
16,1024,2,47,20.26825523376465,20.29244601726532
16,1024,2,48,20.60108757019043,20.624533004593104
16,1024,2,49,20.290239334106445,20.314119989052415
16,1024,2,50,20.326208114624023,20.35046397941187
16,1024,2,51,20.29654312133789,20.32039494952187
16,1024,2,52,20.542015075683594,20.566522027365863
16,1024,2,53,20.249120712280273,20.272446039598435
16,1024,2,54,20.39673614501953,20.420207001734525
16,1024,2,55,20.307327270507812,20.331495034042746
16,1024,2,56,20.591232299804688,20.614305045455694
16,1024,2,57,20.340383529663086,20.36356896860525
16,1024,2,58,20.36832046508789,20.391083031427115
16,1024,2,59,20.36288070678711,20.386787015013397
16,1024,2,60,20.606496810913086,20.630198996514082
16,1024,2,61,20.33407974243164,20.357913977932185
16,1024,2,62,20.496639251708984,20.52056702086702
16,1024,2,63,20.411359786987305,20.434466016013175
16,1024,3,1,23.23414421081543,23.258375003933907
16,1024,3,2,20.97545623779297,20.998958963900805
16,1024,3,3,20.418975830078125,20.44238499365747
16,1024,3,4,20.464256286621094,20.487856003455818
16,1024,3,5,19.996671676635742,20.020853029564023
16,1024,3,6,20.07756805419922,20.102021982893348
16,1024,3,7,20.03340721130371,20.05901001393795
16,1024,3,8,20.31769561767578,20.34111099783331
16,1024,3,9,20.096031188964844,20.119674038141966
16,1024,3,10,20.08393669128418,20.10782901197672
16,1024,3,11,20.09004783630371,20.11321601457894
16,1024,3,12,20.364032745361328,20.38793097017333
16,1024,3,13,20.058399200439453,20.081594004295766
16,1024,3,14,20.17487907409668,20.19903698237613
16,1024,3,15,20.173376083374023,20.19618300255388
16,1024,3,16,20.400800704956055,20.424854999873787
16,1024,3,17,20.177663803100586,20.201022969558835
16,1024,3,18,20.15519905090332,20.178209990262985
16,1024,3,19,20.103391647338867,20.12674603611231
16,1024,3,20,20.305919647216797,20.33021196257323
16,1024,3,21,20.00668716430664,20.030051993671805
16,1024,3,22,20.088287353515625,20.112125028390437
16,1024,3,23,20.04604721069336,20.06926800822839
16,1024,3,24,20.323328018188477,20.346906036138535
16,1024,3,25,20.045856475830078,20.06974699907005
16,1024,3,26,20.101472854614258,20.1245229691267
16,1024,3,27,20.09939193725586,20.122101006563753
16,1024,3,28,20.336095809936523,20.359452988486737
16,1024,3,29,20.080448150634766,20.103961986023933
16,1024,3,30,20.200639724731445,20.224069012328982
16,1024,3,31,20.10268783569336,20.126339979469776
16,1024,3,32,20.387104034423828,20.410591969266534
16,1024,3,33,20.142623901367188,20.16623498639092
16,1024,3,34,20.17638397216797,20.19954298157245
16,1024,3,35,20.168384552001953,20.19184298114851
16,1024,3,36,20.4617919921875,20.48537798691541
16,1024,3,37,20.190975189208984,20.21388994762674
16,1024,3,38,20.247039794921875,20.270345965400338
16,1024,3,39,20.224159240722656,20.24749800330028
16,1024,3,40,20.4703369140625,20.494250988122076
16,1024,3,41,20.204160690307617,20.227989996783435
16,1024,3,42,20.204288482666016,20.228223002050072
16,1024,3,43,20.167648315429688,20.190852985251695
16,1024,3,44,20.482784271240234,20.50582302035764
16,1024,3,45,20.194496154785156,20.21863398840651
16,1024,3,46,20.34377670288086,20.366951008327305
16,1024,3,47,20.24457550048828,20.26789099909365
16,1024,3,48,20.550783157348633,20.574085996486247
16,1024,3,49,20.28713607788086,20.310149004217237
16,1024,3,50,20.296768188476562,20.320368988905102
16,1024,3,51,20.332416534423828,20.35611803876236
16,1024,3,52,20.565088272094727,20.58937301626429
16,1024,3,53,20.2840633392334,20.30725299846381
16,1024,3,54,20.414047241210938,20.436890015844256
16,1024,3,55,20.31599998474121,20.339465991128236
16,1024,3,56,20.599712371826172,20.623388001695275
16,1024,3,57,20.302623748779297,20.32731199869886
16,1024,3,58,20.375871658325195,20.40028799092397
16,1024,3,59,20.336000442504883,20.359229994937778
16,1024,3,60,20.61884880065918,20.64387797145173
16,1024,3,61,20.326976776123047,20.35071700811386
16,1024,3,62,20.456703186035156,20.48050903249532
16,1024,3,63,20.374624252319336,20.398175984155387
16,1024,4,1,23.347135543823242,23.43261201167479
16,1024,4,2,20.77872085571289,20.80272597959265
16,1024,4,3,20.4769287109375,20.500365004409105
16,1024,4,4,20.69340705871582,20.7173089729622
16,1024,4,5,20.2425594329834,20.266580977477133
16,1024,4,6,20.023359298706055,20.0514710159041
16,1024,4,7,19.9935359954834,20.016840018797666
16,1024,4,8,20.25542449951172,20.279822987504303
16,1024,4,9,20.0216007232666,20.044467004481703
16,1024,4,10,20.01215934753418,20.036164962220937
16,1024,4,11,20.068927764892578,20.092889957595617
16,1024,4,12,20.306943893432617,20.330637984443456
16,1024,4,13,20.055936813354492,20.079684036318213
16,1024,4,14,20.159072875976562,20.182673004455864
16,1024,4,15,20.097408294677734,20.121431967709213
16,1024,4,16,20.36934471130371,20.39366401731968
16,1024,4,17,20.11484718322754,20.13826899928972
16,1024,4,18,20.112192153930664,20.13544802321121
16,1024,4,19,20.064735412597656,20.087826997041702
16,1024,4,20,20.289344787597656,20.313726039603353
16,1024,4,21,20.033695220947266,20.056965993717313
16,1024,4,22,20.11017608642578,20.13366698520258
16,1024,4,23,20.04140853881836,20.065296965185553
16,1024,4,24,20.32534408569336,20.34901501610875
16,1024,4,25,20.08732795715332,20.111492020078003
16,1024,4,26,20.093536376953125,20.117289037443697
16,1024,4,27,20.127552032470703,20.151951990555972
16,1024,4,28,20.342784881591797,20.36640397273004
16,1024,4,29,20.10982322692871,20.134289981797338
16,1024,4,30,20.218080520629883,20.242342026904225
16,1024,4,31,20.104032516479492,20.127714960835874
16,1024,4,32,20.406143188476562,20.429798983968794
16,1024,4,33,20.11510467529297,20.139150961767882
16,1024,4,34,20.17731285095215,20.20082500530407
16,1024,4,35,20.205888748168945,20.229334011673927
16,1024,4,36,20.469696044921875,20.49355994677171
16,1024,4,37,20.181087493896484,20.204633998218924
16,1024,4,38,20.275903701782227,20.299485011491925
16,1024,4,39,20.254911422729492,20.279043004848063
16,1024,4,40,20.441312789916992,20.4648079816252
16,1024,4,41,20.213823318481445,20.23777103750035
16,1024,4,42,20.207456588745117,20.23138402728364
16,1024,4,43,20.173471450805664,20.19819401903078
16,1024,4,44,20.489856719970703,20.51383798243478
16,1024,4,45,20.225439071655273,20.24950901977718
16,1024,4,46,20.327648162841797,20.350937033072114
16,1024,4,47,20.261760711669922,20.285959006287158
16,1024,4,48,20.57868766784668,20.60214796802029
16,1024,4,49,20.248960494995117,20.27274400461465
16,1024,4,50,20.312671661376953,20.33661404857412
16,1024,4,51,20.31865692138672,20.34213300794363
16,1024,4,52,20.536575317382812,20.56022803299129
16,1024,4,53,20.26665687561035,20.290991000365466
16,1024,4,54,20.394399642944336,20.419120031874627
16,1024,4,55,20.30284881591797,20.326961996033788
16,1024,4,56,20.626176834106445,20.650219987146556
16,1024,4,57,20.34716796875,20.371110003907233
16,1024,4,58,20.35318374633789,20.37678996566683
16,1024,4,59,20.381023406982422,20.40535199921578
16,1024,4,60,20.634464263916016,20.65854298416525
16,1024,4,61,20.34307289123535,20.36685700295493
16,1024,4,62,20.49612808227539,20.519387035164982
16,1024,4,63,20.394912719726562,20.418436964973807
16,1024,5,1,22.980159759521484,23.006222036201507
16,1024,5,2,20.864608764648438,20.888244966045022
16,1024,5,3,20.44598388671875,20.469804003369063
16,1024,5,4,20.407167434692383,20.430663018487394
16,1024,5,5,20.056320190429688,20.079830021131784
16,1024,5,6,20.119903564453125,20.142761000897735
16,1024,5,7,20.048416137695312,20.071237988304347
16,1024,5,8,20.283552169799805,20.307072962168604
16,1024,5,9,20.06857681274414,20.093297003768384
16,1024,5,10,20.054943084716797,20.079040026757866
16,1024,5,11,20.052736282348633,20.076433022040874
16,1024,5,12,20.344032287597656,20.367607998196036
16,1024,5,13,20.048351287841797,20.072060986422002
16,1024,5,14,20.156160354614258,20.18028701422736
16,1024,5,15,20.15407943725586,20.177769009023905
16,1024,5,16,20.396448135375977,20.42070298921317
16,1024,5,17,20.17705535888672,20.201034960336983
16,1024,5,18,20.10710334777832,20.130929013248533
16,1024,5,19,20.03081512451172,20.05516504868865
16,1024,5,20,20.3023681640625,20.325786026660353
16,1024,5,21,20.025344848632812,20.048238977324218
16,1024,5,22,20.13916778564453,20.162990025710315
16,1024,5,23,20.055007934570312,20.07791301002726
16,1024,5,24,20.330751419067383,20.35443502245471
16,1024,5,25,20.052223205566406,20.075977954547852
16,1024,5,26,20.100576400756836,20.12473699869588
16,1024,5,27,20.112672805786133,20.136240986175835
16,1024,5,28,20.32953643798828,20.354635955300182
16,1024,5,29,20.08220863342285,20.10753797367215
16,1024,5,30,20.192256927490234,20.21576598053798
16,1024,5,31,20.131263732910156,20.154494035523385
16,1024,5,32,20.399456024169922,20.42297797743231
16,1024,5,33,20.144384384155273,20.167853974271566
16,1024,5,34,20.188255310058594,20.211664959788322
16,1024,5,35,20.16748809814453,20.19065205240622
16,1024,5,36,20.44041633605957,20.464028988499194
16,1024,5,37,20.153823852539062,20.177197002340108
16,1024,5,38,20.233375549316406,20.256831019651145
16,1024,5,39,20.227359771728516,20.251070032827556
16,1024,5,40,20.46713638305664,20.4903400153853
16,1024,5,41,20.285696029663086,20.308926003053784
16,1024,5,42,20.2458553314209,20.26860398473218
16,1024,5,43,20.24822425842285,20.27171099325642
16,1024,5,44,20.491167068481445,20.514080009888858
16,1024,5,45,20.200992584228516,20.22470999509096
16,1024,5,46,20.311296463012695,20.334748027380556
16,1024,5,47,20.23686408996582,20.2604079968296
16,1024,5,48,20.532032012939453,20.555378985591233
16,1024,5,49,20.2761287689209,20.3001550398767
16,1024,5,50,20.3002872467041,20.323542994447052
16,1024,5,51,20.289567947387695,20.312904031015933
16,1024,5,52,20.547456741333008,20.571110013406724
16,1024,5,53,20.27142333984375,20.29428002424538
16,1024,5,54,20.400863647460938,20.423838985152543
16,1024,5,55,20.337919235229492,20.36100596887991
16,1024,5,56,20.644672393798828,20.667591015808284
16,1024,5,57,20.35139274597168,20.37413598736748
16,1024,5,58,20.391935348510742,20.41516703320667
16,1024,5,59,20.342880249023438,20.36559203406796
16,1024,5,60,20.585952758789062,20.609644008800387
16,1024,5,61,20.292863845825195,20.316676993388683
16,1024,5,62,20.434656143188477,20.458040991798043
16,1024,5,63,20.36751937866211,20.39124397560954
16,1024,6,1,23.43132781982422,23.454958980437368
16,1024,6,2,21.50079917907715,21.524205978494138
16,1024,6,3,20.437152862548828,20.46110900118947
16,1024,6,4,20.641088485717773,20.665496005676687
16,1024,6,5,20.26652717590332,20.291650027502328
16,1024,6,6,20.174240112304688,20.197966950945556
16,1024,6,7,20.128576278686523,20.15294402372092
16,1024,6,8,20.38172721862793,20.405778021086007
16,1024,6,9,20.093183517456055,20.117036998271942
16,1024,6,10,20.094911575317383,20.117658015806228
16,1024,6,11,20.101152420043945,20.124030008446425
16,1024,6,12,20.348928451538086,20.371837017592043
16,1024,6,13,20.08355140686035,20.106634008698165
16,1024,6,14,20.14784049987793,20.17086197156459
16,1024,6,15,20.132671356201172,20.155464997515082
16,1024,6,16,20.38902473449707,20.41285001905635
16,1024,6,17,20.14803123474121,20.17120399978012
16,1024,6,18,20.123071670532227,20.147722971159965
16,1024,6,19,20.118207931518555,20.141932007391006
16,1024,6,20,20.27836799621582,20.302658958826214
16,1024,6,21,20.004831314086914,20.028836035635322
16,1024,6,22,20.122047424316406,20.145922026131302
16,1024,6,23,20.06617546081543,20.08933201432228
16,1024,6,24,20.340255737304688,20.36590699572116
16,1024,6,25,20.06287956237793,20.08648100309074
16,1024,6,26,20.09663963317871,20.120692963246256
16,1024,6,27,20.12428855895996,20.1475570211187
16,1024,6,28,20.337055206298828,20.361180999316275
16,1024,6,29,20.09347152709961,20.116931991651654
16,1024,6,30,20.20479965209961,20.229023008141667
16,1024,6,31,20.116575241088867,20.141263026744127
16,1024,6,32,20.42576026916504,20.4492739867419
16,1024,6,33,20.129119873046875,20.15302301151678
16,1024,6,34,20.182048797607422,20.20515501499176
16,1024,6,35,20.167423248291016,20.190425973851234
16,1024,6,36,20.447839736938477,20.470950985327363
16,1024,6,37,20.174976348876953,20.19843301968649
16,1024,6,38,20.242048263549805,20.266072009690106
16,1024,6,39,20.23961639404297,20.26349597144872
16,1024,6,40,20.481088638305664,20.504497981164604
16,1024,6,41,20.260032653808594,20.283557008951902
16,1024,6,42,20.230592727661133,20.254028029739857
16,1024,6,43,20.218496322631836,20.24289598921314
16,1024,6,44,20.466047286987305,20.489361020736396
16,1024,6,45,20.193439483642578,20.21676499862224
16,1024,6,46,20.29916763305664,20.32288897316903
16,1024,6,47,20.239904403686523,20.263682003133
16,1024,6,48,20.55023956298828,20.574318012222648
16,1024,6,49,20.29859161376953,20.322232972830534
16,1024,6,50,20.327327728271484,20.35122999222949
16,1024,6,51,20.26793670654297,20.291621971409768
16,1024,6,52,20.543455123901367,20.56707500014454
16,1024,6,53,20.282207489013672,20.30637103598565
16,1024,6,54,20.372831344604492,20.397155021782964
16,1024,6,55,20.32851219177246,20.352185994852334
16,1024,6,56,20.64044761657715,20.66398796159774
16,1024,6,57,20.35772705078125,20.381162001285702
16,1024,6,58,20.39094352722168,20.414726983290166
16,1024,6,59,20.341888427734375,20.366404962260276
16,1024,6,60,20.557247161865234,20.58118098648265
16,1024,6,61,20.28374481201172,20.307527971453965
16,1024,6,62,20.428064346313477,20.452476979698986
16,1024,6,63,20.367263793945312,20.391650963574648
16,4096,0,1,67.32003021240234,67.34945700736716
16,4096,0,2,53.5142707824707,53.5375089966692
16,4096,0,3,52.628414154052734,52.652183978352696
16,4096,0,4,52.362144470214844,52.38572199596092
16,4096,0,5,52.11199951171875,52.136373007670045
16,4096,0,6,52.18876647949219,52.2117440123111
16,4096,0,7,52.61356735229492,52.637146960478276
16,4096,0,8,52.24419021606445,52.26709897397086
16,4096,0,9,51.980159759521484,52.00353800319135
16,4096,0,10,51.935585021972656,51.95893894415349
16,4096,0,11,52.34822463989258,52.37173201749101
16,4096,0,12,52.21651077270508,52.240606979466975
16,4096,0,13,51.9087028503418,51.93213699385524
16,4096,0,14,52.02227020263672,52.04554297961295
16,4096,0,15,52.40038299560547,52.42401600116864
16,4096,0,16,52.17094421386719,52.1953979623504
16,4096,0,17,52.07583999633789,52.10108601022512
16,4096,0,18,51.98518371582031,52.00943199452013
16,4096,0,19,52.399166107177734,52.42198402993381
16,4096,0,20,52.25798416137695,52.28192399954423
16,4096,0,21,51.96144104003906,51.98592896340415
16,4096,0,22,52.10124969482422,52.12651297915727
16,4096,0,23,52.49507141113281,52.51870903884992
16,4096,0,24,52.19462585449219,52.21852194517851
16,4096,0,25,52.09564971923828,52.121139015071094
16,4096,0,26,52.05635070800781,52.0802799728699
16,4096,0,27,52.488670349121094,52.512765978462994
16,4096,0,28,52.33891296386719,52.36354097723961
16,4096,0,29,52.052734375,52.07654397236183
16,4096,0,30,52.167457580566406,52.19156498787925
16,4096,0,31,52.58428955078125,52.60814796201885
16,4096,0,32,52.2916145324707,52.31641000136733
16,4096,0,33,52.20345687866211,52.226808038540184
16,4096,0,34,52.13264083862305,52.15582699747756
16,4096,0,35,52.492862701416016,52.51672299345955
16,4096,0,36,52.40371322631836,52.42754297796637
16,4096,0,37,52.119102478027344,52.1438280120492
16,4096,0,38,52.209022521972656,52.23230499541387
16,4096,0,39,52.62166213989258,52.64551501022652
16,4096,0,40,52.33571243286133,52.35943599836901
16,4096,0,41,52.2757453918457,52.300023031421006
16,4096,0,42,52.2061767578125,52.230212022550404
16,4096,0,43,52.61779022216797,52.64226201688871
16,4096,0,44,52.4837760925293,52.507984975818545
16,4096,0,45,52.160926818847656,52.18489101389423
16,4096,0,46,52.28847885131836,52.312745014205575
16,4096,0,47,52.70870590209961,52.73336300160736
16,4096,0,48,52.46271896362305,52.487227017991245
16,4096,0,49,52.31417465209961,52.3388140136376
16,4096,0,50,52.283809661865234,52.30793700320646
16,4096,0,51,52.6596794128418,52.68345703370869
16,4096,0,52,52.544639587402344,52.56781500065699
16,4096,0,53,52.21459197998047,52.23886598832905
16,4096,0,54,52.364192962646484,52.38777701742947
16,4096,0,55,52.7716178894043,52.79580899514258
16,4096,0,56,52.49852752685547,52.52457101596519
16,4096,0,57,52.39401626586914,52.41735198069364
16,4096,0,58,52.307552337646484,52.33151698485017
16,4096,0,59,52.71244812011719,52.73648799629882
16,4096,0,60,52.653472900390625,52.677027008030564
16,4096,0,61,52.310142517089844,52.333934989292175
16,4096,0,62,52.422271728515625,52.44644696358591
16,4096,0,63,52.84675216674805,52.87073698127642
16,4096,1,1,66.20003509521484,66.23044604202732
16,4096,1,2,54.41996765136719,54.443244996946305
16,4096,1,3,52.66819381713867,52.69163101911545
16,4096,1,4,52.370784759521484,52.393691963516176
16,4096,1,5,52.07932662963867,52.102549001574516
16,4096,1,6,52.16726303100586,52.19045199919492
16,4096,1,7,52.633056640625,52.656633022706956
16,4096,1,8,52.2894401550293,52.312956016976386
16,4096,1,9,51.939327239990234,51.96303903358057
16,4096,1,10,51.94160079956055,51.96568701649085
16,4096,1,11,52.34748840332031,52.37162101548165
16,4096,1,12,52.22079849243164,52.246029023081064
16,4096,1,13,51.92793655395508,51.95130902575329
16,4096,1,14,52.0153923034668,52.039036992937326
16,4096,1,15,52.43772888183594,52.46211402118206
16,4096,1,16,52.152000427246094,52.17607697704807
16,4096,1,17,52.067806243896484,52.09192598704249
16,4096,1,18,52.024383544921875,52.04876302741468
16,4096,1,19,52.40163040161133,52.42538097081706
16,4096,1,20,52.2597770690918,52.283918019384146
16,4096,1,21,51.96588897705078,51.9900539657101
16,4096,1,22,52.07817459106445,52.101474022492766
16,4096,1,23,52.50070571899414,52.524969971273094
16,4096,1,24,52.2276496887207,52.25214798701927
16,4096,1,25,52.1126708984375,52.136112994048744
16,4096,1,26,52.07360076904297,52.098246989771724
16,4096,1,27,52.49568176269531,52.52016201848164
16,4096,1,28,52.32521438598633,52.35024698777124
16,4096,1,29,52.07756805419922,52.10160801652819
16,4096,1,30,52.16559982299805,52.18963499646634
16,4096,1,31,52.56582260131836,52.58969700662419
16,4096,1,32,52.32579040527344,52.34952800674364
16,4096,1,33,52.19609451293945,52.21937200985849
16,4096,1,34,52.14387130737305,52.16747603844851
16,4096,1,35,52.5250244140625,52.54895199323073
16,4096,1,36,52.43376159667969,52.460058010183275
16,4096,1,37,52.10224151611328,52.12559399660677
16,4096,1,38,52.216064453125,52.23967001074925
16,4096,1,39,52.67087936401367,52.69434198271483
16,4096,1,40,52.38422393798828,52.40720399888232
16,4096,1,41,52.278785705566406,52.30206600390375
16,4096,1,42,52.2151985168457,52.23835399374366
16,4096,1,43,52.59609603881836,52.6201730244793
16,4096,1,44,52.49776077270508,52.52071103313938
16,4096,1,45,52.20060729980469,52.22400696948171
16,4096,1,46,52.3021125793457,52.325992030091584
16,4096,1,47,52.73619079589844,52.76040796888992
16,4096,1,48,52.442047119140625,52.46498802443966
16,4096,1,49,52.32508850097656,52.3484279983677
16,4096,1,50,52.311038970947266,52.334022999275476
16,4096,1,51,52.669822692871094,52.69362201215699
16,4096,1,52,52.53068923950195,52.55650699837133
16,4096,1,53,52.26057434082031,52.28627898031846
16,4096,1,54,52.35948944091797,52.38317797193304
16,4096,1,55,52.77427291870117,52.79732798226178
16,4096,1,56,52.52569580078125,52.54982801852748
16,4096,1,57,52.39360046386719,52.41701804334298
16,4096,1,58,52.3139533996582,52.339380024932325
16,4096,1,59,52.76233673095703,52.787470049224794
16,4096,1,60,52.6317138671875,52.655566949397326
16,4096,1,61,52.3158073425293,52.33880301238969
16,4096,1,62,52.45286560058594,52.47716000303626
16,4096,1,63,52.83369445800781,52.85690899472684
16,4096,2,1,63.792991638183594,63.82080301409587
16,4096,2,2,53.01046371459961,53.034461045172065
16,4096,2,3,52.46380615234375,52.48826602473855
16,4096,2,4,52.44879913330078,52.474210038781166
16,4096,2,5,52.195518493652344,52.220132027287036
16,4096,2,6,52.25056076049805,52.274361019954085
16,4096,2,7,52.62335968017578,52.64742497820407
16,4096,2,8,52.10051345825195,52.1250800229609
16,4096,2,9,51.91987228393555,51.94343801122159
16,4096,2,10,51.93030548095703,51.95411300519481
16,4096,2,11,52.3317756652832,52.35630495008081
16,4096,2,12,52.223167419433594,52.24776896648109
16,4096,2,13,51.90963363647461,51.933882990852
16,4096,2,14,52.02928161621094,52.05364100402221
16,4096,2,15,52.452415466308594,52.476959011983126
16,4096,2,16,52.15091323852539,52.175204968079925
16,4096,2,17,52.07548904418945,52.10058199008927
16,4096,2,18,52.01667022705078,52.04188195057213
16,4096,2,19,52.38751983642578,52.4120390182361
16,4096,2,20,52.262718200683594,52.287200989667326
16,4096,2,21,51.95859146118164,51.98286002269015
16,4096,2,22,52.06499099731445,52.088879980146885
16,4096,2,23,52.52105712890625,52.544370002578944
16,4096,2,24,52.21059036254883,52.235363982617855
16,4096,2,25,52.12166213989258,52.146212954539806
16,4096,2,26,52.04515075683594,52.0694549777545
16,4096,2,27,52.47897720336914,52.50265699578449
16,4096,2,28,52.34211349487305,52.36597900511697
16,4096,2,29,52.0582389831543,52.08143504569307
16,4096,2,30,52.16854476928711,52.192480012308806
16,4096,2,31,52.56556701660156,52.589975006412715
16,4096,2,32,52.306495666503906,52.33063001651317
16,4096,2,33,52.19715118408203,52.221300022210926
16,4096,2,34,52.111328125,52.135903970338404
16,4096,2,35,52.56748962402344,52.591953019145876
16,4096,2,36,52.44483184814453,52.46852699201554
16,4096,2,37,52.13731384277344,52.161290019284934
16,4096,2,38,52.21763229370117,52.241702971514314
16,4096,2,39,52.64179229736328,52.665706956759095
16,4096,2,40,52.38623809814453,52.40978195797652
16,4096,2,41,52.26639938354492,52.2896769689396
16,4096,2,42,52.21382522583008,52.23692604340613
16,4096,2,43,52.660064697265625,52.684328984469175
16,4096,2,44,52.503360748291016,52.52697999821976
16,4096,2,45,52.210208892822266,52.23426903830841
16,4096,2,46,52.29625701904297,52.31950798770413
16,4096,2,47,52.68876647949219,52.712133969180286
16,4096,2,48,52.46131134033203,52.485004998743534
16,4096,2,49,52.32944107055664,52.354880957864225
16,4096,2,50,52.27920150756836,52.30262002442032
16,4096,2,51,52.66067123413086,52.683763031382114
16,4096,2,52,52.55382537841797,52.57727799471468
16,4096,2,53,52.26790237426758,52.2917159833014
16,4096,2,54,52.37788772583008,52.40138102089986
16,4096,2,55,52.76473617553711,52.789526991546154
16,4096,2,56,52.50931167602539,52.533969981595874
16,4096,2,57,52.404544830322266,52.428599970880896
16,4096,2,58,52.311710357666016,52.336114982608706
16,4096,2,59,52.76675033569336,52.79107403475791
16,4096,2,60,52.606529235839844,52.63064400060102
16,4096,2,61,52.34329605102539,52.36810096539557
16,4096,2,62,52.424800872802734,52.4486469803378
16,4096,2,63,52.88595199584961,52.91001999285072
16,4096,3,1,67.50614166259766,67.53550097346306
16,4096,3,2,54.174625396728516,54.19952404918149
16,4096,3,3,52.530399322509766,52.554411988239735
16,4096,3,4,52.37062454223633,52.39443195750937
16,4096,3,5,52.03395080566406,52.05738201038912
16,4096,3,6,52.20188903808594,52.22564999712631
16,4096,3,7,52.621280670166016,52.6464469730854
16,4096,3,8,52.147647857666016,52.1734319627285
16,4096,3,9,51.928768157958984,51.95249302778393
16,4096,3,10,51.96041488647461,51.98435299098492
16,4096,3,11,52.32729721069336,52.351352002006024
16,4096,3,12,52.21513748168945,52.239771001040936
16,4096,3,13,51.9310417175293,51.95407901192084
16,4096,3,14,52.031455993652344,52.055703999940306
16,4096,3,15,52.39478302001953,52.41797398775816
16,4096,3,16,52.19007873535156,52.21426399657503
16,4096,3,17,52.0840950012207,52.10936802905053
16,4096,3,18,51.99568176269531,52.019251976162195
16,4096,3,19,52.36172866821289,52.38547798944637
16,4096,3,20,52.231201171875,52.25505499402061
16,4096,3,21,51.96035385131836,51.98474996723235
16,4096,3,22,52.08652877807617,52.11009399499744
16,4096,3,23,52.49292755126953,52.51720198430121
16,4096,3,24,52.21366500854492,52.23758704960346
16,4096,3,25,52.12451171875,52.14876402169466
16,4096,3,26,52.09312057495117,52.11662297369912
16,4096,3,27,52.44764709472656,52.470984985120595
16,4096,3,28,52.347713470458984,52.37112700706348
16,4096,3,29,52.05107116699219,52.07554600201547
16,4096,3,30,52.15116882324219,52.178789977915585
16,4096,3,31,52.568641662597656,52.59245599154383
16,4096,3,32,52.31273651123047,52.33619699720293
16,4096,3,33,52.19420623779297,52.218781027477235
16,4096,3,34,52.12140655517578,52.144662011414766
16,4096,3,35,52.51939010620117,52.542841993272305
16,4096,3,36,52.40745544433594,52.43092402815819
16,4096,3,37,52.12995147705078,52.154014992993325
16,4096,3,38,52.22419357299805,52.24758997792378
16,4096,3,39,52.61084747314453,52.634980995208025
16,4096,3,40,52.353248596191406,52.37701500300318
16,4096,3,41,52.24480056762695,52.26830096216872
16,4096,3,42,52.22073745727539,52.244286984205246
16,4096,3,43,52.60630416870117,52.63032601214945
16,4096,3,44,52.47916793823242,52.502192032989115
16,4096,3,45,52.17887878417969,52.20247502438724
16,4096,3,46,52.29225540161133,52.31519398512319
16,4096,3,47,52.670047760009766,52.69369401503354
16,4096,3,48,52.408897399902344,52.43286001496017
16,4096,3,49,52.351680755615234,52.375566971022636
16,4096,3,50,52.274654388427734,52.298762020654976
16,4096,3,51,52.65465545654297,52.67851700773463
16,4096,3,52,52.5852165222168,52.60930600343272
16,4096,3,53,52.238399505615234,52.2621680283919
16,4096,3,54,52.34572982788086,52.36939899623394
16,4096,3,55,52.78566360473633,52.809058979619294
16,4096,3,56,52.50374221801758,52.52762703457847
16,4096,3,57,52.40425491333008,52.42861696751788
16,4096,3,58,52.31631851196289,52.339935034979135
16,4096,3,59,52.74844741821289,52.77184897568077
16,4096,3,60,52.639713287353516,52.66376200597733
16,4096,3,61,52.30073547363281,52.32476501259953
16,4096,3,62,52.42448043823242,52.44827503338456
16,4096,3,63,52.85958480834961,52.882756979670376
16,4096,4,1,67.02543640136719,67.05680297454819
16,4096,4,2,53.34067153930664,53.36490803165361
16,4096,4,3,52.70671844482422,52.73081496125087
16,4096,4,4,52.431007385253906,52.4551949929446
16,4096,4,5,52.0863037109375,52.10995295783505
16,4096,4,6,52.14252853393555,52.16691398527473
16,4096,4,7,52.56595230102539,52.590142004191875
16,4096,4,8,52.174591064453125,52.19935602508485
16,4096,4,9,52.01811218261719,52.04304296057671
16,4096,4,10,51.93052673339844,51.95540003478527
16,4096,4,11,52.368736267089844,52.391909004654735
16,4096,4,12,52.20991897583008,52.23388801096007
16,4096,4,13,51.938655853271484,51.961719000246376
16,4096,4,14,52.022945404052734,52.046714001335204
16,4096,4,15,52.43360137939453,52.45792301138863
16,4096,4,16,52.14771270751953,52.17166297370568
16,4096,4,17,52.0588493347168,52.08299896912649
16,4096,4,18,52.00089645385742,52.02423199079931
16,4096,4,19,52.41593551635742,52.43984604021534
16,4096,4,20,52.27452850341797,52.29861295083538
16,4096,4,21,51.95859146118164,51.98330100392923
16,4096,4,22,52.10095977783203,52.12487996323034
16,4096,4,23,52.49353790283203,52.51775501528755
16,4096,4,24,52.212833404541016,52.2386779775843
16,4096,4,25,52.09260940551758,52.11726698325947
16,4096,4,26,52.03993606567383,52.06372000975534
16,4096,4,27,52.45552062988281,52.479486039374024
16,4096,4,28,52.36851119995117,52.392393990885466
16,4096,4,29,52.05974578857422,52.08387097809464
16,4096,4,30,52.15212631225586,52.175724995322526
16,4096,4,31,52.563873291015625,52.58730199420825
16,4096,4,32,52.29942321777344,52.32339503709227
16,4096,4,33,52.21596908569336,52.24016401916742
16,4096,4,34,52.13296127319336,52.15655697975308
16,4096,4,35,52.5274543762207,52.55127203417942
16,4096,4,36,52.43596649169922,52.45929601369426
16,4096,4,37,52.103233337402344,52.12763900635764
16,4096,4,38,52.19343948364258,52.21751501085237
16,4096,4,39,52.6478385925293,52.67195199849084
16,4096,4,40,52.386112213134766,52.41017404478043
16,4096,4,41,52.23875045776367,52.262736950069666
16,4096,4,42,52.238494873046875,52.26224899524823
16,4096,4,43,52.617279052734375,52.64100700151175
16,4096,4,44,52.47411346435547,52.49840102624148
16,4096,4,45,52.14441680908203,52.16831201687455
16,4096,4,46,52.28518295288086,52.30921402107924
16,4096,4,47,52.731231689453125,52.75542999152094
16,4096,4,48,52.43475341796875,52.45932599063963
16,4096,4,49,52.33919906616211,52.36249300651252
16,4096,4,50,52.29529571533203,52.33744002180174
16,4096,4,51,52.9716796875,53.04288904881105
16,4096,4,52,52.55644989013672,52.58301499998197
16,4096,4,53,52.22457504272461,52.2484130342491
16,4096,4,54,52.39363098144531,52.418528008274734
16,4096,4,55,52.75040054321289,52.77424299856648
16,4096,4,56,52.50227355957031,52.52649902831763
16,4096,4,57,52.41379165649414,52.43787600193173
16,4096,4,58,52.30953598022461,52.33346397290006
16,4096,4,59,52.76908874511719,52.79350304044783
16,4096,4,60,52.629600524902344,52.65481898095459
16,4096,4,61,52.31145477294922,52.33465402852744
16,4096,4,62,52.431488037109375,52.45566100347787
16,4096,4,63,52.867008209228516,52.89206502493471
16,4096,5,1,64.56492614746094,64.59192896727473
16,4096,5,2,53.54326248168945,53.571386029943824
16,4096,5,3,52.497215270996094,52.52113501774147
16,4096,5,4,52.37926483154297,52.403302979655564
16,4096,5,5,52.080257415771484,52.10407800041139
16,4096,5,6,52.2039680480957,52.227996988222
16,4096,5,7,52.62364959716797,52.647784003056586
16,4096,5,8,52.073150634765625,52.097201987635344
16,4096,5,9,51.929054260253906,51.9519749796018
16,4096,5,10,51.89263916015625,51.91586201544851
16,4096,5,11,52.337791442871094,52.3620750172995
16,4096,5,12,52.22934341430664,52.2540079546161
16,4096,5,13,51.943809509277344,51.97241494897753
16,4096,5,14,52.03007888793945,52.05427895998582
16,4096,5,15,52.44502258300781,52.46859200997278
16,4096,5,16,52.18048095703125,52.20508296042681
16,4096,5,17,52.080833435058594,52.10548301693052
16,4096,5,18,51.97804641723633,52.00224200962111
16,4096,5,19,52.41209411621094,52.43657302344218
16,4096,5,20,52.28927993774414,52.31356102740392
16,4096,5,21,51.96604919433594,51.99058598373085
16,4096,5,22,52.056766510009766,52.080435038078576
16,4096,5,23,52.507423400878906,52.53168201306835
16,4096,5,24,52.230751037597656,52.254678041208535
16,4096,5,25,52.08883285522461,52.11311700986698
16,4096,5,26,52.07958221435547,52.103781956247985
16,4096,5,27,52.481536865234375,52.50601301668212
16,4096,5,28,52.366943359375,52.391498000361025
16,4096,5,29,52.0623664855957,52.0873709465377
16,4096,5,30,52.137054443359375,52.16339201433584
16,4096,5,31,52.58902359008789,52.61245998553932
16,4096,5,32,52.34572982788086,52.36972100101411
16,4096,5,33,52.20671844482422,52.23067197948694
16,4096,5,34,52.170528411865234,52.193732000887394
16,4096,5,35,52.51990509033203,52.54366103326902
16,4096,5,36,52.42598342895508,52.449515031185
16,4096,5,37,52.141727447509766,52.16664599720389
16,4096,5,38,52.185184478759766,52.21008899388835
16,4096,5,39,52.618465423583984,52.642785012722015
16,4096,5,40,52.376705169677734,52.40199505351484
16,4096,5,41,52.258399963378906,52.282598975580186
16,4096,5,42,52.24732971191406,52.2711900412105
16,4096,5,43,52.63817596435547,52.67086799722165
16,4096,5,44,52.56358337402344,52.589609986171126
16,4096,5,45,52.216766357421875,52.241052966564894
16,4096,5,46,52.308414459228516,52.33334098011255
16,4096,5,47,52.7147216796875,52.739028993528336
16,4096,5,48,52.43657684326172,52.4597960175015
16,4096,5,49,52.33564758300781,52.36266297288239
16,4096,5,50,52.261470794677734,52.28633695514873
16,4096,5,51,52.66057586669922,52.684869966469705
16,4096,5,52,52.595489501953125,52.621650975197554
16,4096,5,53,52.26588821411133,52.289580984506756
16,4096,5,54,52.35286331176758,52.37647902686149
16,4096,5,55,52.778846740722656,52.8022829676047
16,4096,5,56,52.5145263671875,52.538515999913216
16,4096,5,57,52.36921691894531,52.39663599058986
16,4096,5,58,52.3098258972168,52.333861007355154
16,4096,5,59,52.72691345214844,52.75109002832323
16,4096,5,60,52.637855529785156,52.661575959064066
16,4096,5,61,52.3265266418457,52.3507219622843
16,4096,5,62,52.431297302246094,52.45533201377839
16,4096,5,63,52.85152053833008,52.875472989398986
16,4096,6,1,64.74082946777344,64.76973299868405
16,4096,6,2,53.22867202758789,53.25393896782771
16,4096,6,3,52.84672164916992,52.870712999720126
16,4096,6,4,52.401695251464844,52.42589197587222
16,4096,6,5,52.08099365234375,52.107523020822555
16,4096,6,6,52.15446472167969,52.17856704257429
16,4096,6,7,52.605438232421875,52.628776989877224
16,4096,6,8,52.19993591308594,52.224119019228965
16,4096,6,9,52.00815963745117,52.0321000367403
16,4096,6,10,51.91084671020508,51.934882008936256
16,4096,6,11,52.33852767944336,52.36203700769693
16,4096,6,12,52.210174560546875,52.23340296652168
16,4096,6,13,51.909664154052734,51.93392396904528
16,4096,6,14,52.01356887817383,52.03765502665192
16,4096,6,15,52.4194221496582,52.442679007072
16,4096,6,16,52.14112091064453,52.16449999716133
16,4096,6,17,52.07231903076172,52.096230967435986
16,4096,6,18,51.999168395996094,52.02253902098164
16,4096,6,19,52.38963317871094,52.41325398674235
16,4096,6,20,52.22457504272461,52.24813398672268
16,4096,6,21,51.9502067565918,51.97392398258671
16,4096,6,22,52.03936004638672,52.06234200159088
16,4096,6,23,52.482879638671875,52.50600399449468
16,4096,6,24,52.212799072265625,52.2363759810105
16,4096,6,25,52.10700988769531,52.13087401352823
16,4096,6,26,52.061920166015625,52.08619497716427
16,4096,6,27,52.45859146118164,52.483124018181115
16,4096,6,28,52.336769104003906,52.359613007865846
16,4096,6,29,52.02422332763672,52.047403005417436
16,4096,6,30,52.14838409423828,52.17181297484785
16,4096,6,31,52.532894134521484,52.55590396700427
16,4096,6,32,52.312095642089844,52.334843028802425
16,4096,6,33,52.19561767578125,52.218485972844064
16,4096,6,34,52.13676834106445,52.15991003206
16,4096,6,35,52.53647994995117,52.559518022462726
16,4096,6,36,52.397823333740234,52.42164805531502
16,4096,6,37,52.13801574707031,52.160966966766864
16,4096,6,38,52.22159957885742,52.24513198481873
16,4096,6,39,52.63996887207031,52.6630450040102
16,4096,6,40,52.3656005859375,52.38908698083833
16,4096,6,41,52.26015853881836,52.28343000635505
16,4096,6,42,52.21206283569336,52.2356330184266
16,4096,6,43,52.5813102722168,52.6047270395793
16,4096,6,44,52.44838333129883,52.47223301557824
16,4096,6,45,52.180702209472656,52.20376898068935
16,4096,6,46,52.28432083129883,52.30785900494084
16,4096,6,47,52.711360931396484,52.73549602134153
16,4096,6,48,52.42108917236328,52.44524095905945
16,4096,6,49,52.32511901855469,52.349803037941456
16,4096,6,50,52.2850227355957,52.30927997035906
16,4096,6,51,52.63961410522461,52.66315798508003
16,4096,6,52,52.54972839355469,52.573717024642974
16,4096,6,53,52.23273468017578,52.25699697621167
16,4096,6,54,52.33225631713867,52.355210995301604
16,4096,6,55,52.762847900390625,52.78699198970571
16,4096,6,56,52.51417541503906,52.537945040967315
16,4096,6,57,52.396766662597656,52.42047499632463
16,4096,6,58,52.340415954589844,52.363932016305625
16,4096,6,59,52.75241470336914,52.77642299188301
16,4096,6,60,52.62374496459961,52.647399017587304
16,4096,6,61,52.31977462768555,52.344436990097165
16,4096,6,62,52.441951751708984,52.466036984696984
16,4096,6,63,52.85871887207031,52.882706047967076
