batch,prompt_length,repeat,step,gpu_decode_ms,wall_decode_ms
1,128,0,1,24.29132843017578,24.317560004419647
1,128,0,2,24.29132843017578,24.317089992109686
1,128,0,3,24.293376922607422,24.31978000095114
1,128,0,4,24.277664184570312,24.303440004587173
1,128,0,5,24.271936416625977,24.298299991642125
1,128,0,6,24.29132843017578,24.31713999249041
1,128,0,7,24.29132843017578,24.318329989910126
1,128,0,8,24.29020881652832,24.315809991094284
1,128,0,9,24.30246353149414,24.328229992534034
1,128,0,10,24.358783721923828,24.384270000155084
1,128,0,11,24.26464080810547,24.289949986268766
1,128,0,12,24.29439926147461,24.32122000027448
1,128,0,13,24.31385612487793,24.34120001271367
1,128,0,14,24.281856536865234,24.308089996338822
1,128,0,15,24.277952194213867,24.303949991008267
1,128,0,16,24.2739200592041,24.29902000585571
1,128,0,17,24.28006362915039,24.306680003064685
1,128,0,18,24.28006362915039,24.3077000050107
1,128,0,19,24.27654457092285,24.301869998453185
1,128,0,20,24.27574348449707,24.301550001837313
1,128,0,21,24.274944305419922,24.300289995153435
1,128,0,22,24.30668830871582,24.33333999942988
1,128,0,23,24.302560806274414,24.327859995537437
1,128,0,24,24.31283187866211,24.340039992239326
1,128,0,25,24.31283187866211,24.338600007467903
1,128,0,26,24.302335739135742,24.32824000425171
1,128,0,27,24.28108787536621,24.306409992277622
1,128,0,28,24.30054473876953,24.325639999005944
1,128,0,29,24.29952049255371,24.324730009539053
1,128,0,30,24.33228874206543,24.358599999686703
1,128,0,31,24.32921600341797,24.35480999702122
1,128,0,32,24.31385612487793,24.339540002983995
1,128,0,33,24.30156707763672,24.328579995199107
1,128,0,34,24.30156707763672,24.326669998117723
1,128,0,35,24.29702377319336,24.322740006027743
1,128,0,36,24.302528381347656,24.328239989699796
1,128,0,37,24.30463981628418,24.33075000590179
1,128,0,38,24.31158447265625,24.338060000445694
1,128,0,39,24.3056640625,24.33137000480201
1,128,0,40,24.307552337646484,24.33268999448046
1,128,0,41,24.309568405151367,24.334419998922385
1,128,0,42,24.30771255493164,24.332860004506074
1,128,0,43,24.31283187866211,24.338069997611456
1,128,0,44,24.30873680114746,24.334069996257313
1,128,0,45,24.311647415161133,24.33642999676522
1,128,0,46,24.3056640625,24.330529995495453
1,128,0,47,24.31590461730957,24.341500000446104
1,128,0,48,24.303264617919922,24.328290004632436
1,128,0,49,24.307296752929688,24.332829998456873
1,128,0,50,24.306560516357422,24.33157000632491
1,128,0,51,24.30975914001465,24.336489994311705
1,128,0,52,24.370176315307617,24.39605000836309
1,128,0,53,24.303295135498047,24.32947000488639
1,128,0,54,24.31488037109375,24.34124999854248
1,128,0,55,24.32819175720215,24.354780005523935
1,128,0,56,24.31999969482422,24.345350000658073
1,128,0,57,24.30975914001465,24.342710006749257
1,128,0,58,24.310367584228516,24.33618000941351
1,128,0,59,24.310527801513672,24.336219998076558
1,128,0,60,24.30944061279297,24.335019988939166
1,128,0,61,24.30975914001465,24.336009999387898
1,128,0,62,24.315519332885742,24.340849995496683
1,128,0,63,24.31123161315918,24.337039998499677
1,128,1,1,24.28108787536621,24.308690000907518
1,128,1,2,24.25446319580078,24.280850004288368
1,128,1,3,24.268640518188477,24.29373998893425
1,128,1,4,24.267616271972656,24.292579997563735
1,128,1,5,24.2739200592041,24.300329998368397
1,128,1,6,28.472320556640625,28.49777000665199
1,128,1,7,24.33625602722168,24.36144999228418
1,128,1,8,24.267776489257812,24.293870010296814
1,128,1,9,24.275775909423828,24.301140001625754
1,128,1,10,24.267776489257812,24.293890004628338
1,128,1,11,24.27187156677246,24.297569994814694
1,128,1,12,24.266368865966797,24.291519992402755
1,128,1,13,24.28927993774414,24.317019997397438
1,128,1,14,24.302207946777344,24.328769999556243
1,128,1,15,24.30463981628418,24.33928000391461
1,128,1,16,24.30259132385254,24.32889999181498
1,128,1,17,24.26982307434082,24.2955499998061
1,128,1,18,24.269920349121094,24.295499999425374
1,128,1,19,24.2872314453125,24.311640008818358
1,128,1,20,24.282079696655273,24.308439999003895
1,128,1,21,24.275968551635742,24.301860001287423
1,128,1,22,24.28108787536621,24.307290004799142
1,128,1,23,24.279712677001953,24.30611000454519
1,128,1,24,24.27903938293457,24.304759994265623
1,128,1,25,24.27801513671875,24.304370002937503
1,128,1,26,24.28211212158203,24.308370004291646
1,128,1,27,24.2923526763916,24.318620009580627
1,128,1,28,24.29952049255371,24.32617000886239
1,128,1,29,24.292255401611328,24.318259995197877
1,128,1,30,24.305503845214844,24.332000000867993
1,128,1,31,24.305376052856445,24.331799999345094
1,128,1,32,24.29747200012207,24.32445999875199
1,128,1,33,24.30054473876953,24.326999991899356
1,128,1,34,24.310495376586914,24.337869996088557
1,128,1,35,24.312768936157227,24.347469996428117
1,128,1,36,24.31350326538086,24.339039999176748
1,128,1,37,24.305503845214844,24.33007999206893
1,128,1,38,24.305376052856445,24.330500003998168
1,128,1,39,24.312543869018555,24.33835000556428
1,128,1,40,24.29529571533203,24.32070999930147
1,128,1,41,24.31078338623047,24.336889997357503
1,128,1,42,24.31273651123047,24.339309995411895
1,128,1,43,24.320863723754883,24.347140002646483
1,128,1,44,24.31171226501465,24.337130002095364
1,128,1,45,24.33014488220215,24.356130001251586
1,128,1,46,24.32819175720215,24.354980007046834
1,128,1,47,24.335359573364258,24.362790005397983
1,128,1,48,24.363008499145508,24.389500002143905
1,128,1,49,24.34351921081543,24.369699996896088
1,128,1,50,24.335359573364258,24.36223000404425
1,128,1,51,24.340383529663086,24.365620003663935
1,128,1,52,24.31590461730957,24.342399992747232
1,128,1,53,24.29987144470215,24.32577998843044
1,128,1,54,24.30975914001465,24.3356400023913
1,128,1,55,24.333248138427734,24.368999991565943
1,128,1,56,24.365055084228516,24.397379995207302
1,128,1,57,24.330080032348633,24.356550013180822
1,128,1,58,24.31590461730957,24.343359997146763
1,128,1,59,24.31283187866211,24.33842999744229
1,128,1,60,24.29952049255371,24.326400001882575
1,128,1,61,24.3056640625,24.33154000027571
1,128,1,62,24.30745506286621,24.332670000148937
1,128,1,63,24.292255401611328,24.317669987794943
1,128,2,1,24.256511688232422,24.282350001158193
1,128,2,2,24.24051284790039,24.266289998195134
1,128,2,3,24.248319625854492,24.274609997519292
1,128,2,4,24.25539207458496,24.282710000989027
1,128,2,5,24.253087997436523,24.279220000607893
1,128,2,6,24.24799919128418,24.272879993077368
1,128,2,7,24.26246452331543,24.286750005558133
1,128,2,8,24.256511688232422,24.28196999244392
1,128,2,9,24.250368118286133,24.284599989186972
1,128,2,10,24.47769546508789,24.513540003681555
1,128,2,11,24.248319625854492,24.273710005218163
1,128,2,12,24.247936248779297,24.273910006741062
1,128,2,13,24.258560180664062,24.284600003738888
1,128,2,14,24.248031616210938,24.272959999507293
1,128,2,15,24.262752532958984,24.288920001708902
1,128,2,16,24.267776489257812,24.294609989738092
1,128,2,17,24.275968551635742,24.307470011990517
1,128,2,18,24.27187156677246,24.300820005009882
1,128,2,19,24.257343292236328,24.282390004373156
1,128,2,20,24.25632095336914,24.281570003950037
1,128,2,21,24.259296417236328,24.283770006150007
1,128,2,22,24.266080856323242,24.292430010973476
1,128,2,23,24.26367950439453,24.288660002639517
1,128,2,24,24.28620719909668,24.31214999523945
1,128,2,25,24.288864135742188,24.31454999896232
1,128,2,26,24.26367950439453,24.28956000949256
1,128,2,27,24.27177619934082,24.29736001067795
1,128,2,28,24.276992797851562,24.301610013935715
1,128,2,29,24.29030418395996,24.316280003404245
1,128,2,30,24.275392532348633,24.300980003317818
1,128,2,31,24.406015396118164,24.431639991234988
1,128,2,32,24.28006362915039,24.30560000357218
1,128,2,33,24.281696319580078,24.30828999786172
1,128,2,34,24.29030418395996,24.316590002854355
1,128,2,35,24.276992797851562,24.303149999468587
1,128,2,36,24.28211212158203,24.307860003318638
1,128,2,37,24.28278350830078,24.308160005602986
1,128,2,38,24.28927993774414,24.314840004080907
1,128,2,39,24.28211212158203,24.30818999710027
1,128,2,40,24.2872314453125,24.313889996847138
1,128,2,41,24.2872314453125,24.321379998582415
1,128,2,42,24.28927993774414,24.31454000179656
1,128,2,43,24.28825569152832,24.314679991221055
1,128,2,44,24.289920806884766,24.31488000729587
1,128,2,45,24.293119430541992,24.31811000860762
1,128,2,46,24.29100799560547,24.316329989233054
1,128,2,47,24.29132843017578,24.31726999930106
1,128,2,48,24.2923526763916,24.317660005181096
1,128,2,49,24.28646469116211,24.311779998242855
1,128,2,50,24.29030418395996,24.315130009199493
1,128,2,51,24.29408073425293,24.318910000147298
1,128,2,52,24.29030418395996,24.315670001669787
1,128,2,53,24.28704071044922,24.313450005138293
1,128,2,54,24.29030418395996,24.315339993336238
1,128,2,55,24.285184860229492,24.31082000839524
1,128,2,56,24.30054473876953,24.32610999676399
1,128,2,57,24.29542350769043,24.32063000742346
1,128,2,58,24.295551300048828,24.321300006704405
1,128,2,59,24.290176391601562,24.316280003404245
1,128,2,60,24.310592651367188,24.33673999621533
1,128,2,61,24.307680130004883,24.3406500085257
1,128,2,62,24.309568405151367,24.33549999841489
1,128,2,63,24.29542350769043,24.32029999908991
1,128,3,1,24.26470375061035,24.29122998728417
1,128,3,2,24.242176055908203,24.26788999582641
1,128,3,3,24.247295379638672,24.272890004795045
1,128,3,4,24.25347137451172,24.279170000227168
1,128,3,5,24.26367950439453,24.289139997563325
1,128,3,6,24.26265525817871,24.28877999773249
1,128,3,7,24.2554874420166,24.280630008433945
1,128,3,8,24.2554874420166,24.287139996886253
1,128,3,9,24.276992797851562,24.306570005137473
1,128,3,10,24.25446319580078,24.2798999970546
1,128,3,11,24.245248794555664,24.270569992950186
1,128,3,12,24.254304885864258,24.27995001198724
1,128,3,13,24.262271881103516,24.286900006700307
1,128,3,14,24.264448165893555,24.290009998367168
1,128,3,15,24.256511688232422,24.282000013045035
1,128,3,16,24.261632919311523,24.286209998535924
1,128,3,17,24.261728286743164,24.286650004796684
1,128,3,18,24.258272171020508,24.283909995574504
1,128,3,19,24.261247634887695,24.28601001156494
1,128,3,20,24.260608673095703,24.285969993798062
1,128,3,21,24.267744064331055,24.293880007462576
1,128,3,22,24.271968841552734,24.29803999257274
1,128,3,23,24.26051139831543,24.285189996589907
1,128,3,24,24.266752243041992,24.291869995067827
1,128,3,25,24.257535934448242,24.283489998197183
1,128,3,26,24.27177619934082,24.29771001334302
1,128,3,27,24.31078338623047,24.33646000281442
1,128,3,28,24.27801513671875,24.30409999215044
1,128,3,29,24.284095764160156,24.309710002853535
1,128,3,30,24.284896850585938,24.30956000171136
1,128,3,31,24.281919479370117,24.307850006152876
1,128,3,32,24.284832000732422,24.311199988005683
1,128,3,33,24.284160614013672,24.31059000082314
1,128,3,34,24.30633544921875,24.331730004632846
1,128,3,35,24.2923526763916,24.317420000443235
1,128,3,36,24.27801513671875,24.302630001329817
1,128,3,37,24.31078338623047,24.336179994861595
1,128,3,38,24.3056640625,24.331170003279112
1,128,3,39,24.292320251464844,24.317869989317842
1,128,3,40,24.28825569152832,24.31348999380134
1,128,3,41,24.30463981628418,24.330339991138317
1,128,3,42,24.30054473876953,24.326400001882575
1,128,3,43,24.329343795776367,24.355400004424155
1,128,3,44,24.284160614013672,24.308990003191866
1,128,3,45,24.339487075805664,24.365479999687523
1,128,3,46,24.328960418701172,24.35394999338314
1,128,3,47,24.293119430541992,24.317970004631206
1,128,3,48,24.30873680114746,24.33426999778021
1,128,3,49,24.293376922607422,24.318140000104904
1,128,3,50,24.293376922607422,24.320100012118928
1,128,3,51,24.297311782836914,24.322829995071515
1,128,3,52,24.2872314453125,24.313010013429448
1,128,3,53,24.29100799560547,24.315529997693375
1,128,3,54,24.28700828552246,24.311630011652596
1,128,3,55,24.28108787536621,24.305890008690767
1,128,3,56,24.29644775390625,24.321899996721186
1,128,3,57,24.29439926147461,24.32018000399694
1,128,3,58,24.297632217407227,24.323329998878762
1,128,3,59,24.298240661621094,24.323019999428652
1,128,3,60,24.29987144470215,24.325500009581447
1,128,3,61,24.29030418395996,24.316039998666383
1,128,3,62,24.29952049255371,24.32573000260163
1,128,3,63,24.305728912353516,24.330630010808818
1,128,4,1,24.262720108032227,24.28846000111662
1,128,4,2,24.241151809692383,24.266590000479482
1,128,4,3,24.252416610717773,24.27814000111539
1,128,4,4,24.251392364501953,24.27704000729136
1,128,4,5,24.249919891357422,24.275599993416108
1,128,4,6,24.2554874420166,24.28065000276547
1,128,4,7,24.25446319580078,24.2797300015809
1,128,4,8,24.248319625854492,24.273340008221567
1,128,4,9,24.250112533569336,24.2753200000152
1,128,4,10,24.253440856933594,24.278150012833066
1,128,4,11,24.336383819580078,24.361260002478957
1,128,4,12,24.257535934448242,24.282900005346164
1,128,4,13,24.2554874420166,24.280819998239167
1,128,4,14,24.257375717163086,24.281429999973625
1,128,4,15,24.261632919311523,24.286639993079007
1,128,4,16,24.259552001953125,24.284009996335953
1,128,4,17,24.265727996826172,24.291510009788908
1,128,4,18,24.260608673095703,24.285189996589907
1,128,4,19,24.256511688232422,24.281830003019422
1,128,4,20,24.260608673095703,24.28557000530418
1,128,4,21,24.259584426879883,24.284800005261786
1,128,4,22,24.278207778930664,24.304629987454973
1,128,4,23,24.29132843017578,24.316559996805154
1,128,4,24,24.2840633392334,24.30879999883473
1,128,4,25,24.28927993774414,24.315570000908338
1,128,4,26,24.298303604125977,24.323330013430677
1,128,4,27,24.30361557006836,24.329930005478673
1,128,4,28,24.318527221679688,24.344409990590066
1,128,4,29,24.28041648864746,24.30663000268396
1,128,4,30,24.275968551635742,24.301270008436404
1,128,4,31,24.27801513671875,24.303980011609383
1,128,4,32,28.835840225219727,28.860759994131513
1,128,4,33,24.293407440185547,24.31798999896273
1,128,4,34,24.2739200592041,24.29882000433281
1,128,4,35,24.287904739379883,24.312930006999522
1,128,4,36,24.286048889160156,24.3112300086068
1,128,4,37,24.2860164642334,24.310670007253066
1,128,4,38,24.2871036529541,24.311800007126294
1,128,4,39,24.28927993774414,24.31602000433486
1,128,4,40,24.28927993774414,24.314640002558008
1,128,4,41,24.291231155395508,24.316049995832145
1,128,4,42,24.31180763244629,24.338520001037978
1,128,4,43,24.291072845458984,24.315550006576814
1,128,4,44,24.29132843017578,24.316820010426454
1,128,4,45,24.29542350769043,24.321020013303496
1,128,4,46,24.292064666748047,24.31785999215208
1,128,4,47,24.301183700561523,24.32797999063041
1,128,4,48,24.29644775390625,24.321730001247488
1,128,4,49,24.294687271118164,24.32025999587495
1,128,4,50,24.30022430419922,24.324860001797788
1,128,4,51,24.297536849975586,24.322999990545213
1,128,4,52,24.29542350769043,24.32049000344705
1,128,4,53,24.2872314453125,24.31214999523945
1,128,4,54,24.28825569152832,24.313250003615394
1,128,4,55,24.287967681884766,24.31286999490112
1,128,4,56,24.326143264770508,24.35205999063328
1,128,4,57,24.3189754486084,24.3447699904209
1,128,4,58,24.2923526763916,24.318009993294254
1,128,4,59,24.314592361450195,24.339440002222545
1,128,4,60,24.297183990478516,24.32260000205133
1,128,4,61,24.318368911743164,24.34427999833133
1,128,4,62,24.34764862060547,24.373370004468597
1,128,4,63,24.303552627563477,24.328049999894574
1,128,5,1,24.285152435302734,24.310540000442415
1,128,5,2,24.236032485961914,24.262399994768202
1,128,5,3,24.27689552307129,24.302140009240247
1,128,5,4,24.28620719909668,24.313140005688183
1,128,5,5,24.28700828552246,24.312959998496808
1,128,5,6,24.29542350769043,24.321100005181506
1,128,5,7,24.248287200927734,24.273999995784834
1,128,5,8,24.263296127319336,24.289239998324774
1,128,5,9,24.256223678588867,24.28189999773167
1,128,5,10,24.252416610717773,24.277689997688867
1,128,5,11,24.25436782836914,24.279859993839636
1,128,5,12,24.29132843017578,24.316499999258667
1,128,5,13,24.253215789794922,24.27910000551492
1,128,5,14,24.25712013244629,24.28148000035435
1,128,5,15,24.257535934448242,24.282529993797652
1,128,5,16,24.302719116210938,24.328220009920187
1,128,5,17,24.266752243041992,24.292269998113625
1,128,5,18,24.260480880737305,24.28544999565929
1,128,5,19,24.265567779541016,24.29021999705583
1,128,5,20,24.265727996826172,24.2907399951946
1,128,5,21,24.266752243041992,24.292699992656708
1,128,5,22,24.273056030273438,24.299149998114444
1,128,5,23,24.26265525817871,24.288000000524335
1,128,5,24,24.266752243041992,24.2924199992558
1,128,5,25,24.26367950439453,24.288799992064014
1,128,5,26,24.262624740600586,24.28701000462752
1,128,5,27,24.275968551635742,24.301539990119636
1,128,5,28,24.285184860229492,24.30949998961296
1,128,5,29,24.27724838256836,24.302530000568368
1,128,5,30,24.286943435668945,24.31145000446122
1,128,5,31,24.281984329223633,24.307309999130666
1,128,5,32,24.28825569152832,24.314289999892935
1,128,5,33,24.295167922973633,24.320200012880377
1,128,5,34,24.28313636779785,24.30826998897828
1,128,5,35,24.288063049316406,24.3138699879637
1,128,5,36,24.282175064086914,24.308020001626574
1,128,5,37,24.30873680114746,24.334379995707422
1,128,5,38,24.30841636657715,24.334140005521476
1,128,5,39,24.314559936523438,24.34013001038693
1,128,5,40,24.2872314453125,24.312919995281845
1,128,5,41,24.2871036529541,24.311770001077093
1,128,5,42,24.28995132446289,24.314830006915145
1,128,5,43,24.30463981628418,24.330989996087737
1,128,5,44,24.284160614013672,24.30980998906307
1,128,5,45,24.298336029052734,24.323979989276268
1,128,5,46,24.295072555541992,24.33150001161266
1,128,5,47,24.30054473876953,24.326640006620437
1,128,5,48,24.28700828552246,24.31213999807369
1,128,5,49,24.293312072753906,24.320540003827773
1,128,5,50,24.294111251831055,24.318109994055703
1,128,5,51,24.285184860229492,24.310409993631765
1,128,5,52,24.28620719909668,24.310299995704554
1,128,5,53,24.29747200012207,24.322840006789193
1,128,5,54,24.28927993774414,24.31341000192333
1,128,5,55,24.31180763244629,24.33581999503076
1,128,5,56,24.292064666748047,24.317289993632585
1,128,5,57,24.28825569152832,24.31313000852242
1,128,5,58,24.2923526763916,24.317089992109686
1,128,5,59,24.29952049255371,24.324500001966953
1,128,5,60,24.30259132385254,24.326929997187108
1,128,5,61,24.301471710205078,24.326640006620437
1,128,5,62,24.306304931640625,24.330170010216534
1,128,5,63,24.29439926147461,24.325150006916374
1,128,6,1,24.27084732055664,24.295809998875484
1,128,6,2,24.243776321411133,24.267800006782636
1,128,6,3,24.252288818359375,24.27694998914376
1,128,6,4,24.2554874420166,24.279360004584305
1,128,6,5,24.327392578125,24.35187999799382
1,128,6,6,24.260608673095703,24.285289997351356
1,128,6,7,24.27289581298828,24.29736001067795
1,128,6,8,24.25446319580078,24.279460005345754
1,128,6,9,24.26982307434082,24.294510003528558
1,128,6,10,24.261632919311523,24.285750012495555
1,128,6,11,24.266752243041992,24.291009991429746
1,128,6,12,24.26406478881836,24.28870000585448
1,128,6,13,24.26367950439453,24.289230001159012
1,128,6,14,24.259584426879883,24.283639999339357
1,128,6,15,25.410560607910156,25.43798000260722
1,128,6,16,24.436479568481445,24.461590001010336
1,128,6,17,24.259584426879883,24.28450000297744
1,128,6,18,24.267744064331055,24.292310001328588
1,128,6,19,24.26803207397461,24.292379996040836
1,128,6,20,24.265472412109375,24.289109991514124
1,128,6,21,24.280799865722656,24.30581000226084
1,128,6,22,24.28927993774414,24.314220005180687
1,128,6,23,24.30019187927246,24.32353000040166
1,128,6,24,24.26803207397461,24.29576999566052
1,128,6,25,24.276992797851562,24.301420009578578
1,128,6,26,24.270751953125,24.294050002936274
1,128,6,27,24.28313636779785,24.307159997988492
1,128,6,28,24.284160614013672,24.308040010510013
1,128,6,29,24.293376922607422,24.317460003658198
1,128,6,30,24.284448623657227,24.309280008310452
1,128,6,31,24.283103942871094,24.307239989866503
1,128,6,32,24.29542350769043,24.32431999477558
1,128,6,33,24.2872314453125,24.312440000358038
1,128,6,34,24.283327102661133,24.309130007168278
1,128,6,35,24.2872314453125,24.311260000104085
1,128,6,36,24.29360008239746,24.318260009749793
1,128,6,37,24.29088020324707,24.31617998809088
1,128,6,38,24.293983459472656,24.319220014149323
1,128,6,39,24.30259132385254,24.32779999799095
1,128,6,40,24.293376922607422,24.321289994986728
1,128,6,41,24.30156707763672,24.3262199946912
1,128,6,42,24.288063049316406,24.313500005519018
1,128,6,43,24.364032745361328,24.391069993725978
1,128,6,44,24.316543579101562,24.34118000383023
1,128,6,45,24.29747200012207,24.322319994098507
1,128,6,46,24.29644775390625,24.320710013853386
1,128,6,47,24.29952049255371,24.32363000116311
1,128,6,48,24.2992000579834,24.330669999471866
1,128,6,49,24.31078338623047,24.33488999668043
1,128,6,50,24.31648063659668,24.340600008144975
1,128,6,51,24.29849624633789,24.322729994310066
1,128,6,52,24.325727462768555,24.35329998843372
1,128,6,53,24.28767967224121,24.31238000281155
1,128,6,54,24.28927993774414,24.313590009114705
1,128,6,55,24.29952049255371,24.32452999346424
1,128,6,56,24.295103073120117,24.318900002981536
1,128,6,57,24.29030418395996,24.314369991770945
1,128,6,58,24.30156707763672,24.325549995410256
1,128,6,59,24.294015884399414,24.31788999820128
1,128,6,60,24.29849624633789,24.3231200001901
1,128,6,61,24.30054473876953,24.324710000655614
1,128,6,62,24.29439926147461,24.31899998919107
1,128,6,63,24.301631927490234,24.3264500022633
1,1024,0,1,25.276416778564453,25.302419991930947
1,1024,0,2,25.16582489013672,25.191009990521707
1,1024,0,3,25.166048049926758,25.19115999166388
1,1024,0,4,25.258560180664062,25.282899994635954
1,1024,0,5,25.188352584838867,25.225670004147105
1,1024,0,6,25.20470428466797,25.230469997040927
1,1024,0,7,25.18124771118164,25.20584999001585
1,1024,0,8,25.18502426147461,25.208980005118065
1,1024,0,9,25.169919967651367,25.205400001141243
1,1024,0,10,25.171968460083008,25.197059992933646
1,1024,0,11,25.17977523803711,25.20422999805305
1,1024,0,12,25.19545555114746,25.220119990990497
1,1024,0,13,25.205055236816406,25.230760002159514
1,1024,0,14,25.210880279541016,25.236419998691417
1,1024,0,15,25.178112030029297,25.202220000210218
1,1024,0,16,25.175039291381836,25.199940006132238
1,1024,0,17,25.18003273010254,25.204720004694536
1,1024,0,18,25.184255599975586,25.20920999813825
1,1024,0,19,25.19024085998535,25.215070010744967
1,1024,0,20,25.185279846191406,25.20975000516046
1,1024,0,21,25.17475128173828,25.204179997672327
1,1024,0,22,25.41116714477539,25.43658998911269
1,1024,0,23,25.176063537597656,25.20002999517601
1,1024,0,24,25.177120208740234,25.202190008712932
1,1024,0,25,25.222911834716797,25.248289995943196
1,1024,0,26,25.189695358276367,25.214930006768554
1,1024,0,27,25.186304092407227,25.2105299878167
1,1024,0,28,25.186304092407227,25.212540000211447
1,1024,0,29,25.188064575195312,25.21351000177674
1,1024,0,30,25.202688217163086,25.2276299870573
1,1024,0,31,25.186975479125977,25.211590007529594
1,1024,0,32,25.184255599975586,25.209359999280423
1,1024,0,33,25.199615478515625,25.2235400112113
1,1024,0,34,25.195104598999023,25.219190007192083
1,1024,0,35,25.195648193359375,25.22067999234423
1,1024,0,36,25.187328338623047,25.215849993401207
1,1024,0,37,25.203712463378906,25.232519998098724
1,1024,0,38,25.19651222229004,25.220519994036295
1,1024,0,39,25.189376831054688,25.213690008968115
1,1024,0,40,25.18822479248047,25.211839994881302
1,1024,0,41,25.187328338623047,25.211329993908294
1,1024,0,42,25.4135684967041,25.43785999296233
1,1024,0,43,25.195615768432617,25.22063000651542
1,1024,0,44,25.202592849731445,25.227329999324866
1,1024,0,45,25.224031448364258,25.2494000014849
1,1024,0,46,25.196544647216797,25.22149999276735
1,1024,0,47,25.210304260253906,25.235620007151738
1,1024,0,48,25.199296951293945,25.22365000913851
1,1024,0,49,25.19647979736328,25.22046999365557
1,1024,0,50,25.200639724731445,25.225090008461848
1,1024,0,51,25.19651222229004,25.220790004823357
1,1024,0,52,25.205759048461914,25.229960010619834
1,1024,0,53,25.19696044921875,25.221669988241047
1,1024,0,54,25.200639724731445,25.225160003174096
1,1024,0,55,25.217920303344727,25.24183999048546
1,1024,0,56,25.207551956176758,25.23164999729488
1,1024,0,57,25.205631256103516,25.229849998140708
1,1024,0,58,25.212928771972656,25.237480003852397
1,1024,0,59,25.214176177978516,25.23877000203356
1,1024,0,60,25.205759048461914,25.230290004401468
1,1024,0,61,25.212928771972656,25.23739999742247
1,1024,0,62,25.211904525756836,25.23622999433428
1,1024,0,63,25.21504020690918,25.239419992431067
1,1024,1,1,25.2969913482666,25.327159994048998
1,1024,1,2,25.181184768676758,25.20533998904284
1,1024,1,3,25.16582489013672,25.190030006342568
1,1024,1,4,25.183135986328125,25.207220009178855
1,1024,1,5,25.186304092407227,25.212149994331412
1,1024,1,6,25.183008193969727,25.20844001264777
1,1024,1,7,25.171968460083008,25.196190006681718
1,1024,1,8,25.17184066772461,25.19564999965951
1,1024,1,9,25.168928146362305,25.19355999538675
1,1024,1,10,25.17305564880371,25.197459995979443
1,1024,1,11,25.177888870239258,25.20233999530319
1,1024,1,12,25.166879653930664,25.19066000240855
1,1024,1,13,25.182207107543945,25.205990008544177
1,1024,1,14,25.173152923583984,25.198019997333176
1,1024,1,15,25.1760311126709,25.20078999805264
1,1024,1,16,25.18182373046875,25.205999991158023
1,1024,1,17,25.208831787109375,25.234069995349273
1,1024,1,18,25.191423416137695,25.21626000816468
1,1024,1,19,25.198591232299805,25.22363000025507
1,1024,1,20,25.17215919494629,25.196600006893277
1,1024,1,21,25.172992706298828,25.197480004862882
1,1024,1,22,25.180160522460938,25.205260011716746
1,1024,1,23,25.18307113647461,25.208480001310818
1,1024,1,24,25.181184768676758,25.206270001945086
1,1024,1,25,25.180160522460938,25.20494999771472
1,1024,1,26,25.182207107543945,25.20690999517683
1,1024,1,27,25.184223175048828,25.20913000626024
1,1024,1,28,25.186464309692383,25.217829999746755
1,1024,1,29,25.212608337402344,25.24265000829473
1,1024,1,30,25.195615768432617,25.220299998181872
1,1024,1,31,25.194719314575195,25.2202100091381
1,1024,1,32,25.1911678314209,25.215570000000298
1,1024,1,33,25.19584083557129,25.222050011507235
1,1024,1,34,25.216320037841797,25.24296000774484
1,1024,1,35,25.236480712890625,25.261689996114
1,1024,1,36,25.217119216918945,25.24203000939451
1,1024,1,37,25.215999603271484,25.248459991416894
1,1024,1,38,25.219520568847656,25.245629993150942
1,1024,1,39,25.199615478515625,25.225320001482032
1,1024,1,40,25.189151763916016,25.21333000913728
1,1024,1,41,25.202688217163086,25.22710000630468
1,1024,1,42,25.199615478515625,25.224600001820363
1,1024,1,43,25.200416564941406,25.22506999957841
1,1024,1,44,25.200639724731445,25.226269994163886
1,1024,1,45,25.204736709594727,25.229530001524836
1,1024,1,46,25.202943801879883,25.227570004062727
1,1024,1,47,25.206207275390625,25.231079998775385
1,1024,1,48,25.19385528564453,25.218590002623387
1,1024,1,49,25.213279724121094,25.238310001441278
1,1024,1,50,25.206783294677734,25.231609994079918
1,1024,1,51,25.199552536010742,25.22396000858862
1,1024,1,52,25.200992584228516,25.225700010196306
1,1024,1,53,25.20412826538086,25.230009996448644
1,1024,1,54,25.21513557434082,25.239409995265305
1,1024,1,55,25.205759048461914,25.230240004020743
1,1024,1,56,25.197568893432617,25.22249000321608
1,1024,1,57,25.211904525756836,25.236440007574856
1,1024,1,58,25.208831787109375,25.23339999606833
1,1024,1,59,25.232383728027344,25.258220004616305
1,1024,1,60,25.232383728027344,25.256730004912242
1,1024,1,61,25.233407974243164,25.259019996155985
1,1024,1,62,25.218048095703125,25.24254001036752
1,1024,1,63,25.218048095703125,25.244219999876805
1,1024,2,1,25.295679092407227,25.320810003904626
1,1024,2,2,25.183168411254883,25.207190003129654
1,1024,2,3,25.181503295898438,25.206639998941682
1,1024,2,4,25.199552536010742,25.223889999324456
1,1024,2,5,25.185279846191406,25.211700005456805
1,1024,2,6,25.21366310119629,25.238849993911572
1,1024,2,7,25.21379280090332,25.238589994842187
1,1024,2,8,25.220096588134766,25.2460399933625
1,1024,2,9,25.31939125061035,25.344310008222237
1,1024,2,10,25.189119338989258,25.213660002918914
1,1024,2,11,25.194496154785156,25.219400005880743
1,1024,2,12,25.189472198486328,25.23656999983359
1,1024,2,13,25.408512115478516,25.44353000121191
1,1024,2,14,25.19455909729004,25.22028000385035
1,1024,2,15,25.199264526367188,25.225099991075695
1,1024,2,16,25.192447662353516,25.217140006134287
1,1024,2,17,25.187999725341797,25.211649990524165
1,1024,2,18,25.20649528503418,25.230970000848174
1,1024,2,19,25.19126319885254,25.216170004568994
1,1024,2,20,25.187328338623047,25.21202999923844
1,1024,2,21,25.191423416137695,25.215709989424795
1,1024,2,22,25.199615478515625,25.224509998224676
1,1024,2,23,25.190399169921875,25.215980000211857
1,1024,2,24,25.202880859375,25.227699996321462
1,1024,2,25,25.197568893432617,25.22194999619387
1,1024,2,26,25.194400787353516,25.218129987479188
1,1024,2,27,25.196544647216797,25.221589996363036
1,1024,2,28,25.202688217163086,25.228140002582222
1,1024,2,29,25.198591232299805,25.22297999530565
1,1024,2,30,25.206783294677734,25.232280007912777
1,1024,2,31,25.227264404296875,25.25263000279665
1,1024,2,32,25.214975357055664,25.2431400003843
1,1024,2,33,25.196544647216797,25.221179996151477
1,1024,2,34,25.19651222229004,25.220939991413616
1,1024,2,35,25.185279846191406,25.20949998870492
1,1024,2,36,25.19545555114746,25.21953999530524
1,1024,2,37,25.191072463989258,25.21599999454338
1,1024,2,38,25.214975357055664,25.239940005121753
1,1024,2,39,25.200544357299805,25.225570003385656
1,1024,2,40,25.187328338623047,25.216680005542003
1,1024,2,41,25.212928771972656,25.24028999323491
1,1024,2,42,25.19254493713379,25.21746999991592
1,1024,2,43,25.194496154785156,25.22551000583917
1,1024,2,44,25.198591232299805,25.223509990610182
1,1024,2,45,25.220096588134766,25.24661000643391
1,1024,2,46,25.20902442932129,25.234030006686226
1,1024,2,47,25.21379280090332,25.237670008209534
1,1024,2,48,25.207712173461914,25.231840001652017
1,1024,2,49,25.201311111450195,25.225320001482032
1,1024,2,50,25.207775115966797,25.232170009985566
1,1024,2,51,25.19584083557129,25.220690004061908
1,1024,2,52,25.215999603271484,25.24062999873422
1,1024,2,53,25.206783294677734,25.23075000499375
1,1024,2,54,25.224416732788086,25.2493699954357
1,1024,2,55,25.226240158081055,25.2510499994969
1,1024,2,56,25.30508804321289,25.3301500051748
1,1024,2,57,25.232383728027344,25.25758001138456
1,1024,2,58,25.235456466674805,25.260220005293377
1,1024,2,59,25.245695114135742,25.27076999831479
1,1024,2,60,25.247743606567383,25.27303999522701
1,1024,2,61,25.238527297973633,25.26419000059832
1,1024,2,62,25.241567611694336,25.2662999992026
1,1024,2,63,25.240575790405273,25.26615999522619
1,1024,3,1,25.33344078063965,25.365059991599992
1,1024,3,2,25.176671981811523,25.20098999957554
1,1024,3,3,25.182207107543945,25.207449987647124
1,1024,3,4,25.22310447692871,25.247760000638664
1,1024,3,5,25.210880279541016,25.23598998959642
1,1024,3,6,25.224960327148438,25.250289996620268
1,1024,3,7,25.17795181274414,25.202420001733117
1,1024,3,8,25.186304092407227,25.210570005583577
1,1024,3,9,25.191423416137695,25.216009991709143
1,1024,3,10,25.195104598999023,25.219930001185276
1,1024,3,11,25.180255889892578,25.205750003806315
1,1024,3,12,25.189472198486328,25.21382999839261
1,1024,3,13,25.18694305419922,25.21131999674253
1,1024,3,14,25.190431594848633,25.215260000550188
1,1024,3,15,25.182207107543945,25.20786999957636
1,1024,3,16,25.1823673248291,25.207500002579764
1,1024,3,17,25.185279846191406,25.211469997884706
1,1024,3,18,25.190399169921875,25.214709996362217
1,1024,3,19,25.190719604492188,25.222659998689778
1,1024,3,20,25.21228790283203,25.242290008463897
1,1024,3,21,25.183935165405273,25.208849998307414
1,1024,3,22,25.199552536010742,25.223639997420833
1,1024,3,23,25.18716812133789,25.212180000380613
1,1024,3,24,25.1944637298584,25.218659997335635
1,1024,3,25,25.220096588134766,25.245140001061372
1,1024,3,26,25.19264030456543,25.224099998013116
1,1024,3,27,25.19055938720703,25.215770001523197
1,1024,3,28,25.197952270507812,25.222179989214055
1,1024,3,29,25.193727493286133,25.2182999975048
1,1024,3,30,25.19696044921875,25.222199998097494
1,1024,3,31,25.200639724731445,25.225190009223297
1,1024,3,32,25.196256637573242,25.220409996109083
1,1024,3,33,25.204736709594727,25.229170001694
1,1024,3,34,25.206592559814453,25.231100007658824
1,1024,3,35,25.22447967529297,25.249850004911423
1,1024,3,36,25.21824073791504,25.243979995138943
1,1024,3,37,25.210880279541016,25.23741000914015
1,1024,3,38,25.201663970947266,25.22676000080537
1,1024,3,39,25.201663970947266,25.22662999399472
1,1024,3,40,25.203039169311523,25.228170008631423
1,1024,3,41,25.203712463378906,25.229170001694
1,1024,3,42,25.206783294677734,25.231930005247705
1,1024,3,43,25.213951110839844,25.23870998993516
1,1024,3,44,25.207712173461914,25.232599989976734
1,1024,3,45,25.22096061706543,25.252589999581687
1,1024,3,46,25.204063415527344,25.22857001167722
1,1024,3,47,25.212671279907227,25.236760004190728
1,1024,3,48,25.211904525756836,25.237430003471673
1,1024,3,49,25.219839096069336,25.244360003853217
1,1024,3,50,25.211904525756836,25.236079993192106
1,1024,3,51,25.208831787109375,25.23343000211753
1,1024,3,52,25.229248046875,25.255889995605685
1,1024,3,53,25.21887969970703,25.244919990655035
1,1024,3,54,25.2346248626709,25.259870002628304
1,1024,3,55,25.254911422729492,25.28008000808768
1,1024,3,56,25.219072341918945,25.243950003641658
1,1024,3,57,25.228288650512695,25.254089996451512
1,1024,3,58,25.221439361572266,25.24678000190761
1,1024,3,59,25.228063583374023,25.25294000224676
1,1024,3,60,25.22502326965332,25.249209997127764
1,1024,3,61,25.225120544433594,25.249699989217333
1,1024,3,62,25.227327346801758,25.252339997678064
1,1024,3,63,25.236480712890625,25.26095999928657
1,1024,4,1,25.29916763305664,25.32529999734834
1,1024,4,2,25.185312271118164,25.2107599953888
1,1024,4,3,25.180479049682617,25.20524999999907
1,1024,4,4,25.200031280517578,25.22465999936685
1,1024,4,5,25.19660758972168,25.221370000508614
1,1024,4,6,25.19651222229004,25.221339994459413
1,1024,4,7,25.18191909790039,25.206749996868894
1,1024,4,8,25.185504913330078,25.211019994458184
1,1024,4,9,25.194496154785156,25.21988000080455
1,1024,4,10,25.191423416137695,25.216490001184866
1,1024,4,11,25.18492889404297,25.209390005329624
1,1024,4,12,25.184255599975586,25.209059996996075
1,1024,4,13,25.171039581298828,25.19644000858534
1,1024,4,14,25.172992706298828,25.19775999826379
1,1024,4,15,25.175039291381836,25.19899999606423
1,1024,4,16,25.17487907409668,25.20016000198666
1,1024,4,17,25.183231353759766,25.208320003002882
1,1024,4,18,25.188255310058594,25.21231998980511
1,1024,4,19,25.19887924194336,25.224369994248264
1,1024,4,20,25.180288314819336,25.20560000266414
1,1024,4,21,25.172992706298828,25.197930008289404
1,1024,4,22,25.181184768676758,25.205719997757114
1,1024,4,23,25.183231353759766,25.207599988789298
1,1024,4,24,25.183231353759766,25.208780003595166
1,1024,4,25,25.180160522460938,25.211889995262027
1,1024,4,26,25.208831787109375,25.233990003471263
1,1024,4,27,25.20368003845215,25.228329992387444
1,1024,4,28,25.207040786743164,25.232680010958575
1,1024,4,29,25.201248168945312,25.225450008292682
1,1024,4,30,25.180160522460938,25.20497000659816
1,1024,4,31,25.188352584838867,25.21309000439942
1,1024,4,32,25.187744140625,25.212169988662936
1,1024,4,33,25.182207107543945,25.20645000913646
1,1024,4,34,25.186304092407227,25.21185000659898
1,1024,4,35,25.193471908569336,25.218280003173277
1,1024,4,36,25.199743270874023,25.225299992598593
1,1024,4,37,25.1911678314209,25.216159992851317
1,1024,4,38,25.19536018371582,25.219939998351038
1,1024,4,39,25.196544647216797,25.222419993951917
1,1024,4,40,25.191423416137695,25.216869995347224
1,1024,4,41,25.20140838623047,25.226540004950948
1,1024,4,42,25.205440521240234,25.231200008420274
1,1024,4,43,25.208831787109375,25.233969994587824
1,1024,4,44,25.203712463378906,25.22854000562802
1,1024,4,45,25.200639724731445,25.22524999221787
1,1024,4,46,25.20844841003418,25.233239997760393
1,1024,4,47,25.218687057495117,25.24372999323532
1,1024,4,48,25.215808868408203,25.240510003641248
1,1024,4,49,25.210880279541016,25.236109999241307
1,1024,4,50,25.215999603271484,25.24151001125574
1,1024,4,51,25.208831787109375,25.23392999137286
1,1024,4,52,25.225215911865234,25.250710008549504
1,1024,4,53,25.225215911865234,25.25118000630755
1,1024,4,54,25.219711303710938,25.251440005376935
1,1024,4,55,25.257984161376953,25.289779994636774
1,1024,4,56,25.238496780395508,25.26398000190966
1,1024,4,57,25.229312896728516,25.25556000182405
1,1024,4,58,25.224191665649414,25.250000006053597
1,1024,4,59,25.227231979370117,25.252239996916614
1,1024,4,60,25.251840591430664,25.277079999796115
1,1024,4,61,25.25702476501465,25.28253999480512
1,1024,4,62,25.220703125,25.245890006772242
1,1024,4,63,25.231359481811523,25.25638999941293
1,1024,5,1,25.774431228637695,25.852890001260675
1,1024,5,2,25.280607223510742,25.311730001703836
1,1024,5,3,25.253887176513672,25.283559996751137
1,1024,5,4,25.24064064025879,25.267049990361556
1,1024,5,5,25.236448287963867,25.263839997933246
1,1024,5,6,25.27190399169922,25.296869993326254
1,1024,5,7,25.20591926574707,25.23181001015473
1,1024,5,8,25.20262336730957,25.227780002751388
1,1024,5,9,25.21286392211914,25.23763000499457
1,1024,5,10,25.224191665649414,25.250210004742257
1,1024,5,11,25.199615478515625,25.2260400011437
1,1024,5,12,25.199487686157227,25.22407000651583
1,1024,5,13,25.1942081451416,25.21932999661658
1,1024,5,14,25.201568603515625,25.226569996448234
1,1024,5,15,25.183231353759766,25.208229999407195
1,1024,5,16,25.236064910888672,25.26136999949813
1,1024,5,17,25.184255599975586,25.20935000211466
1,1024,5,18,25.181472778320312,25.20629999344237
1,1024,5,19,25.189376831054688,25.214630004484206
1,1024,5,20,25.181184768676758,25.206410005921498
1,1024,5,21,25.184415817260742,25.210309991962276
1,1024,5,22,25.180160522460938,25.204390010912903
1,1024,5,23,25.178112030029297,25.204290010151453
1,1024,5,24,25.187904357910156,25.213800006895326
1,1024,5,25,25.195232391357422,25.2201800030889
1,1024,5,26,25.188032150268555,25.21257000626065
1,1024,5,27,25.193471908569336,25.218039998435415
1,1024,5,28,25.188159942626953,25.212699998519383
1,1024,5,29,25.180864334106445,25.20466000714805
1,1024,5,30,25.181184768676758,25.20583001023624
1,1024,5,31,25.188352584838867,25.213319997419603
1,1024,5,32,25.19126319885254,25.216490001184866
1,1024,5,33,25.203615188598633,25.22885000507813
1,1024,5,34,25.193248748779297,25.218209993909113
1,1024,5,35,25.182592391967773,25.20763999200426
1,1024,5,36,25.187456130981445,25.211669999407604
1,1024,5,37,25.181407928466797,25.206239995895885
1,1024,5,38,25.184255599975586,25.209359999280423
1,1024,5,39,25.404415130615234,25.42951999930665
1,1024,5,40,25.1975040435791,25.229149992810562
1,1024,5,41,25.201663970947266,25.226390003808774
1,1024,5,42,25.192447662353516,25.216039997758344
1,1024,5,43,25.196640014648438,25.22152999881655
1,1024,5,44,25.260032653808594,25.284410003223456
1,1024,5,45,25.193471908569336,25.218249997124076
1,1024,5,46,25.187551498413086,25.212100008502603
1,1024,5,47,25.195903778076172,25.220740004442632
1,1024,5,48,25.1975040435791,25.22428000520449
1,1024,5,49,25.50227165222168,25.526669996907003
1,1024,5,50,25.206783294677734,25.230860002920963
1,1024,5,51,25.200735092163086,25.225639998097904
1,1024,5,52,25.20947265625,25.238439993700013
1,1024,5,53,25.204736709594727,25.229489998309873
1,1024,5,54,25.219072341918945,25.244209988159128
1,1024,5,55,25.237503051757812,25.26285000203643
1,1024,5,56,25.219743728637695,25.2448500104947
1,1024,5,57,25.204736709594727,25.229389997548424
1,1024,5,58,25.213504791259766,25.23780999763403
1,1024,5,59,25.206783294677734,25.232330008293502
1,1024,5,60,25.214176177978516,25.23939000093378
1,1024,5,61,25.22198486328125,25.24688999983482
1,1024,5,62,25.235456466674805,25.260589987738058
1,1024,5,63,25.228288650512695,25.253840009099804
1,1024,6,1,25.853952407836914,25.924460001988336
1,1024,6,2,25.179296493530273,25.20507000735961
1,1024,6,3,25.175039291381836,25.20067000295967
1,1024,6,4,25.204736709594727,25.229299993952736
1,1024,6,5,25.200576782226562,25.225549994502217
1,1024,6,6,25.206783294677734,25.232330008293502
1,1024,6,7,25.165695190429688,25.18990999669768
1,1024,6,8,25.195520401000977,25.220380004611798
1,1024,6,9,25.17401695251465,25.198849994922057
1,1024,6,10,25.171968460083008,25.196009999490343
1,1024,6,11,25.171167373657227,25.195970010827295
1,1024,6,12,25.170944213867188,25.195410009473562
1,1024,6,13,25.17100715637207,25.196360002155416
1,1024,6,14,25.17401695251465,25.1997199957259
1,1024,6,15,25.171232223510742,25.197399998432957
1,1024,6,16,25.187328338623047,25.21281001099851
1,1024,6,17,25.186304092407227,25.210709995008074
1,1024,6,18,25.177440643310547,25.20278000156395
1,1024,6,19,25.183231353759766,25.208119986928068
1,1024,6,20,25.185152053833008,25.20993999496568
1,1024,6,21,25.183231353759766,25.207750004483387
1,1024,6,22,25.183584213256836,25.208570004906505
1,1024,6,23,25.188255310058594,25.213469998561777
1,1024,6,24,25.18627166748047,25.218330003554
1,1024,6,25,25.189983367919922,25.21437000541482
1,1024,6,26,25.184255599975586,25.20911999454256
1,1024,6,27,25.177024841308594,25.20199998980388
1,1024,6,28,25.198335647583008,25.223680000635795
1,1024,6,29,25.188159942626953,25.212849999661557
1,1024,6,30,25.188352584838867,25.213370012352243
1,1024,6,31,25.195520401000977,25.219809991540387
1,1024,6,32,25.206815719604492,25.232009997125715
1,1024,6,33,25.206783294677734,25.23131998896133
1,1024,6,34,25.188352584838867,25.212459993781522
1,1024,6,35,25.189184188842773,25.21400999103207
1,1024,6,36,25.194496154785156,25.226830010069534
1,1024,6,37,25.18489646911621,25.2093400049489
1,1024,6,38,25.183231353759766,25.20753999124281
1,1024,6,39,25.196544647216797,25.22083000803832
1,1024,6,40,25.193376541137695,25.224419994628988
1,1024,6,41,25.194496154785156,25.220340001396835
1,1024,6,42,25.20147132873535,25.22562000376638
1,1024,6,43,25.196544647216797,25.221479998435825
1,1024,6,44,25.202783584594727,25.228300000890158
1,1024,6,45,25.237503051757812,25.264390002121218
1,1024,6,46,25.224063873291016,25.249020007322542
1,1024,6,47,25.198591232299805,25.225129997124895
1,1024,6,48,25.201663970947266,25.22599999792874
1,1024,6,49,25.213632583618164,25.237649999326095
1,1024,6,50,25.20800018310547,25.23260000452865
1,1024,6,51,25.2238712310791,25.247969999327324
1,1024,6,52,25.204896926879883,25.230080005712807
1,1024,6,53,25.203712463378906,25.22881999902893
1,1024,6,54,25.215999603271484,25.240129994926974
1,1024,6,55,25.206623077392578,25.23796001332812
1,1024,6,56,25.214975357055664,25.241259994800203
1,1024,6,57,25.206911087036133,25.231940002413467
1,1024,6,58,25.202688217163086,25.227469988749363
1,1024,6,59,25.219072341918945,25.243690004572272
1,1024,6,60,25.2076473236084,25.23141998972278
1,1024,6,61,25.213951110839844,25.23925999412313
1,1024,6,62,25.21990394592285,25.245220007491298
1,1024,6,63,25.209856033325195,25.23436999763362
1,4096,0,1,28.853248596191406,28.885980005725287
1,4096,0,2,28.449440002441406,28.474649996496737
1,4096,0,3,28.461055755615234,28.486790004535578
1,4096,0,4,28.46099281311035,28.48656999412924
1,4096,0,5,28.462976455688477,28.488830008427612
1,4096,0,6,28.474111557006836,28.499260006356053
1,4096,0,7,28.487424850463867,28.51239001029171
1,4096,0,8,28.452863693237305,28.47867000673432
1,4096,0,9,28.436479568481445,28.462100002798252
1,4096,0,10,28.422143936157227,28.446790005546063
1,4096,0,11,28.423391342163086,28.447919990867376
1,4096,0,12,28.422143936157227,28.44706000178121
1,4096,0,13,28.46384048461914,28.489680000348017
1,4096,0,14,28.453567504882812,28.477989995735697
1,4096,0,15,28.452768325805664,28.47720999852754
1,4096,0,16,28.454912185668945,28.480859997216612
1,4096,0,17,28.457536697387695,28.484249996836297
1,4096,0,18,28.448768615722656,28.47438000026159
1,4096,0,19,28.448768615722656,28.473940008552745
1,4096,0,20,28.450239181518555,28.4748900012346
1,4096,0,21,28.444671630859375,28.4699100011494
1,4096,0,22,28.436128616333008,28.460560002713464
1,4096,0,23,28.441856384277344,28.46749000309501
1,4096,0,24,28.44643211364746,28.47273000224959
1,4096,0,25,28.44870376586914,28.473919999669306
1,4096,0,26,28.476415634155273,28.50064999074675
1,4096,0,27,28.487680435180664,28.513760000350885
1,4096,0,28,28.484607696533203,28.511800002888776
1,4096,0,29,28.502912521362305,28.527529997518286
1,4096,0,30,28.46326446533203,28.48806000838522
1,4096,0,31,28.467199325561523,28.492989993537776
1,4096,0,32,28.458816528320312,28.48408999852836
1,4096,0,33,28.472320556640625,28.497380000771955
1,4096,0,34,28.467424392700195,28.492390003520995
1,4096,0,35,28.47148895263672,28.49563999916427
1,4096,0,36,28.471296310424805,28.495909995399415
1,4096,0,37,28.47750473022461,28.503030000138097
1,4096,0,38,28.468223571777344,28.493259989772923
1,4096,0,39,28.478464126586914,28.503139998065308
1,4096,0,40,28.474271774291992,28.4997300041141
1,4096,0,41,28.483583450317383,28.510050004115328
1,4096,0,42,28.72172737121582,28.747749995091
1,4096,0,43,28.509151458740234,28.534340002806857
1,4096,0,44,28.484607696533203,28.5106000083033
1,4096,0,45,28.488447189331055,28.514000005088747
1,4096,0,46,28.52137565612793,28.546179994009435
1,4096,0,47,28.508159637451172,28.532850003102794
1,4096,0,48,28.485631942749023,28.51092000491917
1,4096,0,49,28.497760772705078,28.522740001790226
1,4096,0,50,28.503040313720703,28.52849999908358
1,4096,0,51,28.505216598510742,28.53039000183344
1,4096,0,52,28.498943328857422,28.524089997517876
1,4096,0,53,28.528640747070312,28.553500000271015
1,4096,0,54,28.525344848632812,28.550179995363578
1,4096,0,55,28.548095703125,28.5739899991313
1,4096,0,56,28.506752014160156,28.531989999464713
1,4096,0,57,28.505664825439453,28.53032000712119
1,4096,0,58,28.504287719726562,28.528939990792423
1,4096,0,59,28.50998306274414,28.534220007713884
1,4096,0,60,28.511232376098633,28.53628998855129
1,4096,0,61,28.517152786254883,28.541640000184998
1,4096,0,62,28.523231506347656,28.547309993882664
1,4096,0,63,28.5262393951416,28.55172001000028
1,4096,1,1,28.806880950927734,28.843049993156455
1,4096,1,2,28.447744369506836,28.473750004195608
1,4096,1,3,28.485631942749023,28.512110002338886
1,4096,1,4,28.47545623779297,28.502159999334253
1,4096,1,5,28.509183883666992,28.53573000174947
1,4096,1,6,28.479328155517578,28.505130001576617
1,4096,1,7,28.44655990600586,28.471779995015822
1,4096,1,8,28.453887939453125,28.478950000135228
1,4096,1,9,28.433696746826172,28.459080000175163
1,4096,1,10,28.433408737182617,28.45893999619875
1,4096,1,11,28.44060707092285,28.466249990742654
1,4096,1,12,28.439552307128906,28.464799994253553
1,4096,1,13,28.464128494262695,28.489329997682944
1,4096,1,14,28.463104248046875,28.489169999375008
1,4096,1,15,28.479263305664062,28.50476000458002
1,4096,1,16,28.45142364501953,28.476670006057248
1,4096,1,17,28.44633674621582,28.470729987020604
1,4096,1,18,28.4487361907959,28.47383999323938
1,4096,1,19,28.451583862304688,28.475400002207607
1,4096,1,20,28.449663162231445,28.474539998569526
1,4096,1,21,28.439552307128906,28.464539995184168
1,4096,1,22,28.461856842041016,28.49075999984052
1,4096,1,23,28.453887939453125,28.481769986683503
1,4096,1,24,28.448511123657227,28.47837000444997
1,4096,1,25,28.489408493041992,28.517889993963763
1,4096,1,26,28.469247817993164,28.494229991338216
1,4096,1,27,28.465152740478516,28.497890001744963
1,4096,1,28,28.459007263183594,28.48880000237841
1,4096,1,29,28.46601676940918,28.491010001744144
1,4096,1,30,28.463903427124023,28.488030002336018
1,4096,1,31,28.475135803222656,28.49921000597533
1,4096,1,32,28.475391387939453,28.49922000314109
1,4096,1,33,28.474367141723633,28.50011999544222
1,4096,1,34,28.466367721557617,28.49249998689629
1,4096,1,35,28.475135803222656,28.49925000919029
1,4096,1,36,28.49990463256836,28.524909997940995
1,4096,1,37,28.489919662475586,28.51487000589259
1,4096,1,38,28.477088928222656,28.50159000081476
1,4096,1,39,28.49068832397461,28.515660000266507
1,4096,1,40,28.49193572998047,28.517409999039955
1,4096,1,41,28.48646354675293,28.511119991890155
1,4096,1,42,28.480287551879883,28.505800000857562
1,4096,1,43,28.482208251953125,28.50610000314191
1,4096,1,44,28.487680435180664,28.512589997262694
1,4096,1,45,28.484447479248047,28.50868999667
1,4096,1,46,28.493824005126953,28.517960003227927
1,4096,1,47,28.492799758911133,28.51704999920912
1,4096,1,48,28.485376358032227,28.509730007499456
1,4096,1,49,28.4979190826416,28.523080007289536
1,4096,1,50,28.50713539123535,28.53207000589464
1,4096,1,51,28.49065589904785,28.515289988717996
1,4096,1,52,28.507232666015625,28.532790005556308
1,4096,1,53,28.504064559936523,28.529139992315322
1,4096,1,54,28.509183883666992,28.533920005429536
1,4096,1,55,28.512128829956055,28.536199999507517
1,4096,1,56,28.50611114501953,28.530550000141375
1,4096,1,57,28.51532745361328,28.54090998880565
1,4096,1,58,28.5133113861084,28.538459999253973
1,4096,1,59,28.509952545166016,28.53902999777347
1,4096,1,60,28.521472930908203,28.546960005769506
1,4096,1,61,28.5262393951416,28.550269998959266
1,4096,1,62,28.520896911621094,28.546389992698096
1,4096,1,63,28.52556800842285,28.549790004035458
1,4096,2,1,28.80086326599121,28.831339994212613
1,4096,2,2,28.477439880371094,28.504260000772774
1,4096,2,3,28.472320556640625,28.498419997049496
1,4096,2,4,28.473663330078125,28.499079999164678
1,4096,2,5,28.474367141723633,28.49994999996852
1,4096,2,6,28.464479446411133,28.48911000182852
1,4096,2,7,28.44451141357422,28.472010002587922
1,4096,2,8,28.499263763427734,28.527460002806038
1,4096,2,9,28.465152740478516,28.491290009696968
1,4096,2,10,28.427263259887695,28.45328999683261
1,4096,2,11,28.429983139038086,28.45526998862624
1,4096,2,12,28.429920196533203,28.46241000224836
1,4096,2,13,28.632064819335938,28.659640011028387
1,4096,2,14,28.450815200805664,28.476289997342974
1,4096,2,15,28.45574378967285,28.48029999586288
1,4096,2,16,28.469024658203125,28.494219994172454
1,4096,2,17,28.466400146484375,28.491940000094473
1,4096,2,18,28.454496383666992,28.47889000258874
1,4096,2,19,28.464736938476562,28.494080004747957
1,4096,2,20,28.45471954345703,28.483319998485968
1,4096,2,21,28.447744369506836,28.472629986936226
1,4096,2,22,28.472320556640625,28.50056999886874
1,4096,2,23,28.441600799560547,28.466450006817468
1,4096,2,24,28.450464248657227,28.475490005803294
1,4096,2,25,28.480255126953125,28.505830006906763
1,4096,2,26,28.489728927612305,28.51422000094317
1,4096,2,27,28.489728927612305,28.522489999886602
1,4096,2,28,28.482175827026367,28.507760012871586
1,4096,2,29,28.462080001831055,28.48776000610087
1,4096,2,30,28.474271774291992,28.499830004875548
1,4096,2,31,28.469247817993164,28.494149999460205
1,4096,2,32,28.460031509399414,28.48521999840159
1,4096,2,33,28.473344802856445,28.498870000476018
1,4096,2,34,28.470272064208984,28.4966000035638
1,4096,2,35,28.472320556640625,28.497310006059706
1,4096,2,36,28.46726417541504,28.491639997810125
1,4096,2,37,28.46998405456543,28.49423000589013
1,4096,2,38,28.477632522583008,28.50304999446962
1,4096,2,39,28.498943328857422,28.52474999963306
1,4096,2,40,28.470272064208984,28.495840000687167
1,4096,2,41,28.52556800842285,28.552759991725907
1,4096,2,42,28.474336624145508,28.498109997599386
1,4096,2,43,28.484607696533203,28.50861000479199
1,4096,2,44,28.482463836669922,28.50627999578137
1,4096,2,45,28.478464126586914,28.50328999920748
1,4096,2,46,28.500991821289062,28.52510000229813
1,4096,2,47,28.50998306274414,28.534660013974644
1,4096,2,48,28.510944366455078,28.542419997393154
1,4096,2,49,28.557151794433594,28.587289998540655
1,4096,2,50,28.509183883666992,28.533740012790076
1,4096,2,51,28.511232376098633,28.53597998910118
1,4096,2,52,28.500831604003906,28.525519999675453
1,4096,2,53,28.51532745361328,28.539619990624487
1,4096,2,54,28.514976501464844,28.539520004414953
1,4096,2,55,28.54262351989746,28.567679997649975
1,4096,2,56,28.55526351928711,28.581129998201504
1,4096,2,57,28.547775268554688,28.573240007972345
1,4096,2,58,28.5130558013916,28.538889993797056
1,4096,2,59,28.529312133789062,28.5552400018787
1,4096,2,60,28.60425567626953,28.628569998545572
1,4096,2,61,28.53273582458496,28.56979999342002
1,4096,2,62,28.540576934814453,28.568919995450415
1,4096,2,63,28.535808563232422,28.560210004798137
1,4096,3,1,28.816160202026367,28.848500005551614
1,4096,3,2,28.472320556640625,28.4980199940037
1,4096,3,3,28.481536865234375,28.507299997727387
1,4096,3,4,28.482240676879883,28.50765000039246
1,4096,3,5,28.521472930908203,28.547430003527552
1,4096,3,6,28.513280868530273,28.540259998408146
1,4096,3,7,28.495872497558594,28.52154000720475
1,4096,3,8,28.4617919921875,28.486659997724928
1,4096,3,9,28.452863693237305,28.480080000008456
1,4096,3,10,28.453855514526367,28.479750006226823
1,4096,3,11,28.447744369506836,28.472939986386336
1,4096,3,12,28.449792861938477,28.475779996369965
1,4096,3,13,28.46188735961914,28.487849995144643
1,4096,3,14,28.463104248046875,28.487900010077283
1,4096,3,15,28.480224609375,28.506629998446442
1,4096,3,16,28.487680435180664,28.51308000390418
1,4096,3,17,28.475391387939453,28.501660010078922
1,4096,3,18,28.479360580444336,28.504129993962124
1,4096,3,19,28.469472885131836,28.49519999290351
1,4096,3,20,28.462207794189453,28.487849995144643
1,4096,3,21,28.463104248046875,28.488750001997687
1,4096,3,22,28.47212791442871,28.497599996626377
1,4096,3,23,28.462879180908203,28.487949995906092
1,4096,3,24,28.4704647064209,28.4966000035638
1,4096,3,25,28.481536865234375,28.50878999743145
1,4096,3,26,28.48147201538086,28.507639988674782
1,4096,3,27,28.477439880371094,28.504300003987737
1,4096,3,28,28.475839614868164,28.50087000115309
1,4096,3,29,28.47145652770996,28.49650999996811
1,4096,3,30,28.478464126586914,28.50483999645803
1,4096,3,31,28.474367141723633,28.499869993538596
1,4096,3,32,28.48739242553711,28.518859995529056
1,4096,3,33,28.481536865234375,28.506639995612204
1,4096,3,34,28.473024368286133,28.497130013420247
1,4096,3,35,28.470272064208984,28.494490004959516
1,4096,3,36,28.496896743774414,28.52230001008138
1,4096,3,37,28.476415634155273,28.50080000644084
1,4096,3,38,28.491775512695312,28.517240003566258
1,4096,3,39,28.505088806152344,28.53118999337312
1,4096,3,40,28.518144607543945,28.543530002934858
1,4096,3,41,28.4979190826416,28.523509987280704
1,4096,3,42,28.49273681640625,28.517210012068972
1,4096,3,43,28.490751266479492,28.515269994386472
1,4096,3,44,28.49603271484375,28.5212400049204
1,4096,3,45,28.489728927612305,28.516729988041334
1,4096,3,46,28.494848251342773,28.520740001113154
1,4096,3,47,28.501728057861328,28.526979993330315
1,4096,3,48,28.492799758911133,28.517530008684844
1,4096,3,49,28.502975463867188,28.52709000580944
1,4096,3,50,28.50396728515625,28.528459995868616
1,4096,3,51,28.500032424926758,28.525350004201755
1,4096,3,52,28.500064849853516,28.52550000534393
1,4096,3,53,28.503040313720703,28.528359995107166
1,4096,3,54,28.513280868530273,28.53880998736713
1,4096,3,55,28.526304244995117,28.551840005093254
1,4096,3,56,28.520095825195312,28.543990003527142
1,4096,3,57,28.57267189025879,28.59728000476025
1,4096,3,58,28.52351951599121,28.548400005092844
1,4096,3,59,28.52252769470215,28.54778998880647
1,4096,3,60,28.53545570373535,28.560300008393824
1,4096,3,61,28.5296630859375,28.554360003909096
1,4096,3,62,28.524639129638672,28.55096000712365
1,4096,3,63,28.55014419555664,28.57584999583196
1,4096,4,1,28.92083168029785,28.954039997188374
1,4096,4,2,28.452863693237305,28.477040003053844
1,4096,4,3,28.454784393310547,28.478660009568557
1,4096,4,4,28.4619197845459,28.485699993325397
1,4096,4,5,28.479103088378906,28.503640001872554
1,4096,4,6,28.464096069335938,28.48959999391809
1,4096,4,7,28.450815200805664,28.476010003942065
1,4096,4,8,28.519071578979492,28.54395000031218
1,4096,4,9,28.441312789916992,28.46605000377167
1,4096,4,10,28.43619155883789,28.460839996114373
1,4096,4,11,28.431360244750977,28.45628999057226
1,4096,4,12,28.442623138427734,28.46743998816237
1,4096,4,13,28.461824417114258,28.48646999336779
1,4096,4,14,28.499967575073242,28.52660999633372
1,4096,4,15,28.47747230529785,28.503089997684583
1,4096,4,16,28.471168518066406,28.49629000411369
1,4096,4,17,28.454912185668945,28.480200009653345
1,4096,4,18,28.472320556640625,28.49801001138985
1,4096,4,19,28.468223571777344,28.493309990153648
1,4096,4,20,28.45574378967285,28.48013000038918
1,4096,4,21,28.46031951904297,28.48500999971293
1,4096,4,22,28.456031799316406,28.48009999433998
1,4096,4,23,28.454912185668945,28.479460001108237
1,4096,4,24,28.450815200805664,28.474910010118037
1,4096,4,25,28.468223571777344,28.49317000072915
1,4096,4,26,28.473344802856445,28.498300001956522
1,4096,4,27,28.474367141723633,28.500059997895733
1,4096,4,28,28.486656188964844,28.51175000250805
1,4096,4,29,28.496511459350586,28.52103000623174
1,4096,4,30,28.50476837158203,28.52994999557268
1,4096,4,31,28.503007888793945,28.528219991130754
1,4096,4,32,28.4835205078125,28.515440004412085
1,4096,4,33,28.481536865234375,28.507290000561625
1,4096,4,34,28.473087310791016,28.49829000479076
1,4096,4,35,28.483423233032227,28.507310009445064
1,4096,4,36,28.472320556640625,28.49729999434203
1,4096,4,37,28.474367141723633,28.498660001787357
1,4096,4,38,28.48428726196289,28.509190000477247
1,4096,4,39,28.490751266479492,28.516570004285313
1,4096,4,40,28.483455657958984,28.508210001746193
1,4096,4,41,28.492799758911133,28.516539998236112
1,4096,4,42,28.502016067504883,28.525700006866828
1,4096,4,43,28.500991821289062,28.526070003863424
1,4096,4,44,28.498687744140625,28.524159992230125
1,4096,4,45,28.57472038269043,28.600220000953414
1,4096,4,46,28.508159637451172,28.533160002552904
1,4096,4,47,28.505088806152344,28.52959001029376
1,4096,4,48,28.503711700439453,28.52819999679923
1,4096,4,49,28.51430320739746,28.538610000396147
1,4096,4,50,28.5296630859375,28.55492000526283
1,4096,4,51,28.536832809448242,28.56184999109246
1,4096,4,52,28.523296356201172,28.548880000016652
1,4096,4,53,28.50275230407715,28.527589995064773
1,4096,4,54,28.50111961364746,28.526709997095168
1,4096,4,55,28.507904052734375,28.532340002129786
1,4096,4,56,28.517215728759766,28.541930005303584
1,4096,4,57,28.520191192626953,28.54515000944957
1,4096,4,58,28.521472930908203,28.546139990794472
1,4096,4,59,28.521472930908203,28.54533000208903
1,4096,4,60,28.518144607543945,28.542569998535328
1,4096,4,61,28.52003288269043,28.544009997858666
1,4096,4,62,28.523712158203125,28.551230003358796
1,4096,4,63,28.527616500854492,28.556220000609756
1,4096,5,1,28.81622314453125,28.84786001231987
1,4096,5,2,28.483583450317383,28.510769989225082
1,4096,5,3,28.459936141967773,28.48567000182811
1,4096,5,4,28.477439880371094,28.503160006948747
1,4096,5,5,28.487808227539062,28.513409997685812
1,4096,5,6,28.475263595581055,28.50021999620367
1,4096,5,7,28.461055755615234,28.485960006946698
1,4096,5,8,28.465152740478516,28.490799988503568
1,4096,5,9,28.457984924316406,28.48277000884991
1,4096,5,10,28.457632064819336,28.482359994086437
1,4096,5,11,28.443647384643555,28.468400007113814
1,4096,5,12,28.439903259277344,28.46729999873787
1,4096,5,13,28.479488372802734,28.50703000149224
1,4096,5,14,28.490816116333008,28.516260004835203
1,4096,5,15,28.476224899291992,28.501069988124073
1,4096,5,16,28.473440170288086,28.498680010670796
1,4096,5,17,28.475135803222656,28.50036000018008
1,4096,5,18,28.476608276367188,28.502159999334253
1,4096,5,19,28.483583450317383,28.509300012956373
1,4096,5,20,28.476608276367188,28.502490007667802
1,4096,5,21,28.473344802856445,28.499079999164678
1,4096,5,22,28.470975875854492,28.495689999544993
1,4096,5,23,28.466175079345703,28.491429999121465
1,4096,5,24,28.493663787841797,28.519269995740615
1,4096,5,25,28.502880096435547,28.52850999624934
1,4096,5,26,28.545087814331055,28.571329996339045
1,4096,5,27,28.517375946044922,28.542979998746887
1,4096,5,28,28.479488372802734,28.50417999434285
1,4096,5,29,28.48761558532715,28.51267000369262
1,4096,5,30,28.489471435546875,28.51539000403136
1,4096,5,31,28.50611114501953,28.53225999569986
1,4096,5,32,28.494848251342773,28.52196000458207
1,4096,5,33,28.505088806152344,28.531880001537502
1,4096,5,34,28.496095657348633,28.522180000436492
1,4096,5,35,28.495872497558594,28.520859996206127
1,4096,5,36,28.500703811645508,28.52554000855889
1,4096,5,37,28.4979190826416,28.52300000085961
1,4096,5,38,28.499967575073242,28.525519999675453
1,4096,5,39,29.782047271728516,29.811749991495162
1,4096,5,40,28.783615112304688,28.8140999909956
1,4096,5,41,28.485631942749023,28.511420008726418
1,4096,5,42,28.48111915588379,28.506390008260496
1,4096,5,43,28.484607696533203,28.50940999633167
1,4096,5,44,28.493663787841797,28.518790000816807
1,4096,5,45,28.513280868530273,28.538819999084808
1,4096,5,46,28.486656188964844,28.51360000204295
1,4096,5,47,28.50713539123535,28.534099998068996
1,4096,5,48,28.4979190826416,28.524289999040775
1,4096,5,49,28.502016067504883,28.527609989396296
1,4096,5,50,28.488479614257812,28.51370999997016
1,4096,5,51,28.490848541259766,28.516260004835203
1,4096,5,52,28.503040313720703,28.531479998491704
1,4096,5,53,28.494848251342773,28.519910003524274
1,4096,5,54,28.504064559936523,28.52829999756068
1,4096,5,55,28.512895584106445,28.537209989735857
1,4096,5,56,28.50908851623535,28.533899996546097
1,4096,5,57,28.520448684692383,28.544970002258196
1,4096,5,58,28.520832061767578,28.545880006277002
1,4096,5,59,28.51532745361328,28.542150001158006
1,4096,5,60,28.519424438476562,28.546599991386756
1,4096,5,61,28.519424438476562,28.544310000143014
1,4096,5,62,28.52249526977539,28.547130001243204
1,4096,5,63,28.53273582458496,28.55682000517845
1,4096,6,1,28.811264038085938,28.842870000516996
1,4096,6,2,28.464128494262695,28.499799998826347
1,4096,6,3,28.480512619018555,28.50734999810811
1,4096,6,4,28.491775512695312,28.518249993794598
1,4096,6,5,28.487680435180664,28.513180004665628
1,4096,6,6,28.479520797729492,28.505289999884553
1,4096,6,7,28.469472885131836,28.49529001105111
1,4096,6,8,28.464128494262695,28.490919998148456
1,4096,6,9,28.457984924316406,28.48558001278434
1,4096,6,10,28.465152740478516,28.490979995694943
1,4096,6,11,28.447744369506836,28.4823699912522
1,4096,6,12,28.511232376098633,28.546069996082224
1,4096,6,13,28.493120193481445,28.51835999172181
1,4096,6,14,28.479488372802734,28.505930007668212
1,4096,6,15,28.483871459960938,28.511359996628016
1,4096,6,16,28.513280868530273,28.541960011352785
1,4096,6,17,28.499967575073242,28.52589999383781
1,4096,6,18,28.4899845123291,28.516129998024553
1,4096,6,19,28.486560821533203,28.511420008726418
1,4096,6,20,28.50828742980957,28.53449000394903
1,4096,6,21,28.485631942749023,28.51232999819331
1,4096,6,22,28.473344802856445,28.499039995949715
1,4096,6,23,28.512319564819336,28.54153999942355
1,4096,6,24,28.492799758911133,28.521360000013374
1,4096,6,25,28.479488372802734,28.50468001270201
1,4096,6,26,28.504640579223633,28.52936000272166
1,4096,6,27,28.51136016845703,28.535859994008206
1,4096,6,28,28.514240264892578,28.539210004964843
1,4096,6,29,28.504064559936523,28.530170005979016
1,4096,6,30,28.48736000061035,28.5118199972203
1,4096,6,31,28.528640747070312,28.554409989737906
1,4096,6,32,28.50713539123535,28.532889991765842
1,4096,6,33,28.521472930908203,28.548729998874478
1,4096,6,34,28.53171157836914,28.562370003783144
1,4096,6,35,28.494047164916992,28.519479994429275
1,4096,6,36,28.504064559936523,28.52941998571623
1,4096,6,37,28.495872497558594,28.521080006612465
1,4096,6,38,28.514944076538086,28.541940002469346
1,4096,6,39,28.50979232788086,28.53655000217259
1,4096,6,40,28.495872497558594,28.520860010758042
1,4096,6,41,28.510271072387695,28.53476999734994
1,4096,6,42,28.50713539123535,28.532309996080585
1,4096,6,43,28.503040313720703,28.527960006613284
1,4096,6,44,28.505088806152344,28.53012000559829
1,4096,6,45,28.51241683959961,28.53789999790024
1,4096,6,46,28.517375946044922,28.544419998070225
1,4096,6,47,28.52390480041504,28.549640002893284
1,4096,6,48,28.519039154052734,28.547199995955452
1,4096,6,49,28.5296630859375,28.557629993883893
1,4096,6,50,28.519712448120117,28.54542000568472
1,4096,6,51,28.525344848632812,28.55014000670053
1,4096,6,52,28.528287887573242,28.553679992910475
1,4096,6,53,28.525535583496094,28.5504299972672
1,4096,6,54,28.527551651000977,28.552449992275797
1,4096,6,55,28.5614070892334,28.589420006028377
1,4096,6,56,28.553504943847656,28.58097999705933
1,4096,6,57,28.544288635253906,28.57020999363158
1,4096,6,58,28.543071746826172,28.568160007125698
1,4096,6,59,28.53273582458496,28.55832999921404
1,4096,6,60,28.545791625976562,28.57064999989234
1,4096,6,61,28.559200286865234,28.58369000023231
1,4096,6,62,28.62169647216797,28.649609987041913
1,4096,6,63,28.573856353759766,28.60171999782324
8,128,0,1,27.642879486083984,27.670760013279505
8,128,0,2,27.515071868896484,27.540030001546256
8,128,0,3,27.527103424072266,27.55311000510119
8,128,0,4,27.52547264099121,27.550930011784658
8,128,0,5,27.528095245361328,27.552119994652458
8,128,0,6,27.533248901367188,27.55751000950113
8,128,0,7,27.55072021484375,27.57647000544239
8,128,0,8,27.561983108520508,27.58804000040982
8,128,0,9,27.56787109375,27.59337000316009
8,128,0,10,27.570175170898438,27.594800005317666
8,128,0,11,27.586559295654297,27.6122900104383
8,128,0,12,27.61030387878418,27.635570004349574
8,128,0,13,27.607040405273438,27.63267999398522
8,128,0,14,27.631200790405273,27.65699000156019
8,128,0,15,27.635711669921875,27.66119000443723
8,128,0,16,27.638431549072266,27.66328000870999
8,128,0,17,27.641855239868164,27.665220011840574
8,128,0,18,27.671552658081055,27.696029996150173
8,128,0,19,27.659263610839844,27.683670006808825
8,128,0,20,27.664384841918945,27.689299997291528
8,128,0,21,27.690975189208984,27.716630007489584
8,128,0,22,27.69375991821289,27.719310004613362
8,128,0,23,27.701248168945312,27.72615000139922
8,128,0,24,27.711488723754883,27.737860000343062
8,128,0,25,27.718656539916992,27.74394999141805
8,128,0,26,27.757247924804688,27.782729986938648
8,128,0,27,27.76812744140625,27.793300003395416
8,128,0,28,27.760639190673828,27.785250000306405
8,128,0,29,27.77497673034668,27.79951000411529
8,128,0,30,27.802623748779297,27.827769998111762
8,128,0,31,27.794431686401367,27.820200004498474
8,128,0,32,27.799999237060547,27.824899996630847
8,128,0,33,27.942655563354492,27.96806000696961
8,128,0,34,27.93779182434082,27.962590000242926
8,128,0,35,27.95417594909668,27.9796399991028
8,128,0,36,27.98899269104004,28.014059993438423
8,128,0,37,27.995807647705078,28.022359998431057
8,128,0,38,28.00934410095215,28.035110008204356
8,128,0,39,28.007455825805664,28.033779992256314
8,128,0,40,28.024831771850586,28.050089997122996
8,128,0,41,28.021535873413086,28.0463299859548
8,128,0,42,28.039167404174805,28.063969992217608
8,128,0,43,28.040191650390625,28.06442999280989
8,128,0,44,28.051456451416016,28.076479997253045
8,128,0,45,28.078815460205078,28.104849989176728
8,128,0,46,28.099584579467773,28.125400000135414
8,128,0,47,28.08608055114746,28.11055000347551
8,128,0,48,28.097536087036133,28.12239999184385
8,128,0,49,28.106752395629883,28.132100007496774
8,128,0,50,28.12006378173828,28.14561000559479
8,128,0,51,28.125247955322266,28.151410006103106
8,128,0,52,28.13542366027832,28.160730013041757
8,128,0,53,28.138463973999023,28.162709990283474
8,128,0,54,28.14156723022461,28.166079995571636
8,128,0,55,28.165119171142578,28.189670003484935
8,128,0,56,28.16921615600586,28.193699996336363
8,128,0,57,28.18377685546875,28.20848999544978
8,128,0,58,28.188512802124023,28.213149998919107
8,128,0,59,28.188447952270508,28.213409997988492
8,128,0,60,28.200960159301758,28.22568999545183
8,128,0,61,28.19887924194336,28.223039989825338
8,128,0,62,28.220287322998047,28.245070003322326
8,128,0,63,28.23664093017578,28.26170000480488
8,128,1,1,27.646944046020508,27.673739998135716
8,128,1,2,27.511808395385742,27.537079993635416
8,128,1,3,27.51705551147461,27.542469993932173
8,128,1,4,27.51968002319336,27.544430005946197
8,128,1,5,27.511808395385742,27.536699999473058
8,128,1,6,27.5248966217041,27.549299993552268
8,128,1,7,27.546239852905273,27.570680002099834
8,128,1,8,27.557920455932617,27.5841200054856
8,128,1,9,27.575904846191406,27.601619993220083
8,128,1,10,27.580352783203125,27.60513999965042
8,128,1,11,27.597824096679688,27.622399997198954
8,128,1,12,27.60848045349121,27.633310004603118
8,128,1,13,27.612735748291016,27.63751000748016
8,128,1,14,27.626495361328125,27.651729993522167
8,128,1,15,27.6428165435791,27.66776000498794
8,128,1,16,27.661312103271484,27.68679999280721
8,128,1,17,27.662336349487305,27.687919995514676
8,128,1,18,27.671968460083008,27.697579993400723
8,128,1,19,27.666431427001953,27.69168998929672
8,128,1,20,27.708127975463867,27.734809991670772
8,128,1,21,27.69817543029785,27.723489998606965
8,128,1,22,27.708415985107422,27.733770009945147
8,128,1,23,27.71660804748535,27.74085999408271
8,128,1,24,27.70502471923828,27.72942000592593
8,128,1,25,27.724576950073242,27.748540000175126
8,128,1,26,27.74015998840332,27.76517999882344
8,128,1,27,27.78112030029297,27.80643998994492
8,128,1,28,27.7642879486084,27.788809995399788
8,128,1,29,27.807743072509766,27.832170002511702
8,128,1,30,27.785215377807617,27.809610008262098
8,128,1,31,27.793119430541992,27.818329996080138
8,128,1,32,27.802431106567383,27.82718998787459
8,128,1,33,27.936832427978516,27.962060004938394
8,128,1,34,27.95110321044922,27.97553999698721
8,128,1,35,27.95804786682129,27.982569998130202
8,128,1,36,27.97772789001465,28.002809995086864
8,128,1,37,27.974655151367188,27.9984200024046
8,128,1,38,27.989887237548828,28.014919997076504
8,128,1,39,27.98703956604004,28.01115000329446
8,128,1,40,28.011520385742188,28.036250005243346
8,128,1,41,28.008319854736328,28.03334000054747
8,128,1,42,28.022783279418945,28.04876999289263
8,128,1,43,28.02979278564453,28.054979993612505
8,128,1,44,28.038143157958984,28.06462999433279
8,128,1,45,28.440576553344727,28.46560999751091
8,128,1,46,28.074975967407227,28.099440009100363
8,128,1,47,28.087295532226562,28.111220002756454
8,128,1,48,28.086912155151367,28.11131000635214
8,128,1,49,28.10982322692871,28.134270003647543
8,128,1,50,28.116992950439453,28.14899999066256
8,128,1,51,28.113920211791992,28.138540001236834
8,128,1,52,28.134431838989258,28.159299996332265
8,128,1,53,28.13849639892578,28.165329989860766
8,128,1,54,28.165119171142578,28.193520003696904
8,128,1,55,28.169279098510742,28.19489999092184
8,128,1,56,28.188671112060547,28.213900004629977
8,128,1,57,28.174367904663086,28.19949999684468
8,128,1,58,28.202911376953125,28.228240000316873
8,128,1,59,28.235776901245117,28.261379993637092
8,128,1,60,28.226560592651367,28.252710006199777
8,128,1,61,28.209152221679688,28.23470000294037
8,128,1,62,28.254207611083984,28.279139994992875
8,128,1,63,28.227584838867188,28.253049997147173
8,128,2,1,27.677696228027344,27.70299999974668
8,128,2,2,27.492351531982422,27.51682000234723
8,128,2,3,27.504287719726562,27.531890009413473
8,128,2,4,27.517887115478516,27.544879994820803
8,128,2,5,27.520000457763672,27.544910000870004
8,128,2,6,27.529216766357422,27.554020009119995
8,128,2,7,27.536191940307617,27.56055998906959
8,128,2,8,27.56012725830078,27.585110001382418
8,128,2,9,27.570175170898438,27.614790000370704
8,128,2,10,27.57427215576172,27.60015000239946
8,128,2,11,27.590240478515625,27.6151900034165
8,128,2,12,27.593727111816406,27.618480002274737
8,128,2,13,27.61520004272461,27.640140004223213
8,128,2,14,27.607776641845703,27.632919998723082
8,128,2,15,27.61974334716797,27.645060006761923
8,128,2,16,27.676671981811523,27.702399995177984
8,128,2,17,27.643552780151367,27.66928999335505
8,128,2,18,27.678688049316406,27.704089996404946
8,128,2,19,27.658239364624023,27.68263999314513
8,128,2,20,27.66681671142578,27.692090006894432
8,128,2,21,27.691007614135742,27.717460005078465
8,128,2,22,27.685888290405273,27.71090999885928
8,128,2,23,27.689983367919922,27.715740012354217
8,128,2,24,27.707359313964844,27.732160000596195
8,128,2,25,27.73401641845703,27.75918999395799
8,128,2,26,27.74835205078125,27.774069996667095
8,128,2,27,27.762975692749023,27.788829989731312
8,128,2,28,27.768831253051758,27.793269997346215
8,128,2,29,27.77395248413086,27.799240007880144
8,128,2,30,27.787935256958008,27.812290005385876
8,128,2,31,27.78291130065918,27.807600010419264
8,128,2,32,27.79756736755371,27.822959993500262
8,128,2,33,27.93267250061035,27.95860001060646
8,128,2,34,27.98182487487793,28.007540007820353
8,128,2,35,27.94598388671875,27.970359995379113
8,128,2,36,27.981599807739258,28.006280001136474
8,128,2,37,27.973472595214844,27.998470002785325
8,128,2,38,27.970239639282227,27.995340002235025
8,128,2,39,27.995136260986328,28.019799996400252
8,128,2,40,28.006208419799805,28.033880007569678
8,128,2,41,28.01532745361328,28.04286000900902
8,128,2,42,28.01945686340332,28.04359000583645
8,128,2,43,28.026880264282227,28.05151000211481
8,128,2,44,28.042240142822266,28.06779000093229
8,128,2,45,28.062847137451172,28.0880999926012
8,128,2,46,28.068864822387695,28.094029999920167
8,128,2,47,28.076032638549805,28.100790004828013
8,128,2,48,28.09644889831543,28.120679999119602
8,128,2,49,28.10540771484375,28.129840007750317
8,128,2,50,28.114944458007812,28.14179999404587
8,128,2,51,28.125919342041016,28.152279992355034
8,128,2,52,28.12518310546875,28.150170008302666
8,128,2,53,28.131328582763672,28.156929998658597
8,128,2,54,28.16409683227539,28.189429998747073
8,128,2,55,28.15273666381836,28.177369997138157
8,128,2,56,28.16307258605957,28.18734000902623
8,128,2,57,28.16796875,28.193430000101216
8,128,2,58,28.174272537231445,28.198440006235614
8,128,2,59,28.208415985107422,28.23383999930229
8,128,2,60,28.202112197875977,28.22723999270238
8,128,2,61,28.201984405517578,28.226869995705783
8,128,2,62,28.209152221679688,28.23453999008052
8,128,2,63,28.229631423950195,28.254900011233985
8,128,3,1,27.659168243408203,27.6862899918342
8,128,3,2,27.50739288330078,27.532840002095327
8,128,3,3,27.52137565612793,27.54675000323914
8,128,3,4,27.516191482543945,27.54193999862764
8,128,3,5,27.53126335144043,27.557760011404753
8,128,3,6,27.571136474609375,27.595560008194298
8,128,3,7,27.56915283203125,27.593730002990924
8,128,3,8,27.5599365234375,27.584769995883107
8,128,3,9,27.678752899169922,27.7035899925977
8,128,3,10,27.56435203552246,27.588999990257435
8,128,3,11,27.590431213378906,27.614720005658455
8,128,3,12,27.594751358032227,27.619829998002388
8,128,3,13,27.59619140625,27.621879999060184
8,128,3,14,27.611391067504883,27.635980004561134
8,128,3,15,27.617279052734375,27.642450004350394
8,128,3,16,27.634687423706055,27.66015000815969
8,128,3,17,27.634687423706055,27.659650004352443
8,128,3,18,27.654016494750977,27.687510009855032
8,128,3,19,27.655168533325195,27.680319995852187
8,128,3,20,27.668479919433594,27.693109994288534
8,128,3,21,27.676544189453125,27.700949998688884
8,128,3,22,27.688575744628906,27.713400006177835
8,128,3,23,27.702272415161133,27.728090004529804
8,128,3,24,27.7106876373291,27.736000003642403
8,128,3,25,27.71558380126953,27.74047000275459
8,128,3,26,27.730016708374023,27.754149996326305
8,128,3,27,27.75993537902832,27.784760008216836
8,128,3,28,27.756256103515625,27.780840013292618
8,128,3,29,27.769855499267578,27.793929999461398
8,128,3,30,27.776159286499023,27.8012099879561
8,128,3,31,27.785568237304688,27.810080006020144
8,128,3,32,27.816959381103516,27.841849994729273
8,128,3,33,27.93471908569336,27.95940000214614
8,128,3,34,27.944671630859375,27.968740003416315
8,128,3,35,27.96918487548828,27.99306999077089
8,128,3,36,27.975679397583008,27.99999000853859
8,128,3,37,27.982847213745117,28.007509987219237
8,128,3,38,27.979999542236328,28.006159991491586
8,128,3,39,27.988927841186523,28.01486999669578
8,128,3,40,28.003263473510742,28.027980006299913
8,128,3,41,28.010496139526367,28.035010007442906
8,128,3,42,28.01958465576172,28.04386999923736
8,128,3,43,28.043264389038086,28.06799000245519
8,128,3,44,28.038143157958984,28.06354001222644
8,128,3,45,28.06777572631836,28.094980007153936
8,128,3,46,28.087615966796875,28.11500999087002
8,128,3,47,28.073183059692383,28.098129987483844
8,128,3,48,28.087200164794922,28.11220999865327
8,128,3,49,28.087295532226562,28.112529995269142
8,128,3,50,28.11801528930664,28.14403000229504
8,128,3,51,28.122112274169922,28.147059987531975
8,128,3,52,28.124160766601562,28.149289995781146
8,128,3,53,28.12758445739746,28.151820006314665
8,128,3,54,28.131328582763672,28.156640008091927
8,128,3,55,28.152864456176758,28.178489999845624
8,128,3,56,28.16716766357422,28.191989986225963
8,128,3,57,28.18662452697754,28.211930010002106
8,128,3,58,28.170207977294922,28.19461000035517
8,128,3,59,28.1845760345459,28.209669995703734
8,128,3,60,28.200960159301758,28.225409987499006
8,128,3,61,28.19887924194336,28.222799999639392
8,128,3,62,28.212543487548828,28.237409991561435
8,128,3,63,28.22118377685547,28.24595000129193
8,128,4,1,27.683231353759766,27.709579997463152
8,128,4,2,27.494400024414062,27.51960999739822
8,128,4,3,27.54140853881836,27.565659998799674
8,128,4,4,27.53104019165039,27.555990003747866
8,128,4,5,27.53126335144043,27.55672999774106
8,128,4,6,27.54742431640625,27.571940008783713
8,128,4,7,27.561248779296875,27.58694000658579
8,128,4,8,27.577184677124023,27.60221999778878
8,128,4,9,27.569759368896484,27.59492000041064
8,128,4,10,27.580480575561523,27.605809998931363
8,128,4,11,27.59779167175293,27.62368999538012
8,128,4,12,27.616256713867188,27.64251000189688
8,128,4,13,27.61564826965332,27.64102999935858
8,128,4,14,27.670528411865234,27.69492998777423
8,128,4,15,27.646944046020508,27.67189999576658
8,128,4,16,27.64473533630371,27.668990005622618
8,128,4,17,27.652095794677734,27.67699999094475
8,128,4,18,27.667232513427734,27.692300005583093
8,128,4,19,27.67990493774414,27.704899999662302
8,128,4,20,27.679744720458984,27.70950000558514
8,128,4,21,27.708415985107422,27.737869997508824
8,128,4,22,27.695903778076172,27.72067001205869
8,128,4,23,27.710464477539062,27.736730000469834
8,128,4,24,27.71219253540039,27.7378199971281
8,128,4,25,27.732032775878906,27.75753999594599
8,128,4,26,27.753215789794922,27.78461000707466
8,128,4,27,27.760255813598633,27.785469996160828
8,128,4,28,27.773664474487305,27.799540010164492
8,128,4,29,27.787935256958008,27.812970001832582
8,128,4,30,27.799327850341797,27.82411999942269
8,128,4,31,27.802623748779297,27.82840000872966
8,128,4,32,27.83942413330078,27.86488000128884
8,128,4,33,28.015615463256836,28.041650002705865
8,128,4,34,27.986303329467773,28.012699985993095
8,128,4,35,27.973344802856445,27.997479992336594
8,128,4,36,27.9685115814209,27.994029995170422
8,128,4,37,28.00499153137207,28.029719993355684
8,128,4,38,27.995136260986328,28.020439989631996
8,128,4,39,27.998943328857422,28.023259990732186
8,128,4,40,28.00931167602539,28.03400000266265
8,128,4,41,28.003328323364258,28.02762000646908
8,128,4,42,28.019712448120117,28.04473000287544
8,128,4,43,28.046335220336914,28.071210006601177
8,128,4,44,28.04265594482422,28.06768000300508
8,128,4,45,28.062623977661133,28.087109996704385
8,128,4,46,28.085248947143555,28.110940009355545
8,128,4,47,28.097536087036133,28.121949988417327
8,128,4,48,28.097536087036133,28.123030002461746
8,128,4,49,28.112895965576172,28.138850000686944
8,128,4,50,28.132320404052734,28.161779991933145
8,128,4,51,28.13724708557129,28.16622999671381
8,128,4,52,28.137216567993164,28.16185999836307
8,128,4,53,28.1661434173584,28.191260003950447
8,128,4,54,28.14463996887207,28.168899996671826
8,128,4,55,28.160320281982422,28.18735000619199
8,128,4,56,28.229631423950195,28.257529993425123
8,128,4,57,28.1845760345459,28.20862000226043
8,128,4,58,28.179359436035156,28.203950001625344
8,128,4,59,28.2030086517334,28.23332000116352
8,128,4,60,28.296831130981445,28.329689987003803
8,128,4,61,28.25872039794922,28.283840001677163
8,128,4,62,28.207103729248047,28.23335000721272
8,128,4,63,28.263071060180664,28.290459988056682
8,128,5,1,27.640832901000977,27.66742999665439
8,128,5,2,27.503616333007812,27.533229993423447
8,128,5,3,27.51862335205078,27.547259989660233
8,128,5,4,27.51468849182129,27.5394199998118
8,128,5,5,27.50739288330078,27.531959989573807
8,128,5,6,27.51897621154785,27.543970005353913
8,128,5,7,27.55072021484375,27.5744699902134
8,128,5,8,27.55788803100586,27.582909999182448
8,128,5,9,27.56096076965332,27.585909992922097
8,128,5,10,27.579423904418945,27.605440001934767
8,128,5,11,27.579391479492188,27.604019996942952
8,128,5,12,27.5882568359375,27.612930003670044
8,128,5,13,27.605344772338867,27.630480006337166
8,128,5,14,27.615232467651367,27.639390013064258
8,128,5,15,27.632831573486328,27.657549988362007
8,128,5,16,27.637311935424805,27.661140004056506
8,128,5,17,27.646976470947266,27.671609990647994
8,128,5,18,27.676799774169922,27.70495999720879
8,128,5,19,27.99692726135254,28.020940007991157
8,128,5,20,27.7258243560791,27.751800007536076
8,128,5,21,27.678911209106445,27.704189997166395
8,128,5,22,27.767072677612305,27.79249000013806
8,128,5,23,27.699071884155273,27.723479986889288
8,128,5,24,27.72275161743164,27.746910011046566
8,128,5,25,27.73209571838379,27.756759998737834
8,128,5,26,27.745887756347656,27.7706000051694
8,128,5,27,27.819679260253906,27.84496999811381
8,128,5,28,27.827199935913086,27.85656000196468
8,128,5,29,27.780960083007812,27.806729995063506
8,128,5,30,27.81475257873535,27.839720001793467
8,128,5,31,27.79267120361328,27.818069997010753
8,128,5,32,27.811840057373047,27.836949986522086
8,128,5,33,27.949920654296875,27.974059994448908
8,128,5,34,27.95008087158203,27.97488000942394
8,128,5,35,27.95903968811035,27.984690008452162
8,128,5,36,27.9685115814209,27.993800002150238
8,128,5,37,27.98080062866211,28.005909989587963
8,128,5,38,27.97977638244629,28.004149993648753
8,128,5,39,27.992416381835938,28.017370001180097
8,128,5,40,28.007104873657227,28.03220000350848
8,128,5,41,28.0053768157959,28.030620000208728
8,128,5,42,28.029951095581055,28.05798000190407
8,128,5,43,28.027904510498047,28.0545300047379
8,128,5,44,28.0501766204834,28.075130001525395
8,128,5,45,28.056480407714844,28.080710006179288
8,128,5,46,28.070144653320312,28.09500999865122
8,128,5,47,28.079872131347656,28.103970005759038
8,128,5,48,28.09779167175293,28.12214000732638
8,128,5,49,28.099584579467773,28.124439995735884
8,128,5,50,28.109695434570312,28.134969994425774
8,128,5,51,28.13030433654785,28.155039995908737
8,128,5,52,28.124160766601562,28.149320001830347
8,128,5,53,28.128896713256836,28.153449995443225
8,128,5,54,28.13747215270996,28.161769994767383
8,128,5,55,28.17024040222168,28.195039994898252
8,128,5,56,28.19481658935547,28.220819993293844
8,128,5,57,28.319744110107422,28.348770007141866
8,128,5,58,28.17638397216797,28.20149999752175
8,128,5,59,28.189632415771484,28.21470999333542
8,128,5,60,28.260351181030273,28.288019995670766
8,128,5,61,28.213247299194336,28.239250008482486
8,128,5,62,28.207103729248047,28.231939999386668
8,128,5,63,28.216320037841797,28.24127000349108
8,128,6,1,27.640512466430664,27.666819994919933
8,128,6,2,27.496448516845703,27.521410011104308
8,128,6,3,27.50873565673828,27.53334998851642
8,128,6,4,27.523359298706055,27.54717000061646
8,128,6,5,27.527040481567383,27.55208000598941
8,128,6,6,27.533248901367188,27.557729990803637
8,128,6,7,27.53740882873535,27.56364000379108
8,128,6,8,27.5548152923584,27.580180001677945
8,128,6,9,27.56608009338379,27.591339996433817
8,128,6,10,27.568416595458984,27.593359991442412
8,128,6,11,27.59052848815918,27.615780010819435
8,128,6,12,27.604095458984375,27.62902999529615
8,128,6,13,27.615232467651367,27.64027999364771
8,128,6,14,27.617088317871094,27.6416499982588
8,128,6,15,27.633440017700195,27.658200007863343
8,128,6,16,27.634687423706055,27.66005000739824
8,128,6,17,27.639551162719727,27.664219989674166
8,128,6,18,27.656448364257812,27.687150010024197
8,128,6,19,27.659263610839844,27.68361000926234
8,128,6,20,27.671615600585938,27.69704999809619
8,128,6,21,27.679744720458984,27.70460001192987
8,128,6,22,27.696928024291992,27.721650010789745
8,128,6,23,27.699424743652344,27.724179992219433
8,128,6,24,27.77190399169922,27.797110000392422
8,128,6,25,27.73299217224121,27.75797000504099
8,128,6,26,27.736064910888672,27.76173000165727
8,128,6,27,27.75551986694336,27.780470001744106
8,128,6,28,27.770687103271484,27.795749992947094
8,128,6,29,27.77292823791504,27.797880000434816
8,128,6,30,27.78009605407715,27.804389988887124
8,128,6,31,27.789119720458984,27.81385999696795
8,128,6,32,27.79033660888672,27.81472000060603
8,128,6,33,27.9322566986084,27.956550009548664
8,128,6,34,27.93779182434082,27.96216998831369
8,128,6,35,27.94816017150879,27.972740004770458
8,128,6,36,27.969087600708008,27.994600008241832
8,128,6,37,27.96214485168457,27.98724999593105
8,128,6,38,28.009408950805664,28.03520999441389
8,128,6,39,27.994783401489258,28.019700010190718
8,128,6,40,28.002016067504883,28.026820000377484
8,128,6,41,28.002304077148438,28.02767998946365
8,128,6,42,28.013120651245117,28.03795000363607
8,128,6,43,28.031871795654297,28.056680006557144
8,128,6,44,28.03593635559082,28.060090000508353
8,128,6,45,28.05753517150879,28.082470002118498
8,128,6,46,28.060319900512695,28.0926799896406
8,128,6,47,28.10163116455078,28.13138999044895
8,128,6,48,28.088319778442383,28.11265000491403
8,128,6,49,28.104448318481445,28.130189995863475
8,128,6,50,28.10748863220215,28.131990009569563
8,128,6,51,28.12825584411621,28.152909988421015
8,128,6,52,28.13030433654785,28.155050007626414
8,128,6,53,28.14031982421875,28.165210009319708
8,128,6,54,28.13737678527832,28.16195999912452
8,128,6,55,28.15283203125,28.182599999126978
8,128,6,56,28.17737579345703,28.20571001211647
8,128,6,57,28.222400665283203,28.247639987966977
8,128,6,58,28.176063537597656,28.205519993207417
8,128,6,59,28.38528060913086,28.411210005288012
8,128,6,60,28.199487686157227,28.22536999883596
8,128,6,61,28.206079483032227,28.231260002939962
8,128,6,62,28.23103904724121,28.257459998712875
8,128,6,63,28.22163200378418,28.247570007806644
16,128,0,1,29.851648330688477,29.882089991588145
16,128,0,2,29.562847137451172,29.58928000589367
16,128,0,3,29.59974479675293,29.62606999790296
16,128,0,4,29.600608825683594,29.626309988088906
16,128,0,5,29.631200790405273,29.65665000374429
16,128,0,6,29.637664794921875,29.670290008652955
16,128,0,7,29.6232967376709,29.648769996128976
16,128,0,8,29.633440017700195,29.65896000387147
16,128,0,9,29.688608169555664,29.71367999271024
16,128,0,10,29.664255142211914,29.689600007259287
16,128,0,11,29.689855575561523,29.71597999567166
16,128,0,12,29.67625617980957,29.700699989916757
16,128,0,13,29.69113540649414,29.717830009758472
16,128,0,14,29.690879821777344,29.71659999457188
16,128,0,15,29.730815887451172,29.755869996733963
16,128,0,16,29.72083282470703,29.74697000172455
16,128,0,17,29.748064041137695,29.773149988614023
16,128,0,18,31.057952880859375,31.08278999570757
16,128,0,19,29.77689552307129,29.802439996274188
16,128,0,20,29.771648406982422,29.796579998219386
16,128,0,21,29.76793670654297,29.79304999462329
16,128,0,22,29.801504135131836,29.82614999928046
16,128,0,23,29.809663772583008,29.83416999632027
16,128,0,24,29.799423217773438,29.82394999708049
16,128,0,25,29.819904327392578,29.844579999917187
16,128,0,26,29.833215713500977,29.858480003895238
16,128,0,27,29.830976486206055,29.856409993954003
16,128,0,28,29.847551345825195,29.87339999526739
16,128,0,29,29.847455978393555,29.873109990148805
16,128,0,30,29.86172866821289,29.887240001698956
16,128,0,31,29.879552841186523,29.90483000758104
16,128,0,32,29.895679473876953,29.921089997515082
16,128,0,33,30.140127182006836,30.165629999828525
16,128,0,34,30.16089630126953,30.186789997969754
16,128,0,35,30.181119918823242,30.21089000685606
16,128,0,36,30.17011260986328,30.196480001905
16,128,0,37,30.198463439941406,30.224329995689914
16,128,0,38,30.201087951660156,30.226160000893287
16,128,0,39,30.20185661315918,30.22761999454815
16,128,0,40,30.204479217529297,30.230610005673952
16,128,0,41,30.21072006225586,30.236080012400635
16,128,0,42,30.220287322998047,30.245599991758354
16,128,0,43,30.24553680419922,30.270539995399304
16,128,0,44,30.248960494995117,30.273989992565475
16,128,0,45,30.266239166259766,30.292109993752092
16,128,0,46,30.270463943481445,30.295889999251813
16,128,0,47,30.265344619750977,30.292459996417165
16,128,0,48,30.275775909423828,30.303450010251254
16,128,0,49,30.294015884399414,30.318529999931343
16,128,0,50,30.346080780029297,30.371720000403002
16,128,0,51,30.304256439208984,30.33032000530511
16,128,0,52,30.321279525756836,30.34715999092441
16,128,0,53,30.320768356323242,30.345680002938025
16,128,0,54,30.337024688720703,30.36304000124801
16,128,0,55,30.34726333618164,30.3719200019259
16,128,0,56,30.36774444580078,30.393120003282093
16,128,0,57,30.35750389099121,30.382120006834157
16,128,0,58,30.369535446166992,30.394200002774596
16,128,0,59,30.3687686920166,30.39442999579478
16,128,0,60,30.420991897583008,30.4463499924168
16,128,0,61,30.417919158935547,30.44312998827081
16,128,0,62,30.41414451599121,30.439149995800108
16,128,0,63,30.40665626525879,30.431489998591132
16,128,1,1,29.873151779174805,29.90521999890916
16,128,1,2,29.57414436340332,29.601119997096248
16,128,1,3,29.603839874267578,29.63039001042489
16,128,1,4,29.618080139160156,29.643439993378706
16,128,1,5,29.61280059814453,29.63807000196539
16,128,1,6,29.615039825439453,29.642080000485294
16,128,1,7,29.632511138916016,29.66312000353355
16,128,1,8,29.649919509887695,29.68018999672495
16,128,1,9,29.676448822021484,29.703439999138936
16,128,1,10,29.677568435668945,29.703129999688827
16,128,1,11,29.690048217773438,29.714600008446723
16,128,1,12,29.698047637939453,29.723339990596287
16,128,1,13,29.683712005615234,29.710169997997582
16,128,1,14,29.700096130371094,29.733619987382554
16,128,1,15,29.725696563720703,29.752629998256452
16,128,1,16,29.7589111328125,29.78465000342112
16,128,1,17,29.760927200317383,29.786599989165552
16,128,1,18,29.760223388671875,29.785589998937212
16,128,1,19,29.79305648803711,29.819719988154247
16,128,1,20,29.799264907836914,29.824659999576397
16,128,1,21,29.7891845703125,29.815989997587167
16,128,1,22,29.853696823120117,29.881380003644153
16,128,1,23,29.8176326751709,29.847180005162954
16,128,1,24,29.806528091430664,29.831599997123703
16,128,1,25,29.80659294128418,29.831660009222105
16,128,1,26,29.841407775878906,29.866989993024617
16,128,1,27,29.82588768005371,29.850709994207136
16,128,1,28,29.83839988708496,29.86365999095142
16,128,1,29,29.841407775878906,29.86557999975048
16,128,1,30,29.862911224365234,29.888179997215047
16,128,1,31,29.877471923828125,29.90270000009332
16,128,1,32,29.87548828125,29.90060999582056
16,128,1,33,30.151456832885742,30.176400003256276
16,128,1,34,30.15577507019043,30.180910005583428
16,128,1,35,30.152416229248047,30.176920001395047
16,128,1,36,30.17420768737793,30.199799992260523
16,128,1,37,30.239456176757812,30.264619999798015
16,128,1,38,30.187904357910156,30.214189988328144
16,128,1,39,30.1843204498291,30.211220000637695
16,128,1,40,30.20742416381836,30.234470003051683
16,128,1,41,30.232576370239258,30.259399994974956
16,128,1,42,30.236671447753906,30.2620100119384
16,128,1,43,30.317567825317383,30.349740001838654
16,128,1,44,30.25587272644043,30.281200000899844
16,128,1,45,30.247936248779297,30.273979995399714
16,128,1,46,30.283775329589844,30.309480003779754
16,128,1,47,30.287872314453125,30.31312998791691
16,128,1,48,30.274560928344727,30.299899997771718
16,128,1,49,30.284799575805664,30.310090005514212
16,128,1,50,30.33087921142578,30.35729999828618
16,128,1,51,30.30316734313965,30.32777000044007
16,128,1,52,30.317567825317383,30.344530008733273
16,128,1,53,30.40595245361328,30.43350001098588
16,128,1,54,30.3636474609375,30.389160005142912
16,128,1,55,30.37900733947754,30.409610000788234
16,128,1,56,30.41360092163086,30.442639996181242
16,128,1,57,30.375104904174805,30.40453999710735
16,128,1,58,30.403263092041016,30.4322099982528
16,128,1,59,30.383359909057617,30.408570004510693
16,128,1,60,30.397279739379883,30.422859999816865
16,128,1,61,30.418720245361328,30.443919997196645
16,128,1,62,30.40345573425293,30.428900005063042
16,128,1,63,30.427135467529297,30.45157999440562
16,128,2,1,29.852384567260742,29.88402999471873
16,128,2,2,29.608768463134766,29.635269995196722
16,128,2,3,29.606847763061523,29.632449994096532
16,128,2,4,29.73379135131836,29.758289994788356
16,128,2,5,29.60166358947754,29.626790012116544
16,128,2,6,29.608928680419922,29.633209996973164
16,128,2,7,29.629440307617188,29.654199999640696
16,128,2,8,29.651968002319336,29.67794000869617
16,128,2,9,29.664064407348633,29.689449991565198
16,128,2,10,29.672128677368164,29.69663000840228
16,128,2,11,29.679616928100586,29.70493999600876
16,128,2,12,29.71526336669922,29.740250000031665
16,128,2,13,29.68992042541504,29.715770011534914
16,128,2,14,29.697023391723633,29.72361999854911
16,128,2,15,29.723840713500977,29.749440000159666
16,128,2,16,29.727519989013672,29.75212001183536
16,128,2,17,29.74684715270996,29.7717400098918
16,128,2,18,29.764352798461914,29.78957000595983
16,128,2,19,29.77382469177246,29.799500000081025
16,128,2,20,29.77689552307129,29.80124000168871
16,128,2,21,29.766271591186523,29.79102000244893
16,128,2,22,29.802080154418945,29.8274500091793
16,128,2,23,29.816831588745117,29.843099997378886
16,128,2,24,29.820863723754883,29.846719990018755
16,128,2,25,29.82326316833496,29.84824999293778
16,128,2,26,29.826047897338867,29.851929997676052
16,128,2,27,29.84614372253418,29.87167998799123
16,128,2,28,29.84115219116211,29.865490010706708
16,128,2,29,29.853504180908203,29.884090006817132
16,128,2,30,29.8852481842041,29.913499995018356
16,128,2,31,29.867359161376953,29.89781000360381
16,128,2,32,29.912063598632812,29.940809996332973
16,128,2,33,30.152448654174805,30.177740001818165
16,128,2,34,30.14246368408203,30.1670299959369
16,128,2,35,30.170751571655273,30.19485999539029
16,128,2,36,30.205759048461914,30.230730000766926
16,128,2,37,30.188127517700195,30.2120999986073
16,128,2,38,30.190399169921875,30.21502000046894
16,128,2,39,30.202880859375,30.22764000343159
16,128,2,40,30.20800018310547,30.2323600044474
16,128,2,41,30.224384307861328,30.249010000261478
16,128,2,42,30.222944259643555,30.248419992858544
16,128,2,43,30.218944549560547,30.24382000148762
16,128,2,44,30.230527877807617,30.25614000216592
16,128,2,45,30.262271881103516,30.287999994470738
16,128,2,46,30.282751083374023,30.3080399899045
16,128,2,47,30.299135208129883,30.324359991936944
16,128,2,48,30.35126495361328,30.386879996513017
16,128,2,49,30.283775329589844,30.309380003018305
16,128,2,50,30.299135208129883,30.371229993761517
16,128,2,51,30.99238395690918,31.085309994523413
16,128,2,52,30.330495834350586,30.35688000090886
16,128,2,53,30.319616317749023,30.346109997481108
16,128,2,54,30.332576751708984,30.356899995240383
16,128,2,55,30.344064712524414,30.373419998795725
16,128,2,56,30.35545539855957,30.381360003957525
16,128,2,57,30.36774444580078,30.392860004212707
16,128,2,58,30.375904083251953,30.40023999346886
16,128,2,59,30.38003158569336,30.404500008444302
16,128,2,60,30.403583526611328,30.429160004132427
16,128,2,61,30.402559280395508,30.428590005612932
16,128,2,62,30.4005126953125,30.426540004555136
16,128,2,63,30.4052791595459,30.430810002144426
16,128,3,1,29.883007049560547,29.913799997302704
16,128,3,2,29.582271575927734,29.607970005599782
16,128,3,3,29.60588836669922,29.631450001033954
16,128,3,4,29.61302375793457,29.63859000010416
16,128,3,5,29.60883140563965,29.63387999625411
16,128,3,6,29.609695434570312,29.63443000044208
16,128,3,7,29.616352081298828,29.64257000712678
16,128,3,8,29.637407302856445,29.664410001714714
16,128,3,9,29.695999145507812,29.724620006163605
16,128,3,10,29.669151306152344,29.695020013605244
16,128,3,11,29.692960739135742,29.718580000917427
16,128,3,12,29.695711135864258,29.72071000840515
16,128,3,13,29.687904357910156,29.71281998907216
16,128,3,14,29.692928314208984,29.717540004639886
16,128,3,15,29.709312438964844,29.73342000041157
16,128,3,16,29.710336685180664,29.735550007899292
16,128,3,17,29.729536056518555,29.754470000625588
16,128,3,18,29.732799530029297,29.757529991911724
16,128,3,19,29.761119842529297,29.786210012389347
16,128,3,20,29.832191467285156,29.858230001991615
16,128,3,21,29.7574405670166,29.78341000562068
16,128,3,22,29.783039093017578,29.815970003255643
16,128,3,23,29.7891845703125,29.81438000279013
16,128,3,24,29.79532814025879,29.820890005794354
16,128,3,25,29.80454444885254,29.83117000258062
16,128,3,26,29.807615280151367,29.83877999940887
16,128,3,27,29.82524871826172,29.851150000467896
16,128,3,28,29.832799911499023,29.85759000875987
16,128,3,29,29.841407775878906,29.866280005080625
16,128,3,30,29.851551055908203,29.876379994675517
16,128,3,31,29.87107276916504,29.895450003095903
16,128,3,32,29.89151954650879,29.916279992903583
16,128,3,33,30.136159896850586,30.161329996190034
16,128,3,34,30.13155174255371,30.156680004438385
16,128,3,35,30.14944076538086,30.17385001294315
16,128,3,36,30.16908836364746,30.193879996659234
16,128,3,37,30.18137550354004,30.207810006686486
16,128,3,38,30.19468879699707,30.221189997973852
16,128,3,39,30.185087203979492,30.210709999664687
16,128,3,40,30.230527877807617,30.25578999950085
16,128,3,41,30.240768432617188,30.26674999273382
16,128,3,42,30.244863510131836,30.26997999404557
16,128,3,43,30.229503631591797,30.254430006607436
16,128,3,44,30.24665641784668,30.27179000491742
16,128,3,45,30.243616104125977,30.267969996202737
16,128,3,46,30.280704498291016,30.30555999430362
16,128,3,47,30.28540802001953,30.310399990412407
16,128,3,48,30.269439697265625,30.294259995571338
16,128,3,49,30.292768478393555,30.317960001411848
16,128,3,50,30.316543579101562,30.342079990077764
16,128,3,51,30.305280685424805,30.330019988468848
16,128,3,52,30.328832626342773,30.35416000057012
16,128,3,53,30.311296463012695,30.335989999002777
16,128,3,54,30.325759887695312,30.351599998539314
16,128,3,55,30.329120635986328,30.355170005350374
16,128,3,56,30.352384567260742,30.37797000433784
16,128,3,57,30.3701114654541,30.395759997190908
16,128,3,58,30.361600875854492,30.387499995413236
16,128,3,59,30.384319305419922,30.41052000480704
16,128,3,60,30.39334487915039,30.418779992032796
16,128,3,61,30.407583236694336,30.433330000960268
16,128,3,62,30.40563201904297,30.431020000833087
16,128,3,63,30.409727096557617,30.435079999733716
16,128,4,1,29.864959716796875,29.894649997004308
16,128,4,2,29.61190414428711,29.636790000949986
16,128,4,3,29.631488800048828,29.65630999824498
16,128,4,4,29.59667205810547,29.622029993333854
16,128,4,5,29.598527908325195,29.622889996971935
16,128,4,6,29.61404800415039,29.638630003319122
16,128,4,7,29.638303756713867,29.662399989319965
16,128,4,8,29.639680862426758,29.665070003829896
16,128,4,9,29.66156768798828,29.686519992537796
16,128,4,10,29.660160064697266,29.685500005143695
16,128,4,11,29.659135818481445,29.685379995498806
16,128,4,12,29.685504913330078,29.709709997405298
16,128,4,13,29.69081687927246,29.71546999469865
16,128,4,14,29.707263946533203,29.73362000193447
16,128,4,15,29.700096130371094,29.726699998718686
16,128,4,16,29.716480255126953,29.74237999296747
16,128,4,17,29.74617576599121,29.77085000020452
16,128,4,18,29.734495162963867,29.75887000502553
16,128,4,19,29.77280044555664,29.798119998304173
16,128,4,20,29.76051139831543,29.785570004605688
16,128,4,21,29.76959991455078,29.793740002787672
16,128,4,22,29.76959991455078,29.794699992635287
16,128,4,23,29.780000686645508,29.805219994159415
16,128,4,24,29.791231155395508,29.823200005921535
16,128,4,25,29.792255401611328,29.817210001056083
16,128,4,26,29.79840087890625,29.822950004017912
16,128,4,27,29.800447463989258,29.825699995853938
16,128,4,28,29.831167221069336,29.856780005502515
16,128,4,29,29.849376678466797,29.874899992137216
16,128,4,30,29.870080947875977,29.895119994762354
16,128,4,31,29.897151947021484,29.922720001195557
16,128,4,32,29.863935470581055,29.88825000647921
16,128,4,33,30.133888244628906,30.158959998516366
16,128,4,34,30.13907241821289,30.16471999580972
16,128,4,35,30.15987205505371,30.185429990524426
16,128,4,36,30.170368194580078,30.19547999429051
16,128,4,37,30.18239974975586,30.207790012354963
16,128,4,38,30.17318344116211,30.198180000297725
16,128,4,39,30.19366455078125,30.21918000013102
16,128,4,40,30.27552032470703,30.300600003101863
16,128,4,41,30.232255935668945,30.257199992774986
16,128,4,42,30.248096466064453,30.273720010882244
16,128,4,43,30.21455955505371,30.239390005590394
16,128,4,44,30.227455139160156,30.252810000092722
16,128,4,45,30.227039337158203,30.253039993112907
16,128,4,46,30.314176559448242,30.341220000991598
16,128,4,47,30.270431518554688,30.295760006993078
16,128,4,48,30.273536682128906,30.299100006232038
16,128,4,49,30.28620719909668,30.311510010506026
16,128,4,50,30.288896560668945,30.31514999747742
16,128,4,51,30.300960540771484,30.32612000242807
16,128,4,52,30.327808380126953,30.352660003700294
16,128,4,53,30.317567825317383,30.34262001165189
16,128,4,54,30.327808380126953,30.35284001089167
16,128,4,55,30.342496871948242,30.367910003405996
16,128,4,56,30.34828758239746,30.380090000107884
16,128,4,57,30.36262321472168,30.38761999050621
16,128,4,58,30.394367218017578,30.423210002481937
16,128,4,59,30.3623046875,30.386860002181493
16,128,4,60,30.397472381591797,30.42243000527378
16,128,4,61,30.392927169799805,30.418280002777465
16,128,4,62,30.40563201904297,30.430889994022436
16,128,4,63,30.409631729125977,30.434140004217625
16,128,5,1,29.852672576904297,29.88422999624163
16,128,5,2,29.583040237426758,29.608199998619966
16,128,5,3,29.59244728088379,29.617720007081516
16,128,5,4,29.612031936645508,29.637750005349517
16,128,5,5,29.61510467529297,29.64097999210935
16,128,5,6,29.602624893188477,29.628709991811775
16,128,5,7,29.619199752807617,29.64567999879364
16,128,5,8,29.649919509887695,29.674959994736128
16,128,5,9,29.650720596313477,29.676210004254244
16,128,5,10,29.64975929260254,29.67399000772275
16,128,5,11,29.667327880859375,29.693429998587817
16,128,5,12,29.688831329345703,29.71494999655988
16,128,5,13,29.680320739746094,29.70513999753166
16,128,5,14,29.707263946533203,29.73229000053834
16,128,5,15,29.697343826293945,29.722930004936643
16,128,5,16,29.727615356445312,29.75358000549022
16,128,5,17,29.709312438964844,29.73462999216281
16,128,5,18,29.73695945739746,29.76194000802934
16,128,5,19,29.772480010986328,29.799460011417978
16,128,5,20,29.781600952148438,29.81978999741841
16,128,5,21,29.829120635986328,29.854480002541095
16,128,5,22,29.767520904541016,29.79248001065571
16,128,5,23,29.792991638183594,29.817250004271045
16,128,5,24,29.888511657714844,29.913919992395677
16,128,5,25,29.86502456665039,29.889619996538386
16,128,5,26,29.8209285736084,29.84641000512056
16,128,5,27,29.8341121673584,29.85949999128934
16,128,5,28,29.847488403320312,29.872819999582134
16,128,5,29,29.845216751098633,29.870530008338392
16,128,5,30,29.864063262939453,29.88977999484632
16,128,5,31,29.893632888793945,29.920200002379715
16,128,5,32,29.883392333984375,29.908950004028156
16,128,5,33,30.12505531311035,30.150480000884272
16,128,5,34,30.13007926940918,30.154670006595552
16,128,5,35,30.16489601135254,30.18986999813933
16,128,5,36,30.18137550354004,30.206479990738444
16,128,5,37,30.185312271118164,30.209649994503707
16,128,5,38,30.188671112060547,30.21495000575669
16,128,5,39,30.201440811157227,30.235230005928315
16,128,5,40,30.20697593688965,30.231900003855117
16,128,5,41,30.20185661315918,30.227089999243617
16,128,5,42,30.216768264770508,30.24103000643663
16,128,5,43,30.22550392150879,30.25080000224989
16,128,5,44,30.246912002563477,30.272250005509704
16,128,5,45,30.248960494995117,30.274220000137575
16,128,5,46,30.257152557373047,30.282009989605285
16,128,5,47,30.261247634887695,30.285920001915656
16,128,5,48,30.281728744506836,30.306289991131052
16,128,5,49,30.28339195251465,30.308589994092472
16,128,5,50,30.313247680664062,30.338459997437894
16,128,5,51,30.302528381347656,30.327929998748004
16,128,5,52,30.30838394165039,30.339980003191158
16,128,5,53,30.315519332885742,30.34022000792902
16,128,5,54,30.33907127380371,30.364339996594936
16,128,5,55,30.376928329467773,30.403019991354086
16,128,5,56,30.356159210205078,30.381719989236444
16,128,5,57,30.3503360748291,30.383010001969524
16,128,5,58,30.378944396972656,30.404239994823
16,128,5,59,30.36774444580078,30.39201999490615
16,128,5,60,30.40140724182129,30.426240002270788
16,128,5,61,30.38422393798828,30.40891999262385
16,128,5,62,30.39743995666504,30.42198000184726
16,128,5,63,30.427135467529297,30.45331001339946
16,128,6,1,29.891584396362305,29.927349998615682
16,128,6,2,29.820640563964844,29.846859993995167
16,128,6,3,29.635583877563477,29.66256999934558
16,128,6,4,29.630464553833008,29.66116000607144
16,128,6,5,29.797311782836914,29.822860000422224
16,128,6,6,29.632511138916016,29.657699997187592
16,128,6,7,29.635583877563477,29.665020003449172
16,128,6,8,29.664064407348633,29.690049996133894
16,128,6,9,29.694976806640625,29.721049999352545
16,128,6,10,29.684799194335938,29.71088999765925
16,128,6,11,29.691904067993164,29.716360004385933
16,128,6,12,29.704063415527344,29.73452999140136
16,128,6,13,29.714431762695312,29.743759994744323
16,128,6,14,29.724544525146484,29.750429996056482
16,128,6,15,29.726720809936523,29.75258999504149
16,128,6,16,29.73967933654785,29.765389990643598
16,128,6,17,29.79430389404297,29.820600000675768
16,128,6,18,29.743967056274414,29.770289998850785
16,128,6,19,29.769472122192383,29.79446000244934
16,128,6,20,29.76870346069336,29.794069996569306
16,128,6,21,29.77382469177246,29.799089999869466
16,128,6,22,29.78713607788086,29.812130000209436
16,128,6,23,29.810688018798828,29.83605000190437
16,128,6,24,29.80556869506836,29.830600004061125
16,128,6,25,29.83014488220215,29.855889995815232
16,128,6,26,29.839359283447266,29.864840005757287
16,128,6,27,29.847551345825195,29.872810002416372
16,128,6,28,29.863935470581055,29.88832999835722
16,128,6,29,29.858816146850586,29.886010001064278
16,128,6,30,29.862943649291992,29.88970000296831
16,128,6,31,29.886463165283203,29.91260999988299
16,128,6,32,29.916576385498047,29.948259994853288
16,128,6,33,30.116863250732422,30.141950002871454
16,128,6,34,30.13222312927246,30.16193000075873
16,128,6,35,30.40460777282715,30.43020999757573
16,128,6,36,30.175071716308594,30.201230008970015
16,128,6,37,30.15897560119629,30.184069997631013
16,128,6,38,30.181055068969727,30.20734000892844
16,128,6,39,30.18035125732422,30.206309995264746
16,128,6,40,30.215167999267578,30.24124998773914
16,128,6,41,30.213151931762695,30.237850005505607
16,128,6,42,30.232704162597656,30.258270009653643
16,128,6,43,30.214111328125,30.239500003517605
16,128,6,44,30.22707176208496,30.25132999755442
16,128,6,45,30.238624572753906,30.26343999954406
16,128,6,46,30.257280349731445,30.282250008895062
16,128,6,47,30.270463943481445,30.29516000242438
16,128,6,48,30.26643180847168,30.291169998236
16,128,6,49,30.292991638183594,30.319400000735186
16,128,6,50,30.319616317749023,30.34531000594143
16,128,6,51,30.321664810180664,30.34627001034096
16,128,6,52,30.312448501586914,30.337199990754016
16,128,6,53,30.33590316772461,30.36011000222061
16,128,6,54,30.325536727905273,30.349719992955215
16,128,6,55,30.32431983947754,30.34913999726996
16,128,6,56,30.363967895507812,30.38860000378918
16,128,6,57,30.35750389099121,30.383260003873147
16,128,6,58,30.401216506958008,30.426269993768074
16,128,6,59,30.3787841796875,30.403080003452487
16,128,6,60,30.38617515563965,30.411100000492297
16,128,6,61,30.400415420532227,30.426369994529523
16,128,6,62,30.39334487915039,30.420080001931638
16,128,6,63,30.456928253173828,30.48267999838572
